insert into User (id, uuid, username, password) values (1, '83d7142b-3af7-3b69-bf5b-715df990', 'nbolton', '');

insert into FinancialInstitution (id, financialInstitutionId, name, organization, url, uuid) values(182, '5575', 'ShareBuilder', 'ShareBuilder', 'https://ofx.sharebuilder.com', 'eed41eef-0d44-38f2-b4b6-77962d5d87f3');
insert into FinancialInstitution (id, financialInstitutionId, name, organization, url, uuid) values(193, '1001', 'TD Banknorth', 'Banknorth', 'https://secure.tdbanknorth.com/scripts/serverext.dll', '6abfa595-643d-324b-9955-cd42e568ae71');
insert into FinancialInstitution (id, financialInstitutionId, name, organization, url, uuid) values(125, '5012', 'IronStone Bank', 'Atlantic States Bank', 'https://www.oasis.cfree.com/5012.ofxgp', '9970f665-0a56-3b1c-8fb8-99145b93bd38');
insert into FinancialInstitution (id, financialInstitutionId, name, organization, url, uuid) values(118, '321379070', 'Hawaiian Tel Federal Credit Union', 'Hawaiian Tel FCU', 'https://htl.usersonlnet.com/scripts/isaofx.dll', '01f5ae20-2115-3537-b973-0f08bab1a638');
insert into FinancialInstitution (id, financialInstitutionId, name, organization, url, uuid) values(183, '321174770', 'Sierra Central Credit Union', 'Sierra Central Credit Union', 'https://www.sierracpu.com/scripts/isaofx.dll', '694b9452-4441-3644-bc28-2a85190538de');
insert into FinancialInstitution (id, financialInstitutionId, name, organization, url, uuid) values(117, '321379041', 'Hawaii State FCU', 'Hawaii State FCU', 'https://hse.usersonlnet.com/scripts/isaofx.dll', '7f85c570-b90c-3102-83ad-fbc648ff7c72');
insert into FinancialInstitution (id, financialInstitutionId, name, organization, url, uuid) values(87, '251483311', 'DuPont Community Credit Union', 'DuPont Community Credit Union', 'https://pcu.mydccu.com/scripts/isaofx.dll', '02852b21-3d30-388e-a482-17dfe789efb2');
insert into FinancialInstitution (id, financialInstitutionId, name, organization, url, uuid) values(179, '777', 'Scottrade, Inc.', 'Scottrade', 'https://ofxstl.scottsave.com', 'dab59b1f-5eaa-3091-b2f0-c61e001ad101');
insert into FinancialInstitution (id, financialInstitutionId, name, organization, url, uuid) values(140, '011', 'Mercantile Brokerage Services', 'Mercantile Brokerage', 'https://ofx.netxclient.com/cgi/OFXNetx', '3a03048f-7aee-3db2-9a77-4d4f4fdb8fc3');
insert into FinancialInstitution (id, financialInstitutionId, name, organization, url, uuid) values(156, '5804', 'Northern Trust - Banking', 'ORG', 'https://www3883.ntrs.com/nta/ofxservlet', 'e740ee86-8a8e-38a4-8438-e834383b4153');
insert into FinancialInstitution (id, financialInstitutionId, name, organization, url, uuid) values(38, '6805', 'Bank of America (California)', 'HAN', 'https://ofx.bankofamerica.com/cgi-forte/ofx?servicename=ofx_2-3&pagename=bofa', '4a6eb3f4-cfea-3843-9a21-fdda5980a390');
insert into FinancialInstitution (id, financialInstitutionId, name, organization, url, uuid) values(79, '271188081', 'Credit Union 1 - IL', 'Credit Union 1', 'https://pcu.creditunion1.org/scripts/isaofx.dll', '2c002e53-9dcd-351e-b3f3-01b7c5ac0013');
insert into FinancialInstitution (id, financialInstitutionId, name, organization, url, uuid) values(119, '271979193', 'Hawthorne Credit Union', 'Hawthorne Credit Union', 'https://hwt.usersonlnet.com/scripts/isaofx.dll', '19f2e660-7484-3f01-bb32-1cd637810ff1');
insert into FinancialInstitution (id, financialInstitutionId, name, organization, url, uuid) values(72, '1001', 'Commerce Bank NJ, PA, NY&DE', 'CommerceBank', 'https://www.commerceonlinebanking.com/scripts/serverext.dll', 'ac164779-a75b-3236-bb51-d28281389b2b');
insert into FinancialInstitution (id, financialInstitutionId, name, organization, url, uuid) values(93, '263182558', 'Envision Credit Union', 'Envision Credit Union', 'https://pcu.envisioncu.com/scripts/isaofx.dll', '6e2c4b5c-62a2-37e8-8bfd-548176d914e8');
insert into FinancialInstitution (id, financialInstitutionId, name, organization, url, uuid) values(80, '14412', 'Credit Union ONE', 'Credit Union ONE', 'https://cuhome.cuone.org/ofx/ofx.dll', '94f1bff3-2324-32dc-8dd1-68b083d6a981');
insert into FinancialInstitution (id, financialInstitutionId, name, organization, url, uuid) values(163, '322281963', 'Patriots Federal Credit Union', 'PAT FCU', 'https://pat.usersonlnet.com/scripts/isaofx.dll', 'e187d297-6541-3881-85f4-ed2d542ec93c');
insert into FinancialInstitution (id, financialInstitutionId, name, organization, url, uuid) values(52, '1001', 'Capital One Bank', 'Hibernia', 'https://onlinebanking.capitalone.com/scripts/serverext.dll', 'd06293d5-7d72-3df9-9e02-d6375f51ff78');
insert into FinancialInstitution (id, financialInstitutionId, name, organization, url, uuid) values(60, '10898', 'Chase (credit card)', 'B1', 'https://ofx.chase.com', '281f5b66-df4a-30a8-a7c7-908e8e55c61b');
insert into FinancialInstitution (id, financialInstitutionId, name, organization, url, uuid) values(27, '54324', 'America First Credit Union', 'America First Credit Union', 'https://ofx.americafirst.com', 'b863dbe0-1dc9-3ee9-a3ef-953a47d3e820');
insert into FinancialInstitution (id, financialInstitutionId, name, organization, url, uuid) values(98, '5829', 'Fifth Third Bancorp', 'Fifth Third Bank', 'https://banking.53.com/ofx/OFXServlet', '1677a0c9-f122-347b-8be3-6ffad56c2df7');
insert into FinancialInstitution (id, financialInstitutionId, name, organization, url, uuid) values(77, '255074988', 'COMSTAR FCU', 'Comstar Federal Credit Union', 'https://pcu.comstarfcu.org/scripts/isaofx.dll', 'c4899fd2-eeb1-3115-9db9-412c46ef33c6');
insert into FinancialInstitution (id, financialInstitutionId, name, organization, url, uuid) values(144, '271984311', 'Motorola Employees Credit Union', 'Motorola Employees CU', 'https://mecuofx.mecunet.org/scripts/isaofx.dll', '0c4960ac-be65-3a1d-85df-c10acf92605d');
insert into FinancialInstitution (id, financialInstitutionId, name, organization, url, uuid) values(44, '265473333', 'Baton Rouge City Parish Emp FCU', 'Baton Rouge City Parish EFCU', 'https://bat.usersonlnet.com/scripts/isaofx.dll', 'f807ec23-bd74-341f-aaaa-f318720bc8b4');
insert into FinancialInstitution (id, financialInstitutionId, name, organization, url, uuid) values(48, '5006', 'California Bank&Trust', '401', 'https://pfm.metavante.com/ofx/OFXServlet', '65b1f9cd-960f-38ce-9350-7d7d48314280');
insert into FinancialInstitution (id, financialInstitutionId, name, organization, url, uuid) values(215, '10942', 'VISA Information Source', 'VISA', 'https://vis.informationmanagement.visa.com/eftxweb/access.ofx', '6df340ad-5834-3f6b-84f4-a9ff8bb6be6d');
insert into FinancialInstitution (id, financialInstitutionId, name, organization, url, uuid) values(207, '267077850', 'University Credit Union', 'University Credit Union', 'https://umc.usersonlnet.com/scripts/isaofx.dll', 'b2261805-2fd0-3f3c-a62c-afdafb611402');
insert into FinancialInstitution (id, financialInstitutionId, name, organization, url, uuid) values(152, '10888', 'Nevada Federal Credit Union', 'PSI', 'https://ssl4.nevadafederal.org/ofxdirect/ofxrqst.aspx', 'b1bfd8ed-ad55-3d7d-be50-d30b5385ab8f');
insert into FinancialInstitution (id, financialInstitutionId, name, organization, url, uuid) values(135, '6501', 'LaSalle Bank NA', 'LaSalle Bank NA', 'https://www.oasis.cfree.com/6501.ofxgp', '164e1228-0148-32ee-bf3f-bb1c3bfd1ba5');
insert into FinancialInstitution (id, financialInstitutionId, name, organization, url, uuid) values(89, '6201', 'Eastern Bank', 'Eastern Bank', 'https://www.oasis.cfree.com/6201.ofxgp', '8b1282f6-d627-3bca-a5de-1e3c8b7e91a3');
insert into FinancialInstitution (id, financialInstitutionId, name, organization, url, uuid) values(63, 'citadel', 'Citadel FCU', 'CitadelFCU', 'https://pcu.citadelfcu.org/scripts/isaofx.dll', '3feff918-994a-3aca-aebc-97c69f91f6db');
insert into FinancialInstitution (id, financialInstitutionId, name, organization, url, uuid) values(147, '7784', 'myStreetscape', 'Fidelity', 'https://ofx.ibgstreetscape.com:443', '61f67454-4636-33ad-8060-9f3e9e6cf2d9');
insert into FinancialInstitution (id, financialInstitutionId, name, organization, url, uuid) values(173, '222382438', 'Reliant Community Credit Union', 'W.C.T.A Federal Credit Union', 'https://wct.usersonlnet.com/scripts/isaofx.dll', 'acc89d0e-d695-3785-a476-916995594971');
insert into FinancialInstitution (id, financialInstitutionId, name, organization, url, uuid) values(105, '263079014', 'First Florida Credit Union', 'First Llorida Credit Union', 'https://pcu2.gecuf.org/scripts/isaofx.dll', '64d9c956-df2e-363f-b27a-3555a4c9ea9c');
insert into FinancialInstitution (id, financialInstitutionId, name, organization, url, uuid) values(120, '242', 'Hewitt Associates LLC', 'hewitt.com', 'https://seven.was.hewitt.com/eftxweb/access.ofx', '772d6b6d-f353-3dee-8ca1-4d797daa2abb');
insert into FinancialInstitution (id, financialInstitutionId, name, organization, url, uuid) values(155, '221982130', 'NorthEast Alliance FCU', 'NorthEast Alliance FCU', 'https://nea.usersonlnet.com/scripts/isaofx.dll', 'a097e601-3e5b-33b4-b749-dcdd0b1e82eb');
insert into FinancialInstitution (id, financialInstitutionId, name, organization, url, uuid) values(84, '1001', 'Desert Schools Federal Credit Union', 'DSFCU', 'https://epal.desertschools.org/scripts/serverext.dll', '3a9a00ec-0c5c-31cd-9f34-86b1a29bfa5e');
insert into FinancialInstitution (id, financialInstitutionId, name, organization, url, uuid) values(107, '7048', 'First Southwest Company', 'AFS', 'https://fswofx.automatedfinancial.com', '1a554c71-e77f-3958-910b-260f02ad8472');
insert into FinancialInstitution (id, financialInstitutionId, name, organization, url, uuid) values(110, 'FirstBank', 'FirstBank of Colorado', 'FBDC', 'https://www.efirstbankpfm.com/ofx/OFXServlet', '948dd760-2ac3-30a8-acb5-58f354b01b75');
insert into FinancialInstitution (id, financialInstitutionId, name, organization, url, uuid) values(160, '17600', 'OCTFCU', 'OCTFCU', 'https://ofx.octfcu.org', 'f1946990-3793-3ee9-8747-269c8a508099');
insert into FinancialInstitution (id, financialInstitutionId, name, organization, url, uuid) values(53, '255077736', 'Cedar Point Federal Credit Union', 'Cedar Point Federal Credit Union', 'https://pcu.cpfcu.com/scripts/isaofx.dll', '23714800-c9cc-3f2f-be83-87094c13fa5f');
insert into FinancialInstitution (id, financialInstitutionId, name, organization, url, uuid) values(141, '231386645', 'Merck Sharp&Dohme FCU', 'MERCK, SHARPE&DOHME FCU', 'https://msd.usersonlnet.com/scripts/isaofx.dll', '96edecce-5167-3425-b679-72f172234789');
insert into FinancialInstitution (id, financialInstitutionId, name, organization, url, uuid) values(127, '5301', 'JPMorgan Chase Bank (Texas)', 'Chase Bank of Texas', 'https://www.oasis.cfree.com/5301.ofxgp', '9f73788c-81ca-36a9-91a5-8ae2056fc5c1');
insert into FinancialInstitution (id, financialInstitutionId, name, organization, url, uuid) values(90, '311079474', 'EDS Credit Union', 'EDS CU', 'https://eds.usersonlnet.com/scripts/isaofx.dll', '785f95ca-9c77-3749-9a85-882abf9612f0');
insert into FinancialInstitution (id, financialInstitutionId, name, organization, url, uuid) values(133, '311080573', 'Las Colinas FCU', 'Las Colinas Federal CU', 'https://las.usersonlnet.com/scripts/isaofx.dll', 'e5fb983b-50d1-3ab4-a5a3-1124b11d1ae9');
insert into FinancialInstitution (id, financialInstitutionId, name, organization, url, uuid) values(151, '111904503', 'Navy Army Federal Credit Union', 'Navy Army Federal Credit Union', 'https://mybranch.navyarmyfcu.com/scripts/isaofx.dll', 'fc6011d6-a833-3fd1-9748-1e4636b243f0');
insert into FinancialInstitution (id, financialInstitutionId, name, organization, url, uuid) values(57, '1901', 'Centura Bank', 'Centura Bank', 'https://www.oasis.cfree.com/1901.ofxgp', 'a01e710b-ad93-3b9f-9dd3-4e60f5f14031');
insert into FinancialInstitution (id, financialInstitutionId, name, organization, url, uuid) values(112, 'FTCU', 'Florida Telco CU', 'FloridaTelcoCU', 'https://ppc.floridatelco.org/scripts/isaofx.dll', '5186cd7c-89a1-3f87-9a33-61f902a09f40');
insert into FinancialInstitution (id, financialInstitutionId, name, organization, url, uuid) values(56, '211287926', 'Central Maine FCU', 'Central Maine FCU', 'https://cro.usersonlnet.com/scripts/isaofx.dll', 'e24f921c-7d85-3328-a1e7-63da3cd74fd9');
insert into FinancialInstitution (id, financialInstitutionId, name, organization, url, uuid) values(42, '5811', 'Bank One', 'B1', 'https://onlineofx.chase.com/chase.ofx', '64cfa58b-a78e-39fe-a6d8-fe5ab2eb54e6');
insert into FinancialInstitution (id, financialInstitutionId, name, organization, url, uuid) values(99, '274073876', 'Finance Center FCU (IN)', 'Finance Center FCU', 'https://sec.fcfcu.com/scripts/isaofx.dll', '17ba5fe9-ad2b-3d94-88ce-bffd8ed323bb');
insert into FinancialInstitution (id, financialInstitutionId, name, organization, url, uuid) values(217, 'weitz.com', 'Weitz Funds', 'weitz.com', 'https://www3.financialtrans.com/tf/OFXServer?tx=OFXController&cz=702110804131918&cl=52204081925', '89beb243-6f9a-332f-9524-86f7d6a6b892');
insert into FinancialInstitution (id, financialInstitutionId, name, organization, url, uuid) values(159, '323076575', 'NW Preferred Federal Credit Union', 'NW Preferred FCU', 'https://nwf.usersonlnet.com/scripts/isaofx.dll', '6ac6fa61-ec85-3ad1-825d-5384fb64e488');
insert into FinancialInstitution (id, financialInstitutionId, name, organization, url, uuid) values(169, '54354', 'PSECU', 'Teknowledge', 'https://ofx.psecu.com/servlet/OFXServlet', '3e690ba0-b81e-3e0c-8eeb-5d91b540ce37');
insert into FinancialInstitution (id, financialInstitutionId, name, organization, url, uuid) values(137, '291975478', 'Mayo Employees Federal Credit Union', 'Mayo Employees FCU', 'https://homebank.mayocreditunion.org/ofx/ofx.dll', 'b2438f28-c314-3401-9910-cf31034690e9');
insert into FinancialInstitution (id, financialInstitutionId, name, organization, url, uuid) values(220, '10762', 'Wells Fargo Investments, LLC', 'wellsfargo.com', 'https://invmnt.wellsfargo.com/inv/directConnect', '77c09e09-6d9c-3cdd-8ed0-a4228a40f9dc');
insert into FinancialInstitution (id, financialInstitutionId, name, organization, url, uuid) values(226, '1115', 'Zions Bank', '244-3', 'https://quicken.metavante.com/ofx/OFXServlet', 'e787e334-3f0e-34c2-b3c8-3b9b8ad43040');
insert into FinancialInstitution (id, financialInstitutionId, name, organization, url, uuid) values(34, '221277007', 'B-M S Federal Credit Union', 'B-M S Federal Credit Union', 'https://bms.usersonlnet.com/scripts/isaofx.dll', 'dce842f5-ef13-3e91-964f-e46f05935046');
insert into FinancialInstitution (id, financialInstitutionId, name, organization, url, uuid) values(32, '273973456', 'Ascentra Credit Union', 'Alcoa Employees&Community CU', 'https://alc.usersonlnet.com/scripts/isaofx.dll', '6bf9f433-2216-37dd-9e78-54b550e98806');
insert into FinancialInstitution (id, financialInstitutionId, name, organization, url, uuid) values(31, '322172797', 'Arizona Federal Credit Union', 'DI', 'https://ofxdi.diginsite.com/cmr/cmr.ofx', '65c9d415-a667-3703-9a68-7930a35632be');
insert into FinancialInstitution (id, financialInstitutionId, name, organization, url, uuid) values(145, '053285173', 'MTC Federal Credit Union', 'MTC Federal Credit Union', 'https://mic.usersonlnet.com/scripts/isaofx.dll', '2b6ea9d7-9593-33fe-82bf-fc12e230902b');
insert into FinancialInstitution (id, financialInstitutionId, name, organization, url, uuid) values(162, '2000', 'Patelco CU', 'Patelco Credit Union', 'https://ofx.patelco.org', '03b75e19-dded-339f-b517-4ff6054d393b');
insert into FinancialInstitution (id, financialInstitutionId, name, organization, url, uuid) values(51, '1001', 'Capital One', 'Hibernia', 'https://onlinebanking.capitalone.com/scripts/serverext.dll', 'b8163be7-a22e-3b5f-b37f-bbf8471d64b0');
insert into FinancialInstitution (id, financialInstitutionId, name, organization, url, uuid) values(176, '321171757', 'SafeAmerica Credit Union', 'SafeAmerica Credit Union', 'https://saf.usersonlnet.com/scripts/isaofx.dll', 'e24d24ef-5993-3002-b293-3bc063049bfd');
insert into FinancialInstitution (id, financialInstitutionId, name, organization, url, uuid) values(138, '263179956', 'McCoy Federal Credit Union', 'McCoy Federal Credit Union', 'https://www.mccoydirect.org/scripts/isaofx.dll', '7d1cb43d-7923-34ec-86b2-c8b9356aa326');
insert into FinancialInstitution (id, financialInstitutionId, name, organization, url, uuid) values(54, '274972883', 'Centra Credit Union', 'Centra CU', 'https://centralink.org/scripts/isaofx.dll', '0ab4e611-587a-3902-b316-6f65dd95b3d2');
insert into FinancialInstitution (id, financialInstitutionId, name, organization, url, uuid) values(26, '322274462', 'AltaOne Federal Credit Union', 'AltaOneFCU', 'https://pcu.altaone.org/scripts/isaofx.dll', '67a61786-1dd7-30a7-8706-6aef2ed78f6c');
insert into FinancialInstitution (id, financialInstitutionId, name, organization, url, uuid) values(106, '074014187', 'First Internet Bank of Indiana', 'DI', 'https://ofxdi.diginsite.com/cmr/cmr.ofx', '2886ab43-4701-3aad-8910-c048ba8af531');
insert into FinancialInstitution (id, financialInstitutionId, name, organization, url, uuid) values(129, '263179532', 'Kennedy Space Center FCU', 'Kennedy Space Center FCU', 'https://www.pcu.kscfcu.org/scripts/isaofx.dll', '745dd89c-d91f-38ed-83dd-e6d0c7ba4298');
insert into FinancialInstitution (id, financialInstitutionId, name, organization, url, uuid) values(131, '322278073', 'Kinecta Federal Credit Union', 'KINECTA', 'https://ofx.kinecta.org/OFXServer/ofxsrvr.dll', 'ed207573-9146-3f71-9bab-5068d7a308db');
insert into FinancialInstitution (id, financialInstitutionId, name, organization, url, uuid) values(100, '321177803', 'Financial Center CU', 'Fincancial Center Credit Union', 'https://fin.usersonlnet.com/scripts/isaofx.dll', '4e515e3a-c0cf-3586-9306-125a1ad73b77');
insert into FinancialInstitution (id, financialInstitutionId, name, organization, url, uuid) values(104, '272483633', 'First Community FCU', 'FirstCommunityFCU', 'https://pcu.1stcomm.org/scripts/isaofx.dll', '4e063436-3436-35a0-a6d8-f986d8bea4ab');
insert into FinancialInstitution (id, financialInstitutionId, name, organization, url, uuid) values(67, '243083237', 'Clearview Federal Credit Union', 'Clearview Federal Credit Union', 'https://www.pcu.clearviewfcu.org/scripts/isaofx.dll', '0a760cd0-4c06-34f4-a17e-74f3f13fabab');
insert into FinancialInstitution (id, financialInstitutionId, name, organization, url, uuid) values(213, '281081479', 'Vantage Credit Union', 'EECU-St. Louis', 'https://secure2.eecu.com/scripts/isaofx.dll', 'b3a67e9c-421a-3411-9ca8-e378f1640c0d');
insert into FinancialInstitution (id, financialInstitutionId, name, organization, url, uuid) values(97, '8288', 'Fidelity NetBenefits', 'nbofx.fidelity.com', 'https://nbofx.fidelity.com/netbenefits/ofx/download', '6c982376-f9a5-3220-97a5-5bd752975be7');
insert into FinancialInstitution (id, financialInstitutionId, name, organization, url, uuid) values(62, '271078146', 'Chicago Patrolmens FCU', 'Chicago Patrolmens CU', 'https://chp.usersonlnet.com/scripts/isaofx.dll', 'abcc500f-076b-329f-8f3a-71ec5ac85f07');
insert into FinancialInstitution (id, financialInstitutionId, name, organization, url, uuid) values(66, 'CTZBK', 'Citizens Bank - Consumer', 'CheckFree OFX', 'https://www.oasis.cfree.com/0CTZBK.ofxgp', '757f9e22-9966-34a6-8774-5a90db420f03');
insert into FinancialInstitution (id, financialInstitutionId, name, organization, url, uuid) values(178, '90001', 'Schools Financial Credit Union', 'Teknowledge', 'https://ofx.schools.org/TekPortalOFX/servlet/TP_OFX_Controller', '5d361862-c389-3eea-b351-9d0b90fd63b6');
insert into FinancialInstitution (id, financialInstitutionId, name, organization, url, uuid) values(225, '325183796', 'Yakima Valley Credit Union', 'Yakima Valley Credit Union', 'https://secure1.yvcu.org/scripts/isaofx.dll', 'd42751d4-456b-3bcf-9d3a-b025c598dd3f');
insert into FinancialInstitution (id, financialInstitutionId, name, organization, url, uuid) values(75, '275982801', 'Community First Credit Union', 'Community First Credit Union', 'https://pcu.communityfirstcu.org/scripts/isaofx.dll', 'c60faf00-9688-37c5-87b7-3edf29029c55');
insert into FinancialInstitution (id, financialInstitutionId, name, organization, url, uuid) values(73, '4001', 'Commerce Bank, NA', 'Commerce Bank NA', 'https://www.oasis.cfree.com/4001.ofxgp', 'b4217a1f-53e1-3b39-b1c4-f2c99b11a8e0');
insert into FinancialInstitution (id, financialInstitutionId, name, organization, url, uuid) values(21, '43-0895447', 'A. G. Edwards and Sons, Inc.', 'A.G. Edwards', 'https://ofx.agedwards.com', '83d7142b-3af7-3b69-bf8b-715df9908d58');
insert into FinancialInstitution (id, financialInstitutionId, name, organization, url, uuid) values(65, '4639', 'Citizens Bank - Business', 'CheckFree OFX', 'https://www.oasis.cfree.com/04639.ofxgp', 'd5fba9b2-aa64-3583-97a7-c2b42ce0a1cc');
insert into FinancialInstitution (id, financialInstitutionId, name, organization, url, uuid) values(186, '304982235', 'Siouxland Federal Credit Union', 'SIOUXLAND FCU', 'https://sio.usersonlnet.com/scripts/isaofx.dll', '82158bad-d70b-3cb6-8c26-3dc5f5a5c374');
insert into FinancialInstitution (id, financialInstitutionId, name, organization, url, uuid) values(28, '3101', 'American Express Card', 'AMEX', 'https://www99.americanexpress.com/myca/ofxdl/us/download?request_type=nl_desktopdownload', 'b9a6294a-70d5-37e2-a9f1-5e54cf689a12');
insert into FinancialInstitution (id, financialInstitutionId, name, organization, url, uuid) values(206, '221276011', 'United Teletech Financial', 'DI', 'https://ofxcore.digitalinsight.com:443/servlet/OFXCoreServlet', '9c568d73-b711-324d-803d-1a1eb8fb766b');
insert into FinancialInstitution (id, financialInstitutionId, name, organization, url, uuid) values(197, '121102036', 'The Mechanics Bank', 'TMB', 'https://ofx.mechbank.com/OFXServer/ofxsrvr.dll', '27778af7-0df7-39c5-928f-3ba87558400e');
insert into FinancialInstitution (id, financialInstitutionId, name, organization, url, uuid) values(201, '253177832', 'Truliant FCU', 'DI', 'https://ofxdi.diginsite.com/cmr/cmr.ofx', '40c1d4bd-25ae-3475-bdf5-fea35a7c98f1');
insert into FinancialInstitution (id, financialInstitutionId, name, organization, url, uuid) values(123, '3701', 'Huntington National Bank', 'Huntington', 'https://onlinebanking.huntington.com/scripts/serverext.dll', '4b0784c4-6c30-33d2-9f48-554d2ad9a2fd');
insert into FinancialInstitution (id, financialInstitutionId, name, organization, url, uuid) values(212, '1001', 'UW Credit Union', 'UWCU', 'https://ofx.uwcu.org/serverext.dll', '20816a6f-8aad-3dd0-8cc6-c0223ec91429');
insert into FinancialInstitution (id, financialInstitutionId, name, organization, url, uuid) values(190, '6510', 'Spectrum Connect/Reich&Tang', 'SpectrumConnect', 'https://www.oasis.cfree.com/6510.ofxgp', '137d82ed-bf28-37c3-970d-3c2867d21d6b');
insert into FinancialInstitution (id, financialInstitutionId, name, organization, url, uuid) values(195, '313185515', 'Texas Dow Employees Credit Union', 'TexasDow', 'https://allthetime.tdecu.org/scripts/isaofx.dll', 'd23c4296-88d2-3443-b1b1-7e2136684afc');
insert into FinancialInstitution (id, financialInstitutionId, name, organization, url, uuid) values(134, '1101', 'LaSalle Bank Midwest', 'LaSalleBankMidwest', 'https://www.oasis.cfree.com/1101.ofxgp', 'c5111400-3f84-3adc-874f-bc579849bf54');
insert into FinancialInstitution (id, financialInstitutionId, name, organization, url, uuid) values(214, '251481355', 'Virginia Educators Credit Union', 'Virginia Educators CU', 'https://www.vecumoneylink.org/scripts/isaofx.dll', '6d73f382-1669-359d-8911-975ddfe86306');
insert into FinancialInstitution (id, financialInstitutionId, name, organization, url, uuid) values(224, '325181028', 'WSECU', 'WSECU', 'https://ssl3.wsecu.org/ofxserver/ofxsrvr.dll', 'e5cf254c-7a57-3e2e-9075-1c3aca8dd548');
insert into FinancialInstitution (id, financialInstitutionId, name, organization, url, uuid) values(132, '307070050', 'Kirtland Federal Credit Union', 'Kirtland Federal Credit Union', 'https://pcu.kirtlandfcu.org/scripts/isaofx.dll', '71d289b2-64ad-3131-8f53-127a28c257bc');
insert into FinancialInstitution (id, financialInstitutionId, name, organization, url, uuid) values(175, '321173742', 'Safe Credit Union - OFX Beta', 'DI', 'https://ofxcert.diginsite.com/cmr/cmr.ofx', '8358a138-90f9-3a65-9d63-5f299474fc00');
insert into FinancialInstitution (id, financialInstitutionId, name, organization, url, uuid) values(166, '221275216', 'Picatinny Federal Credit Union', 'Picatinny Federal Credit Union', 'https://banking.picacreditunion.com/scripts/isaofx.dll', '348652d5-fc58-37b0-8adf-3bde26337fd5');
insert into FinancialInstitution (id, financialInstitutionId, name, organization, url, uuid) values(85, '7101', 'Discover Card', 'Discover Financial Services', 'https://ofx.discovercard.com', 'ee32d885-f61f-3e7c-86f8-3dddfa5af67f');
insert into FinancialInstitution (id, financialInstitutionId, name, organization, url, uuid) values(205, '2901', 'Union Bank of California', 'Union Bank of California', 'https://www.oasis.cfree.com/2901.ofxgp', '807fe433-faa2-3f5a-9e5a-265cc41e3c0e');
insert into FinancialInstitution (id, financialInstitutionId, name, organization, url, uuid) values(222, '321380315', 'Windward Community FCU', 'Windward Community FCU', 'https://wwc.usersonlnet.com/scripts/isaofx.dll', '896f8f2a-eca6-3012-b306-cb0dacb695cd');
insert into FinancialInstitution (id, financialInstitutionId, name, organization, url, uuid) values(203, '7772', 'UBS Financial Services Inc.', 'Intuit', 'https://ofx1.ubs.com/eftxweb/access.ofx', '6f101c7e-d11d-3c48-b205-9ca25cc6b2f1');
insert into FinancialInstitution (id, financialInstitutionId, name, organization, url, uuid) values(23, '11288', 'Addison Avenue Federal Credit Union', 'hpcu', 'https://ofx.addisonavenue.com', 'd6c23cac-bb18-3217-8fa0-40c00a279fc8');
insert into FinancialInstitution (id, financialInstitutionId, name, organization, url, uuid) values(59, '101', 'Charles Schwab Bank, N.A.', 'ISC', 'https://ofx.schwab.com/bankcgi_dev/ofx_server', 'f42b9a25-5ade-3472-b9e4-fe877c2c7532');
insert into FinancialInstitution (id, financialInstitutionId, name, organization, url, uuid) values(167, '4501', 'PNC Bank', 'ISC', 'https://www.oasis.cfree.com/4501.ofxgp', 'f27781a2-00fd-3b55-aef8-8ed010ddbdd4');
insert into FinancialInstitution (id, financialInstitutionId, name, organization, url, uuid) values(103, '231379199', 'First Commonwealth FCU', 'FirstCommonwealthFCU', 'https://pcu.firstcomcu.org/scripts/isaofx.dll', '99e5d0bd-1936-31fe-85bf-98dd84573604');
insert into FinancialInstitution (id, financialInstitutionId, name, organization, url, uuid) values(61, '251480327', 'Chesterfield Federal Credit Union', 'Chesterfield Employees FCU', 'https://chf.usersonlnet.com/scripts/isaofx.dll', 'dc1371a2-09e7-3f82-aca2-6b44b47144cb');
insert into FinancialInstitution (id, financialInstitutionId, name, organization, url, uuid) values(153, '1121', 'Nevada State Bank - New', '295-3', 'https://quicken.metavante.com/ofx/OFXServlet', '4e031c1a-5c0c-3f25-87d1-a473ea855b62');
insert into FinancialInstitution (id, financialInstitutionId, name, organization, url, uuid) values(94, '231277440', 'FAA Technical Center FCU', 'FAA Technical Center FCU', 'https://ftc.usersonlnet.com/scripts/isaofx.dll', 'c4012516-503a-3836-9cbb-02c0d3f7e109');
insert into FinancialInstitution (id, financialInstitutionId, name, organization, url, uuid) values(161, '11638', 'Old National Bank', 'ONB', 'https://www.ofx.oldnational.com/ofxpreprocess.asp', 'e7971f81-4a37-3f93-bfe2-cf75a505e2d7');
insert into FinancialInstitution (id, financialInstitutionId, name, organization, url, uuid) values(69, '1046', 'Colonial Bank', 'Colonial Banc Group', 'https://www.oasis.cfree.com/1046.ofxgp', '7dea4577-bff8-387b-b4f8-2df4cd49a5ee');
insert into FinancialInstitution (id, financialInstitutionId, name, organization, url, uuid) values(30, '262087609', 'APCO EMPLOYEES CREDIT UNION', 'APCO Employees Credit Union', 'https://apc.usersonlnet.com/scripts/isaofx.dll', '913e5f8e-a337-37a9-b445-5f8e40ccab84');
insert into FinancialInstitution (id, financialInstitutionId, name, organization, url, uuid) values(114, '261271364', 'Fort Stewart GeorgiaFCU', 'Fort Stewart FCU', 'https://fsg.usersonlnet.com/scripts/isaofx.dll', '0fdc7ba0-0db1-38e2-8082-88049881fee5');
insert into FinancialInstitution (id, financialInstitutionId, name, organization, url, uuid) values(33, '24909', 'AT&T Universal Card', 'Citigroup', 'https://secureofx2.bankhost.com/citi/cgi-forte/ofx_rt?servicename=ofx_rt&pagename=ofx', 'd8ec5224-b08c-3a5d-8776-82feaf5e485e');
insert into FinancialInstitution (id, financialInstitutionId, name, organization, url, uuid) values(111, '313187571', 'FivePoint Credit Union', 'FivePoint Credit Union', 'https://tfcu-nfuse01.texacocommunity.org/internetconnector/isaofx.dll', '318b6bb5-8aad-3036-a134-7a47851e8f3a');
insert into FinancialInstitution (id, financialInstitutionId, name, organization, url, uuid) values(149, '5860', 'National City', 'NATIONAL CITY', 'https://ofx.nationalcity.com/ofx/OFXConsumer.aspx', 'd21dd115-0f81-39b0-8d0d-0f99582f63f6');
insert into FinancialInstitution (id, financialInstitutionId, name, organization, url, uuid) values(126, '1601', 'JPMorgan Chase Bank', 'Chase Bank', 'https://www.oasis.cfree.com/1601.ofxgp', '3ab4a3c2-4462-35d1-873c-3a4a528fee81');
insert into FinancialInstitution (id, financialInstitutionId, name, organization, url, uuid) values(45, 'BBT', 'BB&T', 'BBT', 'https://eftx.bbt.com/eftxweb/access.ofx', '352f91cc-18c6-3f7f-b67a-d9f28351c57a');
insert into FinancialInstitution (id, financialInstitutionId, name, organization, url, uuid) values(130, '5901', 'KeyBank', 'KeyBank', 'https://www.oasis.cfree.com/KeyBank.ofxgp', '6a2164ce-2831-3810-8487-6893c3f5221b');
insert into FinancialInstitution (id, financialInstitutionId, name, organization, url, uuid) values(188, '261271500', 'Southeastern CU', 'Southeastern FCU', 'https://moo.usersonlnet.com/scripts/isaofx.dll', '368e7835-3cdd-38ab-9902-0b1588720580');
insert into FinancialInstitution (id, financialInstitutionId, name, organization, url, uuid) values(95, '211382591', 'Fall River Municipal CU', 'Fall River Municipal CU', 'https://fal.usersonlnet.com/scripts/isaofx.dll', 'e84836f5-4194-3e4a-ae12-e7b4cafafe5f');
insert into FinancialInstitution (id, financialInstitutionId, name, organization, url, uuid) values(209, '1401', 'US Bank', 'US Bank', 'https://www.oasis.cfree.com/1401.ofxgp', '36ffc790-47a0-33ce-a814-a58f53133c53');
insert into FinancialInstitution (id, financialInstitutionId, name, organization, url, uuid) values(41, '4751', 'Bank of the Cascades', 'JackHenry', 'https://directline.netteller.com', 'ac56c704-0d66-3c9f-bf42-42bdfcb82115');
insert into FinancialInstitution (id, financialInstitutionId, name, organization, url, uuid) values(192, '2801', 'SunTrust', 'SunTrust PC Banking', 'https://www.oasis.cfree.com/2801.ofxgp', '6c02781c-8ac2-3347-91ae-bc2758639fda');
insert into FinancialInstitution (id, financialInstitutionId, name, organization, url, uuid) values(170, '303986148', 'Red Crown Federal Credit Union', 'Red Crown FCU', 'https://cre.usersonlnet.com/scripts/isaofx.dll', '902b3cce-03b0-3e79-8fc1-bc1ac8c8e25f');
insert into FinancialInstitution (id, financialInstitutionId, name, organization, url, uuid) values(139, '1226', 'Mellon Bank', 'Mellon Bank', 'https://www.oasis.cfree.com/1226.ofxgp', '3fb1d822-a35d-3e5e-a05a-84c7d829f944');
insert into FinancialInstitution (id, financialInstitutionId, name, organization, url, uuid) values(29, '3102', 'Ameriprise Financial Services, Inc.', 'AMPF', 'https://www25.ameriprise.com/AMPFWeb/ofxdl/us/download?request_type=nl_desktopdownload', '34dfc3ed-dc83-3d31-bce6-e86d269461ae');
insert into FinancialInstitution (id, financialInstitutionId, name, organization, url, uuid) values(39, '3901', 'Bank of Stockton', 'BOS', 'https://internetbanking.bankofstockton.com/scripts/serverext.dll', 'b63ba646-bf0a-3e1f-b9fa-3e56d5f272cd');
insert into FinancialInstitution (id, financialInstitutionId, name, organization, url, uuid) values(136, '107001012', 'Los Alamos National Bank', 'LANB', 'https://www.lanb.com/ofx/ofxrelay.dll', '97723bae-dd6b-318f-94a0-585524c99d04');
insert into FinancialInstitution (id, financialInstitutionId, name, organization, url, uuid) values(142, '5550', 'Merrill Lynch&Co., Inc.', 'Merrill Lynch&Co., Inc.', 'https://taxcert.mlol.ml.com/eftxweb/access.ofx', 'af32bac8-8d0c-36cc-809f-df8ec6aa8e63');
insert into FinancialInstitution (id, financialInstitutionId, name, organization, url, uuid) values(43, '2', 'Bank-Fund Staff FCU', 'Bank Fund Staff FCU', 'https://secure.bfsfcu.org/ofx/ofx.dll', '4b9c775c-fa65-3097-b5a4-8bd212aed6c3');
insert into FinancialInstitution (id, financialInstitutionId, name, organization, url, uuid) values(180, '7784', 'Securities America', 'Fidelity', 'https://ofx.ibgstreetscape.com:443', 'f36b780e-669d-37fc-8d5d-5f4d776f5b04');
insert into FinancialInstitution (id, financialInstitutionId, name, organization, url, uuid) values(198, '321379504', 'The Queen''s Federal Credit Union', 'The Queens Federal Credit Union', 'https://que.usersonlnet.com/scripts/isaofx.dll', '77abc458-3d7d-3e1c-b9f8-9fd3a2f56b52');
insert into FinancialInstitution (id, financialInstitutionId, name, organization, url, uuid) values(71, '5601', 'Comerica Bank', 'Comerica', 'https://www.oasis.cfree.com/5601.ofxgp', 'e0b37919-0c52-3805-b5ac-c2274be52adc');
insert into FinancialInstitution (id, financialInstitutionId, name, organization, url, uuid) values(102, '5013', 'First Citizens Bank - NC, VA, WV', 'First Citizens Bank NC, VA, WV', 'https://www.oasis.cfree.com/5013.ofxgp', '08c0d37c-add8-3c95-b58b-bd20974fdbb6');
insert into FinancialInstitution (id, financialInstitutionId, name, organization, url, uuid) values(187, '3201', 'Smith Barney - Transactions', 'SmithBarney', 'https://www.oasis.cfree.com/3201.ofxgp', '4ddfda01-6a04-396c-bd83-74d19c4d0810');
insert into FinancialInstitution (id, financialInstitutionId, name, organization, url, uuid) values(157, '6028', 'Northern Trust - Investments', 'Northern Trust Investments', 'https://www3883.ntrs.com/nta/ofxservlet?accounttypegroup=INV', '878935dc-3896-3d56-806b-a76bcc866ecf');
insert into FinancialInstitution (id, financialInstitutionId, name, organization, url, uuid) values(116, '281076853', 'GCS Federal Credit Union', 'Granite City Steel cu', 'https://pcu.mygcscu.com/scripts/isaofx.dll', '7616dccc-1bfa-3319-a7c1-e0fd2473d05f');
insert into FinancialInstitution (id, financialInstitutionId, name, organization, url, uuid) values(121, '321378660', 'HFS Federal Credit Union', 'HFS Federal Credit Union', 'https://hfs.usersonlnet.com/scripts/isaofx.dll', '39ddc7a9-4a71-3663-a830-b86b2971df0a');
insert into FinancialInstitution (id, financialInstitutionId, name, organization, url, uuid) values(174, '091901480', 'SAC FEDERAL CREDIT UNION', 'SAC Federal CU', 'https://pcu.sacfcu.com/scripts/isaofx.dll', '28ee0ee9-8416-3307-8040-2ae691a9164e');
insert into FinancialInstitution (id, financialInstitutionId, name, organization, url, uuid) values(35, '103003632', 'BancFirst', 'DI', 'https://ofxdi.diginsite.com/cmr/cmr.ofx', '8ae3863a-22a3-3719-b7cd-f5248110fa0b');
insert into FinancialInstitution (id, financialInstitutionId, name, organization, url, uuid) values(49, '322279975', 'Camino FCU', 'Camino FCU', 'https://homebanking.caminofcu.org/isaofx/isaofx.dll', 'e3f1d63f-94bc-3f95-9af0-bd41bffcd24a');
insert into FinancialInstitution (id, financialInstitutionId, name, organization, url, uuid) values(22, '251481627', 'ABNB Federal Credit Union', 'ABNB Federal Credit Union', 'https://cuathome.abnbfcu.org/scripts/isaofx.dll', '7d685e7c-87a8-3efb-893b-82c8a51e74d0');
insert into FinancialInstitution (id, financialInstitutionId, name, organization, url, uuid) values(25, '1451', 'Alpine Banks of Colorado', 'JackHenry', 'https://directline.netteller.com', '49c334ba-ca56-3f80-ad7d-4bc4796e9e17');
insert into FinancialInstitution (id, financialInstitutionId, name, organization, url, uuid) values(216, '4309', 'Wachovia Bank', 'Wachovia', 'https://pfmpw.wachovia.com/cgi-forte/fortecgi?servicename=ofx&pagename=PFM', '922bd953-ddfd-3250-8fb6-beb5b25d951d');
insert into FinancialInstitution (id, financialInstitutionId, name, organization, url, uuid) values(46, '6217', 'Billings Federal Credit Union', 'Billings Federal Credit Union', 'https://bfcuonline.billingsfcu.org/ofx/ofx.dll', '109b1598-5070-3845-914b-8c9f5894c116');
insert into FinancialInstitution (id, financialInstitutionId, name, organization, url, uuid) values(108, '2243', 'First Tech Credit Union', 'First Tech Credit Union', 'https://ofx.firsttechcu.com', '7e30c0bd-51ee-3270-a963-228923f993b0');
insert into FinancialInstitution (id, financialInstitutionId, name, organization, url, uuid) values(211, '324377820', 'Utah Community Credit Union', 'Utah Community Credit Union', 'https://ofx.uccu.com/scripts/isaofx.dll', 'adacb72c-f2af-3e86-9922-e31ff9cc708d');
insert into FinancialInstitution (id, financialInstitutionId, name, organization, url, uuid) values(172, '243', 'Regions Bank', 'regions.com', 'https://ofx.morgankeegan.com/begasp/directtocore.asp', '33369b98-f936-376b-8098-c348be81d6b3');
insert into FinancialInstitution (id, financialInstitutionId, name, organization, url, uuid) values(218, '3001', 'Wells Fargo', 'Wells Fargo', 'https://www.oasis.cfree.com/3001.ofxgp', 'df5d2d71-7775-3931-a162-4abcd102f41d');
insert into FinancialInstitution (id, financialInstitutionId, name, organization, url, uuid) values(113, '283978425', 'Fort Knox Federal Credit Union', 'Fort Knox Federal Credit Union', 'https://fcs1.fkfcu.org/scripts/isaofx.dll', '83d2e9bc-e3ee-35fd-be5a-b2ddc13af6d3');
insert into FinancialInstitution (id, financialInstitutionId, name, organization, url, uuid) values(70, '323383349', 'Columbia Credit Union', 'Columbia Credit Union', 'https://ofx.columbiacu.org/scripts/isaofx.dll', '01a79fc1-20f7-31b8-b6ae-182c8298a0f6');
insert into FinancialInstitution (id, financialInstitutionId, name, organization, url, uuid) values(143, '1235', 'Morgan Stanley ClientServ', 'msdw.com', 'https://ofx.morganstanleyclientserv.com/ofx/ProfileMSMoney.ofx', 'd8996867-da00-34e3-999d-4d304ff21675');
insert into FinancialInstitution (id, financialInstitutionId, name, organization, url, uuid) values(171, '2143', 'Redstone Federal Credit Union', 'Harland Financial Solutions', 'https://remotebanking.redfcu.org/ofx/ofx.dll', '9b7e96d9-7225-3bf4-a0f1-8aca22b1919a');
insert into FinancialInstitution (id, financialInstitutionId, name, organization, url, uuid) values(20, '289', '66 Federal Credit Union', 'SixySix', 'https://ofx.cuonlineaccounts.org', 'aa738057-50cc-3743-8e00-3153204574e7');
insert into FinancialInstitution (id, financialInstitutionId, name, organization, url, uuid) values(47, '311175129', 'Bossier Federal Credit Union', 'Bossier Federal Credit Union', 'https://bos.usersonlnet.com/scripts/isaofx.dll', 'b227ef93-36a0-347c-a2ad-cbc5ac328d58');
insert into FinancialInstitution (id, financialInstitutionId, name, organization, url, uuid) values(202, '321076289', 'U.S. First FCU', 'US First FCU', 'https://uff.usersonlnet.com/scripts/isaofx.dll', '20f5314d-6c2f-3cb1-8223-d6aebc16e708');
insert into FinancialInstitution (id, financialInstitutionId, name, organization, url, uuid) values(64, '24909', 'Citi Credit Card', 'Citigroup', 'https://secureofx2.bankhost.com/citi/cgi-forte/ofx_rt?servicename=ofx_rt&pagename=ofx', '11508aea-2580-37fb-9f24-20612d99b114');
insert into FinancialInstitution (id, financialInstitutionId, name, organization, url, uuid) values(82, '3328', 'Delta Community Credit Union', 'decu.org', 'https://appweb.deltacommunitycu.com/ofxroot/directtocore.asp', '1b4b30ae-d3e4-373b-9922-57491a1f1896');
insert into FinancialInstitution (id, financialInstitutionId, name, organization, url, uuid) values(168, '1271', 'Prudential Retirement', 'Prudential Retirement Services', 'https://ofx.prudential.com/eftxweb/EFTXWebRedirector', 'fe9be80d-1d99-3553-8a1c-65bebb76aa04');
insert into FinancialInstitution (id, financialInstitutionId, name, organization, url, uuid) values(184, '255075495', 'Signal Financial Federal Credit Union', 'Washington Telephone FCU', 'https://webpb.sfonline.org/scripts/isaofx.dll', 'ec3150b4-8ebd-3373-a26b-5ba09d2ef7b1');
insert into FinancialInstitution (id, financialInstitutionId, name, organization, url, uuid) values(199, '291975465', 'Think Federal Credit Union', 'IBMCU', 'https://ofx.ibmcu.com', 'e7e4c9cd-74b9-3e61-8ce3-b97176e358be');
insert into FinancialInstitution (id, financialInstitutionId, name, organization, url, uuid) values(24, '303085230', 'Allegiance Credit Union', 'Federal Employees CU', 'https://fed.usersonlnet.com/scripts/isaofx.dll', '12ab8bbb-72e2-3313-b190-00f1d891db8e');
insert into FinancialInstitution (id, financialInstitutionId, name, organization, url, uuid) values(109, '1255', 'Firstar', 'Firstar', 'https://www.oasis.cfree.com/1255.ofxgp', '11e462c7-0c7d-3eda-8354-2a797ab714b9');
insert into FinancialInstitution (id, financialInstitutionId, name, organization, url, uuid) values(68, '35GFA', 'Collegedale Credit Union', 'CollegedaleCU', 'https://www.netit.financial-net.com/ofx', '00bfb117-091e-3873-a0a7-b8965d1c0799');
insert into FinancialInstitution (id, financialInstitutionId, name, organization, url, uuid) values(194, '11257', 'Technology Credit Union - CA', 'Tech CU', 'https://webbranchofx.techcu.com/TekPortalOFX/servlet/TP_OFX_Controller', 'd231d3b3-9ff8-3835-a0b7-188ac8161933');
insert into FinancialInstitution (id, financialInstitutionId, name, organization, url, uuid) values(200, '243382747', 'Tri Boro Federal Credit Union', 'Tri Boro Federal Credit Union', 'https://tri.usersonlnet.com/scripts/isaofx.dll', 'a9a235f5-9ccf-351d-b324-defdbb8be7c4');
insert into FinancialInstitution (id, financialInstitutionId, name, organization, url, uuid) values(181, '314986292', 'Security 1st FCU', 'Security 1st FCU', 'https://sec.usersonlnet.com/scripts/isaofx.dll', 'e2cccf5e-ee2c-3b75-9ce3-49c6b7cb6955');
insert into FinancialInstitution (id, financialInstitutionId, name, organization, url, uuid) values(50, '263178478', 'Campus USA Credit Union', 'Campus USA Credit Union', 'https://que.campuscu.com/scripts/isaofx.dll', 'a34b183c-75c2-3d05-807c-0902087f7949');
insert into FinancialInstitution (id, financialInstitutionId, name, organization, url, uuid) values(164, '325182344', 'Peninsula Community Federal Credit Union', 'Peninsula Credit Union', 'https://mas.usersonlnet.com/scripts/isaofx.dll', '390aa36e-6622-33b2-9761-9580ed9ed845');
insert into FinancialInstitution (id, financialInstitutionId, name, organization, url, uuid) values(148, '466', 'Nantucket Bank', 'Nantucket', 'https://ofx.onlinencr.com/scripts/serverext.dll', '2f5e6e73-4462-3a2f-9941-a9e505eb5648');
insert into FinancialInstitution (id, financialInstitutionId, name, organization, url, uuid) values(223, '254074345', 'Wright Patman Congressional FCU', 'Wright Patman Congressional FCU', 'https://www.congressionalonline.org/scripts/isaofx.dll', 'bd2b30f8-9486-3411-a9e6-695c6e3e0ed0');
insert into FinancialInstitution (id, financialInstitutionId, name, organization, url, uuid) values(221, '6955', 'Wells Fargo Trust-Investment Mgt', 'Wells Fargo Trust', 'https://trust.wellsfargo.com/trust/directConnect', 'a459140c-b2fe-3bf4-924f-7b4ae72859a3');
insert into FinancialInstitution (id, financialInstitutionId, name, organization, url, uuid) values(158, '221278556', 'Novartis Federal Credit Union', 'Novartis FCU', 'https://cib.usersonlnet.com/scripts/isaofx.dll', 'cf5e47d8-b3c8-38ab-863a-5c511d51188e');
insert into FinancialInstitution (id, financialInstitutionId, name, organization, url, uuid) values(115, '121107882', 'Fremont Bank', 'Fremont Bank', 'https://ofx.fremontbank.com/OFXServer/FBOFXSrvr.dll', '8eacc7d1-9c1b-3fef-b03d-4dd1d24a80b8');
insert into FinancialInstitution (id, financialInstitutionId, name, organization, url, uuid) values(83, '1', 'Denali Alaskan FCU', 'Denali Alaskan FCU', 'https://remotebanking.denalifcu.com/ofx/ofx.dll', '3ea18604-202b-3213-871f-f140ad25c7b7');
insert into FinancialInstitution (id, financialInstitutionId, name, organization, url, uuid) values(19, '251480563', '1st Advantage FCU', '1st Advantage FCU', 'https://members.1stadvantage.org/scripts/isaofx.dll', '2e1f38dc-c424-32c9-a3d0-28b0e222f001');
insert into FinancialInstitution (id, financialInstitutionId, name, organization, url, uuid) values(227, '4301', 'zWachovia', 'Wachovia', 'https://www.oasis.cfree.com/4301.ofxgp', '914f3b1c-ce4b-3430-9351-60c1f20388a7');
insert into FinancialInstitution (id, financialInstitutionId, name, organization, url, uuid) values(208, '314977405', 'University Federal Credit Union', 'Univerisity FCU', 'https://OnDemand.ufcu.org/scripts/isaofx.dll', 'f05494e2-8379-360d-8724-30ff681f207b');
insert into FinancialInstitution (id, financialInstitutionId, name, organization, url, uuid) values(191, '275979034', 'Summit Credit Union (WI)', 'Summit Credit Union', 'https://branch.summitcreditunion.com/scripts/isaofx.dll', '1fcf9afb-c3ae-38db-b466-43a8888e258f');
insert into FinancialInstitution (id, financialInstitutionId, name, organization, url, uuid) values(36, '6805', 'Bank of America', 'HAN', 'https://ofx.bankofamerica.com/cgi-forte/ofx?servicename=ofx_2-3&pagename=bofa', '68ea0da2-b191-3af0-bc25-46ad6d96757a');
insert into FinancialInstitution (id, financialInstitutionId, name, organization, url, uuid) values(165, '10780', 'Penson Financial Services', 'Penson Financial Services Inc', 'https://ofx.penson.com', '7e0df776-db02-3dae-bc54-528f924fcc0c');
insert into FinancialInstitution (id, financialInstitutionId, name, organization, url, uuid) values(91, '321172594', 'Educational Employees CU Fresno', 'Educational Employees C U', 'https://www.eecuonline.org/scripts/isaofx.dll', 'f1fa042f-3a77-3c58-8354-a09939f4fb03');
insert into FinancialInstitution (id, financialInstitutionId, name, organization, url, uuid) values(74, '4801', 'Commercial Federal Bank', 'CommercialFederalBank', 'https://www.oasis.cfree.com/4801.ofxgp', '48b02dda-3193-38c1-9a65-6050ecd0a75b');
insert into FinancialInstitution (id, financialInstitutionId, name, organization, url, uuid) values(196, '114909013', 'Texas State Bank - McAllen', 'Texas State Bank', 'https://www.tsb-a.com/OFXServer/ofxsrvr.dll', '1ec7e66a-66a7-305e-8154-c34e4392447c');
insert into FinancialInstitution (id, financialInstitutionId, name, organization, url, uuid) values(150, '6301', 'National Penn Bank', 'National Penn Bank', 'https://www.oasis.cfree.com/6301.ofxgp', '711c67e1-4593-31ed-bbde-b5063780c3c0');
insert into FinancialInstitution (id, financialInstitutionId, name, organization, url, uuid) values(101, '291975481', 'First Alliance Credit Union', 'First Alliance Credit Union', 'https://fia.usersonlnet.com/scripts/isaofx.dll', '7e10ad39-234d-38a8-92ce-257e44c34bdc');
insert into FinancialInstitution (id, financialInstitutionId, name, organization, url, uuid) values(146, '252076468', 'Municipal Employees Credit Union of Baltimore, Inc.', 'Municipal ECU of Baltimore,Inc.', 'https://mec.usersonlnet.com/scripts/isaofx.dll', '3812eed4-94fb-33ec-b6fb-474af62e54aa');
insert into FinancialInstitution (id, financialInstitutionId, name, organization, url, uuid) values(40, '063108680', 'Bank of Tampa, The', 'BOT', 'https://OFX.Bankoftampa.com/OFXServer/ofxsrvr.dll', '05f3dba1-841d-35b9-b6ba-8418a1cab412');
insert into FinancialInstitution (id, financialInstitutionId, name, organization, url, uuid) values(177, '324079186', 'Salt Lake City Credit Union', 'Salt Lake City Credit Union', 'https://slc.usersonlnet.com/scripts/isaofx.dll', 'a56b941e-e42b-378e-aa8d-81aee6a5f4ac');
insert into FinancialInstitution (id, financialInstitutionId, name, organization, url, uuid) values(124, '061400152', 'ING DIRECT (Canada)', 'INGDirectCanada', 'https://ofx.ingdirect.ca', 'e4773f06-af62-3183-a138-b2eba1c7a73a');
insert into FinancialInstitution (id, financialInstitutionId, name, organization, url, uuid) values(86, '251082644', 'Dominion Credit Union', 'Dominion Credit Union', 'https://dom.usersonlnet.com/scripts/isaofx.dll', '0711af37-a8d4-3e87-9c43-7508f16401bf');
insert into FinancialInstitution (id, financialInstitutionId, name, organization, url, uuid) values(76, '091917160', 'Community Resource Bank', 'CNB', 'https://www.cnbinternet.com/OFXServer/ofxsrvr.dll', 'fb684fe2-2a29-31e0-a33c-afc181d93632');
insert into FinancialInstitution (id, financialInstitutionId, name, organization, url, uuid) values(189, '311090673', 'Southwest Airlines FCU', 'Southwest Airlines EFCU', 'https://www.swacuflashbp.org/scripts/isaofx.dll', 'ad4e5286-d023-3143-8bc0-4a59d909c588');
insert into FinancialInstitution (id, financialInstitutionId, name, organization, url, uuid) values(88, 'fldProv_mProvBankId', 'E*TRADE', 'fldProv_mId', 'https://ofx.etrade.com/cgi-ofx/etradeofx', 'd0d98aab-9ddf-3648-9aa1-024ce55cb585');
insert into FinancialInstitution (id, financialInstitutionId, name, organization, url, uuid) values(128, '6313', 'JPMorgan Retirement Plan Services', 'JPMORGAN', 'https://ofx.retireonline.com/eftxweb/access.ofx', '7435e543-d41e-3c39-a537-4a65b13e458f');
insert into FinancialInstitution (id, financialInstitutionId, name, organization, url, uuid) values(185, '322484265', 'Silver State Schools CU', 'SSSCU', 'https://www.silverstatecu.com/OFXServer/ofxsrvr.dll', '3272def7-4af2-37fd-99c3-204760adb032');
insert into FinancialInstitution (id, financialInstitutionId, name, organization, url, uuid) values(92, '823', 'Edward Jones', 'Edward Jones', 'https://ofx.edwardjones.com', '5523ffc9-be92-3699-ab1a-24e3180d98c0');
insert into FinancialInstitution (id, financialInstitutionId, name, organization, url, uuid) values(37, '6812', 'Bank of America (All except CA, WA,&ID)', 'HAN', 'https://ofx.bankofamerica.com/cgi-forte/fortecgi?servicename=ofx_2-3&pagename=ofx', 'cc31f27b-cd8a-3615-8b14-7d42c56c718d');
insert into FinancialInstitution (id, financialInstitutionId, name, organization, url, uuid) values(96, '7776', 'Fidelity Investments', 'fidelity.com', 'https://ofx.fidelity.com/ftgw/OFX/clients/download', 'eaca1eb3-cead-30e3-9c57-b0f4ab4705e4');
insert into FinancialInstitution (id, financialInstitutionId, name, organization, url, uuid) values(210, '24591', 'USAA Federal Savings Bank', 'USAA', 'https://service2.usaa.com/ofx/OFXServlet', 'c8b5524b-4d33-36ef-a025-a6ce91bf2f12');
insert into FinancialInstitution (id, financialInstitutionId, name, organization, url, uuid) values(55, '590678236', 'Central Florida Educators FCU', 'CentralFloridaEduc', 'https://www.mattweb.cfefcu.com/scripts/isaofx.dll', 'd854d2b1-852b-31f4-aa2a-a20f256cd217');
insert into FinancialInstitution (id, financialInstitutionId, name, organization, url, uuid) values(154, '1001', 'North Carolina State Employees'' Credit Union', 'SECU', 'https://onlineaccess.ncsecu.org/secuofx/secu.ofx', '30a1a27d-7795-3d68-974e-0f6309108b92');
insert into FinancialInstitution (id, financialInstitutionId, name, organization, url, uuid) values(122, '291270050', 'Home Federal Savings Bank(MN/IA)', 'VOneTwentySevenG', 'https://ofx1.evault.ws/ofxserver/ofxsrvr.dll', '68498bb9-7c70-3fde-9329-784bd0729772');
insert into FinancialInstitution (id, financialInstitutionId, name, organization, url, uuid) values(204, '0', 'UMB Bank', 'UMB', 'https://pcbanking.umb.com/hs_ofx/hsofx.dll', 'da66ef2c-182b-30a3-8dfe-e59e80439ff8');
insert into FinancialInstitution (id, financialInstitutionId, name, organization, url, uuid) values(81, '242277808', 'Day Air Credit Union', 'Day Air Credit Union', 'https://pcu.dayair.org/scripts/isaofx.dll', 'e8a65fdd-3a84-311a-a8b6-952b0b5717a4');
insert into FinancialInstitution (id, financialInstitutionId, name, organization, url, uuid) values(58, '241075056', 'Century Federal Credit Union', 'CenturyFederalCU', 'https://pcu.cenfedcu.org/scripts/isaofx.dll', '6b7877aa-079e-3e72-a462-e47827e60ebe');
insert into FinancialInstitution (id, financialInstitutionId, name, organization, url, uuid) values(219, '1030', 'Wells Fargo Advisor', 'strong.com', 'https://ofx.wellsfargoadvantagefunds.com/eftxWeb/Access.ofx', 'b382aa4b-4e27-3fea-8f8f-6dff672f3fb8');
insert into FinancialInstitution (id, financialInstitutionId, name, organization, url, uuid) values(78, '322077559', 'Continental Federal Credit Union', 'Continenetal FCU', 'https://cnt.usersonlnet.com/scripts/isaofx.dll', '4e451b62-41a9-361b-a0fc-22c800a83b3f');
insert into Account (id, uuid, user_id, fi_id, selected, bankId, accountId, username, password, nickname, balance, onlineBalance, status, supportsDownloading, initialBalance, lastDownloadDate, lastReconciledDate, lastReconciledEndingBalance) values(228, 'b18a445d-6b91-32c2-9cbc-86eafce597d0', 1, null, true, '', '', '', '', 'Cash', 0.00, 0.00, 2, false, 0.00, null, null, 0.00);
insert into Account (id, uuid, user_id, fi_id, selected, bankId, accountId, username, password, nickname, balance, onlineBalance, status, supportsDownloading, initialBalance, lastDownloadDate, lastReconciledDate, lastReconciledEndingBalance) values(229, 'b5111398-4b3f-3f29-aeaa-c744be68a3a9', 1, 60, true, '122100024', '721051696', 'fruptichase', 'cqopklm7', 'Checking', 1293.81, 1737.15, 2, false, 1504.76, '2010-04-23', '2010-02-26', 2767.69);
insert into Income (id, amount, enabled, frequency, name, nextPayday, uuid) values(230, 2159.00, true, 2, 'meltmedia', '2010-04-30', '6a11b737-fedb-310e-88cd-be4ac97f765c');
insert into Envelope (user_id, id, amount, available, budget, dueDay, editable, enabled, expanded, frequency, idx, monthly, name, root, savingsGoalDate, savingsGoalOverrideAmount, savingsGoals, selected, unassigned, uuid, parent_id) values(1, 231, 790.91, false, 790.91, 1, false, true, true, 3, 1, false, 'GMAC Mortgage', false, null, null, false, false, false, '6144e826-0d4c-343d-8e54-578d7f443b36', 291);
insert into Envelope (user_id, id, amount, available, budget, dueDay, editable, enabled, expanded, frequency, idx, monthly, name, root, savingsGoalDate, savingsGoalOverrideAmount, savingsGoals, selected, unassigned, uuid, parent_id) values(1, 232, 9.95, false, 9.95, 22, false, true, true, 3, 35, false, 'Chase Bank', false, null, null, false, false, false, '0e140000-75d5-32cf-9bc0-47723d8d1ea1', 291);
insert into Envelope (user_id, id, amount, available, budget, dueDay, editable, enabled, expanded, frequency, idx, monthly, name, root, savingsGoalDate, savingsGoalOverrideAmount, savingsGoals, selected, unassigned, uuid, parent_id) values(1, 233, 31.90, false, 31.90, 11, false, true, true, 3, 3, false, 'Sirius', false, null, null, false, false, false, '7d796168-8fd8-3152-bbde-3af220a50a06', 291);
insert into Envelope (user_id, id, amount, available, budget, dueDay, editable, enabled, expanded, frequency, idx, monthly, name, root, savingsGoalDate, savingsGoalOverrideAmount, savingsGoals, selected, unassigned, uuid, parent_id) values(1, 234, 260.00, false, 260.00, 0, true, true, true, 7, 2, false, 'Auto Maintenance', false, null, null, false, false, false, 'af5b4f64-44d9-3d57-9f22-f23ae73af939', 278);
insert into Envelope (user_id, id, amount, available, budget, dueDay, editable, enabled, expanded, frequency, idx, monthly, name, root, savingsGoalDate, savingsGoalOverrideAmount, savingsGoals, selected, unassigned, uuid, parent_id) values(1, 235, 0.00, false, 0.00, 0, true, true, true, 3, 10, false, 'Furniture', false, null, null, false, false, false, '95164987-03ec-3fea-9bd8-4e60006a5e9f', 278);
insert into Envelope (user_id, id, amount, available, budget, dueDay, editable, enabled, expanded, frequency, idx, monthly, name, root, savingsGoalDate, savingsGoalOverrideAmount, savingsGoals, selected, unassigned, uuid, parent_id) values(1, 236, 130.00, false, 130.00, 6, false, true, true, 3, 7, false, 'Verizon Wireless', false, null, null, false, false, false, '0c70e9da-f7da-3270-a7aa-6bb798a81eba', 291);
insert into Envelope (user_id, id, amount, available, budget, dueDay, editable, enabled, expanded, frequency, idx, monthly, name, root, savingsGoalDate, savingsGoalOverrideAmount, savingsGoals, selected, unassigned, uuid, parent_id) values(1, 237, 0.00, false, 0.00, 0, false, true, true, 0, 35, false, 'Savings Goals', false, null, null, true, false, false, 'e7cd2398-1a02-3928-aa39-5fe9ca739463', 287);
insert into Envelope (user_id, id, amount, available, budget, dueDay, editable, enabled, expanded, frequency, idx, monthly, name, root, savingsGoalDate, savingsGoalOverrideAmount, savingsGoals, selected, unassigned, uuid, parent_id) values(1, 238, 150.00, false, 150.00, 0, true, true, true, 2, 13, false, 'Groceries', false, null, null, false, false, false, 'b23f80a6-2918-3b6c-86f4-20270dc0a171', 289);
insert into Envelope (user_id, id, amount, available, budget, dueDay, editable, enabled, expanded, frequency, idx, monthly, name, root, savingsGoalDate, savingsGoalOverrideAmount, savingsGoals, selected, unassigned, uuid, parent_id) values(1, 239, 50.00, false, 50.00, 0, true, true, true, 3, 14, false, 'Household', false, null, null, false, false, false, 'b603a5c1-2875-3196-a787-881bac2ee77d', 291);
insert into Envelope (user_id, id, amount, available, budget, dueDay, editable, enabled, expanded, frequency, idx, monthly, name, root, savingsGoalDate, savingsGoalOverrideAmount, savingsGoals, selected, unassigned, uuid, parent_id) values(1, 240, 0.00, false, 0.00, 0, true, true, true, 3, 7, false, 'Financial Services', false, null, null, false, false, false, '6306dc22-f2e7-3099-ad2d-fa5cf01ed857', 291);
insert into Envelope (user_id, id, amount, available, budget, dueDay, editable, enabled, expanded, frequency, idx, monthly, name, root, savingsGoalDate, savingsGoalOverrideAmount, savingsGoals, selected, unassigned, uuid, parent_id) values(1, 241, 0.00, false, 0.00, 0, true, true, true, 3, 1, false, 'Comics', false, null, null, false, false, false, 'ae6e0502-7ff4-3c24-a2ce-f15a7c9a9480', 288);
insert into Envelope (user_id, id, amount, available, budget, dueDay, editable, enabled, expanded, frequency, idx, monthly, name, root, savingsGoalDate, savingsGoalOverrideAmount, savingsGoals, selected, unassigned, uuid, parent_id) values(1, 242, 0.00, false, 0.00, 0, false, true, true, 3, 16, false, 'Credit Cards', false, null, null, false, false, false, '5cf6fa8e-5edd-305a-a431-3b3909e47725', 291);
insert into Envelope (user_id, id, amount, available, budget, dueDay, editable, enabled, expanded, frequency, idx, monthly, name, root, savingsGoalDate, savingsGoalOverrideAmount, savingsGoals, selected, unassigned, uuid, parent_id) values(1, 243, 5.48, false, 5.48, 15, true, true, true, 3, 1, false, 'Kelly Letter', false, null, null, false, false, false, '9fb3afa5-e41d-35ba-9ba9-49099f8c0149', 291);
insert into Envelope (user_id, id, amount, available, budget, dueDay, editable, enabled, expanded, frequency, idx, monthly, name, root, savingsGoalDate, savingsGoalOverrideAmount, savingsGoals, selected, unassigned, uuid, parent_id) values(1, 245, 3000.00, false, 3000.00, 0, true, true, true, 2, 22, false, 'New Car', false, '2010-12-01', 25.00, false, false, false, '715e5c3d-84e2-34fd-a8e6-59ceb33444d9', 237);
insert into Envelope (user_id, id, amount, available, budget, dueDay, editable, enabled, expanded, frequency, idx, monthly, name, root, savingsGoalDate, savingsGoalOverrideAmount, savingsGoals, selected, unassigned, uuid, parent_id) values(1, 244, 0.00, false, 0.00, 0, true, true, true, 3, 1, false, 'Pet', false, null, null, false, false, false, '849f9e5a-0be9-3cc9-a860-f17c1c56fe17', 278);
insert into Envelope (user_id, id, amount, available, budget, dueDay, editable, enabled, expanded, frequency, idx, monthly, name, root, savingsGoalDate, savingsGoalOverrideAmount, savingsGoals, selected, unassigned, uuid, parent_id) values(1, 246, 0.00, false, 0.00, 0, true, true, true, 3, 3, false, 'Fast Food', false, null, null, false, false, false, '7f589b67-5a4f-32db-b5c6-484f09b6fa61', 269);
insert into Envelope (user_id, id, amount, available, budget, dueDay, editable, enabled, expanded, frequency, idx, monthly, name, root, savingsGoalDate, savingsGoalOverrideAmount, savingsGoals, selected, unassigned, uuid, parent_id) values(1, 247, 0.00, false, 0.00, 0, true, true, true, 3, 4, false, 'PS', false, null, null, false, false, false, 'e28a652e-8e3c-3771-a84e-ee703c3408fe', 291);
insert into Envelope (user_id, id, amount, available, budget, dueDay, editable, enabled, expanded, frequency, idx, monthly, name, root, savingsGoalDate, savingsGoalOverrideAmount, savingsGoals, selected, unassigned, uuid, parent_id) values(1, 248, 0.00, false, 0.00, 0, true, true, true, 3, 11, false, 'Moving', false, null, null, false, false, false, '3a7e8654-eec9-3bf6-9a61-462f0ab25c7d', 278);
insert into Envelope (user_id, id, amount, available, budget, dueDay, editable, enabled, expanded, frequency, idx, monthly, name, root, savingsGoalDate, savingsGoalOverrideAmount, savingsGoals, selected, unassigned, uuid, parent_id) values(1, 249, 0.00, false, 0.00, 0, true, true, true, 3, 3, false, 'Hardware', false, null, null, false, false, false, '9203632c-469f-3328-b6d5-142dace5488b', 255);
insert into Envelope (user_id, id, amount, available, budget, dueDay, editable, enabled, expanded, frequency, idx, monthly, name, root, savingsGoalDate, savingsGoalOverrideAmount, savingsGoals, selected, unassigned, uuid, parent_id) values(1, 251, 0.00, false, 0.00, 0, true, true, true, 3, 1, false, 'Rental', false, null, null, false, false, false, 'ea58498e-c1b3-3e65-a1a2-b4ed1df98c62', 278);
insert into Envelope (user_id, id, amount, available, budget, dueDay, editable, enabled, expanded, frequency, idx, monthly, name, root, savingsGoalDate, savingsGoalOverrideAmount, savingsGoals, selected, unassigned, uuid, parent_id) values(1, 250, 0.00, false, 0.00, 0, true, true, true, 3, 9, false, 'Lotto', false, null, null, false, false, false, '1e7cf6dd-59e1-3081-8239-53e7697001e9', 291);
insert into Envelope (user_id, id, amount, available, budget, dueDay, editable, enabled, expanded, frequency, idx, monthly, name, root, savingsGoalDate, savingsGoalOverrideAmount, savingsGoals, selected, unassigned, uuid, parent_id) values(1, 252, 200.00, false, 200.00, 0, false, true, true, 2, 24, false, 'Spending', false, null, null, false, false, false, 'e047e972-c543-3bec-a788-c8f139e36d1e', 289);
insert into Envelope (user_id, id, amount, available, budget, dueDay, editable, enabled, expanded, frequency, idx, monthly, name, root, savingsGoalDate, savingsGoalOverrideAmount, savingsGoals, selected, unassigned, uuid, parent_id) values(1, 255, 0.00, false, 0.00, 0, true, true, true, 3, 2, false, 'Computer', false, null, null, false, false, false, '3aa58a31-2485-36ae-a278-620b9852c675', 291);
insert into Envelope (user_id, id, amount, available, budget, dueDay, editable, enabled, expanded, frequency, idx, monthly, name, root, savingsGoalDate, savingsGoalOverrideAmount, savingsGoals, selected, unassigned, uuid, parent_id) values(1, 254, 9.98, false, 9.98, 10, true, true, true, 3, 1, false, 'Easynews.com', false, null, null, false, false, false, '9b05b51d-437c-33c0-a9de-5b517ac535f4', 291);
insert into Envelope (user_id, id, amount, available, budget, dueDay, editable, enabled, expanded, frequency, idx, monthly, name, root, savingsGoalDate, savingsGoalOverrideAmount, savingsGoals, selected, unassigned, uuid, parent_id) values(1, 253, 120.00, false, 120.00, 0, true, true, true, 2, 27, false, 'Auto Fuel', false, null, null, false, false, false, '937e343b-8760-3030-9e5b-c947471e3672', 289);
insert into Envelope (user_id, id, amount, available, budget, dueDay, editable, enabled, expanded, frequency, idx, monthly, name, root, savingsGoalDate, savingsGoalOverrideAmount, savingsGoals, selected, unassigned, uuid, parent_id) values(1, 256, 0.00, false, 0.00, 0, true, true, true, 3, 5, false, 'Massage', false, null, null, false, false, false, '1c3e998d-e546-32d0-a2b8-af5063189a3a', 277);
insert into Envelope (user_id, id, amount, available, budget, dueDay, editable, enabled, expanded, frequency, idx, monthly, name, root, savingsGoalDate, savingsGoalOverrideAmount, savingsGoals, selected, unassigned, uuid, parent_id) values(1, 257, 9500.00, false, 9500.00, 1, true, true, true, 3, 1, false, 'Debt', false, '2011-02-07', null, false, false, false, 'da74da90-779a-345c-8957-7dbb0691d974', 237);
insert into Envelope (user_id, id, amount, available, budget, dueDay, editable, enabled, expanded, frequency, idx, monthly, name, root, savingsGoalDate, savingsGoalOverrideAmount, savingsGoals, selected, unassigned, uuid, parent_id) values(1, 258, 326.00, false, 326.00, 1, false, true, true, 3, 34, false, 'Lofts @ Arcadia', false, null, null, false, false, false, '547219dc-5e75-3dd5-887c-009788ceecc3', 291);
insert into Envelope (user_id, id, amount, available, budget, dueDay, editable, enabled, expanded, frequency, idx, monthly, name, root, savingsGoalDate, savingsGoalOverrideAmount, savingsGoals, selected, unassigned, uuid, parent_id) values(1, 259, 54.38, false, 54.38, 20, true, true, true, 3, 1, false, 'GRAND & CAMELBACK SELF', false, null, null, false, false, false, '21b383da-f64e-393d-908e-b302c184e443', 291);
insert into Envelope (user_id, id, amount, available, budget, dueDay, editable, enabled, expanded, frequency, idx, monthly, name, root, savingsGoalDate, savingsGoalOverrideAmount, savingsGoals, selected, unassigned, uuid, parent_id) values(1, 260, 0.00, false, 0.00, 0, true, true, true, 3, 13, false, 'Hair Services', false, null, null, false, false, false, '2d345d05-cdd7-3c85-85c6-e9ff4eb2263b', 277);
insert into Envelope (user_id, id, amount, available, budget, dueDay, editable, enabled, expanded, frequency, idx, monthly, name, root, savingsGoalDate, savingsGoalOverrideAmount, savingsGoals, selected, unassigned, uuid, parent_id) values(1, 261, 80.00, false, 80.00, 0, false, true, true, 2, 4, false, 'Housekeeping', false, null, null, false, false, false, '3dfe8dae-8ee1-3621-8b07-7f0b1347d2e1', 289);
insert into Envelope (user_id, id, amount, available, budget, dueDay, editable, enabled, expanded, frequency, idx, monthly, name, root, savingsGoalDate, savingsGoalOverrideAmount, savingsGoals, selected, unassigned, uuid, parent_id) values(1, 262, 0.00, false, 0.00, 0, true, true, true, 3, 15, false, 'Qwest', false, null, null, false, false, false, '40be58ec-a46d-340a-8613-930b37641652', 291);
insert into Envelope (user_id, id, amount, available, budget, dueDay, editable, enabled, expanded, frequency, idx, monthly, name, root, savingsGoalDate, savingsGoalOverrideAmount, savingsGoals, selected, unassigned, uuid, parent_id) values(1, 263, 99.00, false, 99.00, 1, false, true, true, 7, 6, false, 'Me.com', false, null, null, false, false, false, '823d719d-c465-3181-a7a7-45104aa0479f', 278);
insert into Envelope (user_id, id, amount, available, budget, dueDay, editable, enabled, expanded, frequency, idx, monthly, name, root, savingsGoalDate, savingsGoalOverrideAmount, savingsGoals, selected, unassigned, uuid, parent_id) values(1, 264, 0.00, false, 0.00, 0, false, true, true, 0, 5, false, 'Unassigned', false, null, null, false, false, true, 'b1b440f0-ca34-36af-b024-491fac0779e3', 287);
insert into Envelope (user_id, id, amount, available, budget, dueDay, editable, enabled, expanded, frequency, idx, monthly, name, root, savingsGoalDate, savingsGoalOverrideAmount, savingsGoals, selected, unassigned, uuid, parent_id) values(1, 265, 0.00, false, 0.00, 0, true, true, true, 3, 14, false, 'Movie Rental', false, null, null, false, false, false, 'b1c463a5-27fa-3543-94f1-b06b753e331f', 288);
insert into Envelope (user_id, id, amount, available, budget, dueDay, editable, enabled, expanded, frequency, idx, monthly, name, root, savingsGoalDate, savingsGoalOverrideAmount, savingsGoals, selected, unassigned, uuid, parent_id) values(1, 266, 27.98, false, 27.98, 9, false, true, true, 3, 9, false, 'Arrowhead Water', false, null, null, false, false, false, 'e6201511-8cd6-3894-89ed-f33b305cec8e', 291);
insert into Envelope (user_id, id, amount, available, budget, dueDay, editable, enabled, expanded, frequency, idx, monthly, name, root, savingsGoalDate, savingsGoalOverrideAmount, savingsGoals, selected, unassigned, uuid, parent_id) values(1, 267, 309.33, false, 309.33, 11, false, true, true, 3, 11, false, 'VW Credit', false, null, null, false, false, false, 'f5131258-b2da-3bff-8947-f630a39e5761', 291);
insert into Envelope (user_id, id, amount, available, budget, dueDay, editable, enabled, expanded, frequency, idx, monthly, name, root, savingsGoalDate, savingsGoalOverrideAmount, savingsGoals, selected, unassigned, uuid, parent_id) values(1, 268, 106.58, false, 106.58, 20, false, true, true, 3, 10, false, 'Cox Communications', false, null, null, false, false, false, '790bb2df-d163-3f08-8ce7-fcbc380c7703', 291);
insert into Envelope (user_id, id, amount, available, budget, dueDay, editable, enabled, expanded, frequency, idx, monthly, name, root, savingsGoalDate, savingsGoalOverrideAmount, savingsGoals, selected, unassigned, uuid, parent_id) values(1, 269, 0.00, false, 0.00, 0, true, true, true, 3, 2, false, 'Food', false, null, null, false, false, false, '2851c900-99cd-3e66-9fb4-ac57f48dfdf5', 291);
insert into Envelope (user_id, id, amount, available, budget, dueDay, editable, enabled, expanded, frequency, idx, monthly, name, root, savingsGoalDate, savingsGoalOverrideAmount, savingsGoals, selected, unassigned, uuid, parent_id) values(1, 270, 0.00, false, 0.00, 0, true, true, true, 3, 1, false, 'Coffee', false, null, null, false, false, false, '158d8d6c-be69-3d51-a6a4-6a41f78ae454', 269);
insert into Envelope (user_id, id, amount, available, budget, dueDay, editable, enabled, expanded, frequency, idx, monthly, name, root, savingsGoalDate, savingsGoalOverrideAmount, savingsGoals, selected, unassigned, uuid, parent_id) values(1, 271, 34.99, false, 34.99, 28, false, true, true, 3, 15, false, '24 Hour Fitness', false, null, null, false, false, false, 'c2cbabfa-2e96-33f7-bc45-867854469791', 291);
insert into Envelope (user_id, id, amount, available, budget, dueDay, editable, enabled, expanded, frequency, idx, monthly, name, root, savingsGoalDate, savingsGoalOverrideAmount, savingsGoals, selected, unassigned, uuid, parent_id) values(1, 272, 12.95, false, 12.95, 28, true, true, true, 3, 1, false, 'Tivo', false, null, null, false, false, false, '021c3cd9-18b8-3dc0-968d-0c031cf1d78c', 291);
insert into Envelope (user_id, id, amount, available, budget, dueDay, editable, enabled, expanded, frequency, idx, monthly, name, root, savingsGoalDate, savingsGoalOverrideAmount, savingsGoals, selected, unassigned, uuid, parent_id) values(1, 273, 81.58, false, 81.58, 7, false, true, true, 3, 18, false, 'Directv', false, null, null, false, false, false, '3cc01561-0f21-3cce-a1d4-315d3dde0326', 291);
insert into Envelope (user_id, id, amount, available, budget, dueDay, editable, enabled, expanded, frequency, idx, monthly, name, root, savingsGoalDate, savingsGoalOverrideAmount, savingsGoals, selected, unassigned, uuid, parent_id) values(1, 274, 21.95, false, 21.95, 0, false, true, true, 3, 17, false, 'Car Wash', false, null, null, false, false, false, 'd2f21497-e5bc-3d95-8c75-f0d79721336c', 291);
insert into Envelope (user_id, id, amount, available, budget, dueDay, editable, enabled, expanded, frequency, idx, monthly, name, root, savingsGoalDate, savingsGoalOverrideAmount, savingsGoals, selected, unassigned, uuid, parent_id) values(1, 275, 0.00, false, 0.00, 0, true, true, true, 2, 19, false, 'Taxes', false, null, null, false, false, false, 'b00eba29-39a4-34d4-acc1-d8ea44376ab7', 289);
insert into Envelope (user_id, id, amount, available, budget, dueDay, editable, enabled, expanded, frequency, idx, monthly, name, root, savingsGoalDate, savingsGoalOverrideAmount, savingsGoals, selected, unassigned, uuid, parent_id) values(1, 276, 0.00, false, 0.00, 0, true, true, true, 3, 1, false, 'ATM Withdrawls', false, null, null, false, false, false, '5fd11a9d-19ba-3153-b004-b798707e4b77', 291);
insert into Envelope (user_id, id, amount, available, budget, dueDay, editable, enabled, expanded, frequency, idx, monthly, name, root, savingsGoalDate, savingsGoalOverrideAmount, savingsGoals, selected, unassigned, uuid, parent_id) values(1, 277, 50.00, false, 50.00, 0, true, true, true, 3, 21, false, 'Personal Care', false, null, null, false, false, false, 'c9755f1a-75b2-3a7e-9309-9bb03273a6d5', 291);
insert into Envelope (user_id, id, amount, available, budget, dueDay, editable, enabled, expanded, frequency, idx, monthly, name, root, savingsGoalDate, savingsGoalOverrideAmount, savingsGoals, selected, unassigned, uuid, parent_id) values(1, 278, 0.00, false, 0.00, 0, true, true, true, 0, 20, false, 'Periodic Expenses', false, null, null, false, false, false, '56267224-9ff1-326a-a62d-8d5b8b7f76da', 287);
insert into Envelope (user_id, id, amount, available, budget, dueDay, editable, enabled, expanded, frequency, idx, monthly, name, root, savingsGoalDate, savingsGoalOverrideAmount, savingsGoals, selected, unassigned, uuid, parent_id) values(1, 279, 49.00, false, 49.00, 19, false, true, true, 3, 23, false, 'Massage Envy', false, null, null, false, false, false, 'd57bdfb6-d630-34a6-a3e6-88629da25863', 291);
insert into Envelope (user_id, id, amount, available, budget, dueDay, editable, enabled, expanded, frequency, idx, monthly, name, root, savingsGoalDate, savingsGoalOverrideAmount, savingsGoals, selected, unassigned, uuid, parent_id) values(1, 280, 0.00, false, 0.00, 0, true, true, true, 3, 2, false, 'Books', false, null, null, false, false, false, '3f11e874-4492-3b7c-b265-c3134919bdf2', 291);
insert into Envelope (user_id, id, amount, available, budget, dueDay, editable, enabled, expanded, frequency, idx, monthly, name, root, savingsGoalDate, savingsGoalOverrideAmount, savingsGoals, selected, unassigned, uuid, parent_id) values(1, 281, 0.00, false, 0.00, 0, true, true, true, 3, 8, false, 'Internet Services', false, null, null, false, false, false, '75266b0b-3614-3cc6-aada-f57c8e0e39a3', 291);
insert into Envelope (user_id, id, amount, available, budget, dueDay, editable, enabled, expanded, frequency, idx, monthly, name, root, savingsGoalDate, savingsGoalOverrideAmount, savingsGoals, selected, unassigned, uuid, parent_id) values(1, 282, 0.00, false, 0.00, 0, true, true, true, 3, 4, false, 'Software', false, null, null, false, false, false, '524bede7-53cf-3311-a4ee-e92e8259b00b', 255);
insert into Envelope (user_id, id, amount, available, budget, dueDay, editable, enabled, expanded, frequency, idx, monthly, name, root, savingsGoalDate, savingsGoalOverrideAmount, savingsGoals, selected, unassigned, uuid, parent_id) values(1, 283, 0.00, false, 0.00, 0, true, true, true, 3, 3, false, 'Flowers', false, null, null, false, false, false, 'e49d05b6-eb1b-30cb-9b5f-082702f1a35b', 288);
insert into Envelope (user_id, id, amount, available, budget, dueDay, editable, enabled, expanded, frequency, idx, monthly, name, root, savingsGoalDate, savingsGoalOverrideAmount, savingsGoals, selected, unassigned, uuid, parent_id) values(1, 284, 0.00, false, 0.00, 0, true, true, true, 3, 6, false, 'Movie Theatre', false, null, null, false, false, false, 'a91fa96d-3b55-3c3d-afe3-d380ac0995ef', 288);
insert into Envelope (user_id, id, amount, available, budget, dueDay, editable, enabled, expanded, frequency, idx, monthly, name, root, savingsGoalDate, savingsGoalOverrideAmount, savingsGoals, selected, unassigned, uuid, parent_id) values(1, 285, 0.00, false, 0.00, 0, true, true, true, 3, 12, false, 'Clothing', false, null, null, false, false, false, 'b47c0b41-f74d-31b8-869f-e2d33cdde980', 291);
insert into Envelope (user_id, id, amount, available, budget, dueDay, editable, enabled, expanded, frequency, idx, monthly, name, root, savingsGoalDate, savingsGoalOverrideAmount, savingsGoals, selected, unassigned, uuid, parent_id) values(1, 287, 0.00, false, 0.00, 0, false, true, true, 0, 26, false, 'Envelopes', true, null, null, false, false, false, '7535ece0-3111-3ed6-b77f-a031b675075e', null);
insert into Envelope (user_id, id, amount, available, budget, dueDay, editable, enabled, expanded, frequency, idx, monthly, name, root, savingsGoalDate, savingsGoalOverrideAmount, savingsGoals, selected, unassigned, uuid, parent_id) values(1, 286, 50.00, false, 50.00, 0, true, true, true, 3, 25, false, 'Medical', false, null, null, false, false, false, '7ddf67e2-363a-388c-add2-914ab1391ddd', 291);
insert into Envelope (user_id, id, amount, available, budget, dueDay, editable, enabled, expanded, frequency, idx, monthly, name, root, savingsGoalDate, savingsGoalOverrideAmount, savingsGoals, selected, unassigned, uuid, parent_id) values(1, 288, 0.00, false, 0.00, 0, true, true, true, 3, 5, false, 'Entertainment', false, null, null, false, false, false, '80e64f41-f71f-3155-ac32-9df4d60c6bec', 291);
insert into Envelope (user_id, id, amount, available, budget, dueDay, editable, enabled, expanded, frequency, idx, monthly, name, root, savingsGoalDate, savingsGoalOverrideAmount, savingsGoals, selected, unassigned, uuid, parent_id) values(1, 290, 154.11, false, 154.11, 1, false, true, true, 3, 29, false, 'State Farm Insurance', false, null, null, false, false, false, 'd16c04f8-8e8b-36b7-9898-38a83da46541', 291);
insert into Envelope (user_id, id, amount, available, budget, dueDay, editable, enabled, expanded, frequency, idx, monthly, name, root, savingsGoalDate, savingsGoalOverrideAmount, savingsGoals, selected, unassigned, uuid, parent_id) values(1, 289, 0.00, false, 0.00, 0, true, true, true, 0, 28, false, 'Bi-Weekly', false, null, null, false, false, false, '13205683-872d-34d5-9135-a107c09a222b', 287);
insert into Envelope (user_id, id, amount, available, budget, dueDay, editable, enabled, expanded, frequency, idx, monthly, name, root, savingsGoalDate, savingsGoalOverrideAmount, savingsGoals, selected, unassigned, uuid, parent_id) values(1, 292, 0.00, true, 0.00, 0, false, true, true, 0, 30, false, 'Available', false, null, null, false, false, false, '081ec426-978b-3a18-a3ef-b3ebe4f6e1ae', 287);
insert into Envelope (user_id, id, amount, available, budget, dueDay, editable, enabled, expanded, frequency, idx, monthly, name, root, savingsGoalDate, savingsGoalOverrideAmount, savingsGoals, selected, unassigned, uuid, parent_id) values(1, 291, 0.00, false, 0.00, 0, false, true, true, 3, 31, true, 'Monthly', false, null, null, false, false, false, 'afb1b796-4a2c-3072-8f1b-c7ecd33e5992', 287);
insert into Envelope (user_id, id, amount, available, budget, dueDay, editable, enabled, expanded, frequency, idx, monthly, name, root, savingsGoalDate, savingsGoalOverrideAmount, savingsGoals, selected, unassigned, uuid, parent_id) values(1, 294, 500.00, false, 500.00, 1, false, true, true, 3, 33, false, 'Rent', false, null, null, false, false, false, '701fe580-ec25-38e5-9ba5-0dbc1aaa3bf0', 291);
insert into Envelope (user_id, id, amount, available, budget, dueDay, editable, enabled, expanded, frequency, idx, monthly, name, root, savingsGoalDate, savingsGoalOverrideAmount, savingsGoals, selected, unassigned, uuid, parent_id) values(1, 293, 250.00, false, 250.00, 0, true, true, true, 7, 32, false, 'Auto Registration', false, null, null, false, false, false, '127d6420-af71-3ff9-812d-71204d2b828f', 278);
insert into Envelope (user_id, id, amount, available, budget, dueDay, editable, enabled, expanded, frequency, idx, monthly, name, root, savingsGoalDate, savingsGoalOverrideAmount, savingsGoals, selected, unassigned, uuid, parent_id) values(1, 295, 0.00, false, 0.00, 0, true, true, true, 3, 4, false, 'Eating Out', false, null, null, false, false, false, 'c9d488fa-953e-384f-b98c-4897895e5335', 269);
insert into Transaction (DTYPE, id, amount, balance, checkNo, date, description, externalId, initialBalance, memo, ref, status, type, uuid, account_id, transfer_id) values('InternalTransaction', 296, -75.76, 2047.88, '', '2009-12-15', 'FRY''S ELECTRONICS #0 020030', '200912152', false, '12/15FRY''S ELE', '', 2, 1, '447700d0-dbbd-3bfa-b7b9-6dfdb7ce4b25', 229, null);
insert into Split (id, amount, uuid, envelope_id, transaction_id) values(297, -75.76, 'e6e23cca-5818-3d55-8750-ef0a3ba5a650', 252, 296);
insert into Transaction (DTYPE, id, amount, balance, checkNo, date, description, externalId, initialBalance, memo, ref, status, type, uuid, account_id, transfer_id) values('InternalTransaction', 298, -40.04, 3864.82, '', '2010-03-30', 'ARCO PAYPOINT', '201003302', false, '', '', 1, 1, 'c99951ef-4df9-3c10-a7c9-31edf9f77cf3', 229, null);
insert into Split (id, amount, uuid, envelope_id, transaction_id) values(299, -40.04, 'e0a44771-db7a-353b-8927-f4b8710008c1', 253, 298);
insert into Transaction (DTYPE, id, amount, balance, checkNo, date, description, externalId, initialBalance, memo, ref, status, type, uuid, account_id, transfer_id) values('InternalTransaction', 300, -26.82, 2426.45, '', '2010-03-19', 'Transfer to Medical', 'null', false, '', '', 2, 1, 'b0e4a350-6d0e-30dd-ba8b-dd3812332a64', 229, 1210);
insert into Split (id, amount, uuid, envelope_id, transaction_id) values(301, -26.82, 'ffe00e7c-fd61-372c-a6f1-eca228f8646d', 292, 300);
insert into Transaction (DTYPE, id, amount, balance, checkNo, date, description, externalId, initialBalance, memo, ref, status, type, uuid, account_id, transfer_id) values('InternalTransaction', 302, -40.00, 0.00, '', '2010-02-23', 'Transfer to ATM Withdrawls', 'null', false, '', '', 2, 1, 'c0bc7b1a-709f-3b2d-be6b-df78bcbb039a', 228, 2598);
insert into Split (id, amount, uuid, envelope_id, transaction_id) values(303, -40.00, 'e275f7da-64c9-34ef-9f52-c828ccf4059f', 252, 302);
insert into Transaction (DTYPE, id, amount, balance, checkNo, date, description, externalId, initialBalance, memo, ref, status, type, uuid, account_id, transfer_id) values('InternalTransaction', 304, 625.00, 625.00, '', '2010-03-19', 'Transfer from Available', 'null', false, '', '', 2, 0, '4ab3058f-8d15-3e5d-8ed3-83963c21fb96', 228, 2831);
insert into Split (id, amount, uuid, envelope_id, transaction_id) values(305, 625.00, '990b2d96-4381-32a8-903a-18082ee0374b', 248, 304);
insert into Transaction (DTYPE, id, amount, balance, checkNo, date, description, externalId, initialBalance, memo, ref, status, type, uuid, account_id, transfer_id) values('InternalTransaction', 306, -1.10, 0.00, '', '2010-03-16', 'Transfer to Easynews.com', 'null', false, '', '', 2, 1, '533df59e-a467-3576-be49-b41fc6d017e9', 228, 1216);
insert into Split (id, amount, uuid, envelope_id, transaction_id) values(307, -1.10, 'cc58911e-1ff5-35d4-bf39-2a169a8e57d8', 252, 306);
insert into Transaction (DTYPE, id, amount, balance, checkNo, date, description, externalId, initialBalance, memo, ref, status, type, uuid, account_id, transfer_id) values('InternalTransaction', 308, -19.50, 2769.14, '', '2010-02-08', 'Rossmar & Graham RESIDENT', '201002089', false, 'WEB ID: W050568743', '', 2, 1, 'd8c19552-ce95-328f-b4b9-537f793cf8a3', 229, null);
insert into Split (id, amount, uuid, envelope_id, transaction_id) values(309, -19.50, 'a8872f65-eacf-329b-86f6-b388e4e5af14', 258, 308);
insert into Transaction (DTYPE, id, amount, balance, checkNo, date, description, externalId, initialBalance, memo, ref, status, type, uuid, account_id, transfer_id) values('InternalTransaction', 310, 16.22, 1151.26, '', '2010-02-16', 'Transfer from Available', 'null', false, '', '', 0, 0, '6f68363f-a5eb-3158-8279-5b231db93401', 229, 1562);
insert into Split (id, amount, uuid, envelope_id, transaction_id) values(311, 16.22, 'afebaae7-d90c-3464-922f-d5e9f255bcae', 246, 310);
insert into Transaction (DTYPE, id, amount, balance, checkNo, date, description, externalId, initialBalance, memo, ref, status, type, uuid, account_id, transfer_id) values('InternalTransaction', 312, 13.99, 2688.27, '', '2010-04-16', 'Transfer from Available', 'null', false, '', '', 2, 0, 'b7de1a35-5d51-3206-8bc2-36b91ac7050f', 229, 1322);
insert into Split (id, amount, uuid, envelope_id, transaction_id) values(313, 13.99, '8c258b8c-7c30-3a79-acfc-9e96efb19b85', 266, 312);
insert into Transaction (DTYPE, id, amount, balance, checkNo, date, description, externalId, initialBalance, memo, ref, status, type, uuid, account_id, transfer_id) values('InternalTransaction', 314, -31.90, 1122.58, '', '2010-04-12', 'SRR*SIRIUS RADIO 888-539', '201004126', false, '04/11SRR*SIRIU', '', 1, 1, '5881991b-4caf-38ad-9851-e7bac319d9ab', 229, null);
insert into Split (id, amount, uuid, envelope_id, transaction_id) values(315, -31.90, 'a9b94d52-2a10-331e-85af-55e210cd3677', 233, 314);
insert into Transaction (DTYPE, id, amount, balance, checkNo, date, description, externalId, initialBalance, memo, ref, status, type, uuid, account_id, transfer_id) values('InternalTransaction', 316, 30.00, 1181.26, '', '2010-02-16', 'Transfer from Available', 'null', false, '', '', 0, 0, '068d5e0d-3bad-325d-aef3-fa3ce7d00d07', 229, 1778);
insert into Split (id, amount, uuid, envelope_id, transaction_id) values(317, 30.00, '7ededc83-e1cf-3f2c-a318-01e6dc1911dd', 286, 316);
insert into Transaction (DTYPE, id, amount, balance, checkNo, date, description, externalId, initialBalance, memo, ref, status, type, uuid, account_id, transfer_id) values('InternalTransaction', 318, -27.19, 5106.94, '', '2010-03-05', 'Transfer to GRAND & CAMELBACK SELF', 'null', false, '', '', 2, 1, 'd2c807fc-a026-382d-be3e-5da5264b5638', 229, 810);
insert into Split (id, amount, uuid, envelope_id, transaction_id) values(319, -27.19, 'e85b1000-2698-30e9-8b6c-f65596dda2e7', 292, 318);
insert into Transaction (DTYPE, id, amount, balance, checkNo, date, description, externalId, initialBalance, memo, ref, status, type, uuid, account_id, transfer_id) values('InternalTransaction', 320, 29.85, 1164.89, '', '2010-02-16', 'Transfer from Available', 'null', false, '', '', 0, 0, '4c0aa872-f485-3191-bfb9-0f92af07336e', 229, 2977);
insert into Split (id, amount, uuid, envelope_id, transaction_id) values(321, 29.85, 'aff38488-41e1-3399-b3c5-76c6e0af6487', 232, 320);
insert into Transaction (DTYPE, id, amount, balance, checkNo, date, description, externalId, initialBalance, memo, ref, status, type, uuid, account_id, transfer_id) values('InternalTransaction', 322, 175.00, 2863.27, '', '2010-04-16', 'Transfer from Available', 'null', false, '', '', 2, 0, '7023c827-121b-3924-92c1-e0a60f2dbb7f', 229, 2034);
insert into Split (id, amount, uuid, envelope_id, transaction_id) values(323, 175.00, '4710e75f-259f-3081-a6a2-b67d80de10ce', 275, 322);
insert into Transaction (DTYPE, id, amount, balance, checkNo, date, description, externalId, initialBalance, memo, ref, status, type, uuid, account_id, transfer_id) values('InternalTransaction', 326, 10.32, 10.32, '', '2010-03-16', 'Transfer from Household', 'null', false, '', '', 2, 0, '068cccdf-305c-397a-980a-825c266df092', 228, 1438);
insert into Split (id, amount, uuid, envelope_id, transaction_id) values(327, 10.32, '4a1a626e-34dd-3ab1-93d4-ad61c0d1eb08', 256, 326);
insert into Transaction (DTYPE, id, amount, balance, checkNo, date, description, externalId, initialBalance, memo, ref, status, type, uuid, account_id, transfer_id) values('InternalTransaction', 324, 5.61, 5.61, '', '2010-03-16', 'Transfer from Spending', 'null', false, '', '', 2, 0, '728bd8df-22f3-3970-b7e0-a037c9ddf771', 228, 422);
insert into Split (id, amount, uuid, envelope_id, transaction_id) values(325, 5.61, 'fe8ee66f-0071-353d-9bdf-d45c1b1bc193', 246, 324);
insert into Transaction (DTYPE, id, amount, balance, checkNo, date, description, externalId, initialBalance, memo, ref, status, type, uuid, account_id, transfer_id) values('InternalTransaction', 328, -5.25, 4691.81, '', '2009-11-16', 'WAL-MART #2113 CHRISTOWN670091', '2009111612', false, '11/14WAL-MART', '', 2, 1, '238c8fe0-ae9e-34e6-a5db-24b88207247b', 229, null);
insert into Split (id, amount, uuid, envelope_id, transaction_id) values(329, -5.25, '9a99b789-8a97-30a0-b1a2-a2327c0c4a04', 239, 328);
insert into Transaction (DTYPE, id, amount, balance, checkNo, date, description, externalId, initialBalance, memo, ref, status, type, uuid, account_id, transfer_id) values('InternalTransaction', 330, 10.27, 10.27, '', '2010-03-20', 'Transfer from Available', 'null', false, '', '', 2, 0, '0c53ace4-14c6-3fc3-8dc6-829862d787d7', 228, 1608);
insert into Split (id, amount, uuid, envelope_id, transaction_id) values(331, 10.27, '3f88fca8-d793-3265-b1e2-96b02698fd06', 295, 330);
insert into Transaction (DTYPE, id, amount, balance, checkNo, date, description, externalId, initialBalance, memo, ref, status, type, uuid, account_id, transfer_id) values('InternalTransaction', 332, -2.11, 0.00, '', '2010-04-21', 'Transfer to Available', 'null', false, '', '', 2, 1, 'c7bfcf0e-f21c-3a5e-a761-b464d9c6fbde', 228, 2731);
insert into Split (id, amount, uuid, envelope_id, transaction_id) values(333, -2.11, 'ac4f3db0-bda3-3f0d-b77b-b6fe09d5aeec', 270, 332);
insert into Transaction (DTYPE, id, amount, balance, checkNo, date, description, externalId, initialBalance, memo, ref, status, type, uuid, account_id, transfer_id) values('InternalTransaction', 336, -8.59, 1238.97, '', '2010-04-09', 'Z S GREEK PHOENIX AZ', '201004091', false, '04/08Z S GREEK', '', 1, 1, '3fb82c39-3aa6-3ce0-a94b-c3a39f35e0b8', 229, null);
insert into Split (id, amount, uuid, envelope_id, transaction_id) values(337, -8.59, '9f2f102c-4e92-3867-8370-c9c4af1ccb7b', 264, 336);
insert into Transaction (DTYPE, id, amount, balance, checkNo, date, description, externalId, initialBalance, memo, ref, status, type, uuid, account_id, transfer_id) values('InternalTransaction', 334, -35.60, 2285.44, '', '2010-02-25', 'ARCO PAYPOINT 2942 605594', '201002250', false, '02/24ARCO PAYP', '', 1, 1, '02d25bd9-b00f-3809-8fad-f9ba4a90e5ba', 229, null);
insert into Split (id, amount, uuid, envelope_id, transaction_id) values(335, -35.60, '1f2fda4b-6ccb-3e55-87de-55a5de05654f', 253, 334);
insert into Transaction (DTYPE, id, amount, balance, checkNo, date, description, externalId, initialBalance, memo, ref, status, type, uuid, account_id, transfer_id) values('InternalTransaction', 340, 4.99, 768.11, '', '2010-04-13', 'Transfer from Available', 'null', false, '', '', 2, 0, '10d166fe-aeef-3d04-9803-6317b82787bf', 229, 1882);
insert into Split (id, amount, uuid, envelope_id, transaction_id) values(341, 4.99, '77d8f600-1cdf-32b1-9258-dffb89b3c63e', 254, 340);
insert into Transaction (DTYPE, id, amount, balance, checkNo, date, description, externalId, initialBalance, memo, ref, status, type, uuid, account_id, transfer_id) values('InternalTransaction', 338, -175.00, 1827.32, '', '2009-12-16', 'IRS USATAXPYMT 2709', '200912160', false, '75000625990 WEB ID: 3387702000', '', 2, 1, '3782a9eb-91b8-302b-9ee1-6d20522bc680', 229, null);
insert into Split (id, amount, uuid, envelope_id, transaction_id) values(339, -175.00, '09a57de0-d62f-3264-9e27-d82c81e8e625', 275, 338);
insert into Transaction (DTYPE, id, amount, balance, checkNo, date, description, externalId, initialBalance, memo, ref, status, type, uuid, account_id, transfer_id) values('InternalTransaction', 342, -6.15, 2091.61, '', '2010-02-01', 'TACO BELL 21245 Q53 T', '201002014', false, '01/29TACO BELL', '', 2, 1, 'ad060289-8f5c-380c-976b-733ca474c246', 229, null);
insert into Split (id, amount, uuid, envelope_id, transaction_id) values(343, -6.15, 'c2270392-4a3d-3e4b-9724-c873dd4ece92', 246, 342);
insert into Transaction (DTYPE, id, amount, balance, checkNo, date, description, externalId, initialBalance, memo, ref, status, type, uuid, account_id, transfer_id) values('InternalTransaction', 344, -60.60, 928.52, '', '2009-11-10', 'WALGREEN COMPANY 4111 N 104064', '200911100', false, '11/09WALGREEN', '', 2, 1, '57f8d253-ed34-342a-b644-a026c5447f51', 229, null);
insert into Split (id, amount, uuid, envelope_id, transaction_id) values(345, -60.60, 'd0ef5de7-3cb5-3943-b026-9a7a19f7c466', 277, 344);
insert into Transaction (DTYPE, id, amount, balance, checkNo, date, description, externalId, initialBalance, memo, ref, status, type, uuid, account_id, transfer_id) values('InternalTransaction', 346, -15.00, 2807.49, '', '2010-02-22', 'CVS 09205 09205--802 SO 832499', '201002225', false, '02/19CVS 09205', '', 2, 1, 'fa94b77d-0ab2-3f94-bc4b-6b2b83698e32', 229, null);
insert into Split (id, amount, uuid, envelope_id, transaction_id) values(347, -15.00, '45f5e0de-3b41-30c0-824e-5be3f090422e', 286, 346);
insert into Transaction (DTYPE, id, amount, balance, checkNo, date, description, externalId, initialBalance, memo, ref, status, type, uuid, account_id, transfer_id) values('InternalTransaction', 348, -5.00, 0.00, '', '2010-03-13', 'Transfer to Medical', 'null', false, '', '', 2, 1, 'b6e56259-3392-3890-a2bb-19779c9d85df', 228, 2757);
insert into Split (id, amount, uuid, envelope_id, transaction_id) values(349, -5.00, '79b19ae0-be8f-3b3c-8d1b-b11d44075e62', 252, 348);
insert into Transaction (DTYPE, id, amount, balance, checkNo, date, description, externalId, initialBalance, memo, ref, status, type, uuid, account_id, transfer_id) values('InternalTransaction', 350, -308.00, 3975.63, '', '2010-02-16', 'Transfer to Lofts @ Arcadia', 'null', false, '', '', 0, 1, '53daa62a-b4f3-3e39-928f-862b6991fd31', 229, 448);
insert into Split (id, amount, uuid, envelope_id, transaction_id) values(351, -308.00, 'ff36fe7b-74b7-31b4-8172-0e3e80332eae', 292, 350);
insert into Transaction (DTYPE, id, amount, balance, checkNo, date, description, externalId, initialBalance, memo, ref, status, type, uuid, account_id, transfer_id) values('InternalTransaction', 352, -441.52, 4373.63, '', '2010-02-16', 'Transfer to Household', 'null', false, '', '', 0, 1, '9123b2e2-0332-3956-b975-c1a9c1d58603', 229, 2568);
insert into Split (id, amount, uuid, envelope_id, transaction_id) values(353, -441.52, '2279bcc1-4652-3d46-9a22-e7628bc2a9cd', 292, 352);
insert into Transaction (DTYPE, id, amount, balance, checkNo, date, description, externalId, initialBalance, memo, ref, status, type, uuid, account_id, transfer_id) values('InternalTransaction', 354, -25.00, 1486.90, '', '2010-02-04', 'ON-LINE COMMUNICATIO 770', '201002042', false, '02/04ON-LINE C', '', 2, 1, '7df7443d-7810-322d-87fb-9b457845a0ec', 229, null);
insert into Split (id, amount, uuid, envelope_id, transaction_id) values(355, -25.00, '19ca3abb-1295-34e8-86f3-181a6b2784b4', 247, 354);
insert into Transaction (DTYPE, id, amount, balance, checkNo, date, description, externalId, initialBalance, memo, ref, status, type, uuid, account_id, transfer_id) values('InternalTransaction', 356, 1200.00, 4035.07, '', '2009-12-07', 'ATM CASH DEPOSIT', '200912070', false, '', '', 2, 0, '5cd580ca-7226-3d7b-ab90-2de1ea0655f8', 229, null);
insert into Split (id, amount, uuid, envelope_id, transaction_id) values(357, 1200.00, '1bb413fd-d2a3-364b-9082-e6868484b820', 292, 356);
insert into Transaction (DTYPE, id, amount, balance, checkNo, date, description, externalId, initialBalance, memo, ref, status, type, uuid, account_id, transfer_id) values('InternalTransaction', 358, 10.98, 3138.57, '', '2010-02-19', 'Transfer from Available', 'null', false, '', '', 2, 0, 'f58f32b3-c36f-3c8e-845c-df54448748e9', 229, 2086);
insert into Split (id, amount, uuid, envelope_id, transaction_id) values(359, 10.98, 'caf2e05d-bb31-383a-b7ce-29e5c9dc3c7c', 274, 358);
insert into Transaction (DTYPE, id, amount, balance, checkNo, date, description, externalId, initialBalance, memo, ref, status, type, uuid, account_id, transfer_id) values('InternalTransaction', 360, -2.50, 0.00, '', '2010-03-16', 'Transfer to Coffee', 'null', false, '', '', 2, 1, 'c05667e4-3600-33b5-bbc1-216fc06c9f87', 228, 784);
insert into Split (id, amount, uuid, envelope_id, transaction_id) values(361, -2.50, '5a5e1e13-f2a0-3de9-84e8-7e4f99ab1aeb', 252, 360);
insert into Transaction (DTYPE, id, amount, balance, checkNo, date, description, externalId, initialBalance, memo, ref, status, type, uuid, account_id, transfer_id) values('InternalTransaction', 362, -22.76, 2327.59, '', '2010-02-23', 'Transfer to Household', 'null', false, '', '', 2, 1, '97b0b862-90fd-39d7-a22a-9647c70b82b9', 229, 482);
insert into Split (id, amount, uuid, envelope_id, transaction_id) values(363, -22.76, '49030fe2-7ecd-3943-a2db-19897d163539', 292, 362);
insert into Transaction (DTYPE, id, amount, balance, checkNo, date, description, externalId, initialBalance, memo, ref, status, type, uuid, account_id, transfer_id) values('InternalTransaction', 364, -29.15, 4316.79, '', '2010-03-29', 'BEDBATH&BEYOND# BEDB 202321928', '2010032913', false, '03/28BEDBATH&B', '', 1, 1, 'caf06357-b0d9-3f5c-af0a-a34c2fb36e8f', 229, null);
insert into Split (id, amount, uuid, envelope_id, transaction_id) values(365, -29.15, 'd134e126-7f96-320e-8ab5-378ba95c0192', 248, 364);
insert into Transaction (DTYPE, id, amount, balance, checkNo, date, description, externalId, initialBalance, memo, ref, status, type, uuid, account_id, transfer_id) values('InternalTransaction', 366, 10.00, 1145.04, '', '2010-02-16', 'Transfer from Available', 'null', false, '', '', 0, 0, 'c68bf883-b35c-338f-81f1-4ed4d2024696', 229, 2284);
insert into Split (id, amount, uuid, envelope_id, transaction_id) values(367, 10.00, '4df26756-f1d5-3568-b888-3d8e4d799a99', 234, 366);
insert into Transaction (DTYPE, id, amount, balance, checkNo, date, description, externalId, initialBalance, memo, ref, status, type, uuid, account_id, transfer_id) values('InternalTransaction', 368, -154.67, 2739.28, '', '2010-04-16', 'Transfer to VW Credit', 'null', false, '', '', 2, 1, '865e0b4b-786c-3395-b411-3dff6a820159', 229, 2628);
insert into Split (id, amount, uuid, envelope_id, transaction_id) values(369, -154.67, '927dfdb9-8cc9-3799-a2fd-de7bee19d12f', 292, 368);
insert into Transaction (DTYPE, id, amount, balance, checkNo, date, description, externalId, initialBalance, memo, ref, status, type, uuid, account_id, transfer_id) values('InternalTransaction', 370, 152.21, 838.38, '', '2010-03-03', 'ATM CHECK DEPOSIT', '201003030', false, '', '', 1, 0, 'ae08df15-5578-3799-89b2-5dd0346411e3', 229, null);
insert into Split (id, amount, uuid, envelope_id, transaction_id) values(371, 152.21, 'fb4490b2-5a9f-3e0a-9cab-05df5dd917c0', 292, 370);
insert into Transaction (DTYPE, id, amount, balance, checkNo, date, description, externalId, initialBalance, memo, ref, status, type, uuid, account_id, transfer_id) values('InternalTransaction', 372, -32.27, 2404.78, '', '2010-02-28', 'Transfer to Eating Out', 'null', false, '', '', 2, 1, 'fc2c577c-332d-30df-a717-abc36d2b6434', 229, 1194);
insert into Split (id, amount, uuid, envelope_id, transaction_id) values(373, -32.27, '584f49d8-1b40-32a8-a7a1-95abfc14d9f6', 292, 372);
insert into Transaction (DTYPE, id, amount, balance, checkNo, date, description, externalId, initialBalance, memo, ref, status, type, uuid, account_id, transfer_id) values('InternalTransaction', 374, -74.99, 1426.70, '', '2009-12-21', 'QWEST 8004238994 AUTO PAY', '200912211', false, 'PPD ID: ATPPHX6005', '', 2, 1, 'ce692cbd-c8d5-35aa-b843-288f81680cf8', 229, null);
insert into Split (id, amount, uuid, envelope_id, transaction_id) values(375, -74.99, '27d45121-865a-3c8f-a7ab-3ed1d4e5779d', 262, 374);
insert into Transaction (DTYPE, id, amount, balance, checkNo, date, description, externalId, initialBalance, memo, ref, status, type, uuid, account_id, transfer_id) values('InternalTransaction', 376, -142.12, 1135.04, '', '2010-02-16', 'Transfer to New Car', 'null', false, '', '', 0, 1, 'dd938d7b-921b-38b9-aba4-cd78ad58befd', 229, 2054);
insert into Split (id, amount, uuid, envelope_id, transaction_id) values(377, -142.12, 'e03e23d3-7722-32b0-a66f-2d71fe789596', 292, 376);
insert into Transaction (DTYPE, id, amount, balance, checkNo, date, description, externalId, initialBalance, memo, ref, status, type, uuid, account_id, transfer_id) values('InternalTransaction', 378, -26.05, 2580.58, '', '2010-04-19', 'CALIFORNIA PIZZA 172 CHA', '201004195', false, '04/17CALIFORNI', '', 1, 1, '3261adf8-9931-328e-9611-21c3e6f1724c', 229, null);
insert into Split (id, amount, uuid, envelope_id, transaction_id) values(379, -26.05, '2cc48636-d609-3553-8251-98c06485bd8b', 295, 378);
insert into Transaction (DTYPE, id, amount, balance, checkNo, date, description, externalId, initialBalance, memo, ref, status, type, uuid, account_id, transfer_id) values('InternalTransaction', 380, 37.50, 4488.18, '', '2010-03-19', 'Transfer from Available', 'null', false, '', '', 2, 0, '3b783068-5321-376d-8eb9-eb1457f21966', 229, 2919);
insert into Split (id, amount, uuid, envelope_id, transaction_id) values(381, 37.50, '838c5bc9-e2f3-3f76-a9e9-c27cd8412e09', 268, 380);
insert into Transaction (DTYPE, id, amount, balance, checkNo, date, description, externalId, initialBalance, memo, ref, status, type, uuid, account_id, transfer_id) values('InternalTransaction', 382, -6.17, 0.00, '', '2010-03-16', 'Transfer to Available', 'null', false, '', '', 2, 1, 'c106553d-f7c0-374e-8503-7a7c38c45dbe', 228, 2867);
insert into Split (id, amount, uuid, envelope_id, transaction_id) values(383, -6.17, 'a0f314ce-0026-3277-b35b-ec2161e23dec', 277, 382);
insert into Transaction (DTYPE, id, amount, balance, checkNo, date, description, externalId, initialBalance, memo, ref, status, type, uuid, account_id, transfer_id) values('InternalTransaction', 384, -40.79, 4718.35, '', '2010-02-19', 'Transfer to Directv', 'null', false, '', '', 2, 1, '207ffa48-8389-3c43-9044-54dae4994b50', 229, 2380);
insert into Split (id, amount, uuid, envelope_id, transaction_id) values(385, -40.79, '0b9df9ae-b55c-3b20-96da-ae97707bbdec', 292, 384);
insert into Transaction (DTYPE, id, amount, balance, checkNo, date, description, externalId, initialBalance, memo, ref, status, type, uuid, account_id, transfer_id) values('InternalTransaction', 386, -14.50, 0.00, '', '2010-03-27', 'Transfer to Coffee', 'null', false, '', '', 2, 1, '314ff84a-ccf4-3b72-ac8b-56a8231e0a86', 228, 2825);
insert into Split (id, amount, uuid, envelope_id, transaction_id) values(387, -14.50, 'a77663b8-33ae-3270-8eb7-022cf0be390a', 252, 386);
insert into Transaction (DTYPE, id, amount, balance, checkNo, date, description, externalId, initialBalance, memo, ref, status, type, uuid, account_id, transfer_id) values('InternalTransaction', 388, 25.00, 2049.23, '', '2010-04-02', 'Transfer from Available', 'null', false, '', '', 2, 0, 'c4656076-7544-3c65-9f41-8568f2189c69', 229, 1178);
insert into Split (id, amount, uuid, envelope_id, transaction_id) values(389, 25.00, '3c0f74bc-9a26-34d4-82c8-3bdb73069429', 239, 388);
insert into Transaction (DTYPE, id, amount, balance, checkNo, date, description, externalId, initialBalance, memo, ref, status, type, uuid, account_id, transfer_id) values('InternalTransaction', 390, -5.77, 5826.90, '', '2010-03-05', 'Transfer to Auto Registration', 'null', false, '', '', 2, 1, 'c50e2586-d8d7-34df-800a-ad985976d7dd', 229, 1762);
insert into Split (id, amount, uuid, envelope_id, transaction_id) values(391, -5.77, '59930fe9-84ed-3999-b8ea-bc4a50724d3c', 292, 390);
insert into Transaction (DTYPE, id, amount, balance, checkNo, date, description, externalId, initialBalance, memo, ref, status, type, uuid, account_id, transfer_id) values('InternalTransaction', 392, -9.81, 1957.14, '', '2010-01-04', 'QDOBA 428 11404282 P', '201001048', false, '01/02QDOBA 428', '', 2, 1, 'a8a2bb9b-21a5-378a-a36a-e41baa66a2f9', 229, null);
insert into Split (id, amount, uuid, envelope_id, transaction_id) values(393, -9.81, 'df1fa9b2-91c9-3df7-b2f7-4c1e3adc5f6a', 295, 392);
insert into Transaction (DTYPE, id, amount, balance, checkNo, date, description, externalId, initialBalance, memo, ref, status, type, uuid, account_id, transfer_id) values('InternalTransaction', 394, -3.68, 667.58, '', '2010-01-05', 'ARCO PAYPOINT 2942 128231', '201001054', false, '01/04ARCO PAYP', '', 2, 1, '616a842d-78e0-3a44-8db3-18f0fd4d0aa8', 229, null);
insert into Split (id, amount, uuid, envelope_id, transaction_id) values(395, -3.68, '0e282bb8-3894-34f4-9fbb-7f203ea073fe', 252, 394);
insert into Transaction (DTYPE, id, amount, balance, checkNo, date, description, externalId, initialBalance, memo, ref, status, type, uuid, account_id, transfer_id) values('InternalTransaction', 396, -1.04, 0.00, '', '2010-03-16', 'Transfer to Hair Services', 'null', false, '', '', 2, 1, 'a24e64d1-6dfe-39e9-9668-9bf2297add35', 228, 692);
insert into Split (id, amount, uuid, envelope_id, transaction_id) values(397, -1.04, 'be91608e-2548-3280-b761-c6076c36466f', 252, 396);
insert into Transaction (DTYPE, id, amount, balance, checkNo, date, description, externalId, initialBalance, memo, ref, status, type, uuid, account_id, transfer_id) values('InternalTransaction', 398, -21.65, 879.26, '', '2010-03-03', 'PETSMART INC 1120 PHOENI354136', '201003033', false, '03/02PETSMART', '', 1, 1, 'c42e1ccb-f218-3719-b8d0-04aab99a7705', 229, null);
insert into Split (id, amount, uuid, envelope_id, transaction_id) values(399, -21.65, '1ac07e4b-4c8d-3cca-b225-cd9ae260173f', 244, 398);
insert into Transaction (DTYPE, id, amount, balance, checkNo, date, description, externalId, initialBalance, memo, ref, status, type, uuid, account_id, transfer_id) values('InternalTransaction', 402, 111.32, 111.32, '', '2010-03-12', 'Transfer from Available', 'null', false, '', '', 2, 0, 'eb526cec-27d5-3a81-bee9-dbdeea63eddd', 228, 954);
insert into Split (id, amount, uuid, envelope_id, transaction_id) values(403, 111.32, '4bb3ca5d-50dc-32c0-a6b1-41b1f0fe7f97', 252, 402);
insert into Transaction (DTYPE, id, amount, balance, checkNo, date, description, externalId, initialBalance, memo, ref, status, type, uuid, account_id, transfer_id) values('InternalTransaction', 400, -275.00, 4107.60, '271', '2010-03-22', 'SRP', '201003224', false, '', '', 1, 1, '05a8a8f7-aea6-3ea5-953a-8325902218d0', 229, null);
insert into Split (id, amount, uuid, envelope_id, transaction_id) values(401, -275.00, '3299e876-d03e-30e1-94ee-08a5097d5c11', 248, 400);
insert into Transaction (DTYPE, id, amount, balance, checkNo, date, description, externalId, initialBalance, memo, ref, status, type, uuid, account_id, transfer_id) values('InternalTransaction', 404, -80.00, 4027.60, '270', '2010-03-22', 'Annette Trijillo', '201003228', false, '', '', 1, 1, 'c2ee8ea6-f8d0-3297-9af4-74f51c296fc0', 229, null);
insert into Split (id, amount, uuid, envelope_id, transaction_id) values(405, -80.00, 'ca786aaf-4ad5-3adf-b6fd-84f05f0ac67a', 261, 404);
insert into Transaction (DTYPE, id, amount, balance, checkNo, date, description, externalId, initialBalance, memo, ref, status, type, uuid, account_id, transfer_id) values('InternalTransaction', 406, -242.28, 2404.78, '', '2010-02-28', 'Transfer to Unassigned', 'null', false, '', '', 2, 1, '2e8a02c6-a235-358f-80d3-d44d7ed29aa8', 229, 1256);
insert into Split (id, amount, uuid, envelope_id, transaction_id) values(407, -242.28, '71291d2d-4407-39e6-8e47-0334c6e801d7', 292, 406);
insert into Transaction (DTYPE, id, amount, balance, checkNo, date, description, externalId, initialBalance, memo, ref, status, type, uuid, account_id, transfer_id) values('InternalTransaction', 408, -601.56, 1954.12, '', '2010-04-05', 'HSBC CARD SRVCS Online Pmt 0000', '201004057', false, '00551258007 WEB ID: 2000000510', '', 1, 1, '8bc7cc08-60be-39d5-8452-785769f02f20', 229, null);
insert into Split (id, amount, uuid, envelope_id, transaction_id) values(409, -601.56, 'fc7d6bbf-94e5-3ea3-a822-ac2e26e68876', 242, 408);
insert into Transaction (DTYPE, id, amount, balance, checkNo, date, description, externalId, initialBalance, memo, ref, status, type, uuid, account_id, transfer_id) values('InternalTransaction', 410, 981.06, 981.06, '', '2010-03-05', 'Transfer from Available', 'null', false, '', '', 2, 0, '8a48aaa9-b4b7-3aab-8915-a61293c8d35b', 228, 2462);
insert into Split (id, amount, uuid, envelope_id, transaction_id) values(411, 981.06, '76f40e2b-6a74-3899-a28e-027904ec968d', 242, 410);
insert into Transaction (DTYPE, id, amount, balance, checkNo, date, description, externalId, initialBalance, memo, ref, status, type, uuid, account_id, transfer_id) values('InternalTransaction', 412, -20.00, 2279.59, '', '2009-12-31', 'ATM WITHDRAWAL 004827', '200912310', false, '12/317801 N 19', '', 2, 1, '8b67ca16-382f-3503-a176-7046c6788842', 229, null);
insert into Split (id, amount, uuid, envelope_id, transaction_id) values(413, -20.00, '8b43b707-875a-373b-9f09-7c410b538980', 276, 412);
insert into Transaction (DTYPE, id, amount, balance, checkNo, date, description, externalId, initialBalance, memo, ref, status, type, uuid, account_id, transfer_id) values('InternalTransaction', 414, -38.17, 3292.48, '', '2009-11-23', 'CHEVRON 00210124 PHOENIX', '200911235', false, '11/19CHEVRON 0', '', 2, 1, '27483ee8-c15f-37b5-916c-a2f1f2952476', 229, null);
insert into Split (id, amount, uuid, envelope_id, transaction_id) values(415, -38.17, '079128a9-dc2e-384e-810e-d8c3f710843f', 253, 414);
insert into Transaction (DTYPE, id, amount, balance, checkNo, date, description, externalId, initialBalance, memo, ref, status, type, uuid, account_id, transfer_id) values('InternalTransaction', 418, 15.82, 15.82, '', '2010-03-09', 'Transfer from Spending', 'null', false, '', '', 2, 0, '5f893664-a2b5-3946-8f4b-5cb011c25192', 228, 2979);
insert into Split (id, amount, uuid, envelope_id, transaction_id) values(419, 15.82, '1d587bdf-9b1b-351c-b963-2bbabb03eec0', 265, 418);
insert into Transaction (DTYPE, id, amount, balance, checkNo, date, description, externalId, initialBalance, memo, ref, status, type, uuid, account_id, transfer_id) values('InternalTransaction', 416, -16.76, 4322.72, '', '2009-12-14', 'FRYS FOOD & DRUG 1815 G 464587', '2009121418', false, '12/12FRYS FOOD', '', 2, 1, 'db3cd748-cbd2-3e48-85ae-9d13f42fa529', 229, null);
insert into Split (id, amount, uuid, envelope_id, transaction_id) values(417, -16.76, 'f5e22562-0602-3336-99c7-cf11543f35b4', 238, 416);
insert into Transaction (DTYPE, id, amount, balance, checkNo, date, description, externalId, initialBalance, memo, ref, status, type, uuid, account_id, transfer_id) values('InternalTransaction', 420, -13.99, 5255.96, '', '2010-02-19', 'Transfer to Arrowhead Water', 'null', false, '', '', 2, 1, '3cf16e87-99a6-3bc7-a3d7-c1ec2adeb01f', 229, 766);
insert into Split (id, amount, uuid, envelope_id, transaction_id) values(421, -13.99, 'dca909c2-c7a5-3dd2-a136-de1c011b32f8', 292, 420);
insert into Transaction (DTYPE, id, amount, balance, checkNo, date, description, externalId, initialBalance, memo, ref, status, type, uuid, account_id, transfer_id) values('InternalTransaction', 422, -5.61, 0.00, '', '2010-03-16', 'Transfer to Fast Food', 'null', false, '', '', 2, 1, 'c3137f1c-7822-3cee-93af-dbd450f850f0', 228, 324);
insert into Split (id, amount, uuid, envelope_id, transaction_id) values(423, -5.61, '2fdf871f-f8bf-36b5-893a-a67b9598a348', 252, 422);
insert into Transaction (DTYPE, id, amount, balance, checkNo, date, description, externalId, initialBalance, memo, ref, status, type, uuid, account_id, transfer_id) values('InternalTransaction', 424, -247.41, 6169.66, '', '2010-02-16', 'Transfer to Medical', 'null', false, '', '', 0, 1, '5dfaffb4-bbc2-3602-8f98-1381d9165eb8', 229, 2160);
insert into Split (id, amount, uuid, envelope_id, transaction_id) values(425, -247.41, 'bbb463c7-3273-3161-bef2-f65a8e71050c', 292, 424);
insert into Transaction (DTYPE, id, amount, balance, checkNo, date, description, externalId, initialBalance, memo, ref, status, type, uuid, account_id, transfer_id) values('InternalTransaction', 426, -2.11, 2606.63, '', '2010-04-19', 'STARBUCKS USA 00119842 C', '201004194', false, '04/17STARBUCKS', '', 1, 1, 'e0e66a45-a0a3-3259-8a60-9c2b18f57bfe', 229, null);
insert into Split (id, amount, uuid, envelope_id, transaction_id) values(427, -2.11, 'ed03c987-c3ac-314a-a1d8-05ec7587d37b', 252, 426);
insert into Transaction (DTYPE, id, amount, balance, checkNo, date, description, externalId, initialBalance, memo, ref, status, type, uuid, account_id, transfer_id) values('InternalTransaction', 428, 2000.00, 6450.68, '', '2010-03-20', 'Unicon', '201003260', false, '', '', 1, 0, '63eb20a8-c53d-364d-8446-3019c5582769', 229, null);
insert into Split (id, amount, uuid, envelope_id, transaction_id) values(429, 2000.00, 'c7a150a2-62b5-33f6-ae71-e6a26c677297', 292, 428);
insert into Transaction (DTYPE, id, amount, balance, checkNo, date, description, externalId, initialBalance, memo, ref, status, type, uuid, account_id, transfer_id) values('InternalTransaction', 430, -268.53, 2905.98, '', '2009-12-14', 'APPLE STORE #R031 PHOENI', '200912144', false, '12/12APPLE STO', '', 2, 1, 'ac653db4-d520-3f70-80f9-fa5a04c1123a', 229, null);
insert into Split (id, amount, uuid, envelope_id, transaction_id) values(431, -268.53, '73fa6277-cd9d-38df-a4b6-9d30c22761c7', 249, 430);
insert into Transaction (DTYPE, id, amount, balance, checkNo, date, description, externalId, initialBalance, memo, ref, status, type, uuid, account_id, transfer_id) values('InternalTransaction', 432, -59.92, 2774.05, '', '2009-12-28', 'SPROUTS FARMERS MKT #7 P058032', '200912284', false, '12/26SPROUTS F', '', 2, 1, '37d27e53-7f10-3c01-809f-636554d60e56', 229, null);
insert into Split (id, amount, uuid, envelope_id, transaction_id) values(433, -59.92, 'b125cdc4-458f-3c84-af89-40827bda797f', 238, 432);
insert into Transaction (DTYPE, id, amount, balance, checkNo, date, description, externalId, initialBalance, memo, ref, status, type, uuid, account_id, transfer_id) values('InternalTransaction', 434, -80.00, 2342.59, '266', '2010-02-23', 'Annette Trijillo', '201002231', false, '', '', 1, 1, '33d37297-bc05-3c0b-8084-e6ad0c01b5ee', 229, null);
insert into Split (id, amount, uuid, envelope_id, transaction_id) values(435, -80.00, 'ccf5787f-c64b-3a23-8421-8becbbc9de16', 261, 434);
insert into Transaction (DTYPE, id, amount, balance, checkNo, date, description, externalId, initialBalance, memo, ref, status, type, uuid, account_id, transfer_id) values('InternalTransaction', 436, 4.84, 4.84, '', '2010-03-20', 'Transfer from Available', 'null', false, '', '', 2, 0, '7a0c5138-5a16-375f-8846-70cf22c31685', 228, 2118);
insert into Split (id, amount, uuid, envelope_id, transaction_id) values(437, 4.84, '952b334f-6767-3957-ac24-f6993f1a20dd', 246, 436);
insert into Transaction (DTYPE, id, amount, balance, checkNo, date, description, externalId, initialBalance, memo, ref, status, type, uuid, account_id, transfer_id) values('InternalTransaction', 442, -7.87, 2609.85, '', '2010-04-19', 'HAP''S BBQ QPS P', '201004192', false, '04/16HAP''S BBQ', '', 1, 1, 'c9840d85-74f9-320a-a3e1-c3277cf25128', 229, null);
insert into Split (id, amount, uuid, envelope_id, transaction_id) values(443, -7.87, 'e50dea18-eef7-3316-9856-c9b45cfd2aa3', 295, 442);
insert into Transaction (DTYPE, id, amount, balance, checkNo, date, description, externalId, initialBalance, memo, ref, status, type, uuid, account_id, transfer_id) values('InternalTransaction', 440, 154.66, 2203.89, '', '2010-04-02', 'Transfer from Available', 'null', false, '', '', 2, 0, 'ddfd5ada-9a1a-31ae-9787-50e74aad3864', 229, 1970);
insert into Split (id, amount, uuid, envelope_id, transaction_id) values(441, 154.66, '3b48898a-692f-34a8-a6e1-da63228c79c4', 267, 440);
insert into Transaction (DTYPE, id, amount, balance, checkNo, date, description, externalId, initialBalance, memo, ref, status, type, uuid, account_id, transfer_id) values('InternalTransaction', 438, -17.50, 1248.18, '', '2010-02-15', 'DEER VALLEY 30', '201002171', false, '', '', 2, 1, '67d64c0b-a94f-3c90-b1b5-3017c5ca0863', 229, null);
insert into Split (id, amount, uuid, envelope_id, transaction_id) values(439, -17.50, 'b9938b71-ab9f-3ae3-a15f-818fb360bab2', 284, 438);
insert into Transaction (DTYPE, id, amount, balance, checkNo, date, description, externalId, initialBalance, memo, ref, status, type, uuid, account_id, transfer_id) values('InternalTransaction', 444, -20.00, 0.00, '', '2010-03-13', 'Transfer to Rental', 'null', false, '', '', 2, 1, '22d3714f-081c-3af6-8152-68db2ac2082f', 228, 2084);
insert into Split (id, amount, uuid, envelope_id, transaction_id) values(445, -20.00, '66856ae5-a084-3146-8140-59f4e49ae1ea', 252, 444);
insert into Transaction (DTYPE, id, amount, balance, checkNo, date, description, externalId, initialBalance, memo, ref, status, type, uuid, account_id, transfer_id) values('InternalTransaction', 446, 1.25, 1214.85, '', '2010-02-16', 'Transfer from Available', 'null', false, '', '', 0, 0, '487c1842-4ab8-3645-adf6-2d67a63d83b4', 229, 2124);
insert into Split (id, amount, uuid, envelope_id, transaction_id) values(447, 1.25, '65f9b273-fdfe-3a9b-8d92-26e41a7a185e', 270, 446);
insert into Transaction (DTYPE, id, amount, balance, checkNo, date, description, externalId, initialBalance, memo, ref, status, type, uuid, account_id, transfer_id) values('InternalTransaction', 448, 308.00, 1522.85, '', '2010-02-16', 'Transfer from Available', 'null', false, '', '', 0, 0, '58ec0b4e-82a6-39d9-b9c2-63b7479fe0cd', 229, 350);
insert into Split (id, amount, uuid, envelope_id, transaction_id) values(449, 308.00, '69d2fecb-1222-3d69-9c60-b7226b1d8588', 258, 448);
insert into Transaction (DTYPE, id, amount, balance, checkNo, date, description, externalId, initialBalance, memo, ref, status, type, uuid, account_id, transfer_id) values('InternalTransaction', 450, -20.41, 1265.68, '', '2010-02-15', 'QMG GLENDALE', '201002164', false, '', '', 2, 1, '0461b615-3de8-329c-96c4-a3a3916be869', 229, null);
insert into Split (id, amount, uuid, envelope_id, transaction_id) values(451, -20.41, '5e75a2ce-c51b-3d09-8d06-0d456d29756a', 252, 450);
insert into Transaction (DTYPE, id, amount, balance, checkNo, date, description, externalId, initialBalance, memo, ref, status, type, uuid, account_id, transfer_id) values('InternalTransaction', 452, -23.57, null, '', '2010-04-16', 'THAI ELEPHANT BISTRO TEM', '201004161', false, '04/15THAI ELEP', '', 1, 1, '69ca8a61-73aa-3a37-9f3b-0f4c0d2bd401', 229, null);
insert into Split (id, amount, uuid, envelope_id, transaction_id) values(453, -23.57, 'b00b35e0-19a0-39fa-b74f-35dd941fbf78', 295, 452);
insert into Transaction (DTYPE, id, amount, balance, checkNo, date, description, externalId, initialBalance, memo, ref, status, type, uuid, account_id, transfer_id) values('InternalTransaction', 456, -2.04, 4345.94, '', '2010-03-29', 'DUNKIN #347629 Q35 T', '2010032912', false, '03/27DUNKIN #3', '', 1, 1, 'e7013370-0349-36c8-a902-c869386934df', 229, null);
insert into Split (id, amount, uuid, envelope_id, transaction_id) values(457, -2.04, '29a970f2-4051-398b-a299-dadc0a7f0bef', 270, 456);
insert into Transaction (DTYPE, id, amount, balance, checkNo, date, description, externalId, initialBalance, memo, ref, status, type, uuid, account_id, transfer_id) values('InternalTransaction', 454, 2472.97, 2472.97, '', '2010-04-16', 'Transfer from Unassigned', 'null', false, '', '', 2, 0, 'e837d382-74e1-3e3d-8bc0-cbb12b483e9d', 228, 2805);
insert into Split (id, amount, uuid, envelope_id, transaction_id) values(455, 2472.97, '9dc762e7-9122-3ba8-b821-cfa098250de1', 292, 454);
insert into Transaction (DTYPE, id, amount, balance, checkNo, date, description, externalId, initialBalance, memo, ref, status, type, uuid, account_id, transfer_id) values('InternalTransaction', 458, -13.61, 3398.23, '', '2010-02-08', 'BOSTON MARKET #272 PHOEN', '2010020810', false, '02/05BOSTON MA', '', 2, 1, 'd74cca7a-7eae-329f-aa3d-9a3dc846d96d', 229, null);
insert into Split (id, amount, uuid, envelope_id, transaction_id) values(459, -13.61, '7dfe8cd8-37d3-374b-8e0c-f27f7db6a5f4', 295, 458);
insert into Transaction (DTYPE, id, amount, balance, checkNo, date, description, externalId, initialBalance, memo, ref, status, type, uuid, account_id, transfer_id) values('InternalTransaction', 466, 40.00, 2243.89, '', '2010-04-02', 'Transfer from Available', 'null', false, '', '', 2, 0, '759b234c-94b8-3712-9f9b-5121cb18553c', 229, 2228);
insert into Split (id, amount, uuid, envelope_id, transaction_id) values(467, 40.00, '9d74ed23-cabc-33fc-8ab3-bb016a60c7bf', 253, 466);
insert into Transaction (DTYPE, id, amount, balance, checkNo, date, description, externalId, initialBalance, memo, ref, status, type, uuid, account_id, transfer_id) values('InternalTransaction', 464, -158.09, 1068.41, '', '2009-12-24', 'EMPIRE PLUMBING PHOENIX', '200912240', false, '12/23EMPIRE PL', '', 2, 1, '8baaa1ad-b241-3cdc-b188-dae9da5bebed', 229, null);
insert into Split (id, amount, uuid, envelope_id, transaction_id) values(465, -158.09, 'dfa53f62-0f64-36dd-a130-2848fbd08444', 239, 464);
insert into Transaction (DTYPE, id, amount, balance, checkNo, date, description, externalId, initialBalance, memo, ref, status, type, uuid, account_id, transfer_id) values('InternalTransaction', 462, 35.97, 1171.01, '', '2010-02-16', 'Transfer from Available', 'null', false, '', '', 0, 0, '87698d32-d698-324d-9240-0a9e0d1a6b42', 229, 472);
insert into Split (id, amount, uuid, envelope_id, transaction_id) values(463, 35.97, 'f7f9986e-91df-35f6-8ecf-476d9a99872d', 263, 462);
insert into Transaction (DTYPE, id, amount, balance, checkNo, date, description, externalId, initialBalance, memo, ref, status, type, uuid, account_id, transfer_id) values('InternalTransaction', 460, 14.99, 14.99, '', '2010-04-13', 'Transfer from Spending', 'null', false, '', '', 2, 0, '8541ac69-896a-302d-9bd6-f67773573974', 228, 1692);
insert into Split (id, amount, uuid, envelope_id, transaction_id) values(461, 14.99, '19ba6b15-2d51-39d0-b4f9-bb21ecd01892', 292, 460);
insert into Transaction (DTYPE, id, amount, balance, checkNo, date, description, externalId, initialBalance, memo, ref, status, type, uuid, account_id, transfer_id) values('InternalTransaction', 470, 21.51, 21.51, '', '2010-03-03', 'Transfer from Unassigned', 'null', false, '', '', 2, 0, 'cfcfea2e-e211-3a38-908b-f487eb1e78e4', 228, 1964);
insert into Split (id, amount, uuid, envelope_id, transaction_id) values(471, 21.51, '5f7891fc-bfa3-3248-837e-0e3cace28304', 292, 470);
insert into Transaction (DTYPE, id, amount, balance, checkNo, date, description, externalId, initialBalance, memo, ref, status, type, uuid, account_id, transfer_id) values('InternalTransaction', 468, 3163.64, 4328.53, '', '2010-02-16', 'Transfer from Available', 'null', false, '', '', 0, 0, '73b85c71-cd56-3d03-a570-929d1aef7383', 229, 2532);
insert into Split (id, amount, uuid, envelope_id, transaction_id) values(469, 3163.64, '095af41b-8085-38c6-b1a6-9f0a7a350c40', 231, 468);
insert into Transaction (DTYPE, id, amount, balance, checkNo, date, description, externalId, initialBalance, memo, ref, status, type, uuid, account_id, transfer_id) values('InternalTransaction', 472, -35.97, 1135.04, '', '2010-02-16', 'Transfer to Me.com', 'null', false, '', '', 0, 1, '2eff2fd3-56b6-3c82-9ca8-8a1b31cf8458', 229, 462);
insert into Split (id, amount, uuid, envelope_id, transaction_id) values(473, -35.97, '6aa48c5d-dc39-3866-800a-428e4b97af72', 292, 472);
insert into Transaction (DTYPE, id, amount, balance, checkNo, date, description, externalId, initialBalance, memo, ref, status, type, uuid, account_id, transfer_id) values('InternalTransaction', 474, -3.04, 1425.41, '', '2010-02-11', 'QT 400 TEMPE AZ 069918', '201002114', false, '02/10QT 400 TE', '', 2, 1, '66b66886-cd05-312a-996f-141869d47960', 229, null);
insert into Split (id, amount, uuid, envelope_id, transaction_id) values(475, -3.04, '8cbd8de3-718b-30c7-91ad-2db1890d484a', 252, 474);
insert into Transaction (DTYPE, id, amount, balance, checkNo, date, description, externalId, initialBalance, memo, ref, status, type, uuid, account_id, transfer_id) values('InternalTransaction', 478, -3.73, 989.12, '', '2009-11-09', 'SPROUTS FARMERS MKT # 0 862544', '200911099', false, '11/07SPROUTS F', '', 2, 1, '55d604bf-7cdb-3926-a8da-7adfc06971a7', 229, null);
insert into Split (id, amount, uuid, envelope_id, transaction_id) values(479, -3.73, '1e91612e-e011-3460-b977-93c098a63e4b', 238, 478);
insert into Transaction (DTYPE, id, amount, balance, checkNo, date, description, externalId, initialBalance, memo, ref, status, type, uuid, account_id, transfer_id) values('InternalTransaction', 476, -180.25, 5968.44, '', '2010-02-16', 'Transfer to Movie Theatre', 'null', false, '', '', 0, 1, '42bc531d-fcec-378b-85cd-3fcf19919a7d', 229, 2112);
insert into Split (id, amount, uuid, envelope_id, transaction_id) values(477, -180.25, '88d677e3-36ed-3832-88f5-a4011058b0e4', 292, 476);
insert into Transaction (DTYPE, id, amount, balance, checkNo, date, description, externalId, initialBalance, memo, ref, status, type, uuid, account_id, transfer_id) values('InternalTransaction', 482, 22.76, 2350.35, '', '2010-02-23', 'Transfer from Available', 'null', false, '', '', 2, 0, '17f0a19d-ed97-3f34-a206-058cb808ade1', 229, 362);
insert into Split (id, amount, uuid, envelope_id, transaction_id) values(483, 22.76, '4229faed-a5c8-3beb-a94a-8786ae306283', 239, 482);
insert into Transaction (DTYPE, id, amount, balance, checkNo, date, description, externalId, initialBalance, memo, ref, status, type, uuid, account_id, transfer_id) values('InternalTransaction', 480, -10.57, 3239.24, '', '2009-11-23', 'QDOBA 428 11404282 P', '200911239', false, '11/21QDOBA 428', '', 2, 1, 'f2c3f433-f7f2-30d1-b74a-51b38baf8a3a', 229, null);
insert into Split (id, amount, uuid, envelope_id, transaction_id) values(481, -10.57, '092592ed-f618-3635-b7f1-33ca738ccb18', 295, 480);
insert into Transaction (DTYPE, id, amount, balance, checkNo, date, description, externalId, initialBalance, memo, ref, status, type, uuid, account_id, transfer_id) values('InternalTransaction', 484, 25.00, 2888.27, '', '2010-04-16', 'Transfer from Available', 'null', false, '', '', 2, 0, 'a40bea26-6215-37dd-9a73-3260f3574ade', 229, 2334);
insert into Split (id, amount, uuid, envelope_id, transaction_id) values(485, 25.00, '6b365de0-038e-3255-9c31-5d6623665994', 286, 484);
insert into Transaction (DTYPE, id, amount, balance, checkNo, date, description, externalId, initialBalance, memo, ref, status, type, uuid, account_id, transfer_id) values('InternalTransaction', 486, -7.30, 1813.82, '', '2010-03-11', 'Transfer to Fast Food', 'null', false, '', '', 2, 1, 'a4119044-86e7-3bed-8587-c2541011f3f3', 229, 1914);
insert into Split (id, amount, uuid, envelope_id, transaction_id) values(487, -7.30, '2f723665-d967-35c7-80bb-fa743f9b1e26', 292, 486);
insert into Transaction (DTYPE, id, amount, balance, checkNo, date, description, externalId, initialBalance, memo, ref, status, type, uuid, account_id, transfer_id) values('InternalTransaction', 488, -260.00, 2310.88, '', '2010-01-11', 'ATM WITHDRAWAL 001807', '201001112', false, '01/093150 E IN', '', 2, 1, 'e10c928a-1f63-3799-919a-870680f69c34', 229, null);
insert into Split (id, amount, uuid, envelope_id, transaction_id) values(489, -260.00, '5b2752dc-5c28-39b4-9f40-ceac28f0111f', 276, 488);
insert into Transaction (DTYPE, id, amount, balance, checkNo, date, description, externalId, initialBalance, memo, ref, status, type, uuid, account_id, transfer_id) values('InternalTransaction', 490, -75.30, 1906.98, '', '2009-11-06', 'WAL-MART #2113 CHRISTOWN872646', '200911060', false, '11/05WAL-MART', '', 2, 1, 'b0a68e34-1622-3cf8-8748-4be089f4d012', 229, null);
insert into Split (id, amount, uuid, envelope_id, transaction_id) values(491, -75.30, 'f8e929e8-b252-35fa-9dcb-9adadf08ac50', 239, 490);
insert into Transaction (DTYPE, id, amount, balance, checkNo, date, description, externalId, initialBalance, memo, ref, status, type, uuid, account_id, transfer_id) values('InternalTransaction', 492, -56.51, 650.05, '', '2010-04-16', 'Transfer to Household', 'null', false, '', '', 2, 1, '2c09931f-a026-360c-a6bc-b88a6182cb19', 229, 1900);
insert into Split (id, amount, uuid, envelope_id, transaction_id) values(493, -56.51, 'c3d20790-baf1-372a-bbe2-cb682120849b', 292, 492);
insert into Transaction (DTYPE, id, amount, balance, checkNo, date, description, externalId, initialBalance, memo, ref, status, type, uuid, account_id, transfer_id) values('InternalTransaction', 494, -2.70, 1123.35, '', '2009-11-09', 'EINSTEIN BROS #2021 PHOE', '2009110910', false, '11/07EINSTEIN', '', 2, 1, 'ec4600e2-b56f-3e98-a792-0d6ab6cd8d0a', 229, null);
insert into Split (id, amount, uuid, envelope_id, transaction_id) values(495, -2.70, 'd2681703-cc83-3fd8-bf56-3547dc87d526', 295, 494);
insert into Transaction (DTYPE, id, amount, balance, checkNo, date, description, externalId, initialBalance, memo, ref, status, type, uuid, account_id, transfer_id) values('InternalTransaction', 496, 240.57, 4161.84, '', '2010-03-05', 'Transfer from Available', 'null', false, '', '', 2, 0, 'a73b0284-9940-3325-b49d-ecaa2681b346', 229, 2162);
insert into Split (id, amount, uuid, envelope_id, transaction_id) values(497, 240.57, '01025447-5786-3e64-a855-6fc7d4e8b68d', 242, 496);
insert into Transaction (DTYPE, id, amount, balance, checkNo, date, description, externalId, initialBalance, memo, ref, status, type, uuid, account_id, transfer_id) values('InternalTransaction', 498, -34.92, 3611.83, '', '2010-02-05', 'QT 440 PHOENIX AZ 148215', '201002051', false, '02/04QT 440 PH', '', 2, 1, '584a5fe3-7da7-345b-a699-87ef3d491df8', 229, null);
insert into Split (id, amount, uuid, envelope_id, transaction_id) values(499, -34.92, '4876e18e-bbdc-3c01-83d7-bb7c7029c640', 252, 498);
insert into Transaction (DTYPE, id, amount, balance, checkNo, date, description, externalId, initialBalance, memo, ref, status, type, uuid, account_id, transfer_id) values('InternalTransaction', 500, -56.23, 2152.73, '', '2010-02-01', 'SPROUTS FARMERS MKT #7 P074710', '201002011', false, '01/31SPROUTS F', '', 2, 1, '5cad3bab-fb5f-3808-aebc-6c69a8f018be', 229, null);
insert into Split (id, amount, uuid, envelope_id, transaction_id) values(501, -56.23, 'b481ceb1-3415-35d9-9a9a-57841c30cfdd', 238, 500);
insert into Transaction (DTYPE, id, amount, balance, checkNo, date, description, externalId, initialBalance, memo, ref, status, type, uuid, account_id, transfer_id) values('InternalTransaction', 502, -10.41, 2600.26, '', '2010-01-11', 'PAPA JOHN''S #1507 TEMPE', '2010011112', false, '01/08PAPA JOHN', '', 2, 1, 'a6e42512-e202-3019-b17d-25bf175857d5', 229, null);
insert into Split (id, amount, uuid, envelope_id, transaction_id) values(503, -10.41, 'd90dbc0e-966e-3cb2-87ca-890a604ac546', 246, 502);
insert into Transaction (DTYPE, id, amount, balance, checkNo, date, description, externalId, initialBalance, memo, ref, status, type, uuid, account_id, transfer_id) values('InternalTransaction', 504, 19.40, 3146.99, '', '2010-02-20', 'Transfer from Available', 'null', false, '', '', 2, 0, '6fc565f7-5117-3a48-acd5-47b14845218d', 229, 2829);
insert into Split (id, amount, uuid, envelope_id, transaction_id) values(505, 19.40, '0498ae0f-cab7-312c-a9d3-e5344dae3bf8', 239, 504);
insert into Transaction (DTYPE, id, amount, balance, checkNo, date, description, externalId, initialBalance, memo, ref, status, type, uuid, account_id, transfer_id) values('InternalTransaction', 506, -11.64, 2415.94, '', '2009-12-29', 'SPROUTS FARMERS MKT #7 P469290', '200912294', false, '12/28SPROUTS F', '', 2, 1, '9aa60952-5ce2-3e86-a2e9-244324423927', 229, null);
insert into Split (id, amount, uuid, envelope_id, transaction_id) values(507, -11.64, 'af53082a-0f3c-3940-90d3-9738b9979347', 238, 506);
insert into Transaction (DTYPE, id, amount, balance, checkNo, date, description, externalId, initialBalance, memo, ref, status, type, uuid, account_id, transfer_id) values('InternalTransaction', 508, -34.99, 2818.64, '', '2010-02-08', '24HR FITNESS DUES 800-43', '201002087', false, '02/0524HR FITN', '', 2, 1, '1773fd90-c44f-33db-b412-f6feb2352589', 229, null);
insert into Split (id, amount, uuid, envelope_id, transaction_id) values(509, -34.99, '0893bc79-da21-3714-8b48-c47a24f6ae6d', 271, 508);
insert into Transaction (DTYPE, id, amount, balance, checkNo, date, description, externalId, initialBalance, memo, ref, status, type, uuid, account_id, transfer_id) values('InternalTransaction', 510, 462.58, 6283.23, '', '2010-02-16', 'Transfer from Available', 'null', false, '', '', 0, 0, 'dc57837f-393a-36b7-8766-c57ac4694c95', 229, 1694);
insert into Split (id, amount, uuid, envelope_id, transaction_id) values(511, 462.58, 'aa725c94-8423-311b-925e-39d10e67b032', 236, 510);
insert into Transaction (DTYPE, id, amount, balance, checkNo, date, description, externalId, initialBalance, memo, ref, status, type, uuid, account_id, transfer_id) values('InternalTransaction', 512, 15.95, 2259.84, '', '2010-04-02', 'Transfer from Available', 'null', false, '', '', 2, 0, '22286522-f836-3576-80ed-41072715bd33', 229, 542);
insert into Split (id, amount, uuid, envelope_id, transaction_id) values(513, 15.95, '28fc189d-3806-3bab-9119-f33e32ecd3af', 233, 512);
insert into Transaction (DTYPE, id, amount, balance, checkNo, date, description, externalId, initialBalance, memo, ref, status, type, uuid, account_id, transfer_id) values('InternalTransaction', 514, -80.00, 1583.02, '275', '2010-04-19', 'Annette Trijillo', '201004199', false, '', '', 1, 1, '93f290ed-bcec-371b-ade7-57fdf9158c1e', 229, null);
insert into Split (id, amount, uuid, envelope_id, transaction_id) values(515, -80.00, '65192ecf-ccb8-317f-b851-16bd86e2d2a6', 261, 514);
insert into Transaction (DTYPE, id, amount, balance, checkNo, date, description, externalId, initialBalance, memo, ref, status, type, uuid, account_id, transfer_id) values('InternalTransaction', 516, -96.28, 4292.69, '', '2009-11-30', 'PETSMART INC 1120 PHOENI', '200911302', false, '11/27PETSMART Purcha', '', 2, 1, '70ce501c-483c-382f-8fe9-71cf50b8ae76', 229, null);
insert into Split (id, amount, uuid, envelope_id, transaction_id) values(517, -96.28, '5ec0d2fb-5faa-305e-8c5b-96c04769ed1a', 244, 516);
insert into Transaction (DTYPE, id, amount, balance, checkNo, date, description, externalId, initialBalance, memo, ref, status, type, uuid, account_id, transfer_id) values('InternalTransaction', 518, -960.74, 4976.55, '', '2010-03-20', 'STAGE 1 FURNITURE', '201003222', false, '', '', 1, 1, '5595dbdc-718c-3540-bd6a-82f28b97422e', 229, null);
insert into Split (id, amount, uuid, envelope_id, transaction_id) values(519, -960.74, 'a4638532-08ba-362d-a20a-18bfb8d738de', 248, 518);
insert into Transaction (DTYPE, id, amount, balance, checkNo, date, description, externalId, initialBalance, memo, ref, status, type, uuid, account_id, transfer_id) values('InternalTransaction', 520, -160.00, 0.00, '', '2010-03-05', 'Transfer to Rental', 'null', false, '', '', 2, 1, 'a3fd029e-f96f-3237-bdfb-b4b9afa78972', 228, 1710);
insert into Split (id, amount, uuid, envelope_id, transaction_id) values(521, -160.00, 'fa088a94-bc4a-33c4-95a1-18cdf13903d7', 239, 520);
insert into Transaction (DTYPE, id, amount, balance, checkNo, date, description, externalId, initialBalance, memo, ref, status, type, uuid, account_id, transfer_id) values('InternalTransaction', 522, -76.90, 2447.87, '268', '2010-02-26', 'Dr Bowley', '201002262', false, '', '', 1, 1, '839fb6a4-1d61-3356-8539-a22a820802bd', 229, null);
insert into Split (id, amount, uuid, envelope_id, transaction_id) values(523, -76.90, '69485148-d7dd-370d-bc57-ddba56bad1f5', 286, 522);
insert into Transaction (DTYPE, id, amount, balance, checkNo, date, description, externalId, initialBalance, memo, ref, status, type, uuid, account_id, transfer_id) values('InternalTransaction', 524, -4.13, 5228.20, '', '2010-03-19', 'Transfer to Me.com', 'null', false, '', '', 2, 1, 'b158e4f1-fd1d-314e-9c72-88b58afb7fa9', 229, 2056);
insert into Split (id, amount, uuid, envelope_id, transaction_id) values(525, -4.13, 'fdde2564-5b29-30f1-89a6-c11ed78db028', 292, 524);
insert into Transaction (DTYPE, id, amount, balance, checkNo, date, description, externalId, initialBalance, memo, ref, status, type, uuid, account_id, transfer_id) values('InternalTransaction', 526, -21.95, 17063.05, '', '2010-02-16', 'Transfer to Car Wash', 'null', false, '', '', 0, 1, 'da388fca-96da-37e8-8e7d-c1a2242b8bed', 229, 2905);
insert into Split (id, amount, uuid, envelope_id, transaction_id) values(527, -21.95, 'c3684410-fe50-382c-84c9-87f4d5e287bb', 292, 526);
insert into Transaction (DTYPE, id, amount, balance, checkNo, date, description, externalId, initialBalance, memo, ref, status, type, uuid, account_id, transfer_id) values('InternalTransaction', 528, 0.22, 0.22, '', '2010-04-02', 'Transfer from Available', 'null', false, '', '', 2, 0, 'dd72dbb1-79e3-3c48-a25f-a9b39404db22', 228, 1420);
insert into Split (id, amount, uuid, envelope_id, transaction_id) values(529, 0.22, '712f0cad-43cb-3c7d-aa59-e1a9f2683cc6', 238, 528);
insert into Transaction (DTYPE, id, amount, balance, checkNo, date, description, externalId, initialBalance, memo, ref, status, type, uuid, account_id, transfer_id) values('InternalTransaction', 530, -43.83, 1606.71, '', '2010-03-15', 'WALGREEN COMPANY SEC OF 722642', '201003151', false, '03/13WALGREEN', '', 1, 1, '6bee7162-2e5f-384a-9a5f-2611e099ab8a', 229, null);
insert into Split (id, amount, uuid, envelope_id, transaction_id) values(531, -43.83, '59e48647-65d8-3c13-95d6-7cc194395f4b', 277, 530);
insert into Transaction (DTYPE, id, amount, balance, checkNo, date, description, externalId, initialBalance, memo, ref, status, type, uuid, account_id, transfer_id) values('InternalTransaction', 532, 54.38, 54.38, '', '2010-03-27', 'Transfer from Unassigned', 'null', false, '', '', 2, 0, 'e6334591-65ec-3c06-b333-485953729dfa', 228, 2508);
insert into Split (id, amount, uuid, envelope_id, transaction_id) values(533, 54.38, '5daddfaf-154c-352d-aae7-e945c7afe8ee', 292, 532);
insert into Transaction (DTYPE, id, amount, balance, checkNo, date, description, externalId, initialBalance, memo, ref, status, type, uuid, account_id, transfer_id) values('InternalTransaction', 534, 6.47, 2894.74, '', '2010-04-16', 'Transfer from Available', 'null', false, '', '', 2, 0, '73197e67-0bff-3aec-8048-ab769795a210', 229, 812);
insert into Split (id, amount, uuid, envelope_id, transaction_id) values(535, 6.47, 'fae56883-0b8b-3d4e-8013-d0aa4b3890fa', 272, 534);
insert into Transaction (DTYPE, id, amount, balance, checkNo, date, description, externalId, initialBalance, memo, ref, status, type, uuid, account_id, transfer_id) values('InternalTransaction', 536, -128.89, 2521.48, '', '2009-12-29', 'WALGREENS #6400 PHOENIX', '200912290', false, '12/28WALGREENS', '', 2, 1, '4d0f6b7e-3e6d-3f19-b774-61d5ee4d9b67', 229, null);
insert into Split (id, amount, uuid, envelope_id, transaction_id) values(537, -128.89, 'c85f18cc-403c-330a-b1b4-9da85b8a4c3a', 277, 536);
insert into Transaction (DTYPE, id, amount, balance, checkNo, date, description, externalId, initialBalance, memo, ref, status, type, uuid, account_id, transfer_id) values('InternalTransaction', 538, -150.00, 4172.90, '', '2010-02-19', 'Transfer to Groceries', 'null', false, '', '', 2, 1, 'a7dd0afa-a8dc-3093-bca9-4995754fa517', 229, 2927);
insert into Split (id, amount, uuid, envelope_id, transaction_id) values(539, -150.00, '88b7aeae-36a7-3564-8fd9-bb1f9cb00599', 292, 538);
insert into Transaction (DTYPE, id, amount, balance, checkNo, date, description, externalId, initialBalance, memo, ref, status, type, uuid, account_id, transfer_id) values('InternalTransaction', 540, 2.74, 2.74, '', '2010-04-16', 'Transfer from Taxes', 'null', false, '', '', 2, 0, '70535660-2020-39f9-a52f-4030a028ff03', 228, 1012);
insert into Split (id, amount, uuid, envelope_id, transaction_id) values(541, 2.74, '1775e278-f3ca-33f7-9d6e-5a98755a196d', 243, 540);
insert into Transaction (DTYPE, id, amount, balance, checkNo, date, description, externalId, initialBalance, memo, ref, status, type, uuid, account_id, transfer_id) values('InternalTransaction', 542, -15.95, 2516.37, '', '2010-04-02', 'Transfer to Sirius', 'null', false, '', '', 2, 1, '598fbe1b-20f4-3033-9f92-a4215a14b1b7', 229, 512);
insert into Split (id, amount, uuid, envelope_id, transaction_id) values(543, -15.95, '83ac1a8a-dcb6-38f6-acce-f501c129dfa0', 292, 542);
insert into Transaction (DTYPE, id, amount, balance, checkNo, date, description, externalId, initialBalance, memo, ref, status, type, uuid, account_id, transfer_id) values('InternalTransaction', 544, -325.00, 4677.61, '', '2009-11-30', 'A SMOOTH MOVE PEORIA AZ', '200911300', false, '11/28A SMOOTH', '', 2, 1, '49f753a8-4813-3b09-a374-b247afd9b5b7', 229, null);
insert into Split (id, amount, uuid, envelope_id, transaction_id) values(545, -325.00, '28458705-5d32-3597-8c28-9a5f11988d3a', 248, 544);
insert into Transaction (DTYPE, id, amount, balance, checkNo, date, description, externalId, initialBalance, memo, ref, status, type, uuid, account_id, transfer_id) values('InternalTransaction', 546, 53.92, 53.92, '', '2010-04-21', 'Transfer from Unassigned', 'null', false, '', '', 2, 0, '4b2be3b9-0985-3899-8964-3e43ca06e84f', 228, 1952);
insert into Split (id, amount, uuid, envelope_id, transaction_id) values(547, 53.92, '5f6f8001-e9ed-32bf-b404-979e200dd8dd', 292, 546);
insert into Transaction (DTYPE, id, amount, balance, checkNo, date, description, externalId, initialBalance, memo, ref, status, type, uuid, account_id, transfer_id) values('InternalTransaction', 548, -6.99, 2201.81, '', '2010-03-08', 'GOLDEN RICE EXPRESS PHOE', '201003089', false, '03/07GOLDEN RI', '', 1, 1, 'c150e155-0f7e-3ef2-a2b4-3277c0018fdb', 229, null);
insert into Split (id, amount, uuid, envelope_id, transaction_id) values(549, -6.99, 'deb1049d-a530-3118-b723-e3fbf60d3ed8', 295, 548);
insert into Transaction (DTYPE, id, amount, balance, checkNo, date, description, externalId, initialBalance, memo, ref, status, type, uuid, account_id, transfer_id) values('InternalTransaction', 550, -0.00, 3815.26, '', '2010-02-19', 'Transfer to Rent', 'null', false, '', '', 2, 1, '02fe4a46-5380-3ee8-ab53-83022c1765e2', 229, 2989);
insert into Split (id, amount, uuid, envelope_id, transaction_id) values(551, -0.00, '2a1f4f79-016a-31af-a77c-b3f26deca622', 292, 550);
insert into Transaction (DTYPE, id, amount, balance, checkNo, date, description, externalId, initialBalance, memo, ref, status, type, uuid, account_id, transfer_id) values('InternalTransaction', 552, -21.00, 4460.51, '', '2009-11-30', 'MOVIETICKETS COM 888-440', '2009113011', false, '11/27MOVIETICK', '', 2, 1, '7e31d6d0-a6de-375c-bf3e-93fea57cea9b', 229, null);
insert into Split (id, amount, uuid, envelope_id, transaction_id) values(553, -21.00, '86f872f5-8f61-30af-a70e-83fc72fb7b10', 284, 552);
insert into Transaction (DTYPE, id, amount, balance, checkNo, date, description, externalId, initialBalance, memo, ref, status, type, uuid, account_id, transfer_id) values('InternalTransaction', 554, -17.50, 5269.95, '', '2010-02-19', 'Transfer to 24 Hour Fitness', 'null', false, '', '', 2, 1, '04be4a2c-0be9-3d69-8de8-e88b6a878cc5', 229, 2803);
insert into Split (id, amount, uuid, envelope_id, transaction_id) values(555, -17.50, '87f1fda4-0b6e-39fc-a523-b436788609a7', 292, 554);
insert into Transaction (DTYPE, id, amount, balance, checkNo, date, description, externalId, initialBalance, memo, ref, status, type, uuid, account_id, transfer_id) values('InternalTransaction', 556, 54.48, 54.48, '', '2010-03-23', 'Transfer from Available', 'null', false, '', '', 2, 0, 'fbb5d012-555b-3cb6-8d32-5693fdd150b7', 228, 1828);
insert into Split (id, amount, uuid, envelope_id, transaction_id) values(557, 54.48, '06e86583-4272-37c4-bc8e-e01279c64ca7', 295, 556);
insert into Transaction (DTYPE, id, amount, balance, checkNo, date, description, externalId, initialBalance, memo, ref, status, type, uuid, account_id, transfer_id) values('InternalTransaction', 558, -12.00, 4339.06, '', '2009-11-18', 'MASSAGE ENVY 0020 602-22', '200911182', false, '11/16MASSAGE E', '', 2, 1, '8989713e-adaa-3909-837e-9391d504dcf4', 229, null);
insert into Split (id, amount, uuid, envelope_id, transaction_id) values(559, -12.00, 'c140f004-8a80-31ee-90a2-d342a7a8ba6d', 279, 558);
insert into Transaction (DTYPE, id, amount, balance, checkNo, date, description, externalId, initialBalance, memo, ref, status, type, uuid, account_id, transfer_id) values('InternalTransaction', 560, -21.82, 0.00, '', '2010-03-16', 'Transfer to Eating Out', 'null', false, '', '', 2, 1, '43f322ab-aa3f-3341-85e0-14c80e81b233', 228, 1664);
insert into Split (id, amount, uuid, envelope_id, transaction_id) values(561, -21.82, '144451f0-e111-3d60-a4eb-7714026e77be', 252, 560);
insert into Transaction (DTYPE, id, amount, balance, checkNo, date, description, externalId, initialBalance, memo, ref, status, type, uuid, account_id, transfer_id) values('InternalTransaction', 562, -19.44, 1293.41, '', '2010-04-07', 'CVS 09205 09205--802 SO 402547', '201004072', false, '04/06CVS 09205', '', 1, 1, 'd561b7e7-e875-3a86-b254-fc9c7ed73464', 229, null);
insert into Split (id, amount, uuid, envelope_id, transaction_id) values(563, -19.44, '20d08112-84f9-311e-9b5c-039ae3730b33', 286, 562);
insert into Transaction (DTYPE, id, amount, balance, checkNo, date, description, externalId, initialBalance, memo, ref, status, type, uuid, account_id, transfer_id) values('InternalTransaction', 564, -31.10, 1435.04, '', '2010-04-06', 'Transfer to Groceries', 'null', false, '', '', 2, 1, 'e2abc76f-3a4a-3b4e-bc95-1aeb2aa619ba', 229, 2370);
insert into Split (id, amount, uuid, envelope_id, transaction_id) values(565, -31.10, '161c7347-b7e0-3251-8b46-0e1f53ca3e7f', 292, 564);
insert into Transaction (DTYPE, id, amount, balance, checkNo, date, description, externalId, initialBalance, memo, ref, status, type, uuid, account_id, transfer_id) values('InternalTransaction', 566, -3.89, 0.00, '', '2010-04-13', 'Transfer to Available', 'null', false, '', '', 2, 1, '95778d36-6fb4-32ef-8058-29c302302e62', 228, 940);
insert into Split (id, amount, uuid, envelope_id, transaction_id) values(567, -3.89, '7cfb7d7a-debc-3324-a491-0d6ebcb04d2c', 231, 566);
insert into Transaction (DTYPE, id, amount, balance, checkNo, date, description, externalId, initialBalance, memo, ref, status, type, uuid, account_id, transfer_id) values('InternalTransaction', 568, -21.39, 548.63, '', '2009-11-12', 'GYROS HOUSE PHOENIX AZ', '200911122', false, '11/09GYROS HOU', '', 2, 1, '04474457-2609-321c-a417-5df8c360a1cf', 229, null);
insert into Split (id, amount, uuid, envelope_id, transaction_id) values(569, -21.39, '88f444dd-207e-3828-aee1-13a916891c8c', 295, 568);
insert into Transaction (DTYPE, id, amount, balance, checkNo, date, description, externalId, initialBalance, memo, ref, status, type, uuid, account_id, transfer_id) values('InternalTransaction', 570, 14.95, 14.95, '', '2010-03-17', 'Transfer from Available', 'null', false, '', '', 2, 0, '0bdda44d-8f94-3a33-a55f-85f6d1be05c4', 228, 2204);
insert into Split (id, amount, uuid, envelope_id, transaction_id) values(571, 14.95, 'd6781fe5-60c2-37e3-98fb-78ce63a3a0b2', 273, 570);
insert into Transaction (DTYPE, id, amount, balance, checkNo, date, description, externalId, initialBalance, memo, ref, status, type, uuid, account_id, transfer_id) values('InternalTransaction', 572, -30.00, 1438.43, '', '2010-02-11', 'BRENT D SLOTEN DO PLLC M', '201002112', false, '02/10BRENT D S', '', 2, 1, '2bfe4fdc-1d4d-32b0-9057-ad2eacb123a7', 229, null);
insert into Split (id, amount, uuid, envelope_id, transaction_id) values(573, -30.00, 'b46d9014-eeb1-346c-a955-eb9e1de018d9', 286, 572);
insert into Transaction (DTYPE, id, amount, balance, checkNo, date, description, externalId, initialBalance, memo, ref, status, type, uuid, account_id, transfer_id) values('InternalTransaction', 574, 2224.63, 3475.70, '', '2009-10-30', 'VILLAGE VOICE ME DIRECT DEP', '200910300', false, 'PPD ID: 9111111101', '', 2, 0, '78ede73d-b486-3445-9807-6b30d4cf6545', 229, null);
insert into Split (id, amount, uuid, envelope_id, transaction_id) values(575, 2224.63, '5c57ccb5-139a-366b-82d0-bb37afe8141e', 292, 574);
insert into Transaction (DTYPE, id, amount, balance, checkNo, date, description, externalId, initialBalance, memo, ref, status, type, uuid, account_id, transfer_id) values('InternalTransaction', 576, -23.79, 4030.46, '', '2009-11-30', 'FRYS FOOD & DRUG 1815 G 425763', '200911309', false, '11/28FRYS FOOD', '', 2, 1, '952bd10b-4fe3-3f8f-8d45-c0fe7a4e1457', 229, null);
insert into Split (id, amount, uuid, envelope_id, transaction_id) values(577, -23.79, '46cad385-cb37-32ae-8888-569d9f3cc064', 238, 576);
insert into Transaction (DTYPE, id, amount, balance, checkNo, date, description, externalId, initialBalance, memo, ref, status, type, uuid, account_id, transfer_id) values('InternalTransaction', 578, 345.10, 3682.18, '', '2010-02-19', 'Transfer from Available', 'null', false, '', '', 2, 0, '9fd32b60-1895-3e3a-ada9-c46387218f51', 229, 1698);
insert into Split (id, amount, uuid, envelope_id, transaction_id) values(579, 345.10, '8f0bc2a2-2877-3770-b08f-9886ab9b29e9', 242, 578);
insert into Transaction (DTYPE, id, amount, balance, checkNo, date, description, externalId, initialBalance, memo, ref, status, type, uuid, account_id, transfer_id) values('InternalTransaction', 580, -114.68, 5778.76, '', '2010-02-16', 'Transfer to Pet', 'null', false, '', '', 0, 1, 'fa0479ed-10b5-318e-ac7c-41f46825bd75', 229, 2310);
insert into Split (id, amount, uuid, envelope_id, transaction_id) values(581, -114.68, '4a987315-7fb1-34bc-b586-0ed40bb4faf1', 292, 580);
insert into Transaction (DTYPE, id, amount, balance, checkNo, date, description, externalId, initialBalance, memo, ref, status, type, uuid, account_id, transfer_id) values('InternalTransaction', 582, -10.29, 1468.30, '', '2010-04-06', 'Transfer to Eating Out', 'null', false, '', '', 2, 1, '6221942f-d28d-3346-ada5-522d58db8d55', 229, 1116);
insert into Split (id, amount, uuid, envelope_id, transaction_id) values(583, -10.29, 'a953f021-6098-32dc-8e65-a55b9ce60f17', 292, 582);
insert into Transaction (DTYPE, id, amount, balance, checkNo, date, description, externalId, initialBalance, memo, ref, status, type, uuid, account_id, transfer_id) values('InternalTransaction', 584, -308.00, 4382.60, '', '2010-03-22', 'IRS USATAXPYMT 2700', '201003223', false, '48100303847 WEB ID: 3387702000', '', 1, 1, '2c4adf85-4d2c-387f-87f4-02b7f09a9678', 229, null);
insert into Split (id, amount, uuid, envelope_id, transaction_id) values(585, -308.00, '5aaf219a-fd03-3f17-ae46-b940b4009a15', 275, 584);
insert into Transaction (DTYPE, id, amount, balance, checkNo, date, description, externalId, initialBalance, memo, ref, status, type, uuid, account_id, transfer_id) values('InternalTransaction', 586, -163.00, 4688.94, '', '2010-03-05', 'Transfer to Lofts @ Arcadia', 'null', false, '', '', 2, 1, '812797d7-c22e-3803-83ae-ab406d46fcee', 229, 1948);
insert into Split (id, amount, uuid, envelope_id, transaction_id) values(587, -163.00, '15517dda-8e79-345e-b093-f50cea85714a', 292, 586);
insert into Transaction (DTYPE, id, amount, balance, checkNo, date, description, externalId, initialBalance, memo, ref, status, type, uuid, account_id, transfer_id) values('InternalTransaction', 588, -100.49, 3904.86, '', '2010-03-30', 'Transfer to Household', 'null', false, '', '', 2, 1, 'ffa942e0-c131-37fc-a57a-1ce1c8ab0ee4', 229, 2771);
insert into Split (id, amount, uuid, envelope_id, transaction_id) values(589, -100.49, 'cbcadaf4-3b10-3739-b0c5-7195218b4c77', 292, 588);
insert into Transaction (DTYPE, id, amount, balance, checkNo, date, description, externalId, initialBalance, memo, ref, status, type, uuid, account_id, transfer_id) values('InternalTransaction', 590, 306.49, 6589.72, '', '2010-02-16', 'Transfer from Available', 'null', false, '', '', 0, 0, 'a1ab906a-cb74-3dca-8498-625ef0f8b36c', 229, 1590);
insert into Split (id, amount, uuid, envelope_id, transaction_id) values(591, 306.49, '3f7cb70b-96fc-3c0d-a82a-61a5c0f0908c', 253, 590);
insert into Transaction (DTYPE, id, amount, balance, checkNo, date, description, externalId, initialBalance, memo, ref, status, type, uuid, account_id, transfer_id) values('InternalTransaction', 592, -16.41, 2650.37, '', '2009-12-28', 'FAST EDDIE''S DINER PHOEN', '200912289', false, '12/24FAST EDDI', '', 2, 1, '9b5c97e5-1519-32d6-82b5-66cdc9ea472d', 229, null);
insert into Split (id, amount, uuid, envelope_id, transaction_id) values(593, -16.41, '0af46514-36b2-3a25-b65a-93fbb95740cc', 295, 592);
insert into Transaction (DTYPE, id, amount, balance, checkNo, date, description, externalId, initialBalance, memo, ref, status, type, uuid, account_id, transfer_id) values('InternalTransaction', 594, 35.51, 2930.25, '', '2010-04-16', 'Transfer from Available', 'null', false, '', '', 2, 0, 'f65272cf-b94d-359e-b318-5dde44335387', 229, 2711);
insert into Split (id, amount, uuid, envelope_id, transaction_id) values(595, 35.51, 'b89b019e-e39e-3a5f-925f-86bd23c486ec', 245, 594);
insert into Transaction (DTYPE, id, amount, balance, checkNo, date, description, externalId, initialBalance, memo, ref, status, type, uuid, account_id, transfer_id) values('InternalTransaction', 596, 640.00, 7229.72, '', '2010-02-16', 'Transfer from Available', 'null', false, '', '', 0, 0, '2c0cf281-9bdd-38eb-85dd-9bd213cc1795', 229, 2512);
insert into Split (id, amount, uuid, envelope_id, transaction_id) values(597, 640.00, 'f6b2d0a7-0e30-3895-8f0e-52de0abba26d', 261, 596);
insert into Transaction (DTYPE, id, amount, balance, checkNo, date, description, externalId, initialBalance, memo, ref, status, type, uuid, account_id, transfer_id) values('InternalTransaction', 598, -175.00, 3005.20, '', '2009-12-28', 'IRS USATAXPYMT 2709', '200912281', false, '76200168759 WEB ID: 3387702000', '', 2, 1, '9198e0ca-ae87-304c-a9d2-0a9fe2619eda', 229, null);
insert into Split (id, amount, uuid, envelope_id, transaction_id) values(599, -175.00, '9824eded-b822-33f0-87ad-068ed7d1eed1', 275, 598);
insert into Transaction (DTYPE, id, amount, balance, checkNo, date, description, externalId, initialBalance, memo, ref, status, type, uuid, account_id, transfer_id) values('InternalTransaction', 600, 2024.23, 2024.23, '', '2010-04-02', 'Meltmedia', '201004020', false, '', '', 1, 0, '5db4e16e-143b-3629-8a13-d3abdf07f139', 229, null);
insert into Split (id, amount, uuid, envelope_id, transaction_id) values(601, 2024.23, 'bde85b1f-233a-3f9b-b1a9-7505bb779640', 292, 600);
insert into Transaction (DTYPE, id, amount, balance, checkNo, date, description, externalId, initialBalance, memo, ref, status, type, uuid, account_id, transfer_id) values('InternalTransaction', 602, -35.00, 1135.04, '', '2010-02-15', 'SPROUTS', '201002162', false, '', '', 2, 1, 'ef9d4b7a-c831-3c58-be55-7028ea3a0667', 229, null);
insert into Split (id, amount, uuid, envelope_id, transaction_id) values(603, -35.00, '3651ad3c-f7f6-31ed-88e4-9563f33b3d20', 238, 602);
insert into Transaction (DTYPE, id, amount, balance, checkNo, date, description, externalId, initialBalance, memo, ref, status, type, uuid, account_id, transfer_id) values('InternalTransaction', 604, -17.80, 2324.11, '', '2009-12-30', 'QDOBA 428 11404282 P', '200912301', false, '12/28QDOBA 428', '', 2, 1, '363d9849-5043-396f-a2bc-54bf93dcae6b', 229, null);
insert into Split (id, amount, uuid, envelope_id, transaction_id) values(605, -17.80, 'ec592f63-4172-3821-a9ef-e56856bdb97b', 295, 604);
insert into Transaction (DTYPE, id, amount, balance, checkNo, date, description, externalId, initialBalance, memo, ref, status, type, uuid, account_id, transfer_id) values('InternalTransaction', 606, -0.00, 2596.96, '', '2010-04-02', 'Transfer to Massage Envy', 'null', false, '', '', 2, 1, '17fb5af5-01bf-3708-b9d3-6d078191a963', 229, 1072);
insert into Split (id, amount, uuid, envelope_id, transaction_id) values(607, -0.00, '391e4679-85cd-3ee8-b342-1e6f5c2bb4bf', 292, 606);
insert into Transaction (DTYPE, id, amount, balance, checkNo, date, description, externalId, initialBalance, memo, ref, status, type, uuid, account_id, transfer_id) values('InternalTransaction', 608, -175.00, 3217.75, '', '2010-02-08', 'IRS USATAXPYMT 2700', '201002082', false, '43900902209 WEB ID: 3387702000', '', 2, 1, '6cbaa71f-5a9c-3262-a794-350777164849', 229, null);
insert into Split (id, amount, uuid, envelope_id, transaction_id) values(609, -175.00, '873d8325-da6c-3788-b2e7-f48597bb7a66', 275, 608);
insert into Transaction (DTYPE, id, amount, balance, checkNo, date, description, externalId, initialBalance, memo, ref, status, type, uuid, account_id, transfer_id) values('InternalTransaction', 610, -4.05, 1204.99, '', '2010-03-17', 'Transfer to Directv', 'null', false, '', '', 2, 1, '8a2b74a7-4f2e-30fc-a028-721e4499bb25', 229, 1704);
insert into Split (id, amount, uuid, envelope_id, transaction_id) values(611, -4.05, 'a4a2c192-d102-3c62-8430-66490559ff01', 292, 610);
insert into Transaction (DTYPE, id, amount, balance, checkNo, date, description, externalId, initialBalance, memo, ref, status, type, uuid, account_id, transfer_id) values('InternalTransaction', 612, -12.95, 3499.60, '', '2010-03-30', 'TIV*TIVO', '201004021', false, '', '', 1, 1, '00e6ae71-4c2a-3e89-929f-f3144dff3ea8', 229, null);
insert into Split (id, amount, uuid, envelope_id, transaction_id) values(613, -12.95, '15d032c7-697e-3a24-9382-4a098d98a2d9', 272, 612);
insert into Transaction (DTYPE, id, amount, balance, checkNo, date, description, externalId, initialBalance, memo, ref, status, type, uuid, account_id, transfer_id) values('InternalTransaction', 614, -2.03, null, '', '2010-04-16', 'QT 429 TEMPE AZ 787747', '201004162', false, '04/15QT 429 TE', '', 1, 1, '2759032f-564c-390e-acbd-ba9f4a15eff3', 229, null);
insert into Split (id, amount, uuid, envelope_id, transaction_id) values(615, -2.03, '24ec9fed-4a9a-3b0a-8761-dddff96f65d1', 252, 614);
insert into Transaction (DTYPE, id, amount, balance, checkNo, date, description, externalId, initialBalance, memo, ref, status, type, uuid, account_id, transfer_id) values('InternalTransaction', 616, -10.29, 2635.56, '', '2010-04-05', 'PEI WEI #0002 Q02 P', '201004055', false, '04/03PEI WEI #', '', 1, 1, 'c088d699-6b21-3c5e-9288-94c07606adfe', 229, null);
insert into Split (id, amount, uuid, envelope_id, transaction_id) values(617, -10.29, 'b73f6c8d-aa75-3e1b-9a61-55ab65eef5b7', 295, 616);
insert into Transaction (DTYPE, id, amount, balance, checkNo, date, description, externalId, initialBalance, memo, ref, status, type, uuid, account_id, transfer_id) values('InternalTransaction', 618, -6.55, 0.00, '', '2010-02-25', 'Transfer to Fast Food', 'null', false, '', '', 2, 1, 'ad49f9e3-b0e9-35a2-8e09-2aea83217771', 228, 1508);
insert into Split (id, amount, uuid, envelope_id, transaction_id) values(619, -6.55, 'b60c628e-94f3-3029-a617-9b1b86c83760', 252, 618);
insert into Transaction (DTYPE, id, amount, balance, checkNo, date, description, externalId, initialBalance, memo, ref, status, type, uuid, account_id, transfer_id) values('InternalTransaction', 620, -129.01, null, '', '2010-04-02', 'VZWRLSS*APOCC VISW 800-9', '201004024', false, '04/01VZWRLSS*A', '', 1, 1, 'c72923ed-d943-3282-9f46-825969d76098', 229, null);
insert into Split (id, amount, uuid, envelope_id, transaction_id) values(621, -129.01, '5f672e1e-7a6c-33a6-a14c-d885731faa50', 236, 620);
insert into Transaction (DTYPE, id, amount, balance, checkNo, date, description, externalId, initialBalance, memo, ref, status, type, uuid, account_id, transfer_id) values('InternalTransaction', 622, 492.22, 1627.26, '', '2010-02-16', 'Transfer from Available', 'null', false, '', '', 0, 0, 'a2747f43-5e82-3c6f-847f-1c4fce1c96ca', 229, 2200);
insert into Split (id, amount, uuid, envelope_id, transaction_id) values(623, 492.22, '0c4cf62c-6ff3-3474-bdef-3f7af005033f', 277, 622);
insert into Transaction (DTYPE, id, amount, balance, checkNo, date, description, externalId, initialBalance, memo, ref, status, type, uuid, account_id, transfer_id) values('InternalTransaction', 624, -100.00, 5586.60, '', '2009-12-11', 'WITHDRAWAL', '200912112', false, '', '', 2, 1, '86c07a9a-1cf6-375d-bc6c-45d67d39dc04', 229, null);
insert into Split (id, amount, uuid, envelope_id, transaction_id) values(625, -100.00, '3472b0fa-9211-3cbe-abe7-0af5f19d5abb', 252, 624);
insert into Transaction (DTYPE, id, amount, balance, checkNo, date, description, externalId, initialBalance, memo, ref, status, type, uuid, account_id, transfer_id) values('InternalTransaction', 626, 0.00, 2259.84, '', '2010-04-02', 'Transfer from Available', 'null', false, '', '', 2, 1, '7de8aa03-74eb-3e3f-97f3-c1c22230303f', 229, 978);
insert into Split (id, amount, uuid, envelope_id, transaction_id) values(627, 0.00, 'fabc1de9-05cf-3dbd-ba54-c0d363a6fe3f', 266, 626);
insert into Transaction (DTYPE, id, amount, balance, checkNo, date, description, externalId, initialBalance, memo, ref, status, type, uuid, account_id, transfer_id) values('InternalTransaction', 628, -53.92, 1502.31, '', '2010-04-21', 'Transfer to Unassigned', 'null', false, '', '', 2, 1, '22f1635f-9815-3c66-bc31-66d520babccd', 229, 900);
insert into Split (id, amount, uuid, envelope_id, transaction_id) values(629, -53.92, 'e3bf40d1-def6-3c11-9dd7-b567f305b1f1', 292, 628);
insert into Transaction (DTYPE, id, amount, balance, checkNo, date, description, externalId, initialBalance, memo, ref, status, type, uuid, account_id, transfer_id) values('InternalTransaction', 630, 25.00, 675.05, '', '2010-04-16', 'Transfer from Available', 'null', false, '', '', 2, 0, 'c220afb1-0bf2-3aa2-aa57-0a020b2743be', 229, 2949);
insert into Split (id, amount, uuid, envelope_id, transaction_id) values(631, 25.00, 'ce85047f-848e-35d4-8e63-ce276996402f', 264, 630);
insert into Transaction (DTYPE, id, amount, balance, checkNo, date, description, externalId, initialBalance, memo, ref, status, type, uuid, account_id, transfer_id) values('InternalTransaction', 632, -149.72, 5629.04, '', '2010-02-16', 'Transfer to Qwest', 'null', false, '', '', 0, 1, '5add9f09-7720-33b6-845c-047a8743deb2', 229, 2975);
insert into Split (id, amount, uuid, envelope_id, transaction_id) values(633, -149.72, '0d6b70e2-e7bd-385b-8065-88e0a7f189d1', 292, 632);
insert into Transaction (DTYPE, id, amount, balance, checkNo, date, description, externalId, initialBalance, memo, ref, status, type, uuid, account_id, transfer_id) values('InternalTransaction', 634, -80.00, 4851.94, '', '2010-03-05', 'Transfer to Housekeeping', 'null', false, '', '', 2, 1, '9a6a5343-89b6-3172-abb8-b5d372be7a08', 229, 2556);
insert into Split (id, amount, uuid, envelope_id, transaction_id) values(635, -80.00, '861c5052-1a9b-3143-9344-d5d1ced8cfb9', 292, 634);
insert into Transaction (DTYPE, id, amount, balance, checkNo, date, description, externalId, initialBalance, memo, ref, status, type, uuid, account_id, transfer_id) values('InternalTransaction', 636, 863.75, 3123.59, '', '2010-04-02', 'Transfer from Available', 'null', false, '', '', 2, 0, '020ac57c-6c69-3402-b6ac-f4d262eeccb8', 229, 2675);
insert into Split (id, amount, uuid, envelope_id, transaction_id) values(637, 863.75, '7938f890-e6a2-3f8c-9e55-23b25c14079f', 292, 636);
insert into Transaction (DTYPE, id, amount, balance, checkNo, date, description, externalId, initialBalance, memo, ref, status, type, uuid, account_id, transfer_id) values('InternalTransaction', 638, -6.18, 2432.27, '', '2010-03-18', 'FRYS FOOD & DRUG 1815 G 055476', '201003183', false, '03/17FRYS FOOD', '', 1, 1, '583f15c5-372c-3e84-8597-116e795726b0', 229, null);
insert into Split (id, amount, uuid, envelope_id, transaction_id) values(639, -6.18, 'f7a4a6be-b37e-36b5-8bd1-9ddf087e77cb', 238, 638);
insert into Transaction (DTYPE, id, amount, balance, checkNo, date, description, externalId, initialBalance, memo, ref, status, type, uuid, account_id, transfer_id) values('InternalTransaction', 640, -2.50, 1580.35, '', '2010-03-15', 'CARTEL COFFEE LAB TEMPE', '2010031514', false, '03/11CARTEL CO', '', 1, 1, 'b6a453f9-ccbf-3c46-bc0b-bdc7cb2c9f1b', 229, null);
insert into Split (id, amount, uuid, envelope_id, transaction_id) values(641, -2.50, 'eda9730e-0044-3b42-8223-771635880155', 270, 640);
insert into Transaction (DTYPE, id, amount, balance, checkNo, date, description, externalId, initialBalance, memo, ref, status, type, uuid, account_id, transfer_id) values('InternalTransaction', 642, -40.00, 1498.35, '', '2010-03-15', '7-ELEVEN PHOENIX AZ 184763', '201003153', false, '03/137-ELEVEN', '', 1, 1, 'bc2b2b21-57f2-39a5-bb8a-1787dcd8bc36', 229, null);
insert into Split (id, amount, uuid, envelope_id, transaction_id) values(643, -40.00, '63e7b105-34a6-3b4c-8468-006ea7802238', 252, 642);
insert into Transaction (DTYPE, id, amount, balance, checkNo, date, description, externalId, initialBalance, memo, ref, status, type, uuid, account_id, transfer_id) values('InternalTransaction', 644, 175.00, 3298.59, '', '2010-04-02', 'Transfer from Available', 'null', false, '', '', 2, 0, '88bf56e9-6adc-3339-8250-0f50000fa1dd', 229, 1624);
insert into Split (id, amount, uuid, envelope_id, transaction_id) values(645, 175.00, '0117209f-e31e-3978-8ab7-9bb276e48db4', 275, 644);
insert into Transaction (DTYPE, id, amount, balance, checkNo, date, description, externalId, initialBalance, memo, ref, status, type, uuid, account_id, transfer_id) values('InternalTransaction', 646, 8.92, 8.92, '', '2010-03-16', 'Transfer from Available', 'null', false, '', '', 2, 0, '5a062873-9452-33cc-98c2-2c991accdda6', 228, 1860);
insert into Split (id, amount, uuid, envelope_id, transaction_id) values(647, 8.92, '3ca42a4b-0dc1-3f5d-a0c0-9db26af407ef', 254, 646);
insert into Transaction (DTYPE, id, amount, balance, checkNo, date, description, externalId, initialBalance, memo, ref, status, type, uuid, account_id, transfer_id) values('InternalTransaction', 648, 5.77, 3767.95, '', '2010-02-19', 'Transfer from Available', 'null', false, '', '', 2, 0, 'a28105fc-d1cf-3b51-8624-7dd60c4ff290', 229, 2222);
insert into Split (id, amount, uuid, envelope_id, transaction_id) values(649, 5.77, 'd1eb43f8-e67a-30ab-8ea2-82484ad9e5d8', 293, 648);
insert into Transaction (DTYPE, id, amount, balance, checkNo, date, description, externalId, initialBalance, memo, ref, status, type, uuid, account_id, transfer_id) values('InternalTransaction', 650, -9.95, 3435.87, '', '2010-01-22', 'Financial Management Software:', '201001221', false, 'Monthly Service Fee', '', 2, 1, 'f52cff98-8ca3-3ae2-b74d-c874693596ff', 229, null);
insert into Split (id, amount, uuid, envelope_id, transaction_id) values(651, -9.95, 'e22068cd-8040-3946-b343-00a0be5d60f0', 232, 650);
insert into Transaction (DTYPE, id, amount, balance, checkNo, date, description, externalId, initialBalance, memo, ref, status, type, uuid, account_id, transfer_id) values('InternalTransaction', 652, -75.00, 1135.04, '', '2010-02-16', 'Transfer to Cox Communications', 'null', false, '', '', 0, 1, '81ef4fdd-f19a-3657-b10a-39b2828777be', 229, 2072);
insert into Split (id, amount, uuid, envelope_id, transaction_id) values(653, -75.00, '6b326f57-8340-3f48-b6c4-cd2f0c26b384', 292, 652);
insert into Transaction (DTYPE, id, amount, balance, checkNo, date, description, externalId, initialBalance, memo, ref, status, type, uuid, account_id, transfer_id) values('InternalTransaction', 654, -35.23, 2843.98, '', '2010-02-22', 'SPROUTS FARMERS MKT #7 P471226', '201002223', false, '02/21SPROUTS F', '', 2, 1, '61f312f5-df7a-3e4a-b6fc-6a5a9b5c52e4', 229, null);
insert into Split (id, amount, uuid, envelope_id, transaction_id) values(655, -35.23, 'e81f3985-0673-3053-8ec3-889555a4ffbe', 238, 654);
insert into Transaction (DTYPE, id, amount, balance, checkNo, date, description, externalId, initialBalance, memo, ref, status, type, uuid, account_id, transfer_id) values('InternalTransaction', 656, -18.16, 2455.72, '', '2010-01-08', 'TRADER JOE''S #282 PHOENI365500', '201001083', false, '01/07TRADER JO', '', 2, 1, '23f26fcb-042e-3d0c-ae63-a0542de22015', 229, null);
insert into Split (id, amount, uuid, envelope_id, transaction_id) values(657, -18.16, 'b680996f-4593-3337-b334-b143824296ce', 238, 656);
insert into Transaction (DTYPE, id, amount, balance, checkNo, date, description, externalId, initialBalance, memo, ref, status, type, uuid, account_id, transfer_id) values('InternalTransaction', 658, -10.79, 3492.47, '', '2009-12-14', 'ATOMIC COMICS METRO C P', '2009121424', false, '12/12ATOMIC CO', '', 2, 1, '07e661a5-00fc-38d0-95bd-935d76beb887', 229, null);
insert into Split (id, amount, uuid, envelope_id, transaction_id) values(659, -10.79, 'dfb6e3b9-365d-3690-a88d-29f7da8271da', 241, 658);
insert into Transaction (DTYPE, id, amount, balance, checkNo, date, description, externalId, initialBalance, memo, ref, status, type, uuid, account_id, transfer_id) values('InternalTransaction', 660, -21.38, 0.00, '', '2010-03-11', 'Transfer to Available', 'null', false, '', '', 2, 1, '3817ac4a-00e5-3004-96ff-686e6ba12e84', 228, 1574);
insert into Split (id, amount, uuid, envelope_id, transaction_id) values(661, -21.38, '0afbfc12-096e-3a18-9799-69ba3ccaa3c9', 264, 660);
insert into Transaction (DTYPE, id, amount, balance, checkNo, date, description, externalId, initialBalance, memo, ref, status, type, uuid, account_id, transfer_id) values('InternalTransaction', 662, -5.00, 0.00, '', '2010-02-25', 'Transfer to Medical', 'null', false, '', '', 2, 1, '320e1779-3c2c-3fe2-a41c-93ee32d05c83', 228, 2444);
insert into Split (id, amount, uuid, envelope_id, transaction_id) values(663, -5.00, '4a375a71-74b0-3145-8f13-f455f998aebe', 252, 662);
insert into Transaction (DTYPE, id, amount, balance, checkNo, date, description, externalId, initialBalance, memo, ref, status, type, uuid, account_id, transfer_id) values('InternalTransaction', 664, -109.55, 5842.67, '', '2010-03-05', 'Transfer to Auto Fuel', 'null', false, '', '', 2, 1, '8c24d416-8502-3909-a353-aa623d53107e', 229, 910);
insert into Split (id, amount, uuid, envelope_id, transaction_id) values(665, -109.55, '54c9b77a-3d3c-3681-a4d8-5b95b6fd0370', 292, 664);
insert into Transaction (DTYPE, id, amount, balance, checkNo, date, description, externalId, initialBalance, memo, ref, status, type, uuid, account_id, transfer_id) values('InternalTransaction', 666, -14.91, 913.61, '', '2009-11-10', 'QDOBA 428 11404282 P', '200911101', false, '11/08QDOBA 428', '', 2, 1, 'f76388af-6288-37a6-b860-62f5215a8f95', 229, null);
insert into Split (id, amount, uuid, envelope_id, transaction_id) values(667, -14.91, '2a650be9-372f-3e02-b6d8-0516a05503aa', 295, 666);
insert into Transaction (DTYPE, id, amount, balance, checkNo, date, description, externalId, initialBalance, memo, ref, status, type, uuid, account_id, transfer_id) values('InternalTransaction', 668, -27.00, 2286.89, '', '2010-03-01', 'DBMG TECHNOLOGIES 281-89', '201003011', false, '02/26DBMG TECH', '', 1, 1, '4af7890c-bdb6-3e55-b7b9-f9f88e32dd86', 229, null);
insert into Split (id, amount, uuid, envelope_id, transaction_id) values(669, -27.00, 'cc09b90c-3163-3136-9b86-9b29b7895d88', 247, 668);
insert into Transaction (DTYPE, id, amount, balance, checkNo, date, description, externalId, initialBalance, memo, ref, status, type, uuid, account_id, transfer_id) values('InternalTransaction', 670, -1237.32, 1597.62, '', '2010-02-16', 'Transfer to VW Credit', 'null', false, '', '', 0, 1, '54f17d49-d047-39e7-b075-06ff708d73a5', 229, 1496);
insert into Split (id, amount, uuid, envelope_id, transaction_id) values(671, -1237.32, '352c1aa4-b605-3ce7-8167-5285b0172499', 292, 670);
insert into Transaction (DTYPE, id, amount, balance, checkNo, date, description, externalId, initialBalance, memo, ref, status, type, uuid, account_id, transfer_id) values('InternalTransaction', 672, -18.40, 4442.11, '', '2009-11-30', 'PETSMART INC 1120 PHOENI156477', '2009113012', false, '11/28PETSMART', '', 2, 1, '7b0fc01f-48a2-3b2c-98fb-1ac95a5c4e5e', 229, null);
insert into Split (id, amount, uuid, envelope_id, transaction_id) values(673, -18.40, '5bc57fe1-0785-33ce-9bc1-3448645baca3', 244, 672);
insert into Transaction (DTYPE, id, amount, balance, checkNo, date, description, externalId, initialBalance, memo, ref, status, type, uuid, account_id, transfer_id) values('InternalTransaction', 674, 4.97, 2935.22, '', '2010-04-16', 'Transfer from Available', 'null', false, '', '', 2, 0, '1073ded5-8b85-3863-8648-caf2c434899b', 229, 2881);
insert into Split (id, amount, uuid, envelope_id, transaction_id) values(675, 4.97, '56afd6d2-f0b5-323d-ae7a-4f47817eccce', 232, 674);
insert into Transaction (DTYPE, id, amount, balance, checkNo, date, description, externalId, initialBalance, memo, ref, status, type, uuid, account_id, transfer_id) values('InternalTransaction', 676, -4.97, 6180.75, '', '2010-03-19', 'Transfer to Chase Bank', 'null', false, '', '', 2, 1, '6d2aba46-efb5-30ff-a59f-7123dd225f0e', 229, 2166);
insert into Split (id, amount, uuid, envelope_id, transaction_id) values(677, -4.97, 'bf718886-c654-3e30-8806-9b36800f3574', 292, 676);
insert into Transaction (DTYPE, id, amount, balance, checkNo, date, description, externalId, initialBalance, memo, ref, status, type, uuid, account_id, transfer_id) values('InternalTransaction', 678, -2.11, 1579.80, '', '2010-04-21', 'Transfer to Coffee', 'null', false, '', '', 2, 1, 'af1179df-64cf-37d6-a4b9-ddd0b0291e19', 229, 1548);
insert into Split (id, amount, uuid, envelope_id, transaction_id) values(679, -2.11, '7efcf943-d49e-3ba0-b443-3e0a625815b4', 292, 678);
insert into Transaction (DTYPE, id, amount, balance, checkNo, date, description, externalId, initialBalance, memo, ref, status, type, uuid, account_id, transfer_id) values('InternalTransaction', 680, -5.82, 2426.45, '', '2010-03-18', 'TACO BELL #21245 TEMPE A', '201003184', false, '03/16TACO BELL', '', 1, 1, 'e1b3a1f5-9c3e-385f-8933-dd2c98acba80', 229, null);
insert into Split (id, amount, uuid, envelope_id, transaction_id) values(681, -5.82, 'c86909d6-3b9f-339f-9ada-ce6489cb0e94', 246, 680);
insert into Transaction (DTYPE, id, amount, balance, checkNo, date, description, externalId, initialBalance, memo, ref, status, type, uuid, account_id, transfer_id) values('InternalTransaction', 682, 54.38, 3970.45, '', '2010-03-24', 'Transfer from Available', 'null', false, '', '', 2, 0, '5f95cc1d-6a07-3ff8-b25f-7f17e144a5be', 229, 1880);
insert into Split (id, amount, uuid, envelope_id, transaction_id) values(683, 54.38, '2a6f103a-8fe2-38d2-8e98-3f5945ead6d0', 264, 682);
insert into Transaction (DTYPE, id, amount, balance, checkNo, date, description, externalId, initialBalance, memo, ref, status, type, uuid, account_id, transfer_id) values('InternalTransaction', 684, -79.27, 14124.38, '', '2010-02-16', 'Transfer to Fast Food', 'null', false, '', '', 0, 1, '37812ce7-25bf-3869-9808-02ee5f526ce0', 229, 1266);
insert into Split (id, amount, uuid, envelope_id, transaction_id) values(685, -79.27, '3bd8bf10-edb9-39ea-9307-251537300e91', 292, 684);
insert into Transaction (DTYPE, id, amount, balance, checkNo, date, description, externalId, initialBalance, memo, ref, status, type, uuid, account_id, transfer_id) values('InternalTransaction', 686, 30.00, 30.00, '', '2010-02-18', 'Transfer from Available', 'null', false, '', '', 2, 0, 'a852c5ee-62bb-3ede-ac6c-89a9111cee41', 228, 2564);
insert into Split (id, amount, uuid, envelope_id, transaction_id) values(687, 30.00, '29779b26-4242-30d1-9832-03d9109081c1', 286, 686);
insert into Transaction (DTYPE, id, amount, balance, checkNo, date, description, externalId, initialBalance, memo, ref, status, type, uuid, account_id, transfer_id) values('InternalTransaction', 688, -10.00, 650.05, '', '2010-04-16', 'Transfer to Eating Out', 'null', false, '', '', 2, 1, '9cecf009-c6e9-3279-9303-8fc29ef505e9', 229, 848);
insert into Split (id, amount, uuid, envelope_id, transaction_id) values(689, -10.00, '2547fe2a-6fa6-3566-8a68-115d494f30bb', 292, 688);
insert into Transaction (DTYPE, id, amount, balance, checkNo, date, description, externalId, initialBalance, memo, ref, status, type, uuid, account_id, transfer_id) values('InternalTransaction', 692, 1.04, 1.04, '', '2010-03-16', 'Transfer from Spending', 'null', false, '', '', 2, 0, 'd7e877ad-dfd3-340a-b80c-ae7e0c771208', 228, 396);
insert into Split (id, amount, uuid, envelope_id, transaction_id) values(693, 1.04, '248808df-247a-30a1-95b9-2c777d7ac154', 260, 692);
insert into Transaction (DTYPE, id, amount, balance, checkNo, date, description, externalId, initialBalance, memo, ref, status, type, uuid, account_id, transfer_id) values('InternalTransaction', 690, -30.00, 2788.64, '264', '2010-02-08', 'Michael Conley', '201002088', false, '', '', 2, 1, 'cf59e647-f560-3155-856e-c03b017e8635', 229, null);
insert into Split (id, amount, uuid, envelope_id, transaction_id) values(691, -30.00, 'a339787b-88d0-3cec-9600-5c0c84caf864', 286, 690);
insert into Transaction (DTYPE, id, amount, balance, checkNo, date, description, externalId, initialBalance, memo, ref, status, type, uuid, account_id, transfer_id) values('InternalTransaction', 694, -9.98, 1428.45, '', '2010-02-11', 'EASYNEWS.COM 866-396-397', '201002113', false, '02/10EASYNEWS.', '', 2, 1, 'ae872f12-46db-3da1-ada9-773717efa359', 229, null);
insert into Split (id, amount, uuid, envelope_id, transaction_id) values(695, -9.98, '2402e6a8-3c80-3230-bc20-4793d44f05fb', 254, 694);
insert into Transaction (DTYPE, id, amount, balance, checkNo, date, description, externalId, initialBalance, memo, ref, status, type, uuid, account_id, transfer_id) values('InternalTransaction', 696, -2.22, 4045.18, '', '2010-03-29', 'STARBUCKS USA 00096230 T', '201003294', false, '03/26STARBUCKS', '', 1, 1, '043d7423-2d19-30ca-acb3-b2c61f537cab', 229, null);
insert into Split (id, amount, uuid, envelope_id, transaction_id) values(697, -2.22, '9669f6bd-48ba-3dd2-ad84-7217f98bb5c7', 270, 696);
insert into Transaction (DTYPE, id, amount, balance, checkNo, date, description, externalId, initialBalance, memo, ref, status, type, uuid, account_id, transfer_id) values('InternalTransaction', 698, -10.00, 728.98, '', '2010-04-14', 'ROSITA''S PLACE PHOENIX A', '201004142', false, '04/13ROSITA''S', '', 1, 1, 'e46cd792-b44f-372d-baec-3fde0477f4c0', 229, null);
insert into Split (id, amount, uuid, envelope_id, transaction_id) values(699, -10.00, '99af1a58-8a6b-3e1d-9e6d-8e77711c695d', 295, 698);
insert into Transaction (DTYPE, id, amount, balance, checkNo, date, description, externalId, initialBalance, memo, ref, status, type, uuid, account_id, transfer_id) values('InternalTransaction', 702, -5.61, 738.98, '', '2010-04-14', 'MCDONALD''S F12536 SCOTTS', '201004141', false, '04/12MCDONALD''', '', 1, 1, '19105c86-784d-3f77-8d8c-875c711af17f', 229, null);
insert into Split (id, amount, uuid, envelope_id, transaction_id) values(703, -5.61, 'c3965b57-c1c3-3284-af6d-749ac048a42e', 246, 702);
insert into Transaction (DTYPE, id, amount, balance, checkNo, date, description, externalId, initialBalance, memo, ref, status, type, uuid, account_id, transfer_id) values('InternalTransaction', 700, -663.49, 3075.42, '', '2010-04-16', 'Transfer to Taxes', 'null', false, '', '', 2, 1, 'ae33903a-eecb-30c4-b513-45c8586dc8a6', 229, 2963);
insert into Split (id, amount, uuid, envelope_id, transaction_id) values(701, -663.49, '26c1a093-df7b-3174-86a2-e693443ac245', 292, 700);
insert into Transaction (DTYPE, id, amount, balance, checkNo, date, description, externalId, initialBalance, memo, ref, status, type, uuid, account_id, transfer_id) values('InternalTransaction', 708, -179.63, 2268.51, '', '2010-01-29', 'INTOWN SUITES MCDOWELL P', '201001290', false, '01/27INTOWN SU', '', 2, 1, '904d1c1d-0d9d-3c6f-a5bc-e4b132b0daf2', 229, null);
insert into Split (id, amount, uuid, envelope_id, transaction_id) values(709, -179.63, '7163d130-6b8d-3ba9-a0fb-29b1d778893e', 252, 708);
insert into Transaction (DTYPE, id, amount, balance, checkNo, date, description, externalId, initialBalance, memo, ref, status, type, uuid, account_id, transfer_id) values('InternalTransaction', 706, -10.84, 4466.05, '', '2009-11-16', 'FAST EDDIE''S DINER PHOEN', '200911169', false, '11/14FAST EDDI', '', 2, 1, 'd3915f62-bbb2-33e1-8bef-310c4c27092c', 229, null);
insert into Split (id, amount, uuid, envelope_id, transaction_id) values(707, -10.84, '78b7c1b6-a324-3c57-8d8a-cd209f4e466d', 295, 706);
insert into Transaction (DTYPE, id, amount, balance, checkNo, date, description, externalId, initialBalance, memo, ref, status, type, uuid, account_id, transfer_id) values('InternalTransaction', 704, -59.44, 0.00, '', '2010-03-27', 'Transfer to Available', 'null', false, '', '', 2, 1, 'cb72caec-7dde-3397-975d-04f720cd49b6', 228, 2422);
insert into Split (id, amount, uuid, envelope_id, transaction_id) values(705, -59.44, 'cebe9e70-c080-3813-aecc-af6f3a6999d8', 252, 704);
insert into Transaction (DTYPE, id, amount, balance, checkNo, date, description, externalId, initialBalance, memo, ref, status, type, uuid, account_id, transfer_id) values('InternalTransaction', 710, -20.62, 1035.26, '', '2009-11-09', 'WALGREEN COMPANY NWC OF 105188', '200911094', false, '11/07WALGREEN', '', 2, 1, '8117785c-c367-3ac0-a129-7f4eb02238fb', 229, null);
insert into Split (id, amount, uuid, envelope_id, transaction_id) values(711, -20.62, 'f96b3587-c1d4-3ce4-9e1b-5a18761fdd2e', 277, 710);
insert into Transaction (DTYPE, id, amount, balance, checkNo, date, description, externalId, initialBalance, memo, ref, status, type, uuid, account_id, transfer_id) values('InternalTransaction', 716, 19.98, 19.98, '', '2010-04-23', 'Transfer from Medical', 'null', false, '', '', 2, 0, 'c12f805e-90ad-3169-9f58-9a8f2394de3b', 228, 1296);
insert into Split (id, amount, uuid, envelope_id, transaction_id) values(717, 19.98, 'f8050628-e8d0-3335-9291-5fc7d0503173', 252, 716);
insert into Transaction (DTYPE, id, amount, balance, checkNo, date, description, externalId, initialBalance, memo, ref, status, type, uuid, account_id, transfer_id) values('InternalTransaction', 714, -99.15, 2868.29, '', '2010-01-25', 'CARLY''S BISTRO PHOENIX A', '201001252', false, '01/23CARLY''S B', '', 2, 1, 'e59c90b7-e25e-3a6d-8c7b-62f4c3ff06f0', 229, null);
insert into Split (id, amount, uuid, envelope_id, transaction_id) values(715, -99.15, 'e4854942-298e-37b3-9396-6d9c99192498', 295, 714);
insert into Transaction (DTYPE, id, amount, balance, checkNo, date, description, externalId, initialBalance, memo, ref, status, type, uuid, account_id, transfer_id) values('InternalTransaction', 712, -49.00, 5423.46, '', '2009-12-11', 'MASSAGE ENVY 0020 602-22', '200912115', false, '12/09MASSAGE E', '', 2, 1, 'a3f3cafc-d383-3a03-9830-b146db49d6fa', 229, null);
insert into Split (id, amount, uuid, envelope_id, transaction_id) values(713, -49.00, '448e31ec-961b-3b67-b07e-259a5fffbf8d', 279, 712);
insert into Transaction (DTYPE, id, amount, balance, checkNo, date, description, externalId, initialBalance, memo, ref, status, type, uuid, account_id, transfer_id) values('InternalTransaction', 718, 8.95, 8.95, '', '2010-03-12', 'Transfer from Spending', 'null', false, '', '', 2, 0, '723dd143-6a29-3d14-b340-b8215146aa5e', 228, 1592);
insert into Split (id, amount, uuid, envelope_id, transaction_id) values(719, 8.95, '77e18474-93d8-33ca-9bbe-708dfee81bfa', 295, 718);
insert into Transaction (DTYPE, id, amount, balance, checkNo, date, description, externalId, initialBalance, memo, ref, status, type, uuid, account_id, transfer_id) values('InternalTransaction', 720, 526.71, 9379.72, '', '2010-02-16', 'Transfer from Available', 'null', false, '', '', 0, 0, '43d90235-4faf-34b0-84c2-6d06d2394df9', 229, 884);
insert into Split (id, amount, uuid, envelope_id, transaction_id) values(721, 526.71, '62cd2ad8-4cb3-390a-90eb-37208a860c75', 290, 720);
insert into Transaction (DTYPE, id, amount, balance, checkNo, date, description, externalId, initialBalance, memo, ref, status, type, uuid, account_id, transfer_id) values('InternalTransaction', 722, -747.30, 3558.71, '', '2009-12-14', 'FLOOR SOURCE LLC PHOENIX', '200912142', false, '12/10FLOOR SOU', '', 2, 1, '6396bedb-7a4b-3cf2-902a-c12dafffbe8a', 229, null);
insert into Split (id, amount, uuid, envelope_id, transaction_id) values(723, -747.30, 'b405ed13-7d7f-3cf4-b273-80fca03c3e3c', 251, 722);
insert into Transaction (DTYPE, id, amount, balance, checkNo, date, description, externalId, initialBalance, memo, ref, status, type, uuid, account_id, transfer_id) values('InternalTransaction', 724, -128.79, 2140.54, '', '2010-01-04', 'VZWRLSS-MYACCT VW 800-92', '201001040', false, '12/31VZWRLSS-M', '', 2, 1, '15d158e6-5327-36b6-9d2a-03f9db077716', 229, null);
insert into Split (id, amount, uuid, envelope_id, transaction_id) values(725, -128.79, '31ca84db-4f57-32dd-a278-ca7f2fe74e79', 236, 724);
insert into Transaction (DTYPE, id, amount, balance, checkNo, date, description, externalId, initialBalance, memo, ref, status, type, uuid, account_id, transfer_id) values('InternalTransaction', 728, -60.00, 1164.46, '', '2010-04-12', '7-ELEVEN TEMPE AZ 363194', '201004123', false, '04/107-ELEVEN', '', 1, 1, 'f5ecb25e-4940-3a43-896b-050248d38d83', 229, null);
insert into Split (id, amount, uuid, envelope_id, transaction_id) values(729, -60.00, '2ac6e2c5-8530-392f-9539-28b09ddfb725', 252, 728);
insert into Transaction (DTYPE, id, amount, balance, checkNo, date, description, externalId, initialBalance, memo, ref, status, type, uuid, account_id, transfer_id) values('InternalTransaction', 726, -34.99, 2255.40, '', '2010-03-08', '24HR FITNESS DUES 800-43', '201003085', false, '03/0524HR FITN', '', 1, 1, 'e05ea60f-5c70-3bfd-87f8-3190f03468b0', 229, null);
insert into Split (id, amount, uuid, envelope_id, transaction_id) values(727, -34.99, 'c8eae9dd-7c75-33af-9f11-bf5da161c07a', 271, 726);
insert into Transaction (DTYPE, id, amount, balance, checkNo, date, description, externalId, initialBalance, memo, ref, status, type, uuid, account_id, transfer_id) values('InternalTransaction', 732, 2159.85, 3646.75, '', '2010-02-05', 'DIFFUSION GROUP PAYROLL', '201002050', false, 'PPD ID: 1860988050', '', 2, 0, '24d3ac63-40e1-3154-b4c0-21960b611484', 229, null);
insert into Split (id, amount, uuid, envelope_id, transaction_id) values(733, 2159.85, '4025bacc-fdcd-3d89-bd35-ba058e4e05d0', 292, 732);
insert into Transaction (DTYPE, id, amount, balance, checkNo, date, description, externalId, initialBalance, memo, ref, status, type, uuid, account_id, transfer_id) values('InternalTransaction', 730, -22.63, 2485.58, '', '2010-01-25', 'THAI RAMA PHOENIX AZ', '201001259', false, '01/22THAI RAMA', '', 2, 1, 'bb87e720-1959-38e4-a92c-2f50fe07e5ee', 229, null);
insert into Split (id, amount, uuid, envelope_id, transaction_id) values(731, -22.63, '5258979d-b9c7-3d7f-884d-2b6b6dedf1f8', 295, 730);
insert into Transaction (DTYPE, id, amount, balance, checkNo, date, description, externalId, initialBalance, memo, ref, status, type, uuid, account_id, transfer_id) values('InternalTransaction', 734, 94.60, 9474.32, '', '2010-02-16', 'Transfer from Available', 'null', false, '', '', 0, 0, '242fb39b-3c9e-3cfc-947e-aaf5cbbbcf20', 229, 2006);
insert into Split (id, amount, uuid, envelope_id, transaction_id) values(735, 94.60, '6374489d-a0d9-325f-b29e-39730d674b05', 266, 734);
insert into Transaction (DTYPE, id, amount, balance, checkNo, date, description, externalId, initialBalance, memo, ref, status, type, uuid, account_id, transfer_id) values('InternalTransaction', 736, -34.99, 596.59, '', '2010-01-06', '24HR FITNESS DUES 800-43', '201001061', false, '01/0524HR FITN', '', 2, 1, '5a5292a8-0b22-3e71-bcd3-35d50aa3b711', 229, null);
insert into Split (id, amount, uuid, envelope_id, transaction_id) values(737, -34.99, '6232f92e-93ae-3ba9-a0a0-e3c4ed580f38', 271, 736);
insert into Transaction (DTYPE, id, amount, balance, checkNo, date, description, externalId, initialBalance, memo, ref, status, type, uuid, account_id, transfer_id) values('InternalTransaction', 740, -8.23, 2708.48, '', '2010-04-05', 'SPROUTS FARMERS MKT # 0 384770', '201004052', false, '04/02SPROUTS F', '', 1, 1, 'ea258a4b-d5dc-3ac1-ae9e-3b2be7a78571', 229, null);
insert into Split (id, amount, uuid, envelope_id, transaction_id) values(741, -8.23, '6e523473-4032-335b-b2af-0858913ef66c', 238, 740);
insert into Transaction (DTYPE, id, amount, balance, checkNo, date, description, externalId, initialBalance, memo, ref, status, type, uuid, account_id, transfer_id) values('InternalTransaction', 738, -6.76, 2272.83, '', '2009-12-31', 'BLOCKBUSTER VIDEO #0400', '200912311', false, '12/29BLOCKBUST', '', 2, 1, '03158a68-e9a4-3b29-afe0-a3ea3ae91768', 229, null);
insert into Split (id, amount, uuid, envelope_id, transaction_id) values(739, -6.76, '1e0b95a4-12e6-3056-b365-5a545f59bf25', 265, 738);
insert into Transaction (DTYPE, id, amount, balance, checkNo, date, description, externalId, initialBalance, memo, ref, status, type, uuid, account_id, transfer_id) values('InternalTransaction', 744, -6.18, 2426.45, '', '2010-03-19', 'Transfer to Groceries', 'null', false, '', '', 2, 1, 'c01cbd52-f371-3f5b-8689-cf225a40b680', 229, 2827);
insert into Split (id, amount, uuid, envelope_id, transaction_id) values(745, -6.18, 'f4e43574-0158-3b66-a7ce-a27614080ff0', 292, 744);
insert into Transaction (DTYPE, id, amount, balance, checkNo, date, description, externalId, initialBalance, memo, ref, status, type, uuid, account_id, transfer_id) values('InternalTransaction', 742, -15.00, 1579.88, '', '2010-01-12', 'HSBC CARD SRVCS Online Pmt 0000', '201001123', false, '00523619767 WEB ID: 2000000510', '', 2, 1, '05c9f44c-c335-343d-9d38-b31eb16975bc', 229, null);
insert into Split (id, amount, uuid, envelope_id, transaction_id) values(743, -15.00, '28083305-b447-3536-8f19-d41052a90076', 242, 742);
insert into Transaction (DTYPE, id, amount, balance, checkNo, date, description, externalId, initialBalance, memo, ref, status, type, uuid, account_id, transfer_id) values('InternalTransaction', 746, -80.00, 3006.61, '254', '2009-12-03', 'Annette Trijillo', '200912030', false, '', '', 2, 1, 'd0818fc6-e812-36d7-9d99-2988b631cb98', 229, null);
insert into Split (id, amount, uuid, envelope_id, transaction_id) values(747, -80.00, '1f6ff5bf-2e63-3cb2-8c20-7aed1d7daf68', 261, 746);
insert into Transaction (DTYPE, id, amount, balance, checkNo, date, description, externalId, initialBalance, memo, ref, status, type, uuid, account_id, transfer_id) values('InternalTransaction', 748, -395.45, 4322.90, '', '2010-02-19', 'Transfer to GMAC Mortgage', 'null', false, '', '', 2, 1, '6542bd82-4c59-3296-a59b-e771c32e58af', 229, 1634);
insert into Split (id, amount, uuid, envelope_id, transaction_id) values(749, -395.45, '97ba295a-120c-3428-a2d9-f0b1b50c23c3', 292, 748);
insert into Transaction (DTYPE, id, amount, balance, checkNo, date, description, externalId, initialBalance, memo, ref, status, type, uuid, account_id, transfer_id) values('InternalTransaction', 752, 4.13, 3788.03, '', '2010-02-19', 'Transfer from Available', 'null', false, '', '', 2, 0, '912bc70e-7ca6-36f1-9312-8d27ba4acdab', 229, 2144);
insert into Split (id, amount, uuid, envelope_id, transaction_id) values(753, 4.13, '2bc5cac1-55bd-38f9-ac90-2a6220a09625', 263, 752);
insert into Transaction (DTYPE, id, amount, balance, checkNo, date, description, externalId, initialBalance, memo, ref, status, type, uuid, account_id, transfer_id) values('InternalTransaction', 750, 11.12, 11.12, '', '2010-03-11', 'Transfer from Available', 'null', false, '', '', 2, 0, 'd1310b1f-3534-3671-9a57-9e32eddc8eeb', 228, 1878);
insert into Split (id, amount, uuid, envelope_id, transaction_id) values(751, 11.12, 'a17f1bea-a40d-3ef2-aabf-9c97be6b8b3a', 246, 750);
insert into Transaction (DTYPE, id, amount, balance, checkNo, date, description, externalId, initialBalance, memo, ref, status, type, uuid, account_id, transfer_id) values('InternalTransaction', 754, 0.00, 3298.59, '', '2010-04-02', 'Transfer from Available', 'null', false, '', '', 2, 1, '3ba5283e-95bd-3dff-986f-f93d90a7c821', 229, 1736);
insert into Split (id, amount, uuid, envelope_id, transaction_id) values(755, 0.00, '2546ba89-36c2-3414-a274-d1db78e2fcc2', 294, 754);
insert into Transaction (DTYPE, id, amount, balance, checkNo, date, description, externalId, initialBalance, memo, ref, status, type, uuid, account_id, transfer_id) values('InternalTransaction', 756, -21.00, 1357.14, '', '2010-01-19', 'HARKINS CHRISTOWN 14 PHO', '201001194', false, '01/17HARKINS C', '', 2, 1, 'e2c10eba-5e1e-387d-bef6-42921714e50b', 229, null);
insert into Split (id, amount, uuid, envelope_id, transaction_id) values(757, -21.00, '3b28b5e8-1e14-3726-8342-29814b47b483', 284, 756);
insert into Transaction (DTYPE, id, amount, balance, checkNo, date, description, externalId, initialBalance, memo, ref, status, type, uuid, account_id, transfer_id) values('InternalTransaction', 758, -20.41, 1135.04, '', '2010-02-16', 'Transfer to Spending', 'null', false, '', '', 0, 1, '2993aede-2c0c-3b2b-af6b-214cc5ca3038', 229, 1632);
insert into Split (id, amount, uuid, envelope_id, transaction_id) values(759, -20.41, '9727bb64-e2d9-39df-a06a-1bde7a8b23ac', 292, 758);
insert into Transaction (DTYPE, id, amount, balance, checkNo, date, description, externalId, initialBalance, memo, ref, status, type, uuid, account_id, transfer_id) values('InternalTransaction', 762, -42.41, 1821.39, '', '2010-03-11', 'CHEVRON 00206657 PHOENIX', '201003111', false, '03/09CHEVRON 0', '', 1, 1, '9d0bf9e9-a52d-3206-a7ad-0c78ae14bea1', 229, null);
insert into Split (id, amount, uuid, envelope_id, transaction_id) values(763, -42.41, 'a887c173-bb99-313d-9da8-0470637f8c87', 253, 762);
insert into Transaction (DTYPE, id, amount, balance, checkNo, date, description, externalId, initialBalance, memo, ref, status, type, uuid, account_id, transfer_id) values('InternalTransaction', 760, -5.25, 0.00, '', '2010-04-13', 'Transfer to Available', 'null', false, '', '', 2, 1, '2568f27e-76f8-31a1-a0ee-0364f2912dd5', 228, 1262);
insert into Split (id, amount, uuid, envelope_id, transaction_id) values(761, -5.25, 'cabfe278-aa1f-3582-981d-d46c620f6f9f', 239, 760);
insert into Transaction (DTYPE, id, amount, balance, checkNo, date, description, externalId, initialBalance, memo, ref, status, type, uuid, account_id, transfer_id) values('InternalTransaction', 764, -64.01, 4450.68, '', '2010-03-19', 'Transfer to Verizon Wireless', 'null', false, '', '', 2, 1, 'e7086b2f-406d-30f1-87ca-e6372216efe8', 229, 2488);
insert into Split (id, amount, uuid, envelope_id, transaction_id) values(765, -64.01, '2ae96681-28eb-3efd-bebb-9cd9a7a3181b', 292, 764);
insert into Transaction (DTYPE, id, amount, balance, checkNo, date, description, externalId, initialBalance, memo, ref, status, type, uuid, account_id, transfer_id) values('InternalTransaction', 766, 13.99, 3802.02, '', '2010-02-19', 'Transfer from Available', 'null', false, '', '', 2, 0, '1ac37c97-a9df-34bb-bd86-d49721b0d70f', 229, 420);
insert into Split (id, amount, uuid, envelope_id, transaction_id) values(767, 13.99, 'cfb9f696-34ba-3a60-8f2f-e2f9a22e36e4', 266, 766);
insert into Transaction (DTYPE, id, amount, balance, checkNo, date, description, externalId, initialBalance, memo, ref, status, type, uuid, account_id, transfer_id) values('InternalTransaction', 768, -2.70, 2570.88, '', '2010-01-11', 'FEDEX KINKO''S #2306 PHOE', '2010011116', false, '01/08FEDEX KIN', '', 2, 1, 'e4905189-f438-32d1-afc2-2c664b516244', 229, null);
insert into Split (id, amount, uuid, envelope_id, transaction_id) values(769, -2.70, '5d936cbb-680b-300a-8d01-10b84133cb31', 251, 768);
insert into Transaction (DTYPE, id, amount, balance, checkNo, date, description, externalId, initialBalance, memo, ref, status, type, uuid, account_id, transfer_id) values('InternalTransaction', 772, -0.00, 2856.94, '', '2010-04-02', 'Transfer to Car Wash', 'null', false, '', '', 2, 1, 'd2088277-c343-3e37-9ec8-bd42204d9f0f', 229, 1748);
insert into Split (id, amount, uuid, envelope_id, transaction_id) values(773, -0.00, '13071a6d-9475-36ec-a577-6a9a89fc801d', 292, 772);
insert into Transaction (DTYPE, id, amount, balance, checkNo, date, description, externalId, initialBalance, memo, ref, status, type, uuid, account_id, transfer_id) values('InternalTransaction', 770, -42.00, 1538.35, '', '2010-03-15', 'JUST RELAX PHOENIX AZ', '201003152', false, '03/14JUST RELA', '', 1, 1, 'eeeee9ba-0a23-3244-a885-a0e651f23d3f', 229, null);
insert into Split (id, amount, uuid, envelope_id, transaction_id) values(771, -42.00, 'af4227c8-9b4f-3d57-9694-f073689b2947', 256, 770);
insert into Transaction (DTYPE, id, amount, balance, checkNo, date, description, externalId, initialBalance, memo, ref, status, type, uuid, account_id, transfer_id) values('InternalTransaction', 776, -6.44, 1215.75, '', '2010-03-16', 'Fast Fix Jewelry Repair', '201003162', false, '03/14Fast Fix', '', 1, 1, 'f334bce0-3680-3437-93b0-a4f8ec0cfd30', 229, null);
insert into Split (id, amount, uuid, envelope_id, transaction_id) values(777, -6.44, '5e0f13a1-0ce1-3eeb-af73-e9fb03a1cdb3', 252, 776);
insert into Transaction (DTYPE, id, amount, balance, checkNo, date, description, externalId, initialBalance, memo, ref, status, type, uuid, account_id, transfer_id) values('InternalTransaction', 774, -10.80, 4019.66, '', '2009-12-01', 'CVS 09205 09205--802 SO 219781', '200912010', false, '11/30CVS 09205', '', 2, 1, 'c5efd6e3-e2f0-3a86-bdb0-c8352c9bf6ea', 229, null);
insert into Split (id, amount, uuid, envelope_id, transaction_id) values(775, -10.80, '98afef18-a836-39e0-8179-6b017781778e', 286, 774);
insert into Transaction (DTYPE, id, amount, balance, checkNo, date, description, externalId, initialBalance, memo, ref, status, type, uuid, account_id, transfer_id) values('InternalTransaction', 778, -20.43, 4339.48, '', '2009-12-14', 'FAST EDDIE''S DINER PHOEN', '2009121417', false, '12/13FAST EDDI', '', 2, 1, '264131a7-55e8-3c1e-b175-a43ec27aa854', 229, null);
insert into Split (id, amount, uuid, envelope_id, transaction_id) values(779, -20.43, 'f7195d1d-6124-39f5-8238-0385fdfccbc4', 295, 778);
insert into Transaction (DTYPE, id, amount, balance, checkNo, date, description, externalId, initialBalance, memo, ref, status, type, uuid, account_id, transfer_id) values('InternalTransaction', 784, 2.50, 2.50, '', '2010-03-16', 'Transfer from Spending', 'null', false, '', '', 2, 0, '87ec7267-ed70-3f88-8367-888184652f01', 228, 360);
insert into Split (id, amount, uuid, envelope_id, transaction_id) values(785, 2.50, 'cb533b87-1f47-3123-b1cc-9e4bc012f10b', 270, 784);
insert into Transaction (DTYPE, id, amount, balance, checkNo, date, description, externalId, initialBalance, memo, ref, status, type, uuid, account_id, transfer_id) values('InternalTransaction', 782, -17.50, 1155.45, '', '2010-02-16', 'Transfer to Movie Theatre', 'null', false, '', '', 0, 1, 'ad3fea56-e3a4-33a7-b6a0-727f1650c2e9', 229, 2911);
insert into Split (id, amount, uuid, envelope_id, transaction_id) values(783, -17.50, 'f2d89fb7-481d-32b9-b33c-7dff1b8823b4', 292, 782);
insert into Transaction (DTYPE, id, amount, balance, checkNo, date, description, externalId, initialBalance, memo, ref, status, type, uuid, account_id, transfer_id) values('InternalTransaction', 780, -15.53, 4491.86, '', '2009-11-16', 'SPROUTS FARMERS MKT # 0 262740', '200911167', false, '11/16SPROUTS F', '', 2, 1, 'd02f5fe7-5db0-3f93-bd29-68737c44819a', 229, null);
insert into Split (id, amount, uuid, envelope_id, transaction_id) values(781, -15.53, 'f881118f-8f1e-3af8-9473-a9a09c2a6eb4', 238, 780);
insert into Transaction (DTYPE, id, amount, balance, checkNo, date, description, externalId, initialBalance, memo, ref, status, type, uuid, account_id, transfer_id) values('InternalTransaction', 790, -35.00, 2037.28, '', '2009-11-05', 'PIHMA COLLEGE AND CL Pho293456', '200911050', false, '11/04PIHMA COL', '', 2, 1, 'c5180bda-e243-3874-98af-e1e425ce54ba', 229, null);
insert into Split (id, amount, uuid, envelope_id, transaction_id) values(791, -35.00, 'f9cebf8d-e23d-3545-bb6d-d71e99521186', 286, 790);
insert into Transaction (DTYPE, id, amount, balance, checkNo, date, description, externalId, initialBalance, memo, ref, status, type, uuid, account_id, transfer_id) values('InternalTransaction', 788, -309.33, 1507.04, '', '2010-02-11', 'VW CREDIT, INC. AUTO DEBIT WE', '201002110', false, 'B 852539481 WEB ID: 1382362409', '', 2, 1, '442acd07-89dc-38cb-a5af-d2daac976ed9', 229, null);
insert into Split (id, amount, uuid, envelope_id, transaction_id) values(789, -309.33, '3d8c862d-15d4-3201-a9fa-1c066a47ea20', 267, 788);
insert into Transaction (DTYPE, id, amount, balance, checkNo, date, description, externalId, initialBalance, memo, ref, status, type, uuid, account_id, transfer_id) values('InternalTransaction', 786, -116.99, 2788.99, '', '2009-12-14', 'HAYNEEDLE INC HTTP://WWW', '200912145', false, '12/13HAYNEEDLE', '', 2, 1, '9c031488-d4b9-387a-9bef-d62d3c550ed3', 229, null);
insert into Split (id, amount, uuid, envelope_id, transaction_id) values(787, -116.99, '52ba09a7-cc3d-3d59-8010-204448b0095d', 252, 786);
insert into Transaction (DTYPE, id, amount, balance, checkNo, date, description, externalId, initialBalance, memo, ref, status, type, uuid, account_id, transfer_id) values('InternalTransaction', 796, -18.14, 1276.35, '', '2010-02-16', 'Transfer to Eating Out', 'null', false, '', '', 0, 1, 'd892b599-ae70-3969-b45f-1f7d1399f74d', 229, 2985);
insert into Split (id, amount, uuid, envelope_id, transaction_id) values(797, -18.14, 'c0248515-b340-349d-a814-e2aea9bb7c17', 292, 796);
insert into Transaction (DTYPE, id, amount, balance, checkNo, date, description, externalId, initialBalance, memo, ref, status, type, uuid, account_id, transfer_id) values('InternalTransaction', 794, -175.00, 2480.14, '', '2010-03-08', 'IRS USATAXPYMT 2700', '201003082', false, '46700641841 WEB ID: 3387702000', '', 1, 1, '0a3518df-f046-37af-aff2-92566c106418', 229, null);
insert into Split (id, amount, uuid, envelope_id, transaction_id) values(795, -175.00, 'ad6166ee-7010-3a28-8ac6-924382dd2d95', 275, 794);
insert into Transaction (DTYPE, id, amount, balance, checkNo, date, description, externalId, initialBalance, memo, ref, status, type, uuid, account_id, transfer_id) values('InternalTransaction', 792, -787.02, null, '', '2010-04-02', 'LOANSERVICING AUTOMATIC', '201004025', false, 'PPD ID: 1231694840', '', 1, 1, 'f4420810-8aaa-362a-aef6-7b39ef8c6861', 229, null);
insert into Split (id, amount, uuid, envelope_id, transaction_id) values(793, -787.02, '3ff00ca8-66d1-3156-836c-8c1375eed1d8', 231, 792);
insert into Transaction (DTYPE, id, amount, balance, checkNo, date, description, externalId, initialBalance, memo, ref, status, type, uuid, account_id, transfer_id) values('InternalTransaction', 798, 52.49, 52.49, '', '2010-04-13', 'Transfer from Me.com', 'null', false, '', '', 2, 0, '32b8f1e4-8cb9-3a92-aeb2-c9d4b19748ee', 228, 2324);
insert into Split (id, amount, uuid, envelope_id, transaction_id) values(799, 52.49, '0d6e4ae5-28ae-3996-bf9d-f674b2ffe0c3', 292, 798);
insert into Transaction (DTYPE, id, amount, balance, checkNo, date, description, externalId, initialBalance, memo, ref, status, type, uuid, account_id, transfer_id) values('InternalTransaction', 800, 4.98, 4368.81, '', '2010-03-05', 'Transfer from Available', 'null', false, '', '', 2, 0, 'bb46ff4e-4190-304d-91f3-19cea33635b4', 229, 2254);
insert into Split (id, amount, uuid, envelope_id, transaction_id) values(801, 4.98, '715d69f9-399d-3395-bc0a-8facecd303a3', 232, 800);
insert into Transaction (DTYPE, id, amount, balance, checkNo, date, description, externalId, initialBalance, memo, ref, status, type, uuid, account_id, transfer_id) values('InternalTransaction', 802, -6.57, 1247.56, '', '2010-04-09', 'CHEBA HUT TEMPE TEMPE AZ', '201004090', false, '04/07CHEBA HUT', '', 1, 1, 'cc6a81ce-1b0d-3207-b7b6-d7bcfce3476a', 229, null);
insert into Split (id, amount, uuid, envelope_id, transaction_id) values(803, -6.57, 'fe2fb462-94fa-34f3-b2b7-ebbf244d0209', 264, 802);
insert into Transaction (DTYPE, id, amount, balance, checkNo, date, description, externalId, initialBalance, memo, ref, status, type, uuid, account_id, transfer_id) values('InternalTransaction', 808, 208.00, 9862.57, '', '2010-02-16', 'Transfer from Available', 'null', false, '', '', 0, 0, 'fbaca0b4-2a30-3337-8708-2b7f2df6f03a', 229, 2434);
insert into Split (id, amount, uuid, envelope_id, transaction_id) values(809, 208.00, 'ae90f011-8549-33c5-9223-aa3931dc3572', 279, 808);
insert into Transaction (DTYPE, id, amount, balance, checkNo, date, description, externalId, initialBalance, memo, ref, status, type, uuid, account_id, transfer_id) values('InternalTransaction', 806, -343.62, 1434.05, '', '2009-11-09', 'AZ MOTOR VEHICLE DIV 866', '200911090', false, '11/07AZ MOTOR', '', 2, 1, '5e6a88ae-9676-31c1-940e-87aaf2a5885d', 229, null);
insert into Split (id, amount, uuid, envelope_id, transaction_id) values(807, -343.62, 'bf26fdda-87bb-337b-9e13-8aeba8832c50', 293, 806);
insert into Transaction (DTYPE, id, amount, balance, checkNo, date, description, externalId, initialBalance, memo, ref, status, type, uuid, account_id, transfer_id) values('InternalTransaction', 804, 24.50, 2450.95, '', '2010-03-19', 'Transfer from Available', 'null', false, '', '', 2, 0, '3d62990e-362d-3138-a264-fc3fb700ee4e', 229, 1318);
insert into Split (id, amount, uuid, envelope_id, transaction_id) values(805, 24.50, 'e6d09df8-7f28-315a-af88-ae8aef0133be', 279, 804);
insert into Transaction (DTYPE, id, amount, balance, checkNo, date, description, externalId, initialBalance, memo, ref, status, type, uuid, account_id, transfer_id) values('InternalTransaction', 810, 27.19, 4396.00, '', '2010-03-05', 'Transfer from Available', 'null', false, '', '', 2, 0, '4172de60-eac2-31a5-ae73-d770e7854ba4', 229, 318);
insert into Split (id, amount, uuid, envelope_id, transaction_id) values(811, 27.19, '346fe8f4-dbf2-310b-9b2d-0904ba4e8c24', 259, 810);
insert into Transaction (DTYPE, id, amount, balance, checkNo, date, description, externalId, initialBalance, memo, ref, status, type, uuid, account_id, transfer_id) values('InternalTransaction', 812, -6.47, 2893.95, '', '2010-04-16', 'Transfer to Tivo', 'null', false, '', '', 2, 1, '18f9c3d0-3494-3621-a8fa-02b64698aedd', 229, 534);
insert into Split (id, amount, uuid, envelope_id, transaction_id) values(813, -6.47, '6977a68d-3c57-3c07-84a4-f0c7d792d1f3', 292, 812);
insert into Transaction (DTYPE, id, amount, balance, checkNo, date, description, externalId, initialBalance, memo, ref, status, type, uuid, account_id, transfer_id) values('InternalTransaction', 816, -5.06, 4388.97, '', '2009-11-30', 'TACO BELL 00080 Q67 P', '2009113017', false, '11/27TACO BELL', '', 2, 1, '2c2e332c-29cb-3ba0-a229-a26d2434dfaa', 229, null);
insert into Split (id, amount, uuid, envelope_id, transaction_id) values(817, -5.06, 'b5c7dbb5-b922-36fd-a179-d1d12c42f693', 246, 816);
insert into Transaction (DTYPE, id, amount, balance, checkNo, date, description, externalId, initialBalance, memo, ref, status, type, uuid, account_id, transfer_id) values('InternalTransaction', 814, -6.28, 907.33, '', '2009-11-10', 'SPROUTS FARMERS MKT # 0 075971', '200911102', false, '11/10SPROUTS F', '', 2, 1, '43dff3a9-190d-31f5-b48d-bf7ddb67c4fa', 229, null);
insert into Split (id, amount, uuid, envelope_id, transaction_id) values(815, -6.28, 'da993e2c-26c8-38a3-b5ba-88cfd4b75114', 238, 814);
insert into Transaction (DTYPE, id, amount, balance, checkNo, date, description, externalId, initialBalance, memo, ref, status, type, uuid, account_id, transfer_id) values('InternalTransaction', 818, 156.00, 3454.59, '', '2010-04-02', 'Transfer from Available', 'null', false, '', '', 2, 0, 'fe850f24-7ecf-316d-9bb6-35d301749ed4', 229, 1926);
insert into Split (id, amount, uuid, envelope_id, transaction_id) values(819, 156.00, '0573dffe-1267-3cd7-906c-b5fe2356f907', 252, 818);
insert into Transaction (DTYPE, id, amount, balance, checkNo, date, description, externalId, initialBalance, memo, ref, status, type, uuid, account_id, transfer_id) values('InternalTransaction', 820, 8.03, 957.70, '', '2010-03-03', 'Transfer from Available', 'null', false, '', '', 2, 0, '847763b0-ce59-3e24-849b-205eb53d7e04', 229, 1646);
insert into Split (id, amount, uuid, envelope_id, transaction_id) values(821, 8.03, '138e0cf2-2849-33eb-ad85-e17d90d90bab', 238, 820);
insert into Transaction (DTYPE, id, amount, balance, checkNo, date, description, externalId, initialBalance, memo, ref, status, type, uuid, account_id, transfer_id) values('InternalTransaction', 824, 4.97, 3806.99, '', '2010-02-19', 'Transfer from Available', 'null', false, '', '', 2, 0, '94e66882-cd7b-379f-9f5a-4ac998255550', 229, 2474);
insert into Split (id, amount, uuid, envelope_id, transaction_id) values(825, 4.97, '56787708-103c-3bef-9e57-92aad5893775', 232, 824);
insert into Transaction (DTYPE, id, amount, balance, checkNo, date, description, externalId, initialBalance, memo, ref, status, type, uuid, account_id, transfer_id) values('InternalTransaction', 822, -10.00, 4105.33, '', '2009-11-20', 'WALGREENS #4722 PHOENIX', '200911201', false, '11/19WALGREENS', '', 2, 1, '6af68d50-73ca-36ae-a530-669731aa2174', 229, null);
insert into Split (id, amount, uuid, envelope_id, transaction_id) values(823, -10.00, '98dc8cfa-bfb2-3aaa-a468-e4929dc6afad', 277, 822);
insert into Transaction (DTYPE, id, amount, balance, checkNo, date, description, externalId, initialBalance, memo, ref, status, type, uuid, account_id, transfer_id) values('InternalTransaction', 826, 108.25, 9970.82, '', '2010-02-16', 'Transfer from Available', 'null', false, '', '', 0, 0, 'e89f48a2-b1cf-3379-bb9d-f800be667b08', 229, 1478);
insert into Split (id, amount, uuid, envelope_id, transaction_id) values(827, 108.25, '2009fe01-f397-3175-87f9-31dc8ad50c15', 249, 826);
insert into Transaction (DTYPE, id, amount, balance, checkNo, date, description, externalId, initialBalance, memo, ref, status, type, uuid, account_id, transfer_id) values('InternalTransaction', 828, -2.50, 2897.93, '', '2009-12-03', 'NEOBUDGET.COM HOLLY SPRI', '200912035', false, '12/02NEOBUDGET', '', 2, 1, '836e6210-2ef7-3bb3-be5d-4c7734850717', 229, null);
insert into Split (id, amount, uuid, envelope_id, transaction_id) values(829, -2.50, 'ad5b3bc1-5a6e-336d-9067-d4a8798d47a9', 252, 828);
insert into Transaction (DTYPE, id, amount, balance, checkNo, date, description, externalId, initialBalance, memo, ref, status, type, uuid, account_id, transfer_id) values('InternalTransaction', 832, -309.33, 813.25, '', '2010-04-12', 'VW CREDIT, INC. AUTO DEBIT WE', '201004127', false, 'B 852539481 WEB ID: 1382362409', '', 1, 1, '0bc4952d-c381-36e3-9e68-49b7290326f0', 229, null);
insert into Split (id, amount, uuid, envelope_id, transaction_id) values(833, -309.33, '9d0ede6f-87f2-39fd-b0f3-829973d1a6c9', 267, 832);
insert into Transaction (DTYPE, id, amount, balance, checkNo, date, description, externalId, initialBalance, memo, ref, status, type, uuid, account_id, transfer_id) values('InternalTransaction', 830, -309.33, 598.00, '', '2009-11-12', 'VW CREDIT, INC. AUTO DEBIT WE', '200911120', false, 'B 852539481 WEB ID: 1382362409', '', 2, 1, '550b2021-83e8-3ff0-96fd-5664fdd227a7', 229, null);
insert into Split (id, amount, uuid, envelope_id, transaction_id) values(831, -309.33, 'c7da6423-2733-3f7e-9806-91c02b428de6', 267, 830);
insert into Transaction (DTYPE, id, amount, balance, checkNo, date, description, externalId, initialBalance, memo, ref, status, type, uuid, account_id, transfer_id) values('InternalTransaction', 834, -60.00, 2946.61, '', '2009-12-03', 'ATM WITHDRAWAL 008882', '200912031', false, '12/027801 N 19', '', 2, 1, '2a50e3c8-18c4-38c5-a73f-dd90614e9d98', 229, null);
insert into Split (id, amount, uuid, envelope_id, transaction_id) values(835, -60.00, 'bc0efdd1-054e-347f-8ca0-053d273e0070', 276, 834);
insert into Transaction (DTYPE, id, amount, balance, checkNo, date, description, externalId, initialBalance, memo, ref, status, type, uuid, account_id, transfer_id) values('InternalTransaction', 838, -24.90, 3530.73, '', '2010-02-16', 'Transfer to Pet', 'null', false, '', '', 0, 1, '841c9ece-45a5-3c32-a7de-f0712a51cda1', 229, 2386);
insert into Split (id, amount, uuid, envelope_id, transaction_id) values(839, -24.90, '88653918-e7dd-333d-8868-862cc0309ab7', 292, 838);
insert into Transaction (DTYPE, id, amount, balance, checkNo, date, description, externalId, initialBalance, memo, ref, status, type, uuid, account_id, transfer_id) values('InternalTransaction', 836, -33.36, 2107.18, '', '2010-01-04', 'LOWE''S #1204 PHOENIX AZ 760297', '201001041', false, '01/03LOWE''S #1', '', 2, 1, 'fa59ed22-e44d-3e44-b14e-0087d67a4e5e', 229, null);
insert into Split (id, amount, uuid, envelope_id, transaction_id) values(837, -33.36, '81d39eec-41f3-39ce-8e67-9f47f752ea00', 239, 836);
insert into Transaction (DTYPE, id, amount, balance, checkNo, date, description, externalId, initialBalance, memo, ref, status, type, uuid, account_id, transfer_id) values('InternalTransaction', 842, 25.00, 3831.99, '', '2010-02-19', 'Transfer from Available', 'null', false, '', '', 2, 0, 'c4d84beb-13d8-3d3f-a55a-50149092cded', 229, 1050);
insert into Split (id, amount, uuid, envelope_id, transaction_id) values(843, 25.00, '26ec39fe-6b5c-31d1-b546-9a9998579a3f', 286, 842);
insert into Transaction (DTYPE, id, amount, balance, checkNo, date, description, externalId, initialBalance, memo, ref, status, type, uuid, account_id, transfer_id) values('InternalTransaction', 840, -10.63, 1022.78, '', '2009-12-24', 'WHATABURGER 756 Q26 P', '200912242', false, '12/22WHATABURG', '', 2, 1, '2d0023e3-51f7-32fe-9ced-cc1e9fa1afda', 229, null);
insert into Split (id, amount, uuid, envelope_id, transaction_id) values(841, -10.63, '929cdc6d-36c0-3671-8ad3-88d7aabe0d19', 246, 840);
insert into Transaction (DTYPE, id, amount, balance, checkNo, date, description, externalId, initialBalance, memo, ref, status, type, uuid, account_id, transfer_id) values('InternalTransaction', 846, 81.98, 1320.42, '', '2010-02-16', 'Transfer from Available', 'null', false, '', '', 0, 0, '7ca5bd15-8fcc-34e3-a3d1-2fb0435cb6a7', 229, 1766);
insert into Split (id, amount, uuid, envelope_id, transaction_id) values(847, 81.98, '9f73e949-c709-3b02-8480-e2afd8e26bee', 273, 846);
insert into Transaction (DTYPE, id, amount, balance, checkNo, date, description, externalId, initialBalance, memo, ref, status, type, uuid, account_id, transfer_id) values('InternalTransaction', 844, -309.33, 5708.88, '', '2009-12-11', 'VW CREDIT, INC. AUTO DEBIT WE', '200912111', false, 'B 852539481 WEB ID: 1382362409', '', 2, 1, 'c12dfee8-cfd3-3821-bbfb-2826e8f7e45b', 229, null);
insert into Split (id, amount, uuid, envelope_id, transaction_id) values(845, -309.33, 'cc7e6644-c8ae-36be-96a0-22b6ae6eca16', 267, 844);
insert into Transaction (DTYPE, id, amount, balance, checkNo, date, description, externalId, initialBalance, memo, ref, status, type, uuid, account_id, transfer_id) values('InternalTransaction', 848, 10.00, 660.05, '', '2010-04-16', 'Transfer from Available', 'null', false, '', '', 2, 0, '3c856988-a8d5-3c73-b638-e4fb1bd1cfe1', 229, 688);
insert into Split (id, amount, uuid, envelope_id, transaction_id) values(849, 10.00, '4b2ae457-4b60-31ea-977f-d58a58fff8a3', 295, 848);
insert into Transaction (DTYPE, id, amount, balance, checkNo, date, description, externalId, initialBalance, memo, ref, status, type, uuid, account_id, transfer_id) values('InternalTransaction', 850, -175.00, 3300.70, '', '2009-11-02', 'IRS USATAXPYMT 2709', '200911020', false, '70600034614 WEB ID: 3387702000', '', 2, 1, '7e51fdab-7140-337b-9ab0-1f3a19ee15ef', 229, null);
insert into Split (id, amount, uuid, envelope_id, transaction_id) values(851, -175.00, 'c6b78a09-9f67-3588-ac4d-107b53f463d5', 256, 850);
insert into Transaction (DTYPE, id, amount, balance, checkNo, date, description, externalId, initialBalance, memo, ref, status, type, uuid, account_id, transfer_id) values('InternalTransaction', 852, -15.99, 3916.07, '', '2010-03-23', 'QDOBA 428 11404282 P', '201003232', false, '03/21QDOBA 428', '', 1, 1, '1af46049-e410-312f-84d6-988c94e2f825', 229, null);
insert into Split (id, amount, uuid, envelope_id, transaction_id) values(853, -15.99, 'fec94ea9-0b4d-3417-b60b-487a7b1f1332', 295, 852);
insert into Transaction (DTYPE, id, amount, balance, checkNo, date, description, externalId, initialBalance, memo, ref, status, type, uuid, account_id, transfer_id) values('InternalTransaction', 854, 10.97, 4406.97, '', '2010-03-05', 'Transfer from Available', 'null', false, '', '', 2, 0, '5adcde72-ffa9-3b0d-91f5-2f6bcfd38413', 229, 2486);
insert into Split (id, amount, uuid, envelope_id, transaction_id) values(855, 10.97, 'ed13a839-03e2-335f-b780-a6b003575bf8', 274, 854);
insert into Transaction (DTYPE, id, amount, balance, checkNo, date, description, externalId, initialBalance, memo, ref, status, type, uuid, account_id, transfer_id) values('InternalTransaction', 856, -13.00, 3516.23, '', '2009-12-14', 'MACY''S 462 9700 ME 753652', '2009121422', false, '12/12MACY''S', '', 2, 1, '0fc7232b-74d3-3467-a7cf-2a132fe1c09b', 229, null);
insert into Split (id, amount, uuid, envelope_id, transaction_id) values(857, -13.00, '9a0c201c-e6d9-385a-a807-86b9867cf587', 285, 856);
insert into Transaction (DTYPE, id, amount, balance, checkNo, date, description, externalId, initialBalance, memo, ref, status, type, uuid, account_id, transfer_id) values('InternalTransaction', 858, 5.00, 5.00, '', '2010-04-08', 'Transfer from Personal Care', 'null', false, '', '', 2, 0, '903e9a5a-567c-3014-8fb0-2b1e3034355d', 228, 2861);
insert into Split (id, amount, uuid, envelope_id, transaction_id) values(859, 5.00, '1993323a-f1fd-3bb3-9665-64adb58d8f18', 252, 858);
insert into Transaction (DTYPE, id, amount, balance, checkNo, date, description, externalId, initialBalance, memo, ref, status, type, uuid, account_id, transfer_id) values('InternalTransaction', 860, 317.51, 317.51, '', '2010-03-23', 'Transfer from Unassigned', 'null', false, '', '', 2, 0, 'b069c311-6b9b-3556-a643-883220e33e36', 228, 2554);
insert into Split (id, amount, uuid, envelope_id, transaction_id) values(861, 317.51, '65ca94c9-71e9-3524-896a-ea37e5dd825d', 292, 860);
insert into Transaction (DTYPE, id, amount, balance, checkNo, date, description, externalId, initialBalance, memo, ref, status, type, uuid, account_id, transfer_id) values('InternalTransaction', 862, -26.62, 3911.45, '', '2009-12-08', 'ATOMIC COMICS METRO C P', '200912081', false, '12/06ATOMIC CO', '', 2, 1, 'd73fe967-e9fe-3f12-87ae-74b342efe41a', 229, null);
insert into Split (id, amount, uuid, envelope_id, transaction_id) values(863, -26.62, '3c382f8f-0055-3679-b901-efea41c77241', 241, 862);
insert into Transaction (DTYPE, id, amount, balance, checkNo, date, description, externalId, initialBalance, memo, ref, status, type, uuid, account_id, transfer_id) values('InternalTransaction', 868, -22.00, 0.00, '', '2010-04-02', 'Transfer to Groceries', 'null', false, '', '', 2, 1, '2c2fdb4b-3db8-3f75-8bd5-6ec526c58fcb', 228, 1286);
insert into Split (id, amount, uuid, envelope_id, transaction_id) values(869, -22.00, '466025c0-3eef-30ea-8191-065941ac0279', 292, 868);
insert into Transaction (DTYPE, id, amount, balance, checkNo, date, description, externalId, initialBalance, memo, ref, status, type, uuid, account_id, transfer_id) values('InternalTransaction', 866, -3.50, 2269.33, '', '2009-12-31', 'TVM MONTEBELLO/19TH AVE 313411', '200912312', false, '12/30TVM MONTE', '', 2, 1, 'ddfd09da-9618-3b2b-9b8b-5d6d21d5fd27', 229, null);
insert into Split (id, amount, uuid, envelope_id, transaction_id) values(867, -3.50, '435590a3-ccca-3158-a4fe-35182f4cca79', 252, 866);
insert into Transaction (DTYPE, id, amount, balance, checkNo, date, description, externalId, initialBalance, memo, ref, status, type, uuid, account_id, transfer_id) values('InternalTransaction', 864, -84.05, 2913.97, '', '2009-12-28', 'BARCLAYCARD US CREDITCARD 7985', '200912282', false, '5126 WEB ID: 2510407970', '', 2, 1, 'f9622d87-d353-363a-abee-79d4bf5a4d3a', 229, null);
insert into Split (id, amount, uuid, envelope_id, transaction_id) values(865, -84.05, '889f0385-2125-3bd3-ada4-5ec28a8e2991', 242, 864);
insert into Transaction (DTYPE, id, amount, balance, checkNo, date, description, externalId, initialBalance, memo, ref, status, type, uuid, account_id, transfer_id) values('InternalTransaction', 872, 65.00, 4471.97, '', '2010-03-05', 'Transfer from Available', 'null', false, '', '', 2, 0, '874fa473-0acf-3f82-ae51-834a1891322c', 229, 2937);
insert into Split (id, amount, uuid, envelope_id, transaction_id) values(873, 65.00, '1211e06b-9848-308e-93b7-8b7b3d66aced', 236, 872);
insert into Transaction (DTYPE, id, amount, balance, checkNo, date, description, externalId, initialBalance, memo, ref, status, type, uuid, account_id, transfer_id) values('InternalTransaction', 870, -14.72, 0.00, '', '2010-03-27', 'Transfer to Fast Food', 'null', false, '', '', 2, 1, '1f982be8-784b-3a7a-923e-2ee34e479048', 228, 2274);
insert into Split (id, amount, uuid, envelope_id, transaction_id) values(871, -14.72, '8bf9fbe1-d070-3359-8858-495510a8a432', 252, 870);
insert into Transaction (DTYPE, id, amount, balance, checkNo, date, description, externalId, initialBalance, memo, ref, status, type, uuid, account_id, transfer_id) values('InternalTransaction', 874, -326.00, null, '', '2010-04-02', 'Rossmar & Graham RESIDENT', '201004026', false, 'WEB ID: W050568743', '', 1, 1, '772e02a2-dc16-33fc-a75f-a37e96a11d80', 229, null);
insert into Split (id, amount, uuid, envelope_id, transaction_id) values(875, -326.00, 'd0337ea5-e598-334c-8225-56a68d3d8c52', 258, 874);
insert into Transaction (DTYPE, id, amount, balance, checkNo, date, description, externalId, initialBalance, memo, ref, status, type, uuid, account_id, transfer_id) values('InternalTransaction', 880, -33.92, 0.00, '', '2010-04-21', 'Transfer to Eating Out', 'null', false, '', '', 2, 1, 'bb7f4268-07f9-3f96-98c4-4e8b4888e3b2', 228, 956);
insert into Split (id, amount, uuid, envelope_id, transaction_id) values(881, -33.92, 'eb87224e-1e2a-3433-b7a7-f655e4aa4cb6', 292, 880);
insert into Transaction (DTYPE, id, amount, balance, checkNo, date, description, externalId, initialBalance, memo, ref, status, type, uuid, account_id, transfer_id) values('InternalTransaction', 878, -27.04, 2712.78, '', '2009-12-28', 'THE GOOD EGG PARK CENTR', '200912286', false, '12/26THE GOOD', '', 2, 1, '2876c2a0-5e68-3b17-9f4c-71fe0dd91169', 229, null);
insert into Split (id, amount, uuid, envelope_id, transaction_id) values(879, -27.04, '57bf7644-25f0-350d-863f-9aaeeb981842', 295, 878);
insert into Transaction (DTYPE, id, amount, balance, checkNo, date, description, externalId, initialBalance, memo, ref, status, type, uuid, account_id, transfer_id) values('InternalTransaction', 876, -118.71, 3102.61, '', '2009-12-02', 'STATE FARM RO 27 SFPP', '200912021', false, 'PPD ID: 9000307001', '', 2, 1, 'c0aae75e-7009-3be9-bbd0-79da5269a330', 229, null);
insert into Split (id, amount, uuid, envelope_id, transaction_id) values(877, -118.71, 'f6bc545a-dce9-3d7a-8d10-1a116b394511', 290, 876);
insert into Transaction (DTYPE, id, amount, balance, checkNo, date, description, externalId, initialBalance, memo, ref, status, type, uuid, account_id, transfer_id) values('InternalTransaction', 882, -38.21, 0.00, '', '2010-04-06', 'Transfer to Available', 'null', false, '', '', 2, 1, '55fe5ea8-3bba-3b5c-a181-cd4ae1fe67ec', 228, 1654);
insert into Split (id, amount, uuid, envelope_id, transaction_id) values(883, -38.21, '61db5a82-a67e-364f-af41-221606c5d70b', 264, 882);
insert into Transaction (DTYPE, id, amount, balance, checkNo, date, description, externalId, initialBalance, memo, ref, status, type, uuid, account_id, transfer_id) values('InternalTransaction', 886, -1.11, 2284.33, '', '2010-02-25', 'QT 400 TEMPE AZ 546584', '201002251', false, '02/24QT 400 TE', '', 1, 1, 'ba88ac0b-0d50-386a-8cdc-091d865523de', 229, null);
insert into Split (id, amount, uuid, envelope_id, transaction_id) values(887, -1.11, 'edb0cc25-56c1-3fba-9b77-903dc576d8bb', 252, 886);
insert into Transaction (DTYPE, id, amount, balance, checkNo, date, description, externalId, initialBalance, memo, ref, status, type, uuid, account_id, transfer_id) values('InternalTransaction', 884, -526.71, 4327.06, '', '2010-02-16', 'Transfer to State Farm Insurance', 'null', false, '', '', 0, 1, 'a99c0bb8-72f3-3efe-9390-f7493f91faac', 229, 720);
insert into Split (id, amount, uuid, envelope_id, transaction_id) values(885, -526.71, '33d4ea62-a18a-38de-b540-145db2fec2fb', 292, 884);
insert into Transaction (DTYPE, id, amount, balance, checkNo, date, description, externalId, initialBalance, memo, ref, status, type, uuid, account_id, transfer_id) values('InternalTransaction', 888, -22.00, 0.00, '', '2010-03-09', 'Transfer to Pet', 'null', false, '', '', 2, 1, 'fe5321ac-02d9-3c24-aba1-9e7dd7e2387e', 228, 1720);
insert into Split (id, amount, uuid, envelope_id, transaction_id) values(889, -22.00, '714b3488-f8c3-3f04-a986-d5f1b072034c', 252, 888);
insert into Transaction (DTYPE, id, amount, balance, checkNo, date, description, externalId, initialBalance, memo, ref, status, type, uuid, account_id, transfer_id) values('InternalTransaction', 890, -10.00, 5125.96, '', '2010-02-19', 'Transfer to Auto Maintenance', 'null', false, '', '', 2, 1, '0f552d50-4503-378c-9519-ab1db782cb3f', 229, 1350);
insert into Split (id, amount, uuid, envelope_id, transaction_id) values(891, -10.00, 'eb8cd3ba-d7f5-36e1-9a8e-9a0b2dfa994b', 292, 890);
insert into Transaction (DTYPE, id, amount, balance, checkNo, date, description, externalId, initialBalance, memo, ref, status, type, uuid, account_id, transfer_id) values('InternalTransaction', 892, -49.00, 2625.28, '', '2010-04-19', 'MASSAGE ENVY 0011 480-83', '201004190', false, '04/16MASSAGE E', '', 1, 1, '486190e6-c0ee-3fc3-9aa8-a70f24f2bb17', 229, null);
insert into Split (id, amount, uuid, envelope_id, transaction_id) values(893, -49.00, '8e2c3ca5-3257-346c-8af1-907c0e290d0a', 279, 892);
insert into Transaction (DTYPE, id, amount, balance, checkNo, date, description, externalId, initialBalance, memo, ref, status, type, uuid, account_id, transfer_id) values('InternalTransaction', 894, 200.00, 3135.22, '', '2010-04-16', 'Transfer from Available', 'null', false, '', '', 2, 0, '8e6bb988-37d6-3f8f-aa1c-efca8cd389d1', 229, 2088);
insert into Split (id, amount, uuid, envelope_id, transaction_id) values(895, 200.00, '2c448e64-4117-397e-98bb-ab3dbd7f899b', 252, 894);
insert into Transaction (DTYPE, id, amount, balance, checkNo, date, description, externalId, initialBalance, memo, ref, status, type, uuid, account_id, transfer_id) values('InternalTransaction', 898, 1397.33, 5018.78, '', '2009-11-13', 'VILLAGE VOICE ME DIRECT DEP', '200911131', false, 'PPD ID: 9111111101', '', 2, 0, '5a15ec1e-98ec-3007-9e35-9bb472bd1eff', 229, null);
insert into Split (id, amount, uuid, envelope_id, transaction_id) values(899, 1397.33, '554c7df2-788a-3644-bda6-69490d84bd05', 292, 898);
insert into Transaction (DTYPE, id, amount, balance, checkNo, date, description, externalId, initialBalance, memo, ref, status, type, uuid, account_id, transfer_id) values('InternalTransaction', 896, -7.30, 1386.21, '', '2010-02-12', 'TACO BELL #21245 TEMPE A', '201002121', false, '02/10TACO BELL', '', 2, 1, '65a8ad68-1ac3-3c3a-a13f-d311aaa3c0d7', 229, null);
insert into Split (id, amount, uuid, envelope_id, transaction_id) values(897, -7.30, 'cdb236eb-cd91-3054-bbe8-c898bbf56cb4', 246, 896);
insert into Transaction (DTYPE, id, amount, balance, checkNo, date, description, externalId, initialBalance, memo, ref, status, type, uuid, account_id, transfer_id) values('InternalTransaction', 900, 53.92, 1556.23, '', '2010-04-21', 'Transfer from Available', 'null', false, '', '', 2, 0, 'df0b480d-5824-334a-adf8-5c901a88fed9', 229, 628);
insert into Split (id, amount, uuid, envelope_id, transaction_id) values(901, 53.92, 'eb323d6e-e014-3aef-b9c9-ffc852967396', 264, 900);
insert into Transaction (DTYPE, id, amount, balance, checkNo, date, description, externalId, initialBalance, memo, ref, status, type, uuid, account_id, transfer_id) values('InternalTransaction', 902, 0.00, 4471.97, '', '2010-03-05', 'Transfer from Available', 'null', false, '', '', 2, 1, 'c9f4e1b1-80e3-3eb9-9931-0618c2a880e5', 229, 2907);
insert into Split (id, amount, uuid, envelope_id, transaction_id) values(903, 0.00, '45dbbbda-90de-3d33-9daf-78a4dc716269', 294, 902);
insert into Transaction (DTYPE, id, amount, balance, checkNo, date, description, externalId, initialBalance, memo, ref, status, type, uuid, account_id, transfer_id) values('InternalTransaction', 906, -29.23, 0.00, '', '2010-03-09', 'Transfer to Eating Out', 'null', false, '', '', 2, 1, 'd3f6764d-287e-300b-9de6-958e32569395', 228, 1484);
insert into Split (id, amount, uuid, envelope_id, transaction_id) values(907, -29.23, 'b92fc033-1d5a-3c5d-8054-ba52c87f2da3', 252, 906);
insert into Transaction (DTYPE, id, amount, balance, checkNo, date, description, externalId, initialBalance, memo, ref, status, type, uuid, account_id, transfer_id) values('InternalTransaction', 904, -21.61, 2925.00, '', '2009-12-03', 'CVS 09205 09205--802 SO 446866', '200912032', false, '12/02CVS 09205', '', 2, 1, '045754b0-06bf-36e4-9f9a-ceb44708dbbd', 229, null);
insert into Split (id, amount, uuid, envelope_id, transaction_id) values(905, -21.61, 'fdb29348-0e2b-3b1f-bd32-bf931d358cc5', 286, 904);
insert into Transaction (DTYPE, id, amount, balance, checkNo, date, description, externalId, initialBalance, memo, ref, status, type, uuid, account_id, transfer_id) values('InternalTransaction', 908, -37.44, 2448.14, '', '2010-01-27', 'CIRCLE K 01618 PHOENIX A399749', '201001270', false, '01/26CIRCLE K', '', 2, 1, 'ce6068d1-01eb-323e-81b5-8881f0851334', 229, null);
insert into Split (id, amount, uuid, envelope_id, transaction_id) values(909, -37.44, '9c4e34b9-9320-3128-862a-3db624b7a576', 252, 908);
insert into Transaction (DTYPE, id, amount, balance, checkNo, date, description, externalId, initialBalance, memo, ref, status, type, uuid, account_id, transfer_id) values('InternalTransaction', 910, 109.55, 4581.52, '', '2010-03-05', 'Transfer from Available', 'null', false, '', '', 2, 0, '2ff9a086-17be-3689-abd0-a2de08a18e4b', 229, 664);
insert into Split (id, amount, uuid, envelope_id, transaction_id) values(911, 109.55, 'dc139288-5aaa-3c9b-81d4-61f9a6feb5a0', 253, 910);
insert into Transaction (DTYPE, id, amount, balance, checkNo, date, description, externalId, initialBalance, memo, ref, status, type, uuid, account_id, transfer_id) values('InternalTransaction', 912, 157.57, 10677.06, '', '2010-02-16', 'Transfer from Available', 'null', false, '', '', 0, 0, '55138e10-6025-360c-b794-cb3a43c23bef', 229, 1732);
insert into Split (id, amount, uuid, envelope_id, transaction_id) values(913, 157.57, '68882cca-ba0e-3989-8da9-c5ab0cb14303', 273, 912);
insert into Transaction (DTYPE, id, amount, balance, checkNo, date, description, externalId, initialBalance, memo, ref, status, type, uuid, account_id, transfer_id) values('InternalTransaction', 914, -6.48, 2178.89, '', '2010-04-02', 'Transfer to Tivo', 'null', false, '', '', 2, 1, '9fae6df1-09b1-3078-893b-518411485d37', 229, 976);
insert into Split (id, amount, uuid, envelope_id, transaction_id) values(915, -6.48, 'a62cb0a5-7d45-3af3-b333-ebb6cdd67127', 292, 914);
insert into Transaction (DTYPE, id, amount, balance, checkNo, date, description, externalId, initialBalance, memo, ref, status, type, uuid, account_id, transfer_id) values('InternalTransaction', 916, -120.00, 1384.76, '', '2009-10-27', 'ATM WITHDRAWAL 004712', '200910270', false, '10/263150 E IN', '', 2, 1, 'b6e757cc-7766-3f02-b1eb-02c4e84e2c91', 229, null);
insert into Split (id, amount, uuid, envelope_id, transaction_id) values(917, -120.00, '3968b0e6-171b-3bac-b6d5-7b8736d10694', 276, 916);
insert into Transaction (DTYPE, id, amount, balance, checkNo, date, description, externalId, initialBalance, memo, ref, status, type, uuid, account_id, transfer_id) values('InternalTransaction', 922, -40.00, 3949.71, '', '2010-03-29', '7-ELEVEN TEMPE AZ 162695', '201003296', false, '03/277-ELEVEN', '', 1, 1, '925f5f4f-c752-3c2a-89f6-3f7461fdcda5', 229, null);
insert into Split (id, amount, uuid, envelope_id, transaction_id) values(923, -40.00, 'cae04852-50f8-35b3-b058-bfa497e47245', 250, 922);
insert into Transaction (DTYPE, id, amount, balance, checkNo, date, description, externalId, initialBalance, memo, ref, status, type, uuid, account_id, transfer_id) values('InternalTransaction', 920, -65.00, 2341.91, '', '2009-12-30', 'HEAVENSANGELSTHERAPEUT P', '200912300', false, '12/29HEAVENSAN', '', 2, 1, '7b8cb5d4-7a8c-3ff6-abff-02582fa09f77', 229, null);
insert into Split (id, amount, uuid, envelope_id, transaction_id) values(921, -65.00, 'b96f1cf7-5494-3582-bc53-89f130a63386', 256, 920);
insert into Transaction (DTYPE, id, amount, balance, checkNo, date, description, externalId, initialBalance, memo, ref, status, type, uuid, account_id, transfer_id) values('InternalTransaction', 918, -37.18, 1516.18, '', '2010-01-14', 'CHEVRON 00098544 PHOENIX', '201001141', false, '01/12CHEVRON 0', '', 2, 1, '08a8a7c1-b440-34d2-a977-7c756f79a3bc', 229, null);
insert into Split (id, amount, uuid, envelope_id, transaction_id) values(919, -37.18, 'de374d5d-3be5-3ed1-8253-b892db230283', 253, 918);
insert into Transaction (DTYPE, id, amount, balance, checkNo, date, description, externalId, initialBalance, memo, ref, status, type, uuid, account_id, transfer_id) values('InternalTransaction', 924, 5.37, 5.37, '', '2010-03-18', 'Transfer from Available', 'null', false, '', '', 2, 0, '43375d8c-1d37-35e9-8029-ba317ef5ca7d', 228, 1932);
insert into Split (id, amount, uuid, envelope_id, transaction_id) values(925, 5.37, '2e394125-38e5-301b-a00c-37bcf89d959d', 252, 924);
insert into Transaction (DTYPE, id, amount, balance, checkNo, date, description, externalId, initialBalance, memo, ref, status, type, uuid, account_id, transfer_id) values('InternalTransaction', 926, -21.02, 5328.12, '', '2009-12-11', 'NORDSTROM 381 3199 W CH 025376', '200912118', false, '12/10NORDSTROM', '', 2, 1, 'f0af059c-9d2d-364c-8770-f2aa820b157d', 229, null);
insert into Split (id, amount, uuid, envelope_id, transaction_id) values(927, -21.02, '4e731777-c820-3ce4-b056-35b4ec2600c8', 285, 926);
insert into Transaction (DTYPE, id, amount, balance, checkNo, date, description, externalId, initialBalance, memo, ref, status, type, uuid, account_id, transfer_id) values('InternalTransaction', 928, -1.51, 0.00, '', '2010-03-30', 'Transfer to Personal Care', 'null', false, '', '', 2, 1, 'b42cfac4-96fb-3194-8c07-62643914442a', 228, 2020);
insert into Split (id, amount, uuid, envelope_id, transaction_id) values(929, -1.51, '7c19705b-3708-3149-8e95-dbcbfc783692', 292, 928);
insert into Transaction (DTYPE, id, amount, balance, checkNo, date, description, externalId, initialBalance, memo, ref, status, type, uuid, account_id, transfer_id) values('InternalTransaction', 930, -35.45, 1378.14, '', '2010-01-19', 'FRYS FOOD & DRUG 1815 G 025417', '201001193', false, '01/16FRYS FOOD', '', 2, 1, '064ff552-5fc2-34fd-b1ac-2422bc659efb', 229, null);
insert into Split (id, amount, uuid, envelope_id, transaction_id) values(931, -35.45, 'fbe1f5f8-9f77-34e6-b639-e211109e9c04', 238, 930);
insert into Transaction (DTYPE, id, amount, balance, checkNo, date, description, externalId, initialBalance, memo, ref, status, type, uuid, account_id, transfer_id) values('InternalTransaction', 934, -29.72, 4555.13, '', '2009-11-16', 'SPROUTS FARMERS MKT #7 P259061', '200911164', false, '11/14SPROUTS F', '', 2, 1, '9ae226f2-a89b-366c-b2d4-f52c3a170bbb', 229, null);
insert into Split (id, amount, uuid, envelope_id, transaction_id) values(935, -29.72, '3bdfb636-462f-3a5e-8c1e-7b152a3b3555', 238, 934);
insert into Transaction (DTYPE, id, amount, balance, checkNo, date, description, externalId, initialBalance, memo, ref, status, type, uuid, account_id, transfer_id) values('InternalTransaction', 932, -74.73, 4150.28, '', '2009-11-19', 'QWEST 8004238994 AUTO PAY', '200911191', false, 'PPD ID: ATPPHX6005', '', 2, 1, '30ce8829-a05a-3d39-9710-70f04904d12b', 229, null);
insert into Split (id, amount, uuid, envelope_id, transaction_id) values(933, -74.73, '1724b2c1-0bab-3664-bfc2-f383732c1a1f', 262, 932);
insert into Transaction (DTYPE, id, amount, balance, checkNo, date, description, externalId, initialBalance, memo, ref, status, type, uuid, account_id, transfer_id) values('InternalTransaction', 936, -3.47, 1361.79, '', '2009-12-21', 'JACK IN THE BOX #1184 GL', '200912215', false, '12/20JACK IN T', '', 2, 1, 'd233001f-0809-3c22-b41f-36e9ab1d28c8', 229, null);
insert into Split (id, amount, uuid, envelope_id, transaction_id) values(937, -3.47, 'cba5c9ef-a41b-3f27-8e03-34738255970b', 246, 936);
insert into Transaction (DTYPE, id, amount, balance, checkNo, date, description, externalId, initialBalance, memo, ref, status, type, uuid, account_id, transfer_id) values('InternalTransaction', 938, -14.48, 7078.71, '', '2010-03-20', 'QMG', '2010032211', false, '', '', 1, 1, 'de32a16e-bd1f-3069-b29e-6b2693aab64c', 229, null);
insert into Split (id, amount, uuid, envelope_id, transaction_id) values(939, -14.48, '218f8a9f-bf5f-375b-a1c6-90daea27d565', 252, 938);
insert into Transaction (DTYPE, id, amount, balance, checkNo, date, description, externalId, initialBalance, memo, ref, status, type, uuid, account_id, transfer_id) values('InternalTransaction', 942, -9.18, 2991.94, '', '2010-01-25', 'QDOBA 428 11404282 P', '2010012510', false, '01/23QDOBA 428', '', 2, 1, 'c04f43b2-334a-3784-a678-388c375ff32f', 229, null);
insert into Split (id, amount, uuid, envelope_id, transaction_id) values(943, -9.18, '603e74b4-2667-38da-bbc1-360206058a27', 295, 942);
insert into Transaction (DTYPE, id, amount, balance, checkNo, date, description, externalId, initialBalance, memo, ref, status, type, uuid, account_id, transfer_id) values('InternalTransaction', 940, 3.89, 3.89, '', '2010-04-13', 'Transfer from GMAC Mortgage', 'null', false, '', '', 2, 0, 'c284dd59-df6e-3770-b885-42df7529fb26', 228, 566);
insert into Split (id, amount, uuid, envelope_id, transaction_id) values(941, 3.89, '4211250a-b3eb-372b-9dbb-6e80c5f51b21', 292, 940);
insert into Transaction (DTYPE, id, amount, balance, checkNo, date, description, externalId, initialBalance, memo, ref, status, type, uuid, account_id, transfer_id) values('InternalTransaction', 944, -52.70, 4239.99, '', '2009-11-30', 'THE HOME DEPOT #0485 PHO', '200911303', false, '11/28THE HOME', '', 2, 1, 'bd2fbffc-13b5-3d9f-9794-8cb89e2dc9a8', 229, null);
insert into Split (id, amount, uuid, envelope_id, transaction_id) values(945, -52.70, 'f652700f-4024-3ad9-bb1b-a4752ed228b2', 239, 944);
insert into Transaction (DTYPE, id, amount, balance, checkNo, date, description, externalId, initialBalance, memo, ref, status, type, uuid, account_id, transfer_id) values('InternalTransaction', 946, -28.03, 4432.16, '', '2009-12-14', 'GAME NIGHTZ PHOENIX AZ 481510', '2009121413', false, '12/12GAME NIGH', '', 2, 1, 'c119909b-5674-341b-a025-804985931014', 229, null);
insert into Split (id, amount, uuid, envelope_id, transaction_id) values(947, -28.03, 'd4bd6d21-976b-3f51-aa09-80c866e78c6c', 241, 946);
insert into Transaction (DTYPE, id, amount, balance, checkNo, date, description, externalId, initialBalance, memo, ref, status, type, uuid, account_id, transfer_id) values('InternalTransaction', 950, 1.51, 3917.58, '', '2010-03-24', 'Transfer from Available', 'null', false, '', '', 2, 0, 'c8446635-56a4-38ed-b97c-0cff1c2f982d', 229, 2352);
insert into Split (id, amount, uuid, envelope_id, transaction_id) values(951, 1.51, 'e7df851b-7cb5-373b-9a6f-6c9ab1df9bca', 295, 950);
insert into Transaction (DTYPE, id, amount, balance, checkNo, date, description, externalId, initialBalance, memo, ref, status, type, uuid, account_id, transfer_id) values('InternalTransaction', 948, -23.77, 0.00, '', '2010-03-31', 'Transfer to Spending', 'null', false, '', '', 2, 1, '6817a1fd-eea5-3bdd-8ddd-c27de686b0e3', 228, 2466);
insert into Split (id, amount, uuid, envelope_id, transaction_id) values(949, -23.77, 'b22a524b-6bb8-3b4f-8a9b-aef062980c6f', 239, 948);
insert into Transaction (DTYPE, id, amount, balance, checkNo, date, description, externalId, initialBalance, memo, ref, status, type, uuid, account_id, transfer_id) values('InternalTransaction', 952, -57.67, 2572.97, '', '2010-01-25', 'TRAVELODGE - MESA MESA A', '201001256', false, '01/22TRAVELODG', '', 2, 1, '32396728-11b5-3776-9b21-7c77802f5c01', 229, null);
insert into Split (id, amount, uuid, envelope_id, transaction_id) values(953, -57.67, '37800d79-e021-3337-8889-09c8962e0ac0', 252, 952);
insert into Transaction (DTYPE, id, amount, balance, checkNo, date, description, externalId, initialBalance, memo, ref, status, type, uuid, account_id, transfer_id) values('InternalTransaction', 954, -111.32, 0.00, '', '2010-03-12', 'Transfer to Spending', 'null', false, '', '', 2, 1, '8f5aa08c-1d32-3808-b5e6-5ee6ef84ec16', 228, 402);
insert into Split (id, amount, uuid, envelope_id, transaction_id) values(955, -111.32, '6ef114c0-9be5-3272-91e7-ab02319005bd', 292, 954);
insert into Transaction (DTYPE, id, amount, balance, checkNo, date, description, externalId, initialBalance, memo, ref, status, type, uuid, account_id, transfer_id) values('InternalTransaction', 956, 33.92, 33.92, '', '2010-04-21', 'Transfer from Available', 'null', false, '', '', 2, 0, '747fb3a1-64f9-3276-a2f3-262940a5d0a8', 228, 880);
insert into Split (id, amount, uuid, envelope_id, transaction_id) values(957, 33.92, 'd6772f34-dd94-3a61-9ec7-c5296f58e6aa', 295, 956);
insert into Transaction (DTYPE, id, amount, balance, checkNo, date, description, externalId, initialBalance, memo, ref, status, type, uuid, account_id, transfer_id) values('InternalTransaction', 958, -23.57, 1556.23, '', '2010-04-21', 'Transfer to Eating Out', 'null', false, '', '', 2, 1, 'dbaaa8d4-a986-38e5-bcef-b22eff918994', 229, 2835);
insert into Split (id, amount, uuid, envelope_id, transaction_id) values(959, -23.57, '2cf62df7-1429-3e1a-a183-b5b898b45ee2', 292, 958);
insert into Transaction (DTYPE, id, amount, balance, checkNo, date, description, externalId, initialBalance, memo, ref, status, type, uuid, account_id, transfer_id) values('InternalTransaction', 960, -31.95, 2075.23, '', '2010-01-04', 'FRYS FOOD & DRUG 1815 G 102459', '201001042', false, '12/31FRYS FOOD', '', 2, 1, '97803599-5101-3a2c-b8c1-08e5c26ab074', 229, null);
insert into Split (id, amount, uuid, envelope_id, transaction_id) values(961, -31.95, '98f94155-d608-3c26-922e-b072574c92eb', 238, 960);
insert into Transaction (DTYPE, id, amount, balance, checkNo, date, description, externalId, initialBalance, memo, ref, status, type, uuid, account_id, transfer_id) values('InternalTransaction', 962, -30.00, 1730.54, '', '2010-03-12', 'C AND C THERAPEUTIC SER', '201003121', false, '03/11C AND C T', '', 1, 1, '8b86b9d8-3397-3557-b224-3d984fd6e5b3', 229, null);
insert into Split (id, amount, uuid, envelope_id, transaction_id) values(963, -30.00, '94b278d5-20e8-3bef-8b6c-2fe6dfd412fa', 286, 962);
insert into Transaction (DTYPE, id, amount, balance, checkNo, date, description, externalId, initialBalance, memo, ref, status, type, uuid, account_id, transfer_id) values('InternalTransaction', 964, -4.32, 0.00, '', '2010-03-20', 'Transfer to Comics', 'null', false, '', '', 2, 1, '371ed8de-c3c9-3384-afea-1d8085adacaf', 228, 1126);
insert into Split (id, amount, uuid, envelope_id, transaction_id) values(965, -4.32, '6907deed-18c3-3b91-b5dd-6adedba9290a', 292, 964);
insert into Transaction (DTYPE, id, amount, balance, checkNo, date, description, externalId, initialBalance, memo, ref, status, type, uuid, account_id, transfer_id) values('InternalTransaction', 966, -310.50, 2203.64, '', '2009-12-15', 'Rossmar & Graham TENANT', '200912150', false, 'WEB ID: W050568743', '', 2, 1, '26e3eca5-2985-32e8-bd70-2f5f84b9d731', 229, null);
insert into Split (id, amount, uuid, envelope_id, transaction_id) values(967, -310.50, '7ba40116-1b84-3167-bf6b-2b73f2ece025', 258, 966);
insert into Transaction (DTYPE, id, amount, balance, checkNo, date, description, externalId, initialBalance, memo, ref, status, type, uuid, account_id, transfer_id) values('InternalTransaction', 970, 7.40, 7.40, '', '2010-03-30', 'Transfer from Available', 'null', false, '', '', 2, 0, '17316895-d1ce-39ab-857a-da41e0405e38', 228, 2719);
insert into Split (id, amount, uuid, envelope_id, transaction_id) values(971, 7.40, '24118f60-7d10-336f-806c-67d032c18dea', 270, 970);
insert into Transaction (DTYPE, id, amount, balance, checkNo, date, description, externalId, initialBalance, memo, ref, status, type, uuid, account_id, transfer_id) values('InternalTransaction', 968, 10.00, 4591.52, '', '2010-03-05', 'Transfer from Available', 'null', false, '', '', 2, 0, 'd0fe799b-5311-3223-841d-acd226e4dcbd', 229, 1028);
insert into Split (id, amount, uuid, envelope_id, transaction_id) values(969, 10.00, '839c6b26-9db3-322d-94e7-78285561e3a7', 234, 968);
insert into Transaction (DTYPE, id, amount, balance, checkNo, date, description, externalId, initialBalance, memo, ref, status, type, uuid, account_id, transfer_id) values('InternalTransaction', 972, -19.98, 1432.62, '', '2010-04-22', 'CVS 09205 09205--802 SO 803028', '201004223', false, '04/21CVS 09205', '', 1, 1, '457e1f7f-1ca4-37fc-aeb0-9306563f53ff', 229, null);
insert into Split (id, amount, uuid, envelope_id, transaction_id) values(973, -19.98, '51a902bf-dc60-3cd8-b8be-7f4a2e8cbf53', 239, 972);
insert into Transaction (DTYPE, id, amount, balance, checkNo, date, description, externalId, initialBalance, memo, ref, status, type, uuid, account_id, transfer_id) values('InternalTransaction', 974, -15.00, 5139.62, '', '2010-02-16', 'Transfer to Car Wash', 'null', false, '', '', 0, 1, '6826b9f1-9f0a-3792-8b4f-66e4f206973d', 229, 2074);
insert into Split (id, amount, uuid, envelope_id, transaction_id) values(975, -15.00, '723a9df8-c787-38ab-9039-05baced3cabb', 292, 974);
insert into Transaction (DTYPE, id, amount, balance, checkNo, date, description, externalId, initialBalance, memo, ref, status, type, uuid, account_id, transfer_id) values('InternalTransaction', 976, 6.48, 3461.07, '', '2010-04-02', 'Transfer from Available', 'null', false, '', '', 2, 0, '03395bf0-b5bc-3a0a-88cb-9ac11fdde5ba', 229, 914);
insert into Split (id, amount, uuid, envelope_id, transaction_id) values(977, 6.48, 'f44b1c41-804b-32e3-9e80-c2aa155a55dd', 272, 976);
insert into Transaction (DTYPE, id, amount, balance, checkNo, date, description, externalId, initialBalance, memo, ref, status, type, uuid, account_id, transfer_id) values('InternalTransaction', 978, -0.00, 3776.46, '', '2010-04-02', 'Transfer to Arrowhead Water', 'null', false, '', '', 2, 1, '579a068f-7af0-3486-acdd-a30a694a0e91', 229, 626);
insert into Split (id, amount, uuid, envelope_id, transaction_id) values(979, -0.00, '77b6d458-b0c6-3e60-b559-8a9ab9de57e6', 292, 978);
insert into Transaction (DTYPE, id, amount, balance, checkNo, date, description, externalId, initialBalance, memo, ref, status, type, uuid, account_id, transfer_id) values('InternalTransaction', 982, 10.05, 985.42, '', '2010-03-03', 'Transfer from Available', 'null', false, '', '', 2, 0, 'a8911f52-8d60-33d0-a720-4e9d66712514', 229, 2150);
insert into Split (id, amount, uuid, envelope_id, transaction_id) values(983, 10.05, '7e961102-6f6f-3fce-84de-2af8a0edf263', 295, 982);
insert into Transaction (DTYPE, id, amount, balance, checkNo, date, description, externalId, initialBalance, memo, ref, status, type, uuid, account_id, transfer_id) values('InternalTransaction', 980, 7.21, 1301.02, '', '2010-04-22', 'Transfer from Available', 'null', false, '', '', 2, 0, '3b035795-c720-3630-bee3-d50941071a20', 229, 2751);
insert into Split (id, amount, uuid, envelope_id, transaction_id) values(981, 7.21, 'ae408f5a-1564-351e-b2d1-e4d41586fa6a', 246, 980);
insert into Transaction (DTYPE, id, amount, balance, checkNo, date, description, externalId, initialBalance, memo, ref, status, type, uuid, account_id, transfer_id) values('InternalTransaction', 986, -10.09, 2590.17, '', '2010-01-11', 'HONEY BEARS BAR B-Q TEMP', '2010011113', false, '01/07HONEY BEA', '', 2, 1, 'dabf5e97-de55-365b-a7a6-e268c3d08ec9', 229, null);
insert into Split (id, amount, uuid, envelope_id, transaction_id) values(987, -10.09, '88935c2c-0a46-3fc9-98ba-17f36c756393', 295, 986);
insert into Transaction (DTYPE, id, amount, balance, checkNo, date, description, externalId, initialBalance, memo, ref, status, type, uuid, account_id, transfer_id) values('InternalTransaction', 984, -0.00, 5037.49, '', '2010-04-16', 'Transfer to Car Wash', 'null', false, '', '', 2, 1, '33cb1bd9-815a-354b-a7cf-13df451602c0', 229, 1854);
insert into Split (id, amount, uuid, envelope_id, transaction_id) values(985, -0.00, 'a1e2f68c-4966-3412-8946-de8da6415591', 292, 984);
insert into Transaction (DTYPE, id, amount, balance, checkNo, date, description, externalId, initialBalance, memo, ref, status, type, uuid, account_id, transfer_id) values('InternalTransaction', 990, -18.14, 1368.07, '', '2010-02-15', 'THE ORIGINAL WINEBURGER', '201002165', false, '', '', 2, 1, 'a8f7a12b-2bd9-383e-b997-0df88569ac3f', 229, null);
insert into Split (id, amount, uuid, envelope_id, transaction_id) values(991, -18.14, '906fdadf-9ed0-3aaa-ac9c-91f9f3c11484', 295, 990);
insert into Transaction (DTYPE, id, amount, balance, checkNo, date, description, externalId, initialBalance, memo, ref, status, type, uuid, account_id, transfer_id) values('InternalTransaction', 988, 17.50, 4505.68, '', '2010-03-19', 'Transfer from Available', 'null', false, '', '', 2, 0, '8dae252f-fe5b-3870-9105-9a2ce0090b07', 229, 2514);
insert into Split (id, amount, uuid, envelope_id, transaction_id) values(989, 17.50, '583a08e9-0f1d-36a0-9949-1747b4daa1f7', 271, 988);
insert into Transaction (DTYPE, id, amount, balance, checkNo, date, description, externalId, initialBalance, memo, ref, status, type, uuid, account_id, transfer_id) values('InternalTransaction', 992, -18.53, 744.59, '', '2010-04-14', 'BAJA FRESH 81 00000950 T', '201004140', false, '04/12BAJA FRES', '', 1, 1, '1ddf5825-c48f-3fdb-b510-7bc17db73d59', 229, null);
insert into Split (id, amount, uuid, envelope_id, transaction_id) values(993, -18.53, 'eb522d29-044b-352c-9ba0-882a9449ddc2', 238, 992);
insert into Transaction (DTYPE, id, amount, balance, checkNo, date, description, externalId, initialBalance, memo, ref, status, type, uuid, account_id, transfer_id) values('InternalTransaction', 996, -120.00, 1135.04, '', '2010-02-16', 'Transfer to Auto Fuel', 'null', false, '', '', 0, 1, 'f13c3f3d-fad3-33f5-8ed2-fcd837b3f7c6', 229, 1662);
insert into Split (id, amount, uuid, envelope_id, transaction_id) values(997, -120.00, 'bae3d5ed-dd4d-3ae7-a1df-db3e2021b14d', 292, 996);
insert into Transaction (DTYPE, id, amount, balance, checkNo, date, description, externalId, initialBalance, memo, ref, status, type, uuid, account_id, transfer_id) values('InternalTransaction', 994, -325.00, 3555.63, '', '2010-02-16', 'Transfer to Moving', 'null', false, '', '', 0, 1, '164a24af-848f-364a-86d0-c27235cdfd11', 229, 1218);
insert into Split (id, amount, uuid, envelope_id, transaction_id) values(995, -325.00, 'cbf669b3-9994-377f-a8a3-57a8300c0f1e', 292, 994);
insert into Transaction (DTYPE, id, amount, balance, checkNo, date, description, externalId, initialBalance, memo, ref, status, type, uuid, account_id, transfer_id) values('InternalTransaction', 998, -50.79, 671.26, '', '2010-01-05', 'QT 412 Phoenix AZ', '201001053', false, '01/04QT 412 Ph Purcha', '', 2, 1, '6c915317-a78c-36f5-89bb-8e1aa37c746e', 229, null);
insert into Split (id, amount, uuid, envelope_id, transaction_id) values(999, -50.79, '907554c6-b6c5-3c36-beb1-3662ed320641', 252, 998);
insert into Transaction (DTYPE, id, amount, balance, checkNo, date, description, externalId, initialBalance, memo, ref, status, type, uuid, account_id, transfer_id) values('InternalTransaction', 1000, -24.50, 5232.33, '', '2010-03-19', 'Transfer to Massage Envy', 'null', false, '', '', 2, 1, '1ecfb757-1a8a-3668-9754-259cda336e79', 229, 2188);
insert into Split (id, amount, uuid, envelope_id, transaction_id) values(1001, -24.50, '775a18d0-e91c-38cc-897f-ca52fba98715', 292, 1000);
insert into Transaction (DTYPE, id, amount, balance, checkNo, date, description, externalId, initialBalance, memo, ref, status, type, uuid, account_id, transfer_id) values('InternalTransaction', 1004, 25.00, 4530.68, '', '2010-03-19', 'Transfer from Available', 'null', false, '', '', 2, 0, '7b21c60d-1213-3074-b944-9c34f6ce994c', 229, 1984);
insert into Split (id, amount, uuid, envelope_id, transaction_id) values(1005, 25.00, 'a0f3a051-15ed-3d6b-9226-fed0092e1a2b', 239, 1004);
insert into Transaction (DTYPE, id, amount, balance, checkNo, date, description, externalId, initialBalance, memo, ref, status, type, uuid, account_id, transfer_id) values('InternalTransaction', 1002, -43.55, 0.00, '', '2010-04-06', 'Transfer to Available', 'null', false, '', '', 2, 1, 'f7d09428-592f-3814-9ca4-2945e25439f5', 228, 2016);
insert into Split (id, amount, uuid, envelope_id, transaction_id) values(1003, -43.55, 'e1542e96-4ce8-3c05-a7e2-298317b91466', 252, 1002);
insert into Transaction (DTYPE, id, amount, balance, checkNo, date, description, externalId, initialBalance, memo, ref, status, type, uuid, account_id, transfer_id) values('InternalTransaction', 1006, -25.00, 5144.51, '', '2010-03-19', 'Transfer to Personal Care', 'null', false, '', '', 2, 1, '505709cd-6c56-311f-9ec5-326be4d66d17', 229, 2717);
insert into Split (id, amount, uuid, envelope_id, transaction_id) values(1007, -25.00, '72ae9a92-69c3-3641-a8ad-c39220e135d0', 292, 1006);
insert into Transaction (DTYPE, id, amount, balance, checkNo, date, description, externalId, initialBalance, memo, ref, status, type, uuid, account_id, transfer_id) values('InternalTransaction', 1010, -5.77, 5037.49, '', '2010-04-16', 'Transfer to Auto Registration', 'null', false, '', '', 2, 1, 'c52fb3ce-c508-3cb1-8dfc-009dfbaade3f', 229, 2578);
insert into Split (id, amount, uuid, envelope_id, transaction_id) values(1011, -5.77, '4bb0dccc-8817-386a-8a73-267aa75f8767', 292, 1010);
insert into Transaction (DTYPE, id, amount, balance, checkNo, date, description, externalId, initialBalance, memo, ref, status, type, uuid, account_id, transfer_id) values('InternalTransaction', 1008, 395.46, 3530.68, '', '2010-04-16', 'Transfer from Available', 'null', false, '', '', 2, 0, '8f2d1d38-3f84-3e48-b155-5cac1a3b5e67', 229, 1292);
insert into Split (id, amount, uuid, envelope_id, transaction_id) values(1009, 395.46, 'd252e23f-281a-3607-ba04-0df3f614e131', 231, 1008);
insert into Transaction (DTYPE, id, amount, balance, checkNo, date, description, externalId, initialBalance, memo, ref, status, type, uuid, account_id, transfer_id) values('InternalTransaction', 1012, -2.74, 0.00, '', '2010-04-16', 'Transfer to Kelly Letter', 'null', false, '', '', 2, 1, '8f4d2b74-5ec3-3ac3-a3e1-2243b910a905', 228, 540);
insert into Split (id, amount, uuid, envelope_id, transaction_id) values(1013, -2.74, '4c5631d6-bdd6-35a1-bebd-a3128ac6466a', 275, 1012);
insert into Transaction (DTYPE, id, amount, balance, checkNo, date, description, externalId, initialBalance, memo, ref, status, type, uuid, account_id, transfer_id) values('InternalTransaction', 1014, 163.00, 4693.68, '', '2010-03-19', 'Transfer from Available', 'null', false, '', '', 2, 0, 'aa272e2e-6126-3334-842f-b7615d99de5c', 229, 2430);
insert into Split (id, amount, uuid, envelope_id, transaction_id) values(1015, 163.00, '3ba931d0-c7ce-3928-80d1-1d76315bfa2f', 258, 1014);
insert into Transaction (DTYPE, id, amount, balance, checkNo, date, description, externalId, initialBalance, memo, ref, status, type, uuid, account_id, transfer_id) values('InternalTransaction', 1016, -4.00, 2002.32, '', '2009-12-15', 'ARCO PAYPOINT 3093 131741', '200912155', false, '12/14ARCO PAYP', '', 2, 1, '30d7495a-b037-3b59-a403-be201b961696', 229, null);
insert into Split (id, amount, uuid, envelope_id, transaction_id) values(1017, -4.00, '5d28bcee-60bc-3302-9ec5-c273828005df', 252, 1016);
insert into Transaction (DTYPE, id, amount, balance, checkNo, date, description, externalId, initialBalance, memo, ref, status, type, uuid, account_id, transfer_id) values('InternalTransaction', 1020, 55.94, 55.94, '', '2010-04-23', 'Transfer from Spending', 'null', false, '', '', 2, 0, '9a2d5f4f-14f4-3b47-be60-8bf25e15dc8a', 228, 2060);
insert into Split (id, amount, uuid, envelope_id, transaction_id) values(1021, 55.94, 'cc3ce38d-041e-3556-9ede-f9259325af52', 292, 1020);
insert into Transaction (DTYPE, id, amount, balance, checkNo, date, description, externalId, initialBalance, memo, ref, status, type, uuid, account_id, transfer_id) values('InternalTransaction', 1018, -10.82, 2415.54, '', '2010-02-26', 'FRY''S ELECTRONICS #0 020028', '201002264', false, '02/26FRY''S ELE', '', 1, 1, '5fad7f86-29a7-3fa4-9d92-f9e9320930c3', 229, null);
insert into Split (id, amount, uuid, envelope_id, transaction_id) values(1019, -10.82, 'c4f7ced0-199a-3fc5-8b34-8e9882c4933a', 249, 1018);
insert into Transaction (DTYPE, id, amount, balance, checkNo, date, description, externalId, initialBalance, memo, ref, status, type, uuid, account_id, transfer_id) values('InternalTransaction', 1022, -7.30, 2900.43, '', '2009-12-03', 'CHIPOTLE 1208 TEMPE AZ', '200912034', false, '12/02CHIPOTLE', '', 2, 1, 'd507b10e-be4c-32cc-8003-49eb868ca012', 229, null);
insert into Split (id, amount, uuid, envelope_id, transaction_id) values(1023, -7.30, 'fd1caeed-dbaa-3ed4-aad0-233ea05bb896', 295, 1022);
insert into Transaction (DTYPE, id, amount, balance, checkNo, date, description, externalId, initialBalance, memo, ref, status, type, uuid, account_id, transfer_id) values('InternalTransaction', 1024, 6.85, 6.85, '', '2010-02-18', 'Transfer from Auto Fuel', 'null', false, '', '', 2, 0, '41d05868-586a-3789-ac54-63a20bb4689b', 228, 2943);
insert into Split (id, amount, uuid, envelope_id, transaction_id) values(1025, 6.85, 'bc1b7bbc-606f-3a19-9ecf-9293084d7b16', 238, 1024);
insert into Transaction (DTYPE, id, amount, balance, checkNo, date, description, externalId, initialBalance, memo, ref, status, type, uuid, account_id, transfer_id) values('InternalTransaction', 1028, -10.00, 5832.67, '', '2010-03-05', 'Transfer to Auto Maintenance', 'null', false, '', '', 2, 1, 'cd9842af-421e-3e81-9cce-07f6e3bf0320', 229, 968);
insert into Split (id, amount, uuid, envelope_id, transaction_id) values(1029, -10.00, '51c39b64-d0e1-3a14-b550-4965602e24b2', 292, 1028);
insert into Transaction (DTYPE, id, amount, balance, checkNo, date, description, externalId, initialBalance, memo, ref, status, type, uuid, account_id, transfer_id) values('InternalTransaction', 1026, -40.00, null, '', '2010-03-19', 'CASEY MOORES TEMPE AZ', '201003192', false, '03/17CASEY MOO', '', 1, 1, '4538e6e3-6109-3bc4-9d12-6b8e13610c75', 229, null);
insert into Split (id, amount, uuid, envelope_id, transaction_id) values(1027, -40.00, '01ace882-69cd-31f9-aed4-0d3b8184576c', 295, 1026);
insert into Transaction (DTYPE, id, amount, balance, checkNo, date, description, externalId, initialBalance, memo, ref, status, type, uuid, account_id, transfer_id) values('InternalTransaction', 1030, -38.50, 1222.19, '', '2010-03-16', 'SHELL Service Station TE067650', '201003161', false, '03/15SHELL Ser', '', 1, 1, '23bb9104-bf1a-3969-8787-bcaa119669ab', 229, null);
insert into Split (id, amount, uuid, envelope_id, transaction_id) values(1031, -38.50, '879ba27d-106b-310f-a94b-1216bca412b3', 253, 1030);
insert into Transaction (DTYPE, id, amount, balance, checkNo, date, description, externalId, initialBalance, memo, ref, status, type, uuid, account_id, transfer_id) values('InternalTransaction', 1032, 925.00, 1627.97, '', '2010-02-03', 'ATM CHECK DEPOSIT', '201002030', false, '', '', 2, 0, '9572133f-ee10-36d6-98b2-a16edbae2810', 229, null);
insert into Split (id, amount, uuid, envelope_id, transaction_id) values(1033, 925.00, 'a47d8838-e373-3539-9a2d-5760b081d6c2', 292, 1032);
insert into Transaction (DTYPE, id, amount, balance, checkNo, date, description, externalId, initialBalance, memo, ref, status, type, uuid, account_id, transfer_id) values('InternalTransaction', 1034, 10.05, 2360.40, '', '2010-02-23', 'Transfer from Available', 'null', false, '', '', 2, 0, '7c690344-4de9-3051-90b1-8067f7d188bd', 229, 2224);
insert into Split (id, amount, uuid, envelope_id, transaction_id) values(1035, 10.05, '69e8d9b7-f8a9-3899-816d-44e7595c80fe', 295, 1034);
insert into Transaction (DTYPE, id, amount, balance, checkNo, date, description, externalId, initialBalance, memo, ref, status, type, uuid, account_id, transfer_id) values('InternalTransaction', 1036, 468.70, 11281.41, '', '2010-02-16', 'Transfer from Available', 'null', false, '', '', 0, 0, '5d650423-f209-3dfc-8fab-4d0e2ed33699', 229, 1750);
insert into Split (id, amount, uuid, envelope_id, transaction_id) values(1037, 468.70, '782234a5-4259-3abf-80a9-5e37deb500d5', 239, 1036);
insert into Transaction (DTYPE, id, amount, balance, checkNo, date, description, externalId, initialBalance, memo, ref, status, type, uuid, account_id, transfer_id) values('InternalTransaction', 1040, -21.00, 2666.78, '', '2009-12-28', 'AMC DEER VALLE04001020 P', '200912288', false, '12/25AMC DEER', '', 2, 1, 'cb20c6dc-fe57-3de4-8c84-64db4ab3088a', 229, null);
insert into Split (id, amount, uuid, envelope_id, transaction_id) values(1041, -21.00, '05aa4971-d4be-3bfe-9fb6-358d990b811f', 284, 1040);
insert into Transaction (DTYPE, id, amount, balance, checkNo, date, description, externalId, initialBalance, memo, ref, status, type, uuid, account_id, transfer_id) values('InternalTransaction', 1038, -77.05, 3522.26, '', '2010-02-19', 'Transfer to State Farm Insurance', 'null', false, '', '', 2, 1, 'af3d21c8-29ec-3937-afb6-ab5eca211820', 229, 2761);
insert into Split (id, amount, uuid, envelope_id, transaction_id) values(1039, -77.05, '03f63f36-1cdd-3bf9-9b65-589d4da8bd03', 292, 1038);
insert into Transaction (DTYPE, id, amount, balance, checkNo, date, description, externalId, initialBalance, memo, ref, status, type, uuid, account_id, transfer_id) values('InternalTransaction', 1044, -24.90, 1989.73, '', '2010-01-04', 'WAG N WASH HEALTHY PET P', '201001045', false, '01/02WAG N WAS', '', 2, 1, 'a427609f-2908-3597-967e-90709a9a1fb1', 229, null);
insert into Split (id, amount, uuid, envelope_id, transaction_id) values(1045, -24.90, '4747bd70-6037-33f5-9827-7395ef225336', 244, 1044);
insert into Transaction (DTYPE, id, amount, balance, checkNo, date, description, externalId, initialBalance, memo, ref, status, type, uuid, account_id, transfer_id) values('InternalTransaction', 1042, -32.59, 2015.29, '', '2009-12-15', 'LOWE''S #1204 PHOENIX AZ 501276', '200912153', false, '12/14LOWE''S #1', '', 2, 1, '8e64320f-3e47-30b6-ae8e-6fe44e014132', 229, null);
insert into Split (id, amount, uuid, envelope_id, transaction_id) values(1043, -32.59, 'ab102f64-02bd-325c-b224-2106841f83d8', 239, 1042);
insert into Transaction (DTYPE, id, amount, balance, checkNo, date, description, externalId, initialBalance, memo, ref, status, type, uuid, account_id, transfer_id) values('InternalTransaction', 1046, 25.00, 3555.68, '', '2010-04-16', 'Transfer from Available', 'null', false, '', '', 2, 0, 'eb414319-fc38-3cec-abce-cd1903d9f65e', 229, 1482);
insert into Split (id, amount, uuid, envelope_id, transaction_id) values(1047, 25.00, '908a3609-144f-3e57-9870-08c3a226dec3', 277, 1046);
insert into Transaction (DTYPE, id, amount, balance, checkNo, date, description, externalId, initialBalance, memo, ref, status, type, uuid, account_id, transfer_id) values('InternalTransaction', 1048, 2.81, 2.81, '', '2010-04-08', 'Transfer from Household', 'null', false, '', '', 2, 0, 'a5a6f777-1c98-3f82-969e-17a6b08862c0', 228, 1460);
insert into Split (id, amount, uuid, envelope_id, transaction_id) values(1049, 2.81, '9a07e769-d23f-3bc8-8fab-d346c1f4d35c', 252, 1048);
insert into Transaction (DTYPE, id, amount, balance, checkNo, date, description, externalId, initialBalance, memo, ref, status, type, uuid, account_id, transfer_id) values('InternalTransaction', 1050, -25.00, 3875.77, '', '2010-02-19', 'Transfer to Medical', 'null', false, '', '', 2, 1, '3bb3ac64-6a64-346e-99bb-226424defcb6', 229, 842);
insert into Split (id, amount, uuid, envelope_id, transaction_id) values(1051, -25.00, '83ccd28f-2a98-3920-a6d7-3cb25af5c36f', 292, 1050);
insert into Transaction (DTYPE, id, amount, balance, checkNo, date, description, externalId, initialBalance, memo, ref, status, type, uuid, account_id, transfer_id) values('InternalTransaction', 1052, -20.00, null, '', '2010-03-05', 'SYMMETRYCONCEPTS1-8 8669', '201003053', false, '03/04SYMMETRYC', '', 1, 1, 'd668e134-d57e-3e66-a430-f26046600750', 229, null);
insert into Split (id, amount, uuid, envelope_id, transaction_id) values(1053, -20.00, 'dccb936c-9ce1-3bb7-833f-005638e22c39', 247, 1052);
insert into Transaction (DTYPE, id, amount, balance, checkNo, date, description, externalId, initialBalance, memo, ref, status, type, uuid, account_id, transfer_id) values('InternalTransaction', 1058, -35.51, 2557.32, '', '2010-04-02', 'Transfer to New Car', 'null', false, '', '', 2, 1, 'a49cec8c-56fd-355c-966e-b2017b096ab4', 229, 1100);
insert into Split (id, amount, uuid, envelope_id, transaction_id) values(1059, -35.51, 'e9635533-fdde-3256-9c56-31836910fc96', 292, 1058);
insert into Transaction (DTYPE, id, amount, balance, checkNo, date, description, externalId, initialBalance, memo, ref, status, type, uuid, account_id, transfer_id) values('InternalTransaction', 1056, -10.16, 0.00, '', '2010-03-20', 'Transfer to Coffee', 'null', false, '', '', 2, 1, 'abf99326-aa26-30cd-a4f9-4390596b048d', 228, 2368);
insert into Split (id, amount, uuid, envelope_id, transaction_id) values(1057, -10.16, 'f0aadc5f-76fb-3444-89c3-fb60bdc051ec', 292, 1056);
insert into Transaction (DTYPE, id, amount, balance, checkNo, date, description, externalId, initialBalance, memo, ref, status, type, uuid, account_id, transfer_id) values('InternalTransaction', 1054, 2159.85, 3445.82, '', '2010-01-22', 'DIFFUSION GROUP PAYROLL', '201001220', false, 'PPD ID: 1860988050', '', 2, 0, 'd4133ce7-1ada-3306-9ce6-d0c842af4ee1', 229, null);
insert into Split (id, amount, uuid, envelope_id, transaction_id) values(1055, 2159.85, '7996387c-a47d-31a5-b3e5-c8bf4120fca4', 292, 1054);
insert into Transaction (DTYPE, id, amount, balance, checkNo, date, description, externalId, initialBalance, memo, ref, status, type, uuid, account_id, transfer_id) values('InternalTransaction', 1060, -5.42, 3903.13, '', '2010-03-24', 'SUBWAY 24754 00247544 P', '201003241', false, '03/22SUBWAY 24', '', 1, 1, '0c5ea8dd-9552-3f57-a338-180e944e040f', 229, null);
insert into Split (id, amount, uuid, envelope_id, transaction_id) values(1061, -5.42, '44fa11fb-b1f3-3eb9-a926-63764f655d01', 246, 1060);
insert into Transaction (DTYPE, id, amount, balance, checkNo, date, description, externalId, initialBalance, memo, ref, status, type, uuid, account_id, transfer_id) values('InternalTransaction', 1062, -21.82, 1404.16, '', '2010-03-15', 'DENNY''S #6423 PHOENIX AZ', '201003156', false, '03/14DENNY''S #', '', 1, 1, '58a322c6-e5f3-3e6d-8a05-a94c633a0d0c', 229, null);
insert into Split (id, amount, uuid, envelope_id, transaction_id) values(1063, -21.82, 'b07b0b21-7e58-38cf-926d-ecf189207e2b', 295, 1062);
insert into Transaction (DTYPE, id, amount, balance, checkNo, date, description, externalId, initialBalance, memo, ref, status, type, uuid, account_id, transfer_id) values('InternalTransaction', 1064, -20.00, null, '', '2010-03-05', 'FSL LLC 913-461-4242 KS', '201003054', false, '03/05FSL LLC 9', '', 1, 1, 'f8755333-88ec-3eb8-bd8f-0875b8859c01', 229, null);
insert into Split (id, amount, uuid, envelope_id, transaction_id) values(1065, -20.00, '4b385252-9111-35b0-afbf-12c9b90f5c95', 247, 1064);
insert into Transaction (DTYPE, id, amount, balance, checkNo, date, description, externalId, initialBalance, memo, ref, status, type, uuid, account_id, transfer_id) values('InternalTransaction', 1066, 175.00, 175.00, '', '2010-02-19', 'Transfer from Taxes', 'null', false, '', '', 2, 0, '26b22709-a792-37f0-90dd-889654640a31', 228, 2316);
insert into Split (id, amount, uuid, envelope_id, transaction_id) values(1067, 175.00, '8f63d150-e96e-30bf-86b2-b453b243f3b4', 256, 1066);
insert into Transaction (DTYPE, id, amount, balance, checkNo, date, description, externalId, initialBalance, memo, ref, status, type, uuid, account_id, transfer_id) values('InternalTransaction', 1068, -8.69, 2581.48, '', '2010-01-11', 'MARY COYLE ICE CREAM PHO', '2010011114', false, '01/09MARY COYL', '', 2, 1, '2b672700-98ec-37de-9217-25e6d467b1f8', 229, null);
insert into Split (id, amount, uuid, envelope_id, transaction_id) values(1069, -8.69, 'dc5b7591-7019-39c5-834c-68c8fd325cf1', 295, 1068);
insert into Transaction (DTYPE, id, amount, balance, checkNo, date, description, externalId, initialBalance, memo, ref, status, type, uuid, account_id, transfer_id) values('InternalTransaction', 1070, 10.00, 4703.68, '', '2010-03-19', 'Transfer from Available', 'null', false, '', '', 2, 0, '7611f3c2-33d4-3a86-a92a-85d13f1e3c02', 229, 2400);
insert into Split (id, amount, uuid, envelope_id, transaction_id) values(1071, 10.00, 'd8e199f4-cf01-3b3f-b7db-21495eb8c3e4', 234, 1070);
insert into Transaction (DTYPE, id, amount, balance, checkNo, date, description, externalId, initialBalance, memo, ref, status, type, uuid, account_id, transfer_id) values('InternalTransaction', 1072, 0.00, 3461.07, '', '2010-04-02', 'Transfer from Available', 'null', false, '', '', 2, 1, '240b3c57-ba10-3a32-ab58-48471fbebc88', 229, 606);
insert into Split (id, amount, uuid, envelope_id, transaction_id) values(1073, 0.00, '0a2883a3-ddda-3c8f-86f0-80f007de243f', 279, 1072);
insert into Transaction (DTYPE, id, amount, balance, checkNo, date, description, externalId, initialBalance, memo, ref, status, type, uuid, account_id, transfer_id) values('InternalTransaction', 1074, -448.74, 0.00, '', '2010-04-16', 'Transfer to Unassigned', 'null', false, '', '', 2, 1, '1f532afb-1f96-3f6d-aef9-91f19220e1b5', 228, 1922);
insert into Split (id, amount, uuid, envelope_id, transaction_id) values(1075, -448.74, '128c7450-1f16-3450-8965-95c62b71dd3b', 292, 1074);
insert into Transaction (DTYPE, id, amount, balance, checkNo, date, description, externalId, initialBalance, memo, ref, status, type, uuid, account_id, transfer_id) values('InternalTransaction', 1076, -31.90, 4460.19, '', '2009-12-14', 'SRR*SIRIUS RADIO 888-539', '2009121412', false, '12/11SRR*SIRIU', '', 2, 1, 'b2452406-8c81-3202-9bff-cab173d0e95f', 229, null);
insert into Split (id, amount, uuid, envelope_id, transaction_id) values(1077, -31.90, 'df697b9e-20a2-3736-902e-edc8c602f00b', 233, 1076);
insert into Transaction (DTYPE, id, amount, balance, checkNo, date, description, externalId, initialBalance, memo, ref, status, type, uuid, account_id, transfer_id) values('InternalTransaction', 1078, -17.98, 4424.13, '', '2009-11-30', 'Gluten Free Creations Ph', '2009113013', false, '11/27Gluten Fr', '', 2, 1, '22c44466-1204-3137-a163-16563e000d74', 229, null);
insert into Split (id, amount, uuid, envelope_id, transaction_id) values(1079, -17.98, 'f31cf6c4-f609-353e-9375-541615d280ae', 238, 1078);
insert into Transaction (DTYPE, id, amount, balance, checkNo, date, description, externalId, initialBalance, memo, ref, status, type, uuid, account_id, transfer_id) values('InternalTransaction', 1080, 15.95, 3571.63, '', '2010-04-16', 'Transfer from Available', 'null', false, '', '', 2, 0, '1f4cbc48-6e36-3d03-8d8b-dcd134d6a058', 229, 2376);
insert into Split (id, amount, uuid, envelope_id, transaction_id) values(1081, 15.95, '96bba1d9-eb0d-31c8-964e-62bb5f781c55', 233, 1080);
insert into Transaction (DTYPE, id, amount, balance, checkNo, date, description, externalId, initialBalance, memo, ref, status, type, uuid, account_id, transfer_id) values('InternalTransaction', 1082, -9.74, 1135.04, '', '2010-02-16', 'Transfer to Personal Care', 'null', false, '', '', 0, 1, '3721c0c3-0fad-3240-8d47-4e8a62766c26', 229, 2206);
insert into Split (id, amount, uuid, envelope_id, transaction_id) values(1083, -9.74, '008b5f81-8714-3dc1-95a2-b46b2d209aa0', 292, 1082);
insert into Transaction (DTYPE, id, amount, balance, checkNo, date, description, externalId, initialBalance, memo, ref, status, type, uuid, account_id, transfer_id) values('InternalTransaction', 1084, 38.63, 806.74, '', '2010-04-13', 'Transfer from Available', 'null', false, '', '', 2, 0, 'bc86b478-663a-3eb3-9cb5-9513ac9d452a', 229, 1802);
insert into Split (id, amount, uuid, envelope_id, transaction_id) values(1085, 38.63, '08153c5b-4305-3879-a196-c42901a4a8e5', 264, 1084);
insert into Transaction (DTYPE, id, amount, balance, checkNo, date, description, externalId, initialBalance, memo, ref, status, type, uuid, account_id, transfer_id) values('InternalTransaction', 1086, -3.89, 2299.59, '', '2009-12-30', 'FRYS FOOD & DRUG 1815 G 513955', '200912304', false, '12/29FRYS FOOD', '', 2, 1, '5c901eb8-ffab-3d3b-adbf-8e0b18e00de2', 229, null);
insert into Split (id, amount, uuid, envelope_id, transaction_id) values(1087, -3.89, 'a64f401d-d2b3-3f36-b30e-9ab02bbfa28c', 238, 1086);
insert into Transaction (DTYPE, id, amount, balance, checkNo, date, description, externalId, initialBalance, memo, ref, status, type, uuid, account_id, transfer_id) values('InternalTransaction', 1088, -80.00, 2833.97, '259', '2009-12-28', 'Annette Trijillo', '200912283', false, '', '', 2, 1, 'e0d26ef3-caad-3567-8b56-adf00758e1de', 229, null);
insert into Split (id, amount, uuid, envelope_id, transaction_id) values(1089, -80.00, '52e23e44-1f18-306d-b20f-85b1792352aa', 261, 1088);
insert into Transaction (DTYPE, id, amount, balance, checkNo, date, description, externalId, initialBalance, memo, ref, status, type, uuid, account_id, transfer_id) values('InternalTransaction', 1090, -9.95, 1351.84, '', '2009-12-22', 'Financial Management Software:', '200912220', false, 'Monthly Service Fee', '', 2, 1, 'b70226b6-c7e0-3ee7-a577-a3ecb2eac60a', 229, null);
insert into Split (id, amount, uuid, envelope_id, transaction_id) values(1091, -9.95, '9d4e5226-30de-3a57-b227-2bf5e75f1973', 232, 1090);
insert into Transaction (DTYPE, id, amount, balance, checkNo, date, description, externalId, initialBalance, memo, ref, status, type, uuid, account_id, transfer_id) values('InternalTransaction', 1092, -12.50, 1371.25, '', '2010-03-15', 'JOE''S BARBER SHOP PHOENI', '201003158', false, '03/13JOE''S BAR', '', 1, 1, '421546ab-522e-3427-85bb-0bb7d0ef7447', 229, null);
insert into Split (id, amount, uuid, envelope_id, transaction_id) values(1093, -12.50, '939b36f6-4aa8-3d26-b46d-1e5024493b85', 260, 1092);
insert into Transaction (DTYPE, id, amount, balance, checkNo, date, description, externalId, initialBalance, memo, ref, status, type, uuid, account_id, transfer_id) values('InternalTransaction', 1094, -37.18, 1511.90, '', '2010-02-04', 'CIRCLE K 01618 PHOENIX A230750', '201002041', false, '02/03CIRCLE K', '', 2, 1, 'bb12afa1-1f52-346e-a71e-d0796470c59d', 229, null);
insert into Split (id, amount, uuid, envelope_id, transaction_id) values(1095, -37.18, 'a3015255-7011-3749-8253-4d249be0c577', 252, 1094);
insert into Transaction (DTYPE, id, amount, balance, checkNo, date, description, externalId, initialBalance, memo, ref, status, type, uuid, account_id, transfer_id) values('InternalTransaction', 1096, -3.97, 4347.98, '', '2010-03-29', 'FRYS FOOD & DRUG 7770 SC459360', '2010032911', false, '03/27FRYS FOOD', '', 1, 1, '85626707-07ee-3fef-8437-8b39b4530bcb', 229, null);
insert into Split (id, amount, uuid, envelope_id, transaction_id) values(1097, -3.97, '8955f0b5-3988-3616-84a5-f3a395850447', 238, 1096);
insert into Transaction (DTYPE, id, amount, balance, checkNo, date, description, externalId, initialBalance, memo, ref, status, type, uuid, account_id, transfer_id) values('InternalTransaction', 1098, 1276.55, 12905.58, '', '2010-02-16', 'Transfer from Available', 'null', false, '', '', 0, 0, '056f2937-e835-357a-84f2-bc2e8302ae8c', 229, 1102);
insert into Split (id, amount, uuid, envelope_id, transaction_id) values(1099, 1276.55, 'e7b9c691-51f1-34ee-8e29-dab2f842f458', 238, 1098);
insert into Transaction (DTYPE, id, amount, balance, checkNo, date, description, externalId, initialBalance, memo, ref, status, type, uuid, account_id, transfer_id) values('InternalTransaction', 1100, 35.51, 3496.58, '', '2010-04-02', 'Transfer from Available', 'null', false, '', '', 2, 0, '8d95dbfd-879e-3d5e-9fd4-18ae488807fb', 229, 1058);
insert into Split (id, amount, uuid, envelope_id, transaction_id) values(1101, 35.51, '58bc9f0a-fd85-3ccd-b3ed-7f390192ebab', 245, 1100);
insert into Transaction (DTYPE, id, amount, balance, checkNo, date, description, externalId, initialBalance, memo, ref, status, type, uuid, account_id, transfer_id) values('InternalTransaction', 1102, -1276.55, 9019.52, '', '2010-02-16', 'Transfer to Groceries', 'null', false, '', '', 0, 1, 'c2e88b27-3a50-3b29-9f74-37d45a0223c1', 229, 1098);
insert into Split (id, amount, uuid, envelope_id, transaction_id) values(1103, -1276.55, 'd678b29b-cab0-3688-9fd1-cf1b90a41954', 292, 1102);
insert into Transaction (DTYPE, id, amount, balance, checkNo, date, description, externalId, initialBalance, memo, ref, status, type, uuid, account_id, transfer_id) values('InternalTransaction', 1104, -72.67, 2835.07, '', '2009-12-04', 'FRYS FOOD & DRUG 1815 G 105290', '200912041', false, '12/03FRYS FOOD', '', 2, 1, '6d107dd0-4e23-3197-aa3a-a60c2b4fbc13', 229, null);
insert into Split (id, amount, uuid, envelope_id, transaction_id) values(1105, -72.67, 'bc6aca74-3194-3484-b45b-5d2d16d62c31', 238, 1104);
insert into Transaction (DTYPE, id, amount, balance, checkNo, date, description, externalId, initialBalance, memo, ref, status, type, uuid, account_id, transfer_id) values('InternalTransaction', 1106, -45.00, 1549.08, '', '2010-02-04', 'WALGREENS #6400 PHOENIX', '201002040', false, '02/03WALGREENS', '', 2, 1, '466c5cb5-4d6d-3d9e-a7db-ca47c555fb46', 229, null);
insert into Split (id, amount, uuid, envelope_id, transaction_id) values(1107, -45.00, 'eebdfc98-2d86-3cc7-9963-8e879858a576', 277, 1106);
insert into Transaction (DTYPE, id, amount, balance, checkNo, date, description, externalId, initialBalance, memo, ref, status, type, uuid, account_id, transfer_id) values('InternalTransaction', 1108, -81.58, 1493.00, '', '2010-01-13', 'DTV*DIRECTV SERVICE 800-', '201001130', false, '01/12DTV*DIREC', '', 2, 1, 'e1426895-1682-34d0-abfd-f65cc654cdb7', 229, null);
insert into Split (id, amount, uuid, envelope_id, transaction_id) values(1109, -81.58, '4748f97e-45b4-30ef-bc53-88f81b8c8114', 273, 1108);
insert into Transaction (DTYPE, id, amount, balance, checkNo, date, description, externalId, initialBalance, memo, ref, status, type, uuid, account_id, transfer_id) values('InternalTransaction', 1110, 20.00, 1297.60, '', '2010-04-07', 'Transfer from Available', 'null', false, '', '', 2, 0, 'd843be6e-88c5-33f5-8bc7-310821634df5', 229, 1566);
insert into Split (id, amount, uuid, envelope_id, transaction_id) values(1111, 20.00, 'e8ac7824-f333-3f3c-bce5-f67a41580da8', 256, 1110);
insert into Transaction (DTYPE, id, amount, balance, checkNo, date, description, externalId, initialBalance, memo, ref, status, type, uuid, account_id, transfer_id) values('InternalTransaction', 1112, -127.60, 5501.44, '', '2010-02-16', 'Transfer to Sirius', 'null', false, '', '', 0, 1, 'f9f2ae00-aa33-31c6-b3f7-65102301551a', 229, 2671);
insert into Split (id, amount, uuid, envelope_id, transaction_id) values(1113, -127.60, '2c1f5623-2b34-3057-86a4-1c64537fc473', 292, 1112);
insert into Transaction (DTYPE, id, amount, balance, checkNo, date, description, externalId, initialBalance, memo, ref, status, type, uuid, account_id, transfer_id) values('InternalTransaction', 1114, -63.12, 3904.86, '', '2010-03-30', 'Transfer to Unassigned', 'null', false, '', '', 2, 1, '5fcc6ff7-9c8e-3704-bbd2-95e73f3bd635', 229, 2901);
insert into Split (id, amount, uuid, envelope_id, transaction_id) values(1115, -63.12, '8f588214-5695-3d5c-b3dd-930bdcc623f5', 292, 1114);
insert into Transaction (DTYPE, id, amount, balance, checkNo, date, description, externalId, initialBalance, memo, ref, status, type, uuid, account_id, transfer_id) values('InternalTransaction', 1116, 10.29, 1407.12, '', '2010-04-06', 'Transfer from Available', 'null', false, '', '', 2, 0, '870025a0-df36-3fe6-9b93-a081be0f79fd', 229, 582);
insert into Split (id, amount, uuid, envelope_id, transaction_id) values(1117, 10.29, 'c95263b5-6e0f-39ca-a2c1-ffb7763b04d5', 295, 1116);
insert into Transaction (DTYPE, id, amount, balance, checkNo, date, description, externalId, initialBalance, memo, ref, status, type, uuid, account_id, transfer_id) values('InternalTransaction', 1118, -3.43, 2939.21, '', '2010-02-22', 'THE HOME DEPOT #0485 PHO405712', '2010022210', false, '02/21THE HOME', '', 2, 1, 'c0596bd8-fda4-3ecf-84c2-fe1425dd9316', 229, null);
insert into Split (id, amount, uuid, envelope_id, transaction_id) values(1119, -3.43, 'e8038f1f-5d3b-3526-95e8-7d0dd5ce8614', 239, 1118);
insert into Transaction (DTYPE, id, amount, balance, checkNo, date, description, externalId, initialBalance, memo, ref, status, type, uuid, account_id, transfer_id) values('InternalTransaction', 1120, -3.22, 1212.53, '', '2010-03-16', 'QT 418 05004189 P', '201003163', false, '03/14QT 418', '', 1, 1, 'bfc04c70-f682-3565-8faa-74cdc3da0339', 229, null);
insert into Split (id, amount, uuid, envelope_id, transaction_id) values(1121, -3.22, '01ca4da9-dc43-35b1-b57b-9694c0af0c3d', 252, 1120);
insert into Transaction (DTYPE, id, amount, balance, checkNo, date, description, externalId, initialBalance, memo, ref, status, type, uuid, account_id, transfer_id) values('InternalTransaction', 1122, -35.00, 1033.41, '', '2009-12-24', 'JOSEPH SCOTT SALON LLC P082394', '200912241', false, '12/23JOSEPH SC', '', 2, 1, '07a65853-f2c1-3ab9-a0b9-87106df8c550', 229, null);
insert into Split (id, amount, uuid, envelope_id, transaction_id) values(1123, -35.00, 'e39794c4-5560-35ed-8124-6b22cdaec71a', 260, 1122);
insert into Transaction (DTYPE, id, amount, balance, checkNo, date, description, externalId, initialBalance, memo, ref, status, type, uuid, account_id, transfer_id) values('InternalTransaction', 1124, -34.61, 1392.09, '', '2009-12-21', 'WALGREEN COMPANY 4111 N 737035', '200912212', false, '12/20WALGREEN', '', 2, 1, 'b20514dc-8684-3d32-b335-6f1146c862fd', 229, null);
insert into Split (id, amount, uuid, envelope_id, transaction_id) values(1125, -34.61, '6891dcfb-4f55-3047-b584-c82ab60df38e', 277, 1124);
insert into Transaction (DTYPE, id, amount, balance, checkNo, date, description, externalId, initialBalance, memo, ref, status, type, uuid, account_id, transfer_id) values('InternalTransaction', 1126, 4.32, 4.32, '', '2010-03-20', 'Transfer from Available', 'null', false, '', '', 2, 0, 'b1c2b1d2-97eb-3844-b0d8-4a006d750b21', 228, 964);
insert into Split (id, amount, uuid, envelope_id, transaction_id) values(1127, 4.32, 'ff24b836-4fbc-3983-bcb6-af38e160b00f', 241, 1126);
insert into Transaction (DTYPE, id, amount, balance, checkNo, date, description, externalId, initialBalance, memo, ref, status, type, uuid, account_id, transfer_id) values('InternalTransaction', 1128, -6.43, 4013.23, '', '2009-12-01', 'CHIPOTLE 1208 TEMPE AZ', '200912011', false, '11/30CHIPOTLE', '', 2, 1, '2b7329e5-275f-37c6-a4af-c445138f5bbd', 229, null);
insert into Split (id, amount, uuid, envelope_id, transaction_id) values(1129, -6.43, 'dd5003b7-19a7-3af8-b279-75aaac05cd96', 295, 1128);
insert into Transaction (DTYPE, id, amount, balance, checkNo, date, description, externalId, initialBalance, memo, ref, status, type, uuid, account_id, transfer_id) values('InternalTransaction', 1130, -13.99, 5952.22, '', '2010-03-05', 'Transfer to Arrowhead Water', 'null', false, '', '', 2, 1, '455be704-0352-3250-a3c9-354054cc9682', 229, 2126);
insert into Split (id, amount, uuid, envelope_id, transaction_id) values(1131, -13.99, '570fcea2-558b-3493-9e13-52c2166e52fa', 292, 1130);
insert into Transaction (DTYPE, id, amount, balance, checkNo, date, description, externalId, initialBalance, memo, ref, status, type, uuid, account_id, transfer_id) values('InternalTransaction', 1132, 1.31, 1295.12, '', '2010-04-23', 'Transfer from Available', 'null', false, '', '', 2, 0, '9e801997-b4d3-3618-aa03-1e2ce63b1764', 229, 1454);
insert into Split (id, amount, uuid, envelope_id, transaction_id) values(1133, 1.31, '4c140aea-17f4-32c4-82c0-4618d3b772c0', 268, 1132);
insert into Transaction (DTYPE, id, amount, balance, checkNo, date, description, externalId, initialBalance, memo, ref, status, type, uuid, account_id, transfer_id) values('InternalTransaction', 1134, -395.46, 5134.13, '', '2010-03-05', 'Transfer to GMAC Mortgage', 'null', false, '', '', 2, 1, '01cb2cf0-e99b-308c-a450-3a2688b1d0ff', 229, 2787);
insert into Split (id, amount, uuid, envelope_id, transaction_id) values(1135, -395.46, '502fc000-653b-30b3-a8b4-34d33a723a36', 292, 1134);
insert into Transaction (DTYPE, id, amount, balance, checkNo, date, description, externalId, initialBalance, memo, ref, status, type, uuid, account_id, transfer_id) values('InternalTransaction', 1136, -7.99, 992.85, '', '2009-11-09', 'Gluten Free Creations Ph', '200911098', false, '11/07Gluten Fr', '', 2, 1, 'a8549a41-fafa-3229-9ca8-46388ec3b657', 229, null);
insert into Split (id, amount, uuid, envelope_id, transaction_id) values(1137, -7.99, '2d419579-cca2-3fd2-abd7-fdc0f9945101', 238, 1136);
insert into Transaction (DTYPE, id, amount, balance, checkNo, date, description, externalId, initialBalance, memo, ref, status, type, uuid, account_id, transfer_id) values('InternalTransaction', 1138, -3.24, 5686.60, '', '2009-12-11', 'BOSTON MARKET #272 PHOEN', '2009121112', false, '12/10BOSTON MA', '', 2, 1, 'aab01ebd-f934-35dc-8928-5efe52a6ffb5', 229, null);
insert into Split (id, amount, uuid, envelope_id, transaction_id) values(1139, -3.24, 'b1694bb4-13a4-3125-8470-0de936b96698', 295, 1138);
insert into Transaction (DTYPE, id, amount, balance, checkNo, date, description, externalId, initialBalance, memo, ref, status, type, uuid, account_id, transfer_id) values('InternalTransaction', 1140, -13.19, 3529.23, '', '2009-12-14', 'CVS 09347 09347--1525 N 203772', '2009121421', false, '12/11CVS 09347', '', 2, 1, '3fb92dcf-0f34-3b9b-9a28-55fc34aacd71', 229, null);
insert into Split (id, amount, uuid, envelope_id, transaction_id) values(1141, -13.19, '9a006579-fc67-31fc-8b67-bcf966ad7044', 286, 1140);
insert into Transaction (DTYPE, id, amount, balance, checkNo, date, description, externalId, initialBalance, memo, ref, status, type, uuid, account_id, transfer_id) values('InternalTransaction', 1142, -10.05, 2776.29, '', '2010-02-22', 'CHIPOTLE 1208 TEMPE AZ', '201002228', false, '02/18CHIPOTLE', '', 2, 1, 'f9247c2b-2e75-3d79-aeae-5508fc4d43c8', 229, null);
insert into Split (id, amount, uuid, envelope_id, transaction_id) values(1143, -10.05, '61f16df6-23d4-3126-9e88-11ec13dbbf94', 295, 1142);
insert into Transaction (DTYPE, id, amount, balance, checkNo, date, description, externalId, initialBalance, memo, ref, status, type, uuid, account_id, transfer_id) values('InternalTransaction', 1144, 2.16, 1409.28, '', '2010-04-06', 'Transfer from Available', 'null', false, '', '', 2, 0, '7536451b-834a-37e8-b4d9-1ce72361a4b5', 229, 2018);
insert into Split (id, amount, uuid, envelope_id, transaction_id) values(1145, 2.16, '66eb2e6f-0395-3a81-925c-8f8f86365035', 246, 1144);
insert into Transaction (DTYPE, id, amount, balance, checkNo, date, description, externalId, initialBalance, memo, ref, status, type, uuid, account_id, transfer_id) values('InternalTransaction', 1146, -5.13, 808.12, '', '2010-04-13', 'IN-N-OUT BURGERS TEMPE A', '201004130', false, '04/11IN-N-OUT', '', 1, 1, 'f44dc336-3efa-38a3-8f8c-37625fd201cf', 229, null);
insert into Split (id, amount, uuid, envelope_id, transaction_id) values(1147, -5.13, 'acc8bcd9-ed75-30d1-aa16-72cd89627cc0', 246, 1146);
insert into Transaction (DTYPE, id, amount, balance, checkNo, date, description, externalId, initialBalance, memo, ref, status, type, uuid, account_id, transfer_id) values('InternalTransaction', 1148, -917.31, 14203.65, '', '2010-02-16', 'Transfer to Eating Out', 'null', false, '', '', 0, 1, '192d11c0-000e-3405-b210-ab200a939fc3', 229, 2841);
insert into Split (id, amount, uuid, envelope_id, transaction_id) values(1149, -917.31, '401f7fe4-309f-3d45-a1f1-96a93763f2f1', 292, 1148);
insert into Transaction (DTYPE, id, amount, balance, checkNo, date, description, externalId, initialBalance, memo, ref, status, type, uuid, account_id, transfer_id) values('InternalTransaction', 1150, 647.67, 13568.20, '', '2010-02-16', 'Transfer from Available', 'null', false, '', '', 0, 0, 'fe4ff758-57dc-3a60-8035-1ae4d214af19', 229, 1264);
insert into Split (id, amount, uuid, envelope_id, transaction_id) values(1151, 647.67, 'cd534c4e-f52b-3880-b490-7bce7b94e1fa', 252, 1150);
insert into Transaction (DTYPE, id, amount, balance, checkNo, date, description, externalId, initialBalance, memo, ref, status, type, uuid, account_id, transfer_id) values('InternalTransaction', 1152, -47.38, 1179.78, '', '2010-02-15', 'SPROUTS', '201002161', false, '', '', 2, 1, '4e01c727-ca6a-3150-8f8e-a6f37b29e3e6', 229, null);
insert into Split (id, amount, uuid, envelope_id, transaction_id) values(1153, -47.38, 'b61e4da3-09ad-3186-a00d-3a9483ac8de1', 238, 1152);
insert into Transaction (DTYPE, id, amount, balance, checkNo, date, description, externalId, initialBalance, memo, ref, status, type, uuid, account_id, transfer_id) values('InternalTransaction', 1154, 395.46, 1530.50, '', '2010-02-16', 'Transfer from Available', 'null', false, '', '', 0, 0, '6b4e3aa5-018c-32a0-9248-2ec0c552ecf6', 229, 1428);
insert into Split (id, amount, uuid, envelope_id, transaction_id) values(1155, 395.46, '11c3b587-177d-338b-847e-05bf052fa5fc', 231, 1154);
insert into Transaction (DTYPE, id, amount, balance, checkNo, date, description, externalId, initialBalance, memo, ref, status, type, uuid, account_id, transfer_id) values('InternalTransaction', 1156, 175.00, 4878.68, '', '2010-03-19', 'Transfer from Available', 'null', false, '', '', 2, 0, '75490554-5d55-3be9-a97d-b95c581c20bc', 229, 2272);
insert into Split (id, amount, uuid, envelope_id, transaction_id) values(1157, 175.00, 'd567c98d-827c-302c-ab3e-2d3c30ac4e17', 275, 1156);
insert into Transaction (DTYPE, id, amount, balance, checkNo, date, description, externalId, initialBalance, memo, ref, status, type, uuid, account_id, transfer_id) values('InternalTransaction', 1158, -40.00, 3260.70, '', '2009-11-02', 'ATM WITHDRAWAL 006104', '200911021', false, '11/023150 E IN', '', 2, 1, 'e8ed46b3-2411-3eaf-b75e-a347747036d1', 229, null);
insert into Split (id, amount, uuid, envelope_id, transaction_id) values(1159, -40.00, 'b91db466-c868-3d4d-9b0d-af7e0f952b25', 276, 1158);
insert into Transaction (DTYPE, id, amount, balance, checkNo, date, description, externalId, initialBalance, memo, ref, status, type, uuid, account_id, transfer_id) values('InternalTransaction', 1160, -10.04, 1365.26, '', '2009-12-21', 'QDOBA 428 11404282 P', '200912214', false, '12/19QDOBA 428', '', 2, 1, '9e460773-7dc4-307f-90d7-d2ab710b2aaa', 229, null);
insert into Split (id, amount, uuid, envelope_id, transaction_id) values(1161, -10.04, '63a72f71-e3a3-3ce9-8ef9-40458e7e9f3f', 295, 1160);
insert into Transaction (DTYPE, id, amount, balance, checkNo, date, description, externalId, initialBalance, memo, ref, status, type, uuid, account_id, transfer_id) values('InternalTransaction', 1162, -0.00, 5104.24, '', '2010-02-19', 'Transfer to Cox Communications', 'null', false, '', '', 2, 1, '19d9316a-f933-3d84-9dc6-95656eab3e30', 229, 2647);
insert into Split (id, amount, uuid, envelope_id, transaction_id) values(1163, -0.00, '3315b64a-eca0-325b-bc2b-35d94b3bec92', 292, 1162);
insert into Transaction (DTYPE, id, amount, balance, checkNo, date, description, externalId, initialBalance, memo, ref, status, type, uuid, account_id, transfer_id) values('InternalTransaction', 1164, -4.13, 4660.31, '', '2010-03-05', 'Transfer to Me.com', 'null', false, '', '', 2, 1, '18208b4c-6341-3e0c-9ca4-6ef0d30f454b', 229, 2645);
insert into Split (id, amount, uuid, envelope_id, transaction_id) values(1165, -4.13, 'c7f4bfe5-edcb-3055-8546-61aef5ca735d', 292, 1164);
insert into Transaction (DTYPE, id, amount, balance, checkNo, date, description, externalId, initialBalance, memo, ref, status, type, uuid, account_id, transfer_id) values('InternalTransaction', 1166, -35.00, 3871.45, '', '2009-12-10', 'JOSEPH SCOTT SALON LLC P393003', '200912100', false, '12/09JOSEPH SC', '', 2, 1, '6f569943-cc4b-3203-ad7c-281686244f16', 229, null);
insert into Split (id, amount, uuid, envelope_id, transaction_id) values(1167, -35.00, 'd8e1a8da-7047-3616-a549-6c80b4900471', 260, 1166);
insert into Transaction (DTYPE, id, amount, balance, checkNo, date, description, externalId, initialBalance, memo, ref, status, type, uuid, account_id, transfer_id) values('InternalTransaction', 1168, -571.75, 2658.36, '', '2010-03-08', 'BARCLAYCARD US CREDITCARD 8513', '201003081', false, '0445 WEB ID: 2510407970', '', 1, 1, 'db0236b3-7968-3aca-ab31-faff6b79d42c', 229, null);
insert into Split (id, amount, uuid, envelope_id, transaction_id) values(1169, -571.75, 'd14a6ea7-3dfa-3fc2-8299-a0bc840159ce', 242, 1168);
insert into Transaction (DTYPE, id, amount, balance, checkNo, date, description, externalId, initialBalance, memo, ref, status, type, uuid, account_id, transfer_id) values('InternalTransaction', 1170, -5.50, 3904.86, '', '2010-03-30', 'Transfer to Fast Food', 'null', false, '', '', 2, 1, 'a135ab8f-91ea-3b28-99d0-8563b0db2199', 229, 2240);
insert into Split (id, amount, uuid, envelope_id, transaction_id) values(1171, -5.50, 'a1c8cbdd-515e-3ef5-b241-68f08941e4e9', 292, 1170);
insert into Transaction (DTYPE, id, amount, balance, checkNo, date, description, externalId, initialBalance, memo, ref, status, type, uuid, account_id, transfer_id) values('InternalTransaction', 1172, 20.00, 20.00, '', '2010-02-23', 'Transfer from Spending', 'null', false, '', '', 2, 0, 'f8141547-787b-3f2a-83ab-a30d2a743d4c', 228, 1940);
insert into Split (id, amount, uuid, envelope_id, transaction_id) values(1173, 20.00, 'f9d22822-46db-3557-a43d-7294e08701a3', 250, 1172);
insert into Transaction (DTYPE, id, amount, balance, checkNo, date, description, externalId, initialBalance, memo, ref, status, type, uuid, account_id, transfer_id) values('InternalTransaction', 1174, -13.00, 1277.60, '', '2010-04-07', 'ROSITA''S PLACE PHOENIX A', '201004074', false, '04/06ROSITA''S', '', 1, 1, '8a67f6db-1b4c-3fb6-afbb-5547437b2fd5', 229, null);
insert into Split (id, amount, uuid, envelope_id, transaction_id) values(1175, -13.00, '91c3537f-735b-391c-9e06-cc18423043e0', 295, 1174);
insert into Transaction (DTYPE, id, amount, balance, checkNo, date, description, externalId, initialBalance, memo, ref, status, type, uuid, account_id, transfer_id) values('InternalTransaction', 1176, -25.00, null, '', '2010-04-02', 'CHASE INTERNET FUNDI 877', '201004023', false, '03/31CHASE INT', '', 1, 1, '1ad12b8a-b5ba-3315-989b-21bee1ebd05e', 229, null);
insert into Split (id, amount, uuid, envelope_id, transaction_id) values(1177, -25.00, '0e0ddd57-fa82-3adf-9c9d-320ceecff80a', 252, 1176);
insert into Transaction (DTYPE, id, amount, balance, checkNo, date, description, externalId, initialBalance, memo, ref, status, type, uuid, account_id, transfer_id) values('InternalTransaction', 1178, -25.00, 2676.96, '', '2010-04-02', 'Transfer to Household', 'null', false, '', '', 2, 1, '735b02e4-427b-3641-9f7c-b14768e99f76', 229, 388);
insert into Split (id, amount, uuid, envelope_id, transaction_id) values(1179, -25.00, '810ac0e4-f5f0-3e7f-9709-34eb2a301917', 292, 1178);
insert into Transaction (DTYPE, id, amount, balance, checkNo, date, description, externalId, initialBalance, memo, ref, status, type, uuid, account_id, transfer_id) values('InternalTransaction', 1180, 15.95, 4607.47, '', '2010-03-05', 'Transfer from Available', 'null', false, '', '', 2, 0, '1511872a-477b-324c-becc-df6f8c506c13', 229, 2218);
insert into Split (id, amount, uuid, envelope_id, transaction_id) values(1181, 15.95, '477c795c-7c20-3ef3-a254-7aa4e3a5ddaa', 233, 1180);
insert into Transaction (DTYPE, id, amount, balance, checkNo, date, description, externalId, initialBalance, memo, ref, status, type, uuid, account_id, transfer_id) values('InternalTransaction', 1182, -26.82, 0.00, '', '2010-03-19', 'Transfer to Household', 'null', false, '', '', 2, 1, 'fd239d15-8428-32da-a242-54f11380b30d', 228, 1220);
insert into Split (id, amount, uuid, envelope_id, transaction_id) values(1183, -26.82, 'e7212a35-20c3-3d13-a7d1-ed1b0fa1f7f2', 292, 1182);
insert into Transaction (DTYPE, id, amount, balance, checkNo, date, description, externalId, initialBalance, memo, ref, status, type, uuid, account_id, transfer_id) values('InternalTransaction', 1184, -48.70, 2853.63, '', '2010-02-08', 'DELHI PALACE TEMPE AZ', '201002086', false, '02/06DELHI PAL', '', 2, 1, 'c5c636de-7ca6-3f15-878f-0dc9cc20d6dc', 229, null);
insert into Split (id, amount, uuid, envelope_id, transaction_id) values(1185, -48.70, '54556936-b848-3d31-a402-ec523fa012c9', 295, 1184);
insert into Transaction (DTYPE, id, amount, balance, checkNo, date, description, externalId, initialBalance, memo, ref, status, type, uuid, account_id, transfer_id) values('InternalTransaction', 1186, 0.77, 0.77, '', '2010-03-30', 'Transfer from Auto Fuel', 'null', false, '', '', 2, 0, '54f81dbe-968d-3775-b3f9-1b66b248a614', 228, 1486);
insert into Split (id, amount, uuid, envelope_id, transaction_id) values(1187, 0.77, 'c9f521f2-0686-38f1-9111-e85c621bf210', 292, 1186);
insert into Transaction (DTYPE, id, amount, balance, checkNo, date, description, externalId, initialBalance, memo, ref, status, type, uuid, account_id, transfer_id) values('InternalTransaction', 1188, -5.39, 1207.14, '', '2010-03-17', 'BURGER KING #10259 TEMPE', '201003170', false, '03/15BURGER KI', '', 1, 1, '5240dc30-46c2-37b7-b4ef-e3af8ec4972e', 229, null);
insert into Split (id, amount, uuid, envelope_id, transaction_id) values(1189, -5.39, '29ddf98b-a0d9-3b19-892b-656a0cf342b1', 246, 1188);
insert into Transaction (DTYPE, id, amount, balance, checkNo, date, description, externalId, initialBalance, memo, ref, status, type, uuid, account_id, transfer_id) values('InternalTransaction', 1190, 17.49, 4624.96, '', '2010-03-05', 'Transfer from Available', 'null', false, '', '', 2, 0, 'eac9c86c-8b1f-3194-9edd-7c15053897f3', 229, 2412);
insert into Split (id, amount, uuid, envelope_id, transaction_id) values(1191, 17.49, 'a10bf8b8-8eb3-3760-a5e8-8977a9b9b35d', 271, 1190);
insert into Transaction (DTYPE, id, amount, balance, checkNo, date, description, externalId, initialBalance, memo, ref, status, type, uuid, account_id, transfer_id) values('InternalTransaction', 1192, 60.00, 3976.07, '', '2010-03-23', 'Transfer from Available', 'null', false, '', '', 2, 0, '77c57c23-e22b-3606-93b5-0922ac255f0c', 229, 2158);
insert into Split (id, amount, uuid, envelope_id, transaction_id) values(1193, 60.00, '8a67fba0-87b3-32b9-97b3-33df1804e84a', 276, 1192);
insert into Transaction (DTYPE, id, amount, balance, checkNo, date, description, externalId, initialBalance, memo, ref, status, type, uuid, account_id, transfer_id) values('InternalTransaction', 1194, 32.27, 2437.05, '', '2010-02-28', 'Transfer from Available', 'null', false, '', '', 2, 0, '333f74dd-511e-389e-a122-4683d7c8f21c', 229, 372);
insert into Split (id, amount, uuid, envelope_id, transaction_id) values(1195, 32.27, '82eb4b0b-0e5e-3028-899a-92c4951fe71f', 295, 1194);
insert into Transaction (DTYPE, id, amount, balance, checkNo, date, description, externalId, initialBalance, memo, ref, status, type, uuid, account_id, transfer_id) values('InternalTransaction', 1196, -967.50, 6625.07, '', '2010-02-16', 'Transfer to Lofts @ Arcadia', 'null', false, '', '', 0, 1, '09b452e5-ef9f-3134-ab61-74799e0f3258', 229, 1346);
insert into Split (id, amount, uuid, envelope_id, transaction_id) values(1197, -967.50, '15075b7e-835c-3901-a8f9-1af994341973', 292, 1196);
insert into Transaction (DTYPE, id, amount, balance, checkNo, date, description, externalId, initialBalance, memo, ref, status, type, uuid, account_id, transfer_id) values('InternalTransaction', 1198, -10.02, 0.00, '', '2010-03-16', 'Transfer to Available', 'null', false, '', '', 2, 1, '616921e1-08a1-336c-b40a-69d0c864c848', 228, 2687);
insert into Split (id, amount, uuid, envelope_id, transaction_id) values(1199, -10.02, '11852e6e-7739-3903-8673-3573d1fc48c0', 254, 1198);
insert into Transaction (DTYPE, id, amount, balance, checkNo, date, description, externalId, initialBalance, memo, ref, status, type, uuid, account_id, transfer_id) values('InternalTransaction', 1200, -49.95, 1650.54, '', '2010-03-15', 'COX*PHOENIX COMM SER 602', '201003150', false, '03/13COX*PHOEN', '', 1, 1, '2d5a876d-1e2d-39ce-b715-562c886100dd', 229, null);
insert into Split (id, amount, uuid, envelope_id, transaction_id) values(1201, -49.95, 'f59cef0b-5c98-3874-8a34-405de8e93abc', 268, 1200);
insert into Transaction (DTYPE, id, amount, balance, checkNo, date, description, externalId, initialBalance, memo, ref, status, type, uuid, account_id, transfer_id) values('InternalTransaction', 1202, -44.00, 0.00, '', '2010-03-30', 'Transfer to Spending', 'null', false, '', '', 2, 1, 'e3cadbc6-20c3-3be3-b567-bce85fbfd0ee', 228, 1206);
insert into Split (id, amount, uuid, envelope_id, transaction_id) values(1203, -44.00, '74be1a7e-1545-370d-ab0b-6d26692ae3a7', 292, 1202);
insert into Transaction (DTYPE, id, amount, balance, checkNo, date, description, externalId, initialBalance, memo, ref, status, type, uuid, account_id, transfer_id) values('InternalTransaction', 1204, 18.53, 668.58, '', '2010-04-16', 'Transfer from Available', 'null', false, '', '', 2, 0, 'ab122a6f-5ac5-3141-885d-f5002de4f5c2', 229, 2104);
insert into Split (id, amount, uuid, envelope_id, transaction_id) values(1205, 18.53, '64a2cc13-434e-31d1-b53c-b253cf826d24', 238, 1204);
insert into Transaction (DTYPE, id, amount, balance, checkNo, date, description, externalId, initialBalance, memo, ref, status, type, uuid, account_id, transfer_id) values('InternalTransaction', 1206, 44.00, 44.00, '', '2010-03-30', 'Transfer from Available', 'null', false, '', '', 2, 0, 'fa9470c1-e6ca-3589-afab-fb425016d0da', 228, 1202);
insert into Split (id, amount, uuid, envelope_id, transaction_id) values(1207, 44.00, 'a08022e9-2c63-3556-a5a9-26f985149a96', 252, 1206);
insert into Transaction (DTYPE, id, amount, balance, checkNo, date, description, externalId, initialBalance, memo, ref, status, type, uuid, account_id, transfer_id) values('InternalTransaction', 1208, 2159.86, 3171.99, '', '2010-02-18', 'VVM', '201002190', false, '', '', 2, 0, '1705cd8e-d148-3b4c-8520-f530680b50a3', 229, null);
insert into Split (id, amount, uuid, envelope_id, transaction_id) values(1209, 2159.86, '3b29f954-91c3-348f-87c0-5dae6dc5852e', 292, 1208);
insert into Transaction (DTYPE, id, amount, balance, checkNo, date, description, externalId, initialBalance, memo, ref, status, type, uuid, account_id, transfer_id) values('InternalTransaction', 1210, 26.82, 2453.27, '', '2010-03-19', 'Transfer from Available', 'null', false, '', '', 2, 0, '4d94245d-91a1-3304-af06-aa9d2b1b0b14', 229, 300);
insert into Split (id, amount, uuid, envelope_id, transaction_id) values(1211, 26.82, '622613c9-f26e-3733-8af0-568edab3d6e4', 286, 1210);
insert into Transaction (DTYPE, id, amount, balance, checkNo, date, description, externalId, initialBalance, memo, ref, status, type, uuid, account_id, transfer_id) values('InternalTransaction', 1212, -240.00, 2516.44, '', '2010-01-08', 'ATM WITHDRAWAL 006547', '201001081', false, '01/077801 N 19', '', 2, 1, '827a8dc2-99e8-3767-b9e9-bb199cc8b9d4', 229, null);
insert into Split (id, amount, uuid, envelope_id, transaction_id) values(1213, -240.00, 'c6583cc1-2536-360f-ad3a-b049bfff16fa', 276, 1212);
insert into Transaction (DTYPE, id, amount, balance, checkNo, date, description, externalId, initialBalance, memo, ref, status, type, uuid, account_id, transfer_id) values('InternalTransaction', 1214, -20.58, 5047.60, '', '2009-11-27', 'PEI WEI #0023 Q02 P', '200911272', false, '11/24PEI WEI #', '', 2, 1, 'a03b89ab-2183-3107-bea4-c3a8db00db3e', 229, null);
insert into Split (id, amount, uuid, envelope_id, transaction_id) values(1215, -20.58, 'b51b284c-b4b1-3252-9a4a-3a7293ca9848', 295, 1214);
insert into Transaction (DTYPE, id, amount, balance, checkNo, date, description, externalId, initialBalance, memo, ref, status, type, uuid, account_id, transfer_id) values('InternalTransaction', 1216, 1.10, 1.10, '', '2010-03-16', 'Transfer from Spending', 'null', false, '', '', 2, 0, '8582f5a0-dfbc-3596-a760-582f6801f564', 228, 306);
insert into Split (id, amount, uuid, envelope_id, transaction_id) values(1217, 1.10, '74aacc97-c7e4-3d22-96c4-2a09e511f645', 254, 1216);
insert into Transaction (DTYPE, id, amount, balance, checkNo, date, description, externalId, initialBalance, memo, ref, status, type, uuid, account_id, transfer_id) values('InternalTransaction', 1218, 325.00, 2206.47, '', '2010-02-16', 'Transfer from Available', 'null', false, '', '', 0, 0, '20cf9c62-078a-37c3-858f-572d04e28cda', 229, 994);
insert into Split (id, amount, uuid, envelope_id, transaction_id) values(1219, 325.00, 'b650ddcf-56fc-3eee-aafd-03f0a3d641b6', 248, 1218);
insert into Transaction (DTYPE, id, amount, balance, checkNo, date, description, externalId, initialBalance, memo, ref, status, type, uuid, account_id, transfer_id) values('InternalTransaction', 1220, 26.82, 26.82, '', '2010-03-19', 'Transfer from Available', 'null', false, '', '', 2, 0, 'f694ea1b-a3ba-306a-b193-0673689bf31e', 228, 1182);
insert into Split (id, amount, uuid, envelope_id, transaction_id) values(1221, 26.82, '57122310-5647-3fc8-b1e0-941a3b1d51a4', 239, 1220);
insert into Transaction (DTYPE, id, amount, balance, checkNo, date, description, externalId, initialBalance, memo, ref, status, type, uuid, account_id, transfer_id) values('InternalTransaction', 1222, -1.11, null, '', '2010-03-19', 'QT 400 TEMPE AZ 850795', '201003193', false, '03/18QT 400 TE', '', 1, 1, 'f49afc67-60d9-3df6-97fa-97fbe5966acd', 229, null);
insert into Split (id, amount, uuid, envelope_id, transaction_id) values(1223, -1.11, 'db8aa11a-7cee-3e53-9842-c665cccb1b22', 252, 1222);
insert into Transaction (DTYPE, id, amount, balance, checkNo, date, description, externalId, initialBalance, memo, ref, status, type, uuid, account_id, transfer_id) values('InternalTransaction', 1224, 65.00, 1200.04, '', '2010-02-16', 'Transfer from Available', 'null', false, '', '', 0, 0, 'cf51b20b-14f4-3c2f-87ad-b069c05cd35a', 229, 2198);
insert into Split (id, amount, uuid, envelope_id, transaction_id) values(1225, 65.00, 'ece91d9f-4055-3b33-b011-da6c1e74afaa', 236, 1224);
insert into Transaction (DTYPE, id, amount, balance, checkNo, date, description, externalId, initialBalance, memo, ref, status, type, uuid, account_id, transfer_id) values('InternalTransaction', 1226, 0.00, 4878.68, '', '2010-03-19', 'Transfer from Available', 'null', false, '', '', 2, 1, 'ebf177b8-a327-3f35-b700-6e12196b7066', 229, 2634);
insert into Split (id, amount, uuid, envelope_id, transaction_id) values(1227, 0.00, '50763e9c-f441-35e2-bb19-b4402ca79d14', 274, 1226);
insert into Transaction (DTYPE, id, amount, balance, checkNo, date, description, externalId, initialBalance, memo, ref, status, type, uuid, account_id, transfer_id) values('InternalTransaction', 1228, 163.00, 3734.63, '', '2010-04-16', 'Transfer from Available', 'null', false, '', '', 2, 0, '835e7300-2275-3587-9724-8d6c8b7c148b', 229, 2004);
insert into Split (id, amount, uuid, envelope_id, transaction_id) values(1229, 163.00, 'ccf7bafb-dcde-3d16-ae44-a68370c5d235', 258, 1228);
insert into Transaction (DTYPE, id, amount, balance, checkNo, date, description, externalId, initialBalance, memo, ref, status, type, uuid, account_id, transfer_id) values('InternalTransaction', 1230, 250.00, 250.00, '', '2010-03-31', 'Transfer from Available', 'null', false, '', '', 2, 0, '0a0c337b-27d2-355f-a745-0be4247c1486', 228, 2967);
insert into Split (id, amount, uuid, envelope_id, transaction_id) values(1231, 250.00, '76b1ae42-a546-3dd6-8ce0-2be01763166e', 248, 1230);
insert into Transaction (DTYPE, id, amount, balance, checkNo, date, description, externalId, initialBalance, memo, ref, status, type, uuid, account_id, transfer_id) values('InternalTransaction', 1232, -3.98, 1286.38, '', '2010-04-08', 'Transfer to Fast Food', 'null', false, '', '', 2, 1, '49c155e4-43c3-3e37-b28e-a35e8c8748c1', 229, 2612);
insert into Split (id, amount, uuid, envelope_id, transaction_id) values(1233, -3.98, '074774b4-6fcb-36d3-8c43-5acba5f02deb', 292, 1232);
insert into Transaction (DTYPE, id, amount, balance, checkNo, date, description, externalId, initialBalance, memo, ref, status, type, uuid, account_id, transfer_id) values('InternalTransaction', 1234, -5.02, 3000.18, '', '2009-12-28', 'COLDSTN CREAM #1429 GLEN', '2009122810', false, '12/26COLDSTN C', '', 2, 1, '3503467d-bfff-3ad9-bdeb-318a442b6ff1', 229, null);
insert into Split (id, amount, uuid, envelope_id, transaction_id) values(1235, -5.02, '0756b394-b31b-3d7d-ab13-e9cdf9a63da1', 295, 1234);
insert into Transaction (DTYPE, id, amount, balance, checkNo, date, description, externalId, initialBalance, memo, ref, status, type, uuid, account_id, transfer_id) values('InternalTransaction', 1236, -4.32, 4703.06, '', '2010-03-20', 'GAME NIGHTZ', '2010032215', false, '', '', 1, 1, '69b1bb4d-5a16-39c5-9856-4d76207806b7', 229, null);
insert into Split (id, amount, uuid, envelope_id, transaction_id) values(1237, -4.32, 'b3c52396-4fb9-3327-855a-52aee11b7639', 241, 1236);
insert into Transaction (DTYPE, id, amount, balance, checkNo, date, description, externalId, initialBalance, memo, ref, status, type, uuid, account_id, transfer_id) values('InternalTransaction', 1238, -10.29, 1966.95, '', '2010-01-04', 'PEI WEI #0023 Q02 P', '201001047', false, '12/31PEI WEI #', '', 2, 1, '30e7aaf9-e9f2-3a23-99d4-51c9c395c85a', 229, null);
insert into Split (id, amount, uuid, envelope_id, transaction_id) values(1239, -10.29, '1506eba0-679f-33e0-98fb-c5fb7d07733c', 295, 1238);
insert into Transaction (DTYPE, id, amount, balance, checkNo, date, description, externalId, initialBalance, memo, ref, status, type, uuid, account_id, transfer_id) values('InternalTransaction', 1240, -4.00, 3086.61, '', '2009-12-02', 'AZ MOTOR VEHICLE DIV 866', '200912023', false, '11/30AZ MOTOR', '', 2, 1, '8decf053-ef94-3f4b-91d5-f82244436ec2', 229, null);
insert into Split (id, amount, uuid, envelope_id, transaction_id) values(1241, -4.00, '64721ad7-04a2-3e34-8a9e-f5405e542006', 293, 1240);
insert into Transaction (DTYPE, id, amount, balance, checkNo, date, description, externalId, initialBalance, memo, ref, status, type, uuid, account_id, transfer_id) values('InternalTransaction', 1242, -345.10, 2422.59, '', '2010-02-23', 'HSBC CARD SRVCS Online Pmt 0000', '201002230', false, '00537318051 WEB ID: 2000000510', '', 1, 1, '7e1c9ed8-e9d5-3eee-88d7-54a5e0002617', 229, null);
insert into Split (id, amount, uuid, envelope_id, transaction_id) values(1243, -345.10, '7949403c-0bd4-3116-92e6-14b9c98dffc1', 242, 1242);
insert into Transaction (DTYPE, id, amount, balance, checkNo, date, description, externalId, initialBalance, memo, ref, status, type, uuid, account_id, transfer_id) values('InternalTransaction', 1244, -115.86, 4932.00, '', '2010-02-16', 'Transfer to Eating Out', 'null', false, '', '', 0, 1, '4e5f0c19-4003-38fd-85ec-5ca2e3b55e22', 229, 1388);
insert into Split (id, amount, uuid, envelope_id, transaction_id) values(1245, -115.86, 'abbc26de-914b-3b5c-b3d8-a28ae64b633d', 292, 1244);
insert into Transaction (DTYPE, id, amount, balance, checkNo, date, description, externalId, initialBalance, memo, ref, status, type, uuid, account_id, transfer_id) values('InternalTransaction', 1246, -31.90, 4986.88, '', '2009-11-13', 'SRR*SIRIUS RADIO 888-539', '200911132', false, '11/12SRR*SIRIU', '', 2, 1, 'f88b8a3f-b097-3833-b875-7ab13f2f1fff', 229, null);
insert into Split (id, amount, uuid, envelope_id, transaction_id) values(1247, -31.90, 'c49c14bb-2168-387d-9447-637404c7cc24', 233, 1246);
insert into Transaction (DTYPE, id, amount, balance, checkNo, date, description, externalId, initialBalance, memo, ref, status, type, uuid, account_id, transfer_id) values('InternalTransaction', 1248, -75.99, 2176.49, '', '2009-11-04', 'DTV*DIRECTV SERVICE 800-', '200911040', false, '11/03DTV*DIREC', '', 2, 1, 'ad132546-a5b7-30a2-9f55-fd444bcb87fb', 229, null);
insert into Split (id, amount, uuid, envelope_id, transaction_id) values(1249, -75.99, 'b7d31327-5aea-3475-8b7b-bf848c2d7bed', 273, 1248);
insert into Transaction (DTYPE, id, amount, balance, checkNo, date, description, externalId, initialBalance, memo, ref, status, type, uuid, account_id, transfer_id) values('InternalTransaction', 1250, -39.09, 4351.06, '', '2009-11-18', 'BARCLAYCARD US CREDITCARD 7708', '200911181', false, '5597 WEB ID: 2510407970', '', 2, 1, 'e50828b1-634f-3f56-8f13-0bb62d47bd27', 229, null);
insert into Split (id, amount, uuid, envelope_id, transaction_id) values(1251, -39.09, '429af6c2-4b7b-3a3c-a0db-610b5c35895a', 242, 1250);
insert into Transaction (DTYPE, id, amount, balance, checkNo, date, description, externalId, initialBalance, memo, ref, status, type, uuid, account_id, transfer_id) values('InternalTransaction', 1252, 925.00, 3879.99, '', '2010-03-05', 'PAYPAL TRANSFER PPD', '201003051', false, '', '', 1, 0, 'dcbaec73-2058-3274-8956-dc453a156b86', 229, null);
insert into Split (id, amount, uuid, envelope_id, transaction_id) values(1253, 925.00, '64d563dc-16d0-3d82-97b6-023cbd817891', 292, 1252);
insert into Transaction (DTYPE, id, amount, balance, checkNo, date, description, externalId, initialBalance, memo, ref, status, type, uuid, account_id, transfer_id) values('InternalTransaction', 1254, -80.00, 743.63, '', '2010-03-02', 'U-HAUL GRAND AV 3601 PHO632679', '201003024', false, '03/01U-HAUL GR', '', 1, 1, '354827ca-f9f3-3558-b5ef-0e1f4ffc3ba2', 229, null);
insert into Split (id, amount, uuid, envelope_id, transaction_id) values(1255, -80.00, 'cf02e75a-5c24-33bd-9de8-4dbd6272a592', 252, 1254);
insert into Transaction (DTYPE, id, amount, balance, checkNo, date, description, externalId, initialBalance, memo, ref, status, type, uuid, account_id, transfer_id) values('InternalTransaction', 1256, 242.28, 2647.06, '', '2010-02-28', 'Transfer from Available', 'null', false, '', '', 2, 0, 'b9b07645-820a-3db8-b71e-b2d1ae07edc5', 229, 406);
insert into Split (id, amount, uuid, envelope_id, transaction_id) values(1257, 242.28, '3c8e62c5-c717-3ec2-bf3a-a90511f979e0', 264, 1256);
insert into Transaction (DTYPE, id, amount, balance, checkNo, date, description, externalId, initialBalance, memo, ref, status, type, uuid, account_id, transfer_id) values('InternalTransaction', 1258, -12.00, 3090.61, '', '2009-12-02', 'ROSITA''S PLACE PHOENIX A', '200912022', false, '12/01ROSITA''S', '', 2, 1, 'cf901018-b848-3098-bf9d-b3be15cd77fe', 229, null);
insert into Split (id, amount, uuid, envelope_id, transaction_id) values(1259, -12.00, '00383edf-deaf-365f-bc28-fea2428c1f3a', 295, 1258);
insert into Transaction (DTYPE, id, amount, balance, checkNo, date, description, externalId, initialBalance, memo, ref, status, type, uuid, account_id, transfer_id) values('InternalTransaction', 1260, -13.99, 6443.42, '', '2010-03-19', 'Transfer to Arrowhead Water', 'null', false, '', '', 2, 1, '42f59145-8d17-3a16-9c87-4c749bcf8513', 229, 2951);
insert into Split (id, amount, uuid, envelope_id, transaction_id) values(1261, -13.99, 'edb735e0-ac61-30fe-a063-adf1293906a7', 292, 1260);
insert into Transaction (DTYPE, id, amount, balance, checkNo, date, description, externalId, initialBalance, memo, ref, status, type, uuid, account_id, transfer_id) values('InternalTransaction', 1262, 5.25, 5.25, '', '2010-04-13', 'Transfer from Household', 'null', false, '', '', 2, 0, '1dc619d5-5254-3416-a6ef-74e3c13e899b', 228, 760);
insert into Split (id, amount, uuid, envelope_id, transaction_id) values(1263, 5.25, '40cccdcc-d242-3e11-8122-ba4447df65c5', 292, 1262);
insert into Transaction (DTYPE, id, amount, balance, checkNo, date, description, externalId, initialBalance, memo, ref, status, type, uuid, account_id, transfer_id) values('InternalTransaction', 1264, -647.67, 4853.77, '', '2010-02-16', 'Transfer to Spending', 'null', false, '', '', 0, 1, '67843941-5a20-32bb-b3f5-4c95323f18e2', 229, 1150);
insert into Split (id, amount, uuid, envelope_id, transaction_id) values(1265, -647.67, 'd23f231a-9116-3097-8982-4fdeed40127f', 292, 1264);
insert into Transaction (DTYPE, id, amount, balance, checkNo, date, description, externalId, initialBalance, memo, ref, status, type, uuid, account_id, transfer_id) values('InternalTransaction', 1266, 79.27, 14687.47, '', '2010-02-16', 'Transfer from Available', 'null', false, '', '', 0, 0, 'e7e4dd08-0d18-3e67-b10d-006441d86bca', 229, 684);
insert into Split (id, amount, uuid, envelope_id, transaction_id) values(1267, 79.27, 'a03ef8b7-543b-39fe-bce8-4e6a19c9ce8e', 246, 1266);
insert into Transaction (DTYPE, id, amount, balance, checkNo, date, description, externalId, initialBalance, memo, ref, status, type, uuid, account_id, transfer_id) values('InternalTransaction', 1268, -790.91, 2415.65, '', '2009-11-03', 'LOANSERVICING AUTOMATIC', '200911031', false, 'PPD ID: 1231694840', '', 2, 1, '1e1a1662-c63d-36bb-b3da-892d3a01e53c', 229, null);
insert into Split (id, amount, uuid, envelope_id, transaction_id) values(1269, -790.91, '6845d23d-b545-3d45-9807-0b8f2a75c023', 231, 1268);
insert into Transaction (DTYPE, id, amount, balance, checkNo, date, description, externalId, initialBalance, memo, ref, status, type, uuid, account_id, transfer_id) values('InternalTransaction', 1270, -3.25, 3908.20, '', '2009-12-09', '24 HOUR FITNESS #869 CAR', '200912090', false, '12/0724 HOUR F', '', 2, 1, '0e6ef473-4965-3f89-b988-e00a0768d10f', 229, null);
insert into Split (id, amount, uuid, envelope_id, transaction_id) values(1271, -3.25, '88c50d31-8cc1-3d78-b60f-2442293d8d4b', 271, 1270);
insert into Transaction (DTYPE, id, amount, balance, checkNo, date, description, externalId, initialBalance, memo, ref, status, type, uuid, account_id, transfer_id) values('InternalTransaction', 1272, -7.30, 2173.13, '', '2010-03-10', 'TACO BELL #21245 TEMPE A', '201003101', false, '03/08TACO BELL', '', 1, 1, '1ca2743e-2e0d-3e53-b65a-85ca9619d2e4', 229, null);
insert into Split (id, amount, uuid, envelope_id, transaction_id) values(1273, -7.30, '42b3975a-949c-3c2a-8255-128e1b8847ea', 246, 1272);
insert into Transaction (DTYPE, id, amount, balance, checkNo, date, description, externalId, initialBalance, memo, ref, status, type, uuid, account_id, transfer_id) values('InternalTransaction', 1274, -309.00, 857.23, '', '2010-01-05', 'Rossmar & Graham TENANT', '201001051', false, 'WEB ID: W050568743', '', 2, 1, 'ba807da6-6b59-37cb-83cb-a2a68db488fd', 229, null);
insert into Split (id, amount, uuid, envelope_id, transaction_id) values(1275, -309.00, '70bfa50a-e18c-3f96-8121-fcbd5d58e84c', 258, 1274);
insert into Transaction (DTYPE, id, amount, balance, checkNo, date, description, externalId, initialBalance, memo, ref, status, type, uuid, account_id, transfer_id) values('InternalTransaction', 1276, -80.00, 2290.39, '269', '2010-03-08', 'Annette Trijillo', '201003084', false, '', '', 1, 1, 'c36a9075-b2cc-339e-acde-3fc57355465a', 229, null);
insert into Split (id, amount, uuid, envelope_id, transaction_id) values(1277, -80.00, '4d7eda8e-c852-364f-b4dc-69b9cf1e9e78', 261, 1276);
insert into Transaction (DTYPE, id, amount, balance, checkNo, date, description, externalId, initialBalance, memo, ref, status, type, uuid, account_id, transfer_id) values('InternalTransaction', 1278, -65.00, 4967.52, '', '2010-04-16', 'Transfer to Cox Communications', 'null', false, '', '', 2, 1, 'c823fa75-9dac-3fb7-b247-e60050a399f9', 229, 1600);
insert into Split (id, amount, uuid, envelope_id, transaction_id) values(1279, -65.00, 'd28efd48-efe1-3008-ad30-3aa21ab44a08', 292, 1278);
insert into Transaction (DTYPE, id, amount, balance, checkNo, date, description, externalId, initialBalance, memo, ref, status, type, uuid, account_id, transfer_id) values('InternalTransaction', 1280, 60.00, 60.00, '', '2010-03-30', 'Transfer from Available', 'null', false, '', '', 2, 0, '930266b9-e7f0-37fe-b409-8e1ead6d0ebd', 228, 2536);
insert into Split (id, amount, uuid, envelope_id, transaction_id) values(1281, 60.00, '2d45bae6-f448-3d3c-a2d8-e6e85d60323f', 250, 1280);
insert into Transaction (DTYPE, id, amount, balance, checkNo, date, description, externalId, initialBalance, memo, ref, status, type, uuid, account_id, transfer_id) values('InternalTransaction', 1282, -835.75, 1663.02, '', '2010-04-19', 'IRS USATAXPYMT 2700', '201004198', false, '50900116530 WEB ID: 3387702000', '', 1, 1, '98acac6d-9859-3e22-acd3-22a2718ce21a', 229, null);
insert into Split (id, amount, uuid, envelope_id, transaction_id) values(1283, -835.75, '70ef2887-86b6-3747-a6e1-c87b402c0a54', 275, 1282);
insert into Transaction (DTYPE, id, amount, balance, checkNo, date, description, externalId, initialBalance, memo, ref, status, type, uuid, account_id, transfer_id) values('InternalTransaction', 1284, -64.93, 2575.79, '', '2009-12-14', 'TLF*PHOENIX FLOWER SHO P', '200912148', false, '12/12TLF*PHOEN', '', 2, 1, '64950ec1-1a6a-3a71-95c1-20e5cae207e3', 229, null);
insert into Split (id, amount, uuid, envelope_id, transaction_id) values(1285, -64.93, '92bd3269-91a5-3fc4-96e3-8c8b9904ef4d', 283, 1284);
insert into Transaction (DTYPE, id, amount, balance, checkNo, date, description, externalId, initialBalance, memo, ref, status, type, uuid, account_id, transfer_id) values('InternalTransaction', 1286, 22.00, 22.00, '', '2010-04-02', 'Transfer from Available', 'null', false, '', '', 2, 0, '2c1e083e-ab14-38e9-9133-2601ce310468', 228, 868);
insert into Split (id, amount, uuid, envelope_id, transaction_id) values(1287, 22.00, 'f1c30116-c474-3881-ab56-bad1f5f7d92c', 238, 1286);
insert into Transaction (DTYPE, id, amount, balance, checkNo, date, description, externalId, initialBalance, memo, ref, status, type, uuid, account_id, transfer_id) values('InternalTransaction', 1288, -347.62, 17136.93, '', '2010-02-16', 'Transfer to Auto Registration', 'null', false, '', '', 0, 1, '7b1e3cd3-0792-31ae-ab28-4c1662732b9a', 229, 2394);
insert into Split (id, amount, uuid, envelope_id, transaction_id) values(1289, -347.62, '6eb07963-59d1-3a85-8b2a-c722fa4bbf15', 292, 1288);
insert into Transaction (DTYPE, id, amount, balance, checkNo, date, description, externalId, initialBalance, memo, ref, status, type, uuid, account_id, transfer_id) values('InternalTransaction', 1290, -5.61, 2086.00, '', '2010-02-01', 'BURGER KING #2915 TEMPE', '201002015', false, '01/28BURGER KI', '', 2, 1, '38b691e5-2dae-3740-be43-622066036d59', 229, null);
insert into Split (id, amount, uuid, envelope_id, transaction_id) values(1291, -5.61, 'ec38ae0f-f5ae-3327-aad2-ac568c372859', 246, 1290);
insert into Transaction (DTYPE, id, amount, balance, checkNo, date, description, externalId, initialBalance, memo, ref, status, type, uuid, account_id, transfer_id) values('InternalTransaction', 1292, -395.46, 4567.07, '', '2010-04-16', 'Transfer to GMAC Mortgage', 'null', false, '', '', 2, 1, '5ebcc67d-15c0-35a2-bd14-0840430da21d', 229, 1008);
insert into Split (id, amount, uuid, envelope_id, transaction_id) values(1293, -395.46, 'e0926a96-41a4-377e-80ac-a3032eccefd2', 292, 1292);
insert into Transaction (DTYPE, id, amount, balance, checkNo, date, description, externalId, initialBalance, memo, ref, status, type, uuid, account_id, transfer_id) values('InternalTransaction', 1294, -35.51, 3840.26, '', '2010-02-19', 'Transfer to New Car', 'null', false, '', '', 2, 1, '6f39ddbb-a4d3-3d93-ad87-b892fe417f87', 229, 1858);
insert into Split (id, amount, uuid, envelope_id, transaction_id) values(1295, -35.51, 'a6ecbc3d-0a98-3fc5-8997-d982b0cb6475', 292, 1294);
insert into Transaction (DTYPE, id, amount, balance, checkNo, date, description, externalId, initialBalance, memo, ref, status, type, uuid, account_id, transfer_id) values('InternalTransaction', 1296, -19.98, 0.00, '', '2010-04-23', 'Transfer to Spending', 'null', false, '', '', 2, 1, '1b96b754-f914-3369-8445-573df204a714', 228, 716);
insert into Split (id, amount, uuid, envelope_id, transaction_id) values(1297, -19.98, 'b251f63d-d6b2-30f5-b055-a2d6beb0e103', 286, 1296);
insert into Transaction (DTYPE, id, amount, balance, checkNo, date, description, externalId, initialBalance, memo, ref, status, type, uuid, account_id, transfer_id) values('InternalTransaction', 1298, -747.31, 4581.86, '', '2009-12-14', 'FLOOR SOURCE LLC PHOENIX', '200912141', false, '12/11FLOOR SOU', '', 2, 1, 'ab12bbe5-77b9-3d3d-a937-b1049dcc61d0', 229, null);
insert into Split (id, amount, uuid, envelope_id, transaction_id) values(1299, -747.31, '805aed4c-67f1-323d-82a2-200606440096', 251, 1298);
insert into Transaction (DTYPE, id, amount, balance, checkNo, date, description, externalId, initialBalance, memo, ref, status, type, uuid, account_id, transfer_id) values('InternalTransaction', 1300, 4.89, 811.63, '', '2010-04-13', 'Transfer from Available', 'null', false, '', '', 2, 0, '822dfa1d-f00a-3a2f-b24e-0e9b5089ec99', 229, 2190);
insert into Split (id, amount, uuid, envelope_id, transaction_id) values(1301, 4.89, 'c4cf2518-e096-3042-8a18-d1f1319861c8', 246, 1300);
insert into Transaction (DTYPE, id, amount, balance, checkNo, date, description, externalId, initialBalance, memo, ref, status, type, uuid, account_id, transfer_id) values('InternalTransaction', 1302, -9.98, 1483.02, '', '2010-01-13', 'EASYNEWS HOL* WINTER PAR', '201001131', false, '01/12EASYNEWS', '', 2, 1, '53b0beea-6e78-3d4b-a212-e8cd7dc0576a', 229, null);
insert into Split (id, amount, uuid, envelope_id, transaction_id) values(1303, -9.98, '53bc413f-afbf-32ff-a462-11e731f524ad', 254, 1302);
insert into Transaction (DTYPE, id, amount, balance, checkNo, date, description, externalId, initialBalance, memo, ref, status, type, uuid, account_id, transfer_id) values('InternalTransaction', 1304, 0.00, 3496.58, '', '2010-04-02', 'Transfer from Available', 'null', false, '', '', 2, 1, 'a601e4b9-33ad-3013-9bf6-44631c11d901', 229, 2957);
insert into Split (id, amount, uuid, envelope_id, transaction_id) values(1305, 0.00, '308cb9c0-f8bd-3c83-856e-4cabbd2d6c2c', 290, 1304);
insert into Transaction (DTYPE, id, amount, balance, checkNo, date, description, externalId, initialBalance, memo, ref, status, type, uuid, account_id, transfer_id) values('InternalTransaction', 1306, -12.97, 3503.26, '', '2009-12-14', 'SPROUTS FARMERS MKT #7 P099102', '2009121423', false, '12/12SPROUTS F', '', 2, 1, 'fe4b779e-62da-30a9-bb6c-40d3ec6bac65', 229, null);
insert into Split (id, amount, uuid, envelope_id, transaction_id) values(1307, -12.97, '87a5efc5-b807-3e4f-a5bd-846e6c5b970f', 238, 1306);
insert into Transaction (DTYPE, id, amount, balance, checkNo, date, description, externalId, initialBalance, memo, ref, status, type, uuid, account_id, transfer_id) values('InternalTransaction', 1308, -27.19, 5674.83, '', '2010-03-19', 'Transfer to GRAND & CAMELBACK SELF', 'null', false, '', '', 2, 1, '7a7bf907-44de-32b5-bbae-bf5fb51a88c1', 229, 2789);
insert into Split (id, amount, uuid, envelope_id, transaction_id) values(1309, -27.19, '2bd141e6-49b4-3480-bcd7-7ba9254dd867', 292, 1308);
insert into Transaction (DTYPE, id, amount, balance, checkNo, date, description, externalId, initialBalance, memo, ref, status, type, uuid, account_id, transfer_id) values('InternalTransaction', 1310, -5.48, 2967.44, '', '2010-01-25', 'TACO BELL 21245 Q53 T', '2010012514', false, '01/21TACO BELL', '', 2, 1, 'ef48cb8e-fd79-3c68-921f-ddd2ac628066', 229, null);
insert into Split (id, amount, uuid, envelope_id, transaction_id) values(1311, -5.48, 'e36b3a0e-fef5-3367-a5d0-6b0635f49555', 246, 1310);
insert into Transaction (DTYPE, id, amount, balance, checkNo, date, description, externalId, initialBalance, memo, ref, status, type, uuid, account_id, transfer_id) values('InternalTransaction', 1312, -4.99, 4962.53, '', '2010-04-16', 'Transfer to Easynews.com', 'null', false, '', '', 2, 1, '75c29439-73bb-3dca-ae4f-d215c87cddbf', 229, 2626);
insert into Split (id, amount, uuid, envelope_id, transaction_id) values(1313, -4.99, 'be603f50-efec-353d-91fd-80dfc4472788', 292, 1312);
insert into Transaction (DTYPE, id, amount, balance, checkNo, date, description, externalId, initialBalance, memo, ref, status, type, uuid, account_id, transfer_id) values('InternalTransaction', 1314, -9.29, 4318.77, '', '2009-11-18', 'SAFEWAY STORE 2716 PHO091275', '200911184', false, '11/18SAFEWAY', '', 2, 1, '49c57a81-cabb-3f45-9d95-e114f80a8f10', 229, null);
insert into Split (id, amount, uuid, envelope_id, transaction_id) values(1315, -9.29, '27d93a87-bd20-3bb3-9e61-52df868fff9f', 238, 1314);
insert into Transaction (DTYPE, id, amount, balance, checkNo, date, description, externalId, initialBalance, memo, ref, status, type, uuid, account_id, transfer_id) values('InternalTransaction', 1316, -15.97, 1261.63, '', '2010-04-08', 'HOUSE OF TRICKS TEMPE AZ', '201004080', false, '04/06HOUSE OF', '', 1, 1, '66951097-9a8d-3ca4-8c5b-91d8b1de6db0', 229, null);
insert into Split (id, amount, uuid, envelope_id, transaction_id) values(1317, -15.97, '10c12c4d-b01a-3294-b3b3-ad1cd7e65ecf', 264, 1316);
insert into Transaction (DTYPE, id, amount, balance, checkNo, date, description, externalId, initialBalance, memo, ref, status, type, uuid, account_id, transfer_id) values('InternalTransaction', 1318, -24.50, 2426.45, '', '2010-03-19', 'Transfer to Massage Envy', 'null', false, '', '', 2, 1, 'a93f3a6c-c82f-3056-800c-109ebaf91009', 229, 804);
insert into Split (id, amount, uuid, envelope_id, transaction_id) values(1319, -24.50, '81ef40b5-0c0c-366a-8f2c-466984e1c71c', 292, 1318);
insert into Transaction (DTYPE, id, amount, balance, checkNo, date, description, externalId, initialBalance, memo, ref, status, type, uuid, account_id, transfer_id) values('InternalTransaction', 1320, -25.79, 4406.37, '', '2009-12-14', 'WALGREENS #4722 PHOENIX', '2009121414', false, '12/11WALGREENS', '', 2, 1, 'cac492b4-c649-3e55-b877-eaa0bedf970f', 229, null);
insert into Split (id, amount, uuid, envelope_id, transaction_id) values(1321, -25.79, '0497f07e-d951-391d-adfc-06d0c2b6b3f3', 277, 1320);
insert into Transaction (DTYPE, id, amount, balance, checkNo, date, description, externalId, initialBalance, memo, ref, status, type, uuid, account_id, transfer_id) values('InternalTransaction', 1322, -13.99, 5133.26, '', '2010-04-16', 'Transfer to Arrowhead Water', 'null', false, '', '', 2, 1, 'a1761970-fb60-3476-b9b8-2fda53ff18c0', 229, 312);
insert into Split (id, amount, uuid, envelope_id, transaction_id) values(1323, -13.99, 'a188e2f6-8113-3ee2-8ade-580706504269', 292, 1322);
insert into Transaction (DTYPE, id, amount, balance, checkNo, date, description, externalId, initialBalance, memo, ref, status, type, uuid, account_id, transfer_id) values('InternalTransaction', 1324, -15.00, 2610.67, '', '2010-01-11', 'BEVERLY HILLS CAR WASH T', '2010011111', false, '01/08BEVERLY H', '', 2, 1, 'ff57e163-8fab-3fca-b9b1-3843e69d3c58', 229, null);
insert into Split (id, amount, uuid, envelope_id, transaction_id) values(1325, -15.00, '1aad6172-fe81-3345-b9ad-488bc2ae5ba9', 274, 1324);
insert into Transaction (DTYPE, id, amount, balance, checkNo, date, description, externalId, initialBalance, memo, ref, status, type, uuid, account_id, transfer_id) values('InternalTransaction', 1326, 5.42, 4445.75, '', '2010-03-27', 'Transfer from Available', 'null', false, '', '', 2, 0, 'f31e1aad-8518-36cd-9efd-aa11acfdaf53', 229, 2933);
insert into Split (id, amount, uuid, envelope_id, transaction_id) values(1327, 5.42, 'b8a771e1-2678-358b-8e0c-2f51f7fa5501', 246, 1326);
insert into Transaction (DTYPE, id, amount, balance, checkNo, date, description, externalId, initialBalance, memo, ref, status, type, uuid, account_id, transfer_id) values('InternalTransaction', 1328, 200.00, 5078.68, '', '2010-03-19', 'Transfer from Available', 'null', false, '', '', 2, 0, '97b6eaba-9e31-3ffa-80e1-8d4edbcaeae5', 229, 1886);
insert into Split (id, amount, uuid, envelope_id, transaction_id) values(1329, 200.00, '3ae6f2cb-e29d-3319-b35a-ef904373051f', 252, 1328);
insert into Transaction (DTYPE, id, amount, balance, checkNo, date, description, externalId, initialBalance, memo, ref, status, type, uuid, account_id, transfer_id) values('InternalTransaction', 1330, 24.50, 4908.59, '', '2010-03-05', 'Transfer from Available', 'null', false, '', '', 2, 0, '38341aa7-81ff-3b35-a819-ae362881e60f', 229, 1746);
insert into Split (id, amount, uuid, envelope_id, transaction_id) values(1331, 24.50, '4affe2e3-493f-377c-9ed4-46c3f23227c3', 279, 1330);
insert into Transaction (DTYPE, id, amount, balance, checkNo, date, description, externalId, initialBalance, memo, ref, status, type, uuid, account_id, transfer_id) values('InternalTransaction', 1332, -77.65, 2630.64, '', '2010-01-25', 'SPROUTS FARMERS MKT #7 P', '201001255', false, '01/24SPROUTS F Purcha', '', 2, 1, '78cd983f-55b8-353f-b533-ad3f7e2cfc32', 229, null);
insert into Split (id, amount, uuid, envelope_id, transaction_id) values(1333, -77.65, 'e4af4fa3-2820-300d-880f-42ab539adc4f', 238, 1332);
insert into Transaction (DTYPE, id, amount, balance, checkNo, date, description, externalId, initialBalance, memo, ref, status, type, uuid, account_id, transfer_id) values('InternalTransaction', 1334, 48.21, 48.21, '', '2010-03-30', 'Transfer from Available', 'null', false, '', '', 2, 0, 'cdaf2d8b-9dac-3a4d-a8ac-be521085346a', 228, 2955);
insert into Split (id, amount, uuid, envelope_id, transaction_id) values(1335, 48.21, '5f4364e5-d394-3d92-abec-9b03db215d77', 295, 1334);
insert into Transaction (DTYPE, id, amount, balance, checkNo, date, description, externalId, initialBalance, memo, ref, status, type, uuid, account_id, transfer_id) values('InternalTransaction', 1336, 8.54, 8.54, '', '2010-03-09', 'Transfer from Spending', 'null', false, '', '', 2, 0, '955a25ef-1ad3-3900-a1ef-5874f0e4f294', 228, 2745);
insert into Split (id, amount, uuid, envelope_id, transaction_id) values(1337, 8.54, 'df4d3c91-a6b2-3f92-bbf1-7eb6911f1978', 246, 1336);
insert into Transaction (DTYPE, id, amount, balance, checkNo, date, description, externalId, initialBalance, memo, ref, status, type, uuid, account_id, transfer_id) values('InternalTransaction', 1338, 24.50, 3759.13, '', '2010-04-16', 'Transfer from Available', 'null', false, '', '', 2, 0, '7512f724-017a-339a-8983-93a342c6d7fd', 229, 1724);
insert into Split (id, amount, uuid, envelope_id, transaction_id) values(1339, 24.50, '2385daf8-ec56-30e2-8251-c8ef4be074b4', 279, 1338);
insert into Transaction (DTYPE, id, amount, balance, checkNo, date, description, externalId, initialBalance, memo, ref, status, type, uuid, account_id, transfer_id) values('InternalTransaction', 1340, -210.00, 8809.52, '', '2010-02-16', 'Transfer to Hair Services', 'null', false, '', '', 0, 1, 'e594c782-37fd-3b63-bb5d-9df94231ff7f', 229, 1658);
insert into Split (id, amount, uuid, envelope_id, transaction_id) values(1341, -210.00, 'e5fd0763-7f14-3f74-bb74-2913436215c0', 292, 1340);
insert into Transaction (DTYPE, id, amount, balance, checkNo, date, description, externalId, initialBalance, memo, ref, status, type, uuid, account_id, transfer_id) values('InternalTransaction', 1342, -10.00, 5043.26, '', '2010-04-16', 'Transfer to Auto Maintenance', 'null', false, '', '', 2, 1, 'bfac9fa7-428f-3054-a532-c53f1dafab82', 229, 1384);
insert into Split (id, amount, uuid, envelope_id, transaction_id) values(1343, -10.00, '2c154684-bde3-3bf4-b3b9-beb793212063', 292, 1342);
insert into Transaction (DTYPE, id, amount, balance, checkNo, date, description, externalId, initialBalance, memo, ref, status, type, uuid, account_id, transfer_id) values('InternalTransaction', 1344, -10.27, 5937.29, '', '2010-03-20', 'PEI WEI', '2010032212', false, '', '', 1, 1, 'd18a6988-6e32-3012-a42a-be8ded6d8980', 229, null);
insert into Split (id, amount, uuid, envelope_id, transaction_id) values(1345, -10.27, '768ca221-c309-3b6c-8372-fa1127d5b01f', 295, 1344);
insert into Transaction (DTYPE, id, amount, balance, checkNo, date, description, externalId, initialBalance, memo, ref, status, type, uuid, account_id, transfer_id) values('InternalTransaction', 1346, 967.50, 15706.90, '', '2010-02-16', 'Transfer from Available', 'null', false, '', '', 0, 0, '163b61fb-52df-381b-a1d2-9290305bd03e', 229, 1196);
insert into Split (id, amount, uuid, envelope_id, transaction_id) values(1347, 967.50, '8f5de9e0-8a91-3fb5-b760-e9fe73eb755c', 258, 1346);
insert into Transaction (DTYPE, id, amount, balance, checkNo, date, description, externalId, initialBalance, memo, ref, status, type, uuid, account_id, transfer_id) values('InternalTransaction', 1348, -5.50, 5007.31, '', '2009-11-27', 'WAL-MART #2113 CHRISTOWN885288', '200911276', false, '11/26WAL-MART', '', 2, 1, '344842d6-57f0-34f1-a858-5bf8552177fc', 229, null);
insert into Split (id, amount, uuid, envelope_id, transaction_id) values(1349, -5.50, '1f0867e8-aad9-3905-9ce1-e62afc6b50de', 239, 1348);
insert into Transaction (DTYPE, id, amount, balance, checkNo, date, description, externalId, initialBalance, memo, ref, status, type, uuid, account_id, transfer_id) values('InternalTransaction', 1350, 10.00, 4247.45, '', '2010-02-19', 'Transfer from Available', 'null', false, '', '', 2, 0, 'dc5240ab-0cbd-36e9-8187-5f023d9280c6', 229, 890);
insert into Split (id, amount, uuid, envelope_id, transaction_id) values(1351, 10.00, '9241dbf8-b15e-377c-a113-0c283a6f8b7b', 234, 1350);
insert into Transaction (DTYPE, id, amount, balance, checkNo, date, description, externalId, initialBalance, memo, ref, status, type, uuid, account_id, transfer_id) values('InternalTransaction', 1352, -55.47, 3989.71, '', '2010-03-29', 'FRYS FOOD & DRUG 7770 SC', '201003295', false, '03/27FRYS FOOD Purcha', '', 1, 1, '69779d4f-f550-38ff-840b-7f849465d976', 229, null);
insert into Split (id, amount, uuid, envelope_id, transaction_id) values(1353, -55.47, 'e62e099f-e7fc-3537-a6df-3fb947df6432', 238, 1352);
insert into Transaction (DTYPE, id, amount, balance, checkNo, date, description, externalId, initialBalance, memo, ref, status, type, uuid, account_id, transfer_id) values('InternalTransaction', 1354, -34.93, 15120.96, '', '2010-02-16', 'Transfer to Easynews.com', 'null', false, '', '', 0, 1, 'e798db95-0926-353d-b993-7679969f938c', 229, 2030);
insert into Split (id, amount, uuid, envelope_id, transaction_id) values(1355, -34.93, '31e74041-b766-398f-9931-0edf1de5fc3b', 292, 1354);
insert into Transaction (DTYPE, id, amount, balance, checkNo, date, description, externalId, initialBalance, memo, ref, status, type, uuid, account_id, transfer_id) values('InternalTransaction', 1356, -22.00, null, '', '2010-03-05', 'INGLESIDE ANIMAL HOSPIT', '201003052', false, '03/03INGLESIDE', '', 1, 1, 'ab5086d5-b420-3aac-abb0-7fa98d79fbc7', 229, null);
insert into Split (id, amount, uuid, envelope_id, transaction_id) values(1357, -22.00, '4e2a163b-f35c-386a-b462-9079e84b1b45', 244, 1356);
insert into Transaction (DTYPE, id, amount, balance, checkNo, date, description, externalId, initialBalance, memo, ref, status, type, uuid, account_id, transfer_id) values('InternalTransaction', 1358, -44.00, 0.00, '', '2010-04-22', 'Transfer to Available', 'null', false, '', '', 2, 1, '000a912a-ebce-3feb-962c-92b1af0d6b64', 228, 2961);
insert into Split (id, amount, uuid, envelope_id, transaction_id) values(1359, -44.00, '32e48dfb-078d-327e-a60b-10e09cb9af28', 264, 1358);
insert into Transaction (DTYPE, id, amount, balance, checkNo, date, description, externalId, initialBalance, memo, ref, status, type, uuid, account_id, transfer_id) values('InternalTransaction', 1360, -106.88, 0.00, '', '2010-03-30', 'Transfer to Moving', 'null', false, '', '', 2, 1, 'e8236a68-c641-312e-9605-f88905464a91', 228, 2440);
insert into Split (id, amount, uuid, envelope_id, transaction_id) values(1361, -106.88, '08d73e13-e130-3ac5-894b-d485040435cc', 292, 1360);
insert into Transaction (DTYPE, id, amount, balance, checkNo, date, description, externalId, initialBalance, memo, ref, status, type, uuid, account_id, transfer_id) values('InternalTransaction', 1362, -10.89, 2313.22, '', '2009-12-30', 'FRYS FOOD & DRUG 1815 G 507323', '200912302', false, '12/29FRYS FOOD', '', 2, 1, '58d07474-1ccb-3ccb-988b-f9e7de56ff69', 229, null);
insert into Split (id, amount, uuid, envelope_id, transaction_id) values(1363, -10.89, '4a71584d-fad4-3d71-aff1-1a95e8b7b987', 238, 1362);
insert into Transaction (DTYPE, id, amount, balance, checkNo, date, description, externalId, initialBalance, memo, ref, status, type, uuid, account_id, transfer_id) values('InternalTransaction', 1364, -4.98, 2851.96, '', '2010-04-02', 'Transfer to Chase Bank', 'null', false, '', '', 2, 1, '5d74d5b7-9618-3683-9142-783ef3a6ee90', 229, 1962);
insert into Split (id, amount, uuid, envelope_id, transaction_id) values(1365, -4.98, 'cc697c2f-b17e-382e-bcb1-7641c6994804', 292, 1364);
insert into Transaction (DTYPE, id, amount, balance, checkNo, date, description, externalId, initialBalance, memo, ref, status, type, uuid, account_id, transfer_id) values('InternalTransaction', 1366, -21.95, 3238.75, '', '2009-11-02', 'NNT LINDSTROMS FAMI0316 553580', '200911022', false, '11/01NNT LINDS', '', 2, 1, '3691eec0-51c8-3f35-9896-e87f0318a899', 229, null);
insert into Split (id, amount, uuid, envelope_id, transaction_id) values(1367, -21.95, '1676ce84-66e1-306c-862f-b458a059a856', 274, 1366);
insert into Transaction (DTYPE, id, amount, balance, checkNo, date, description, externalId, initialBalance, memo, ref, status, type, uuid, account_id, transfer_id) values('InternalTransaction', 1368, -36.89, 706.74, '', '2010-03-02', 'CIRCLE K 01618 PHOENIX A214822', '201003025', false, '03/02CIRCLE K', '', 1, 1, 'c5d32414-4fe7-30b7-bc5a-f356ce4d4e22', 229, null);
insert into Split (id, amount, uuid, envelope_id, transaction_id) values(1369, -36.89, '6787f45d-565a-3737-8108-edf3630396e2', 253, 1368);
insert into Transaction (DTYPE, id, amount, balance, checkNo, date, description, externalId, initialBalance, memo, ref, status, type, uuid, account_id, transfer_id) values('InternalTransaction', 1370, -49.00, 1449.29, '', '2010-01-19', 'MASSAGE ENVY 0011 480-83', '201001191', false, '01/16MASSAGE E', '', 2, 1, '229d61c2-7732-3496-acc1-c015a8c02574', 229, null);
insert into Split (id, amount, uuid, envelope_id, transaction_id) values(1371, -49.00, '5e176e06-2b9f-3852-841d-e51e4f271158', 279, 1370);
insert into Transaction (DTYPE, id, amount, balance, checkNo, date, description, externalId, initialBalance, memo, ref, status, type, uuid, account_id, transfer_id) values('InternalTransaction', 1372, -80.16, 2708.83, '', '2009-12-14', 'FRYS FOOD & DRUG 1815 G 824946', '200912146', false, '12/12FRYS FOOD', '', 2, 1, 'b1222262-ac27-3a5b-9f1f-6537470625d7', 229, null);
insert into Split (id, amount, uuid, envelope_id, transaction_id) values(1373, -80.16, 'a6a50011-717d-3624-bfec-4b9e662a5209', 238, 1372);
insert into Transaction (DTYPE, id, amount, balance, checkNo, date, description, externalId, initialBalance, memo, ref, status, type, uuid, account_id, transfer_id) values('InternalTransaction', 1374, -15.45, 0.00, '', '2010-03-03', 'Transfer to Available', 'null', false, '', '', 2, 1, 'dffd4d3f-0c90-357e-9bc6-74849e7f6411', 228, 1976);
insert into Split (id, amount, uuid, envelope_id, transaction_id) values(1375, -15.45, '2c3daf1e-4b14-3038-891e-31daf4d74478', 252, 1374);
insert into Transaction (DTYPE, id, amount, balance, checkNo, date, description, externalId, initialBalance, memo, ref, status, type, uuid, account_id, transfer_id) values('InternalTransaction', 1376, 3104.82, 3621.45, '', '2009-11-13', 'ATM CHECK DEPOSIT', '200911130', false, '', '', 2, 0, 'c7e5062c-dd44-3bcf-b927-40e22aea7e4a', 229, null);
insert into Split (id, amount, uuid, envelope_id, transaction_id) values(1377, 3104.82, '54c23fc7-9dea-3466-9333-2bc44ec3edf2', 292, 1376);
insert into Transaction (DTYPE, id, amount, balance, checkNo, date, description, externalId, initialBalance, memo, ref, status, type, uuid, account_id, transfer_id) values('InternalTransaction', 1378, -14.62, 7311.06, '', '2010-03-20', 'WAL-MART', '2010032210', false, '', '', 1, 1, 'dee6c2d1-324f-358c-8954-70f4053c481b', 229, null);
insert into Split (id, amount, uuid, envelope_id, transaction_id) values(1379, -14.62, '2c511e71-cbb2-3472-975c-0175398ba12c', 277, 1378);
insert into Transaction (DTYPE, id, amount, balance, checkNo, date, description, externalId, initialBalance, memo, ref, status, type, uuid, account_id, transfer_id) values('InternalTransaction', 1380, -24.85, 4381.52, '', '2009-12-14', 'THE TURF IRISH PUB AND P', '2009121415', false, '12/12THE TURF', '', 2, 1, '68d426fb-85fe-37e0-93ca-05fbbfcc2d6a', 229, null);
insert into Split (id, amount, uuid, envelope_id, transaction_id) values(1381, -24.85, '76cd2f60-4ea9-3295-bce1-47aa76c972fc', 295, 1380);
insert into Transaction (DTYPE, id, amount, balance, checkNo, date, description, externalId, initialBalance, memo, ref, status, type, uuid, account_id, transfer_id) values('InternalTransaction', 1382, -66.27, 4621.22, '', '2009-11-16', 'REI 25 TEMPE TEMPE AZ', '200911162', false, '11/13REI 25 TE', '', 2, 1, 'bfeb0998-cd2c-322b-b100-4d2ba5f87d8b', 229, null);
insert into Split (id, amount, uuid, envelope_id, transaction_id) values(1383, -66.27, 'bebe0d7c-63e8-3dc9-b320-72c466ec5f31', 285, 1382);
insert into Transaction (DTYPE, id, amount, balance, checkNo, date, description, externalId, initialBalance, memo, ref, status, type, uuid, account_id, transfer_id) values('InternalTransaction', 1384, 10.00, 3769.13, '', '2010-04-16', 'Transfer from Available', 'null', false, '', '', 2, 0, 'ddd93484-1f1f-31b1-8fb9-8049bd9f01f7', 229, 1342);
insert into Split (id, amount, uuid, envelope_id, transaction_id) values(1385, 10.00, '37eb3d2a-f260-33d6-822d-0065a6d16fe2', 234, 1384);
insert into Transaction (DTYPE, id, amount, balance, checkNo, date, description, externalId, initialBalance, memo, ref, status, type, uuid, account_id, transfer_id) values('InternalTransaction', 1386, -90.89, 2313.89, '', '2010-03-01', 'FRYS FOOD & DRUG 1815 G 502617', '201003010', false, '02/27FRYS FOOD', '', 1, 1, '953f707e-d136-3c22-acbb-de4b0ec1e380', 229, null);
insert into Split (id, amount, uuid, envelope_id, transaction_id) values(1387, -90.89, '21fe114c-1026-3c89-ad57-73713ff61444', 238, 1386);
insert into Transaction (DTYPE, id, amount, balance, checkNo, date, description, externalId, initialBalance, memo, ref, status, type, uuid, account_id, transfer_id) values('InternalTransaction', 1388, 115.86, 2763.85, '', '2010-02-16', 'Transfer from Available', 'null', false, '', '', 0, 0, '3b459977-eccb-36bf-b73f-f50730ee9875', 229, 1244);
insert into Split (id, amount, uuid, envelope_id, transaction_id) values(1389, 115.86, 'a2885aef-e149-343e-8437-d74a40785dd4', 295, 1388);
insert into Transaction (DTYPE, id, amount, balance, checkNo, date, description, externalId, initialBalance, memo, ref, status, type, uuid, account_id, transfer_id) values('InternalTransaction', 1390, -28.10, 3991.13, '', '2009-12-07', 'WAL-MART #2113 CHRISTOWN483957', '200912074', false, '12/05WAL-MART', '', 2, 1, '1b4632c2-a319-3629-a7f3-97cc75bb7468', 229, null);
insert into Split (id, amount, uuid, envelope_id, transaction_id) values(1391, -28.10, 'bcfdee0f-d8c8-35a5-b339-6665b873b582', 239, 1390);
insert into Transaction (DTYPE, id, amount, balance, checkNo, date, description, externalId, initialBalance, memo, ref, status, type, uuid, account_id, transfer_id) values('InternalTransaction', 1392, -18.69, 1444.50, '', '2010-01-15', 'PEI WEI #0023 Q02 P', '201001151', false, '01/13PEI WEI #', '', 2, 1, '8945b659-cbb6-3941-a450-d8a4f453bbe3', 229, null);
insert into Split (id, amount, uuid, envelope_id, transaction_id) values(1393, -18.69, 'c6912ded-ceab-3d1a-9575-bf292c1bed99', 295, 1392);
insert into Transaction (DTYPE, id, amount, balance, checkNo, date, description, externalId, initialBalance, memo, ref, status, type, uuid, account_id, transfer_id) values('InternalTransaction', 1394, -1.51, 1229.35, '', '2010-04-12', 'CIRCLE K 02844 TEMPE AZ 355126', '201004121', false, '04/09CIRCLE K', '', 1, 1, '4c4945b8-f416-3570-ae80-f63526188d39', 229, null);
insert into Split (id, amount, uuid, envelope_id, transaction_id) values(1395, -1.51, 'cbca5c55-0935-350d-ae29-f987886f4ded', 252, 1394);
insert into Transaction (DTYPE, id, amount, balance, checkNo, date, description, externalId, initialBalance, memo, ref, status, type, uuid, account_id, transfer_id) values('InternalTransaction', 1396, -10.00, 5012.81, '', '2009-11-27', 'CIRCLE K 01541 PHOENIX A634392', '200911275', false, '11/26CIRCLE K', '', 2, 1, '6c18b4d0-3d52-35d1-a4c2-c204c8a31b5a', 229, null);
insert into Split (id, amount, uuid, envelope_id, transaction_id) values(1397, -10.00, '12e77afb-4728-3fcd-9153-873b41653c67', 252, 1396);
insert into Transaction (DTYPE, id, amount, balance, checkNo, date, description, externalId, initialBalance, memo, ref, status, type, uuid, account_id, transfer_id) values('InternalTransaction', 1398, -27.98, 3512.55, '', '2010-03-30', 'ARROWHEAD WATER', '201003310', false, '', '', 1, 1, 'e9ec8732-d53e-354a-89d3-3c76c1c02995', 229, null);
insert into Split (id, amount, uuid, envelope_id, transaction_id) values(1399, -27.98, '6634c637-68bd-36b5-a4e3-06085f3a6d31', 266, 1398);
insert into Transaction (DTYPE, id, amount, balance, checkNo, date, description, externalId, initialBalance, memo, ref, status, type, uuid, account_id, transfer_id) values('InternalTransaction', 1400, -32.19, 3206.56, '', '2009-11-03', 'CHECKING SUPPLIES', '200911030', false, '', '', 2, 1, 'e785b943-a22e-35de-baff-1151ae7bde08', 229, null);
insert into Split (id, amount, uuid, envelope_id, transaction_id) values(1401, -32.19, '32cc5979-f24b-35f6-9180-615f4ad1641c', 232, 1400);
insert into Transaction (DTYPE, id, amount, balance, checkNo, date, description, externalId, initialBalance, memo, ref, status, type, uuid, account_id, transfer_id) values('InternalTransaction', 1402, -84.20, 4844.36, '', '2010-03-19', 'Transfer to State Farm Insurance', 'null', false, '', '', 2, 1, 'f62df338-817b-32a1-80e8-81585763e6a4', 229, 2210);
insert into Split (id, amount, uuid, envelope_id, transaction_id) values(1403, -84.20, 'c76bc286-bdad-3fdb-9091-6a379152a8e8', 292, 1402);
insert into Transaction (DTYPE, id, amount, balance, checkNo, date, description, externalId, initialBalance, memo, ref, status, type, uuid, account_id, transfer_id) values('InternalTransaction', 1404, 31.89, 31.89, '', '2010-03-03', 'Transfer from Spending', 'null', false, '', '', 2, 0, '22baf3b7-2ed5-38b2-90a0-93e7c2f4da76', 228, 2288);
insert into Split (id, amount, uuid, envelope_id, transaction_id) values(1405, 31.89, '5fb0219c-dd42-378b-97f7-046a7c4c5ccb', 244, 1404);
insert into Transaction (DTYPE, id, amount, balance, checkNo, date, description, externalId, initialBalance, memo, ref, status, type, uuid, account_id, transfer_id) values('InternalTransaction', 1406, -154.67, 4514.69, '', '2010-03-19', 'Transfer to VW Credit', 'null', false, '', '', 2, 1, '5217ca05-6703-3058-bc8e-6e35f4e0a13c', 229, 2891);
insert into Split (id, amount, uuid, envelope_id, transaction_id) values(1407, -154.67, '481cf045-8b6d-3197-b0ee-fd8cfe12be85', 292, 1406);
insert into Transaction (DTYPE, id, amount, balance, checkNo, date, description, externalId, initialBalance, memo, ref, status, type, uuid, account_id, transfer_id) values('InternalTransaction', 1408, -8.93, 1000.84, '', '2009-11-09', 'PEI WEI #0023 Q02 P', '200911097', false, '11/05PEI WEI #', '', 2, 1, '3b863640-1a95-3e7a-8aac-d5ee94e63df8', 229, null);
insert into Split (id, amount, uuid, envelope_id, transaction_id) values(1409, -8.93, 'b8b91e9c-a19e-3315-9421-86e9f8e8fa9f', 295, 1408);
insert into Transaction (DTYPE, id, amount, balance, checkNo, date, description, externalId, initialBalance, memo, ref, status, type, uuid, account_id, transfer_id) values('InternalTransaction', 1410, -226.26, 16806.94, '', '2010-02-16', 'Transfer to Clothing', 'null', false, '', '', 0, 1, 'd46b61b5-b303-351c-a2d9-7ce212821884', 229, 2216);
insert into Split (id, amount, uuid, envelope_id, transaction_id) values(1411, -226.26, '2172bba9-ae5e-3646-b41f-b0e5132a76ec', 292, 1410);
insert into Transaction (DTYPE, id, amount, balance, checkNo, date, description, externalId, initialBalance, memo, ref, status, type, uuid, account_id, transfer_id) values('InternalTransaction', 1412, -51.93, 17085.00, '', '2010-02-16', 'Transfer to Books', 'null', false, '', '', 0, 1, '687e2b4e-a081-3ab2-b753-c43d1b0daa93', 229, 2640);
insert into Split (id, amount, uuid, envelope_id, transaction_id) values(1413, -51.93, '1f48a706-84e6-3ecc-9585-bfa6b4df3314', 292, 1412);
insert into Transaction (DTYPE, id, amount, balance, checkNo, date, description, externalId, initialBalance, memo, ref, status, type, uuid, account_id, transfer_id) values('InternalTransaction', 1414, 32.25, 1286.38, '', '2010-04-08', 'Transfer from Available', 'null', false, '', '', 2, 0, '4bcd7c5e-5f4b-3b93-a332-917e18691225', 229, 2853);
insert into Split (id, amount, uuid, envelope_id, transaction_id) values(1415, 32.25, 'd9ab41bf-9b60-3992-ad19-29102e175056', 286, 1414);
insert into Transaction (DTYPE, id, amount, balance, checkNo, date, description, externalId, initialBalance, memo, ref, status, type, uuid, account_id, transfer_id) values('InternalTransaction', 1416, -20.28, 1293.16, '', '2009-12-22', 'SYLVIA''S LA CANASTA PHOE', '200912222', false, '12/21SYLVIA''S', '', 2, 1, '5baa235f-e73f-303b-8936-443dc5a8b947', 229, null);
insert into Split (id, amount, uuid, envelope_id, transaction_id) values(1417, -20.28, '1f8b4099-7a62-3568-9418-23f0cf2ef30f', 295, 1416);
insert into Transaction (DTYPE, id, amount, balance, checkNo, date, description, externalId, initialBalance, memo, ref, status, type, uuid, account_id, transfer_id) values('InternalTransaction', 1418, -57.49, 0.00, '', '2010-04-21', 'Transfer to Available', 'null', false, '', '', 2, 1, '9da7414c-787f-3f47-9b12-14f3d20e2d46', 228, 1986);
insert into Split (id, amount, uuid, envelope_id, transaction_id) values(1419, -57.49, '1d15a5d5-30a4-375c-8d92-7db4fae51717', 252, 1418);
insert into Transaction (DTYPE, id, amount, balance, checkNo, date, description, externalId, initialBalance, memo, ref, status, type, uuid, account_id, transfer_id) values('InternalTransaction', 1420, -0.22, 0.00, '', '2010-04-02', 'Transfer to Groceries', 'null', false, '', '', 2, 1, '4e82c56d-6346-3bf6-8d3a-e83cf105364d', 228, 528);
insert into Split (id, amount, uuid, envelope_id, transaction_id) values(1421, -0.22, '67409a58-0d66-326a-a40a-0e0e19be5ea2', 292, 1420);
insert into Transaction (DTYPE, id, amount, balance, checkNo, date, description, externalId, initialBalance, memo, ref, status, type, uuid, account_id, transfer_id) values('InternalTransaction', 1422, 0.32, 1297.92, '', '2010-04-07', 'Transfer from Available', 'null', false, '', '', 2, 0, 'dab7aaab-3094-3950-880a-65b0827f2d26', 229, 2046);
insert into Split (id, amount, uuid, envelope_id, transaction_id) values(1423, 0.32, 'bf09071a-7560-3edf-9072-b64da209be86', 253, 1422);
insert into Transaction (DTYPE, id, amount, balance, checkNo, date, description, externalId, initialBalance, memo, ref, status, type, uuid, account_id, transfer_id) values('InternalTransaction', 1424, -83.11, 0.00, '', '2010-03-30', 'Transfer to Credit Cards', 'null', false, '', '', 2, 1, 'be7a53ad-4c0a-3c31-a1de-56f7addc3d89', 228, 1972);
insert into Split (id, amount, uuid, envelope_id, transaction_id) values(1425, -83.11, '394de34c-760b-3ecc-a622-48370a484258', 239, 1424);
insert into Transaction (DTYPE, id, amount, balance, checkNo, date, description, externalId, initialBalance, memo, ref, status, type, uuid, account_id, transfer_id) values('InternalTransaction', 1426, -11.64, 1009.77, '', '2009-11-09', 'FRESH & EASY #1042 PHOEN079758', '200911096', false, '11/08FRESH & E', '', 2, 1, '9a53ad5c-8f09-37a5-89d9-4baf22ff5a91', 229, null);
insert into Split (id, amount, uuid, envelope_id, transaction_id) values(1427, -11.64, '9200e7c1-dfdb-3425-a5b6-fdf8fbb10bb3', 238, 1426);
insert into Transaction (DTYPE, id, amount, balance, checkNo, date, description, externalId, initialBalance, memo, ref, status, type, uuid, account_id, transfer_id) values('InternalTransaction', 1428, -395.46, 1135.04, '', '2010-02-16', 'Transfer to GMAC Mortgage', 'null', false, '', '', 0, 1, 'db96325f-5393-3088-88a6-4b5423aced0e', 229, 1154);
insert into Split (id, amount, uuid, envelope_id, transaction_id) values(1429, -395.46, 'ffad38fc-e21d-3354-bcd4-c3fc763ce227', 292, 1428);
insert into Transaction (DTYPE, id, amount, balance, checkNo, date, description, externalId, initialBalance, memo, ref, status, type, uuid, account_id, transfer_id) values('InternalTransaction', 1430, -0.00, 2592.83, '', '2010-04-02', 'Transfer to Medical', 'null', false, '', '', 2, 1, 'b648fd30-9527-3a60-86e9-a9ab3a50d228', 229, 2152);
insert into Split (id, amount, uuid, envelope_id, transaction_id) values(1431, -0.00, '6f5e057c-4c13-3232-b59f-d2a55dac2079', 292, 1430);
insert into Transaction (DTYPE, id, amount, balance, checkNo, date, description, externalId, initialBalance, memo, ref, status, type, uuid, account_id, transfer_id) values('InternalTransaction', 1432, -7.60, 2984.34, '', '2010-01-25', 'MARY COYLE ICE CREAM PHO', '2010012511', false, '01/23MARY COYL', '', 2, 1, 'aca5d167-6f34-367e-b623-c7d175b8cd09', 229, null);
insert into Split (id, amount, uuid, envelope_id, transaction_id) values(1433, -7.60, 'bdbd4050-d651-33a1-abb3-ad968486a1c6', 295, 1432);
insert into Transaction (DTYPE, id, amount, balance, checkNo, date, description, externalId, initialBalance, memo, ref, status, type, uuid, account_id, transfer_id) values('InternalTransaction', 1434, -4.89, 1224.46, '', '2010-04-12', 'WHATABURGER 221 Q26 T', '201004122', false, '04/10WHATABURG', '', 1, 1, '312a29b8-b609-3cf4-af66-5faea4acfa4c', 229, null);
insert into Split (id, amount, uuid, envelope_id, transaction_id) values(1435, -4.89, '06171159-83e5-30c7-83be-0585e602b8df', 246, 1434);
insert into Transaction (DTYPE, id, amount, balance, checkNo, date, description, externalId, initialBalance, memo, ref, status, type, uuid, account_id, transfer_id) values('InternalTransaction', 1436, -54.14, 5472.46, '', '2009-12-11', 'FRYS FOOD & DRUG 1815 G 664875', '200912114', false, '12/10FRYS FOOD', '', 2, 1, 'f372ea10-c9ad-396c-bc74-6a7ba64121e5', 229, null);
insert into Split (id, amount, uuid, envelope_id, transaction_id) values(1437, -54.14, 'f06defdc-4529-35e3-bc46-5174c26ab1dd', 238, 1436);
insert into Transaction (DTYPE, id, amount, balance, checkNo, date, description, externalId, initialBalance, memo, ref, status, type, uuid, account_id, transfer_id) values('InternalTransaction', 1438, -10.32, 0.00, '', '2010-03-16', 'Transfer to Massage', 'null', false, '', '', 2, 1, '1094998e-ed9d-318d-96b3-c32f25c982ba', 228, 326);
insert into Split (id, amount, uuid, envelope_id, transaction_id) values(1439, -10.32, 'e1655427-85b0-351a-9034-5b6e98fa9aa5', 239, 1438);
insert into Transaction (DTYPE, id, amount, balance, checkNo, date, description, externalId, initialBalance, memo, ref, status, type, uuid, account_id, transfer_id) values('InternalTransaction', 1440, -11.89, 3904.86, '', '2010-03-29', 'CVS 03500 03500--1625 N 102266', '201003299', false, '03/27CVS 03500', '', 1, 1, 'ed189827-46ce-3db9-95b1-959dfe4156e9', 229, null);
insert into Split (id, amount, uuid, envelope_id, transaction_id) values(1441, -11.89, '0374f4e7-1174-3333-a1a8-e0d53f18eea2', 277, 1440);
insert into Transaction (DTYPE, id, amount, balance, checkNo, date, description, externalId, initialBalance, memo, ref, status, type, uuid, account_id, transfer_id) values('InternalTransaction', 1442, 65.00, 2961.67, '', '2010-02-16', 'Transfer from Available', 'null', false, '', '', 0, 0, 'd29a7a0c-9182-37b6-9da0-68d6263bd3f1', 229, 2002);
insert into Split (id, amount, uuid, envelope_id, transaction_id) values(1443, 65.00, 'b2f882ba-8d5f-329a-b1a0-a1e9fbadedd9', 256, 1442);
insert into Transaction (DTYPE, id, amount, balance, checkNo, date, description, externalId, initialBalance, memo, ref, status, type, uuid, account_id, transfer_id) values('InternalTransaction', 1444, -116.58, 2982.33, '', '2010-02-08', 'FRYS FOOD & DRUG 1815 G', '201002084', false, '02/06FRYS FOOD Purcha', '', 2, 1, '1498f1a7-b3ef-361e-bebd-18a693335eba', 229, null);
insert into Split (id, amount, uuid, envelope_id, transaction_id) values(1445, -116.58, '442f1983-c789-3abd-a681-9dcf3fd9300b', 238, 1444);
insert into Transaction (DTYPE, id, amount, balance, checkNo, date, description, externalId, initialBalance, memo, ref, status, type, uuid, account_id, transfer_id) values('InternalTransaction', 1446, 5.82, 2432.27, '', '2010-03-19', 'Transfer from Available', 'null', false, '', '', 2, 0, '48a9af64-5876-3d3f-b71f-729925bfcc34', 229, 2727);
insert into Split (id, amount, uuid, envelope_id, transaction_id) values(1447, 5.82, 'ae804fc8-8399-3b48-8249-7aba590fbbc5', 246, 1446);
insert into Transaction (DTYPE, id, amount, balance, checkNo, date, description, externalId, initialBalance, memo, ref, status, type, uuid, account_id, transfer_id) values('InternalTransaction', 1448, 74.99, 1553.36, '', '2010-01-14', 'ATM CHECK DEPOSIT', '201001140', false, '', '', 2, 0, '53c4367c-63c6-32e5-a03f-ca3754e8748c', 229, null);
insert into Split (id, amount, uuid, envelope_id, transaction_id) values(1449, 74.99, '34514c95-c83c-370c-8382-4060f409291e', 292, 1448);
insert into Transaction (DTYPE, id, amount, balance, checkNo, date, description, externalId, initialBalance, memo, ref, status, type, uuid, account_id, transfer_id) values('InternalTransaction', 1450, -11.12, 2190.69, '', '2010-03-09', 'WENDYS #0602 Q25 P', '201003090', false, '03/07WENDYS #0', '', 1, 1, 'c311fb74-8cb9-33fa-a623-1d362b85b8cf', 229, null);
insert into Split (id, amount, uuid, envelope_id, transaction_id) values(1451, -11.12, 'd835e19b-d3ef-35f1-ab89-b26152163f61', 246, 1450);
insert into Transaction (DTYPE, id, amount, balance, checkNo, date, description, externalId, initialBalance, memo, ref, status, type, uuid, account_id, transfer_id) values('InternalTransaction', 1452, 898.38, 3860.05, '', '2010-02-16', 'Transfer from Available', 'null', false, '', '', 0, 0, '352fb670-d210-3a23-b05c-54b54af67741', 229, 2478);
insert into Split (id, amount, uuid, envelope_id, transaction_id) values(1453, 898.38, '90fbf29b-c644-3b5b-b118-dd1f162aa334', 252, 1452);
insert into Transaction (DTYPE, id, amount, balance, checkNo, date, description, externalId, initialBalance, memo, ref, status, type, uuid, account_id, transfer_id) values('InternalTransaction', 1454, -1.31, 1293.81, '', '2010-04-23', 'Transfer to Cox Communications', 'null', false, '', '', 2, 1, '91fe457e-7d55-36d2-8c21-312988248abf', 229, 1132);
insert into Split (id, amount, uuid, envelope_id, transaction_id) values(1455, -1.31, 'ce2193e1-91ab-3255-a497-2c9a2b4f81aa', 292, 1454);
insert into Transaction (DTYPE, id, amount, balance, checkNo, date, description, externalId, initialBalance, memo, ref, status, type, uuid, account_id, transfer_id) values('InternalTransaction', 1456, -4.99, 6097.47, '', '2010-03-19', 'Transfer to Easynews.com', 'null', false, '', '', 2, 1, '50a5fe55-2189-3be1-8b46-7e0ee587cd8a', 229, 2935);
insert into Split (id, amount, uuid, envelope_id, transaction_id) values(1457, -4.99, 'e9c0917d-39eb-3766-8d0d-f928c7cf2be9', 292, 1456);
insert into Transaction (DTYPE, id, amount, balance, checkNo, date, description, externalId, initialBalance, memo, ref, status, type, uuid, account_id, transfer_id) values('InternalTransaction', 1458, -90.52, 4225.01, '', '2009-11-19', 'PIHMA COLLEGE AND CL Pho753806', '200911190', false, '11/18PIHMA COL', '', 2, 1, '5f2c39da-0463-3b51-8fca-0b1a7bfc7a89', 229, null);
insert into Split (id, amount, uuid, envelope_id, transaction_id) values(1459, -90.52, '0c6b2666-806b-3410-8d56-275b2b2493b2', 286, 1458);
insert into Transaction (DTYPE, id, amount, balance, checkNo, date, description, externalId, initialBalance, memo, ref, status, type, uuid, account_id, transfer_id) values('InternalTransaction', 1460, -2.81, 0.00, '', '2010-04-08', 'Transfer to Spending', 'null', false, '', '', 2, 1, '3fd4da6b-1c5a-3b12-a12c-fd66fa991b28', 228, 1048);
insert into Split (id, amount, uuid, envelope_id, transaction_id) values(1461, -2.81, 'fa677dbd-28c1-3e4f-92b4-2f9eda9d24fd', 239, 1460);
insert into Transaction (DTYPE, id, amount, balance, checkNo, date, description, externalId, initialBalance, memo, ref, status, type, uuid, account_id, transfer_id) values('InternalTransaction', 1462, 664.67, 16499.17, '', '2010-02-16', 'Transfer from Available', 'null', false, '', '', 0, 0, '29cbcd85-0da5-3d08-a728-950f61c48f3a', 229, 1652);
insert into Split (id, amount, uuid, envelope_id, transaction_id) values(1463, 664.67, 'f19bf589-caa1-3e3a-8fd1-899e48b15e69', 235, 1462);
insert into Transaction (DTYPE, id, amount, balance, checkNo, date, description, externalId, initialBalance, memo, ref, status, type, uuid, account_id, transfer_id) values('InternalTransaction', 1464, 25.00, 4958.59, '', '2010-03-05', 'Transfer from Available', 'null', false, '', '', 2, 0, 'da95e5b6-0437-3e89-b36c-1d257a610bce', 229, 2697);
insert into Split (id, amount, uuid, envelope_id, transaction_id) values(1465, 25.00, '8fb39987-1055-3016-ad81-d2958a578cd1', 277, 1464);
insert into Transaction (DTYPE, id, amount, balance, checkNo, date, description, externalId, initialBalance, memo, ref, status, type, uuid, account_id, transfer_id) values('InternalTransaction', 1466, -16.29, 3542.42, '', '2009-12-14', 'CVS 09347 09347--1525 N 408146', '2009121420', false, '12/11CVS 09347', '', 2, 1, 'c8307124-af36-3f46-a87b-b929c0abb166', 229, null);
insert into Split (id, amount, uuid, envelope_id, transaction_id) values(1467, -16.29, '943479cd-6ffc-38e6-be42-33d5b3e7c40e', 286, 1466);
insert into Transaction (DTYPE, id, amount, balance, checkNo, date, description, externalId, initialBalance, memo, ref, status, type, uuid, account_id, transfer_id) values('InternalTransaction', 1468, 200.00, 5158.59, '', '2010-03-05', 'Transfer from Available', 'null', false, '', '', 2, 0, '0ab5aff6-5482-3f1a-bd44-c98f74395d72', 229, 1616);
insert into Split (id, amount, uuid, envelope_id, transaction_id) values(1469, 200.00, '8c87be1b-40e3-36be-8514-c063bd1aa30c', 252, 1468);
insert into Transaction (DTYPE, id, amount, balance, checkNo, date, description, externalId, initialBalance, memo, ref, status, type, uuid, account_id, transfer_id) values('InternalTransaction', 1470, 52.70, 4087.77, '', '2009-12-07', 'THE HOME DEPOT #0485 PHO', '200912071', false, '12/03THE HOME', '', 2, 0, 'c973f55b-8642-35bc-bd79-3b35a2af2bd4', 229, null);
insert into Split (id, amount, uuid, envelope_id, transaction_id) values(1471, 52.70, 'c52b9581-459f-301f-b331-fcecbd93eb90', 239, 1470);
insert into Transaction (DTYPE, id, amount, balance, checkNo, date, description, externalId, initialBalance, memo, ref, status, type, uuid, account_id, transfer_id) values('InternalTransaction', 1472, 80.00, 3849.13, '', '2010-04-16', 'Transfer from Available', 'null', false, '', '', 2, 0, 'f54d6520-6c2d-38ba-a357-27136e6cf055', 229, 2408);
insert into Split (id, amount, uuid, envelope_id, transaction_id) values(1473, 80.00, '92d469cb-1916-3cc0-a8ec-8039aaf989c5', 253, 1472);
insert into Transaction (DTYPE, id, amount, balance, checkNo, date, description, externalId, initialBalance, memo, ref, status, type, uuid, account_id, transfer_id) values('InternalTransaction', 1474, -4.31, 3480.97, '', '2009-12-14', 'GAME NIGHTZ PHOENIX AZ 483280', '2009121426', false, '12/12GAME NIGH', '', 2, 1, 'd6238eca-1cc0-3577-907a-abf3683c2217', 229, null);
insert into Split (id, amount, uuid, envelope_id, transaction_id) values(1475, -4.31, '41c223c4-24cb-3b46-a7bf-95bb5a8a3c78', 241, 1474);
insert into Transaction (DTYPE, id, amount, balance, checkNo, date, description, externalId, initialBalance, memo, ref, status, type, uuid, account_id, transfer_id) values('InternalTransaction', 1476, -27.98, 851.28, '', '2010-03-04', 'ARROWHEAD WATER 800-950-', '201003040', false, '03/03ARROWHEAD', '', 1, 1, '85149ef5-e5eb-3415-8da8-5cd0762a652b', 229, null);
insert into Split (id, amount, uuid, envelope_id, transaction_id) values(1477, -27.98, '038851b5-2877-379e-a819-a6f96ce52952', 266, 1476);
insert into Transaction (DTYPE, id, amount, balance, checkNo, date, description, externalId, initialBalance, memo, ref, status, type, uuid, account_id, transfer_id) values('InternalTransaction', 1478, -108.25, 8701.27, '', '2010-02-16', 'Transfer to Hardware', 'null', false, '', '', 0, 1, '19ab2454-88b0-37c4-9587-a442350427b1', 229, 826);
insert into Split (id, amount, uuid, envelope_id, transaction_id) values(1479, -108.25, 'aad345c0-be26-3076-8958-2c9016f08f59', 292, 1478);
insert into Transaction (DTYPE, id, amount, balance, checkNo, date, description, externalId, initialBalance, memo, ref, status, type, uuid, account_id, transfer_id) values('InternalTransaction', 1480, -40.39, 1135.04, '', '2010-02-16', 'Transfer to Auto Registration', 'null', false, '', '', 0, 1, '75eb75c0-bb1a-35e3-887f-73785c4ce9da', 229, 1832);
insert into Split (id, amount, uuid, envelope_id, transaction_id) values(1481, -40.39, 'c5fca3c9-647f-377a-9ba5-e7d1e45f2196', 292, 1480);
insert into Transaction (DTYPE, id, amount, balance, checkNo, date, description, externalId, initialBalance, memo, ref, status, type, uuid, account_id, transfer_id) values('InternalTransaction', 1482, -25.00, 4039.06, '', '2010-04-16', 'Transfer to Personal Care', 'null', false, '', '', 2, 1, 'cfc422a8-5639-3b9f-b872-a922b90d0aa7', 229, 1046);
insert into Split (id, amount, uuid, envelope_id, transaction_id) values(1483, -25.00, '6d390a39-29c1-3141-b49e-7db0be684ea1', 292, 1482);
insert into Transaction (DTYPE, id, amount, balance, checkNo, date, description, externalId, initialBalance, memo, ref, status, type, uuid, account_id, transfer_id) values('InternalTransaction', 1484, 29.23, 29.23, '', '2010-03-09', 'Transfer from Spending', 'null', false, '', '', 2, 0, '04781fa8-b997-3446-9fbd-df0dab0c76d9', 228, 906);
insert into Split (id, amount, uuid, envelope_id, transaction_id) values(1485, 29.23, '00925957-4393-3c17-8c19-feb742976dd4', 295, 1484);
insert into Transaction (DTYPE, id, amount, balance, checkNo, date, description, externalId, initialBalance, memo, ref, status, type, uuid, account_id, transfer_id) values('InternalTransaction', 1486, -0.77, 0.00, '', '2010-03-30', 'Transfer to Available', 'null', false, '', '', 2, 1, 'cc2a66d8-9a85-39fa-9ac2-e7c1de5abb7e', 228, 1186);
insert into Split (id, amount, uuid, envelope_id, transaction_id) values(1487, -0.77, '26e58ca4-cddb-30aa-935c-c3abd2381be0', 253, 1486);
insert into Transaction (DTYPE, id, amount, balance, checkNo, date, description, externalId, initialBalance, memo, ref, status, type, uuid, account_id, transfer_id) values('InternalTransaction', 1488, -61.10, 3171.54, '', '2009-11-25', 'SPROUTS FARMERS MKT # 0', '200911250', false, '11/24SPROUTS F Purcha', '', 2, 1, 'fc6f1a2c-e7c1-3cda-a603-e03c4adc9361', 229, null);
insert into Split (id, amount, uuid, envelope_id, transaction_id) values(1489, -61.10, '53a43e91-9e42-3c82-ba66-792f018120b7', 238, 1488);
insert into Transaction (DTYPE, id, amount, balance, checkNo, date, description, externalId, initialBalance, memo, ref, status, type, uuid, account_id, transfer_id) values('InternalTransaction', 1490, 36.00, 3896.05, '', '2010-02-16', 'Transfer from Available', 'null', false, '', '', 0, 0, '688313ca-7325-39cc-81e9-f7448930d63a', 229, 1534);
insert into Split (id, amount, uuid, envelope_id, transaction_id) values(1491, 36.00, '6daf48e5-cdb8-3cc1-bc8a-44b3033d3b5d', 253, 1490);
insert into Transaction (DTYPE, id, amount, balance, checkNo, date, description, externalId, initialBalance, memo, ref, status, type, uuid, account_id, transfer_id) values('InternalTransaction', 1492, -0.00, 4039.06, '', '2010-04-16', 'Transfer to Rent', 'null', false, '', '', 2, 1, 'eb0bf10b-6194-3df9-8715-77e37b917186', 229, 2264);
insert into Split (id, amount, uuid, envelope_id, transaction_id) values(1493, -0.00, '747121f9-89e7-3ef5-96a2-5f56a2fd6828', 292, 1492);
insert into Transaction (DTYPE, id, amount, balance, checkNo, date, description, externalId, initialBalance, memo, ref, status, type, uuid, account_id, transfer_id) values('InternalTransaction', 1494, 2024.23, 4450.68, '', '2010-03-19', 'DIFFUSION GROUP PAYROLL PPD', '201003190', false, '', '', 1, 0, '58eeee3c-7629-363f-95fe-d9b9e4cec90b', 229, null);
insert into Split (id, amount, uuid, envelope_id, transaction_id) values(1495, 2024.23, 'f7a38197-f672-3312-af3c-36ad3733d645', 292, 1494);
insert into Transaction (DTYPE, id, amount, balance, checkNo, date, description, externalId, initialBalance, memo, ref, status, type, uuid, account_id, transfer_id) values('InternalTransaction', 1496, 1237.32, 17736.49, '', '2010-02-16', 'Transfer from Available', 'null', false, '', '', 0, 0, 'a0c03219-58df-3a51-af31-466380803c3b', 229, 670);
insert into Split (id, amount, uuid, envelope_id, transaction_id) values(1497, 1237.32, 'db19190e-55f3-3878-a846-9856c1b5e95a', 267, 1496);
insert into Transaction (DTYPE, id, amount, balance, checkNo, date, description, externalId, initialBalance, memo, ref, status, type, uuid, account_id, transfer_id) values('InternalTransaction', 1498, 10.05, 10.05, '', '2010-03-13', 'Transfer from Spending', 'null', false, '', '', 2, 0, 'a9c6f027-7d4d-3c2c-827d-08fb12cf68a5', 228, 2220);
insert into Split (id, amount, uuid, envelope_id, transaction_id) values(1499, 10.05, 'ee49d0ec-7e23-3511-971e-da48372ef533', 295, 1498);
insert into Transaction (DTYPE, id, amount, balance, checkNo, date, description, externalId, initialBalance, memo, ref, status, type, uuid, account_id, transfer_id) values('InternalTransaction', 1500, -59.55, 2208.96, '', '2010-02-01', 'CNS ULTA 3 0612 185216', '201002010', false, '01/31CNS ULTA', '', 2, 1, '4e1162ac-3365-3f3b-9c71-e604f452f2b4', 229, null);
insert into Split (id, amount, uuid, envelope_id, transaction_id) values(1501, -59.55, 'b4c5dcf1-6bdd-3aa0-a6bd-94a1c97381bc', 277, 1500);
insert into Transaction (DTYPE, id, amount, balance, checkNo, date, description, externalId, initialBalance, memo, ref, status, type, uuid, account_id, transfer_id) values('InternalTransaction', 1502, -9.95, 1293.81, '', '2010-04-22', 'Financial Management Software:', '201004225', false, 'Monthly Service Fee', '', 1, 1, '7f082710-9654-3370-a41d-9099e7d1de89', 229, null);
insert into Split (id, amount, uuid, envelope_id, transaction_id) values(1503, -9.95, 'e096bb6a-5b4a-3db6-8735-711860dec27b', 232, 1502);
insert into Transaction (DTYPE, id, amount, balance, checkNo, date, description, externalId, initialBalance, memo, ref, status, type, uuid, account_id, transfer_id) values('InternalTransaction', 1504, -80.00, 1808.62, '260', '2010-01-11', 'Annette Trijillo', '201001116', false, '', '', 2, 1, 'febfc600-6e55-3360-80f5-69f927989897', 229, null);
insert into Split (id, amount, uuid, envelope_id, transaction_id) values(1505, -80.00, '152460b9-0412-367c-bc06-be647b2207c5', 261, 1504);
insert into Transaction (DTYPE, id, amount, balance, checkNo, date, description, externalId, initialBalance, memo, ref, status, type, uuid, account_id, transfer_id) values('InternalTransaction', 1506, -37.84, 4492.09, '', '2009-12-14', 'SHELL OIL 57441534302 PH', '2009121411', false, '12/10SHELL OIL', '', 2, 1, 'ba225013-8867-39d7-a2fc-8046a5cb1821', 229, null);
insert into Split (id, amount, uuid, envelope_id, transaction_id) values(1507, -37.84, 'b4130404-27b8-3769-9ab0-b578b6942fce', 253, 1506);
insert into Transaction (DTYPE, id, amount, balance, checkNo, date, description, externalId, initialBalance, memo, ref, status, type, uuid, account_id, transfer_id) values('InternalTransaction', 1508, 6.55, 6.55, '', '2010-02-25', 'Transfer from Spending', 'null', false, '', '', 2, 0, 'c2c3dff7-f289-3e96-a466-38e505892cc8', 228, 618);
insert into Split (id, amount, uuid, envelope_id, transaction_id) values(1509, 6.55, '2b45506e-50e4-31c6-a3b0-60fe8dba7222', 246, 1508);
insert into Transaction (DTYPE, id, amount, balance, checkNo, date, description, externalId, initialBalance, memo, ref, status, type, uuid, account_id, transfer_id) values('InternalTransaction', 1510, -63.12, 0.00, '', '2010-03-30', 'Transfer to Available', 'null', false, '', '', 2, 1, '3fcec618-3517-3866-93b3-fd448bd6843d', 228, 2092);
insert into Split (id, amount, uuid, envelope_id, transaction_id) values(1511, -63.12, 'aee9ce6a-f515-39b6-84c5-2c9eaaf464fa', 264, 1510);
insert into Transaction (DTYPE, id, amount, balance, checkNo, date, description, externalId, initialBalance, memo, ref, status, type, uuid, account_id, transfer_id) values('InternalTransaction', 1512, -20.00, 528.63, '', '2009-11-12', 'CIRCLE K 05405 PHOENIX A946792', '200911123', false, '11/10CIRCLE K', '', 2, 1, '2cda764f-a579-364a-a788-d2995218bf1b', 229, null);
insert into Split (id, amount, uuid, envelope_id, transaction_id) values(1513, -20.00, 'edb6a8fa-6723-39ac-83dc-54f0a668a66c', 252, 1512);
insert into Transaction (DTYPE, id, amount, balance, checkNo, date, description, externalId, initialBalance, memo, ref, status, type, uuid, account_id, transfer_id) values('InternalTransaction', 1514, 40.79, 5749.50, '', '2010-03-05', 'Transfer from Available', 'null', false, '', '', 2, 0, '68a1dc21-06bd-3582-a2d9-2439715d5757', 229, 2428);
insert into Split (id, amount, uuid, envelope_id, transaction_id) values(1515, 40.79, '86dd6943-fd34-31ed-8602-a7c2f1fc95b6', 273, 1514);
insert into Transaction (DTYPE, id, amount, balance, checkNo, date, description, externalId, initialBalance, memo, ref, status, type, uuid, account_id, transfer_id) values('InternalTransaction', 1516, -3.22, 1201.77, '', '2010-03-17', 'Transfer to Spending', 'null', false, '', '', 2, 1, 'c76d7f4c-9f46-35f3-8c4b-4ab621dffacf', 229, 1686);
insert into Split (id, amount, uuid, envelope_id, transaction_id) values(1517, -3.22, 'd4ba9569-1ba4-3138-a721-1b8191b3d2d0', 292, 1516);
insert into Transaction (DTYPE, id, amount, balance, checkNo, date, description, externalId, initialBalance, memo, ref, status, type, uuid, account_id, transfer_id) values('InternalTransaction', 1518, -175.00, 2135.88, '', '2010-01-11', 'IRS USATAXPYMT 2700', '201001113', false, '41100759459 WEB ID: 3387702000', '', 2, 1, '3f3386ca-f363-3dd7-9e78-8213f21e63c9', 229, null);
insert into Split (id, amount, uuid, envelope_id, transaction_id) values(1519, -175.00, 'cc074e2c-1d5b-306b-86b8-5c3a111ef288', 275, 1518);
insert into Transaction (DTYPE, id, amount, balance, checkNo, date, description, externalId, initialBalance, memo, ref, status, type, uuid, account_id, transfer_id) values('InternalTransaction', 1520, -55.00, 3330.65, '', '2009-11-23', 'CNS IKEA TEMPE 0302 790757', '200911234', false, '11/21CNS IKEA', '', 2, 1, '965ecf42-39db-3f4d-afcb-f5bb2e03fd13', 229, null);
insert into Split (id, amount, uuid, envelope_id, transaction_id) values(1521, -55.00, '39732ded-6e45-30cc-986a-257a515954fe', 235, 1520);
insert into Transaction (DTYPE, id, amount, balance, checkNo, date, description, externalId, initialBalance, memo, ref, status, type, uuid, account_id, transfer_id) values('InternalTransaction', 1522, -309.00, 986.09, '', '2010-02-02', 'Rossmar & Graham RESIDENT', '201002021', false, 'WEB ID: W050568743', '', 2, 1, '1ddf4d3b-d326-3551-b478-99c97d9d32b8', 229, null);
insert into Split (id, amount, uuid, envelope_id, transaction_id) values(1523, -309.00, 'fa44ca9c-6a4f-3a5d-84b4-bafce63ebd82', 258, 1522);
insert into Transaction (DTYPE, id, amount, balance, checkNo, date, description, externalId, initialBalance, memo, ref, status, type, uuid, account_id, transfer_id) values('InternalTransaction', 1524, -1.25, 3560.13, '', '2009-11-23', 'CARTEL COFFEE LAB TEMPE', '2009112310', false, '11/19CARTEL CO', '', 2, 1, '89ccfd67-eb7e-360c-80a2-e805bc8404a4', 229, null);
insert into Split (id, amount, uuid, envelope_id, transaction_id) values(1525, -1.25, '42d2e900-4ea2-3c1d-a679-17a42f55664c', 270, 1524);
insert into Transaction (DTYPE, id, amount, balance, checkNo, date, description, externalId, initialBalance, memo, ref, status, type, uuid, account_id, transfer_id) values('InternalTransaction', 1526, -150.00, 4417.07, '', '2010-04-16', 'Transfer to Groceries', 'null', false, '', '', 2, 1, 'e6528d9d-d76e-3026-ac9e-373160b46201', 229, 2416);
insert into Split (id, amount, uuid, envelope_id, transaction_id) values(1527, -150.00, 'ce94a240-114b-3c7e-9652-94023c7ec8a1', 292, 1526);
insert into Transaction (DTYPE, id, amount, balance, checkNo, date, description, externalId, initialBalance, memo, ref, status, type, uuid, account_id, transfer_id) values('InternalTransaction', 1528, 77.06, 1212.10, '', '2010-02-16', 'Transfer from Available', 'null', false, '', '', 0, 0, '02447f18-30df-3501-91d1-ea670fead849', 229, 2833);
insert into Split (id, amount, uuid, envelope_id, transaction_id) values(1529, 77.06, '6a284e90-1914-3394-b7f0-c2fd266f4869', 290, 1528);
insert into Transaction (DTYPE, id, amount, balance, checkNo, date, description, externalId, initialBalance, memo, ref, status, type, uuid, account_id, transfer_id) values('InternalTransaction', 1530, 0.14, 1502.60, '', '2010-04-22', 'TD AMERITRADE ACH MICRO', '201004221', false, 'PPD ID: 4470533629', '', 1, 0, '61786ba8-5229-3b28-948b-ee68eb999396', 229, null);
insert into Split (id, amount, uuid, envelope_id, transaction_id) values(1531, 0.14, '158c7d4e-ddf2-3366-b229-376ecb689442', 292, 1530);
insert into Transaction (DTYPE, id, amount, balance, checkNo, date, description, externalId, initialBalance, memo, ref, status, type, uuid, account_id, transfer_id) values('InternalTransaction', 1532, -80.00, 2708.29, '263', '2010-01-25', 'Annette Trijillo', '201001254', false, '', '', 2, 1, '2ccd2b8f-f84b-3331-bc8e-ae1c15e0445f', 229, null);
insert into Split (id, amount, uuid, envelope_id, transaction_id) values(1533, -80.00, '7c47be29-5057-3c3f-b224-f3a8ed0015e4', 261, 1532);
insert into Transaction (DTYPE, id, amount, balance, checkNo, date, description, externalId, initialBalance, memo, ref, status, type, uuid, account_id, transfer_id) values('InternalTransaction', 1534, -36.00, 5447.36, '', '2010-02-16', 'Transfer to Auto Fuel', 'null', false, '', '', 0, 1, '956d7084-c2a1-3cf9-8be1-21bcda7bd24f', 229, 1490);
insert into Split (id, amount, uuid, envelope_id, transaction_id) values(1535, -36.00, '24c624eb-df71-32da-b918-95559c2775d1', 292, 1534);
insert into Transaction (DTYPE, id, amount, balance, checkNo, date, description, externalId, initialBalance, memo, ref, status, type, uuid, account_id, transfer_id) values('InternalTransaction', 1536, 7.21, 7.21, '', '2010-04-22', 'Transfer from Spending', 'null', false, '', '', 2, 0, '50461b24-ed5c-35e3-bbec-05a3ebecc577', 228, 2620);
insert into Split (id, amount, uuid, envelope_id, transaction_id) values(1537, 7.21, 'd14d1f6b-93d6-3ccf-aaef-6e8e6f147bfd', 292, 1536);
insert into Transaction (DTYPE, id, amount, balance, checkNo, date, description, externalId, initialBalance, memo, ref, status, type, uuid, account_id, transfer_id) values('InternalTransaction', 1538, 16.23, 900.91, '', '2010-03-03', 'PETCO 575 63505754 P', '201003032', false, '03/02PETCO 57', '', 1, 0, '067ca57b-1800-3999-93a9-e3dbd26d4675', 229, null);
insert into Split (id, amount, uuid, envelope_id, transaction_id) values(1539, 16.23, 'b214ad8a-67b6-3e43-83d9-1226f2bc50bf', 292, 1538);
insert into Transaction (DTYPE, id, amount, balance, checkNo, date, description, externalId, initialBalance, memo, ref, status, type, uuid, account_id, transfer_id) values('InternalTransaction', 1540, 2024.23, 2674.28, '', '2010-04-16', 'DIFFUSION GROUP PAYROLL PPD', '201004160', false, '', '', 1, 0, '221efbe0-7890-324d-baa0-19f0b01e15ef', 229, null);
insert into Split (id, amount, uuid, envelope_id, transaction_id) values(1541, 2024.23, '0fe25fe4-e5de-395e-b7e0-d7611468a187', 264, 1540);
insert into Transaction (DTYPE, id, amount, balance, checkNo, date, description, externalId, initialBalance, memo, ref, status, type, uuid, account_id, transfer_id) values('InternalTransaction', 1542, -30.00, 2007.28, '281', '2009-11-05', 'Annette Trijillo', '200911051', false, '', '', 2, 1, 'b3a00c54-8740-3692-bd4d-ed97681c5d10', 229, null);
insert into Split (id, amount, uuid, envelope_id, transaction_id) values(1543, -30.00, 'dc2883f8-ea6f-3a37-a48a-568017835c61', 261, 1542);
insert into Transaction (DTYPE, id, amount, balance, checkNo, date, description, externalId, initialBalance, memo, ref, status, type, uuid, account_id, transfer_id) values('InternalTransaction', 1544, -25.00, 783.12, '', '2010-04-13', 'SHADETREE 480-945-8423 A', '201004131', false, '04/12SHADETREE', '', 1, 1, '3a059d49-5c26-3590-b9c2-0147d408de38', 229, null);
insert into Split (id, amount, uuid, envelope_id, transaction_id) values(1545, -25.00, 'f4f665ea-4111-39e2-9a3a-18fb6cb95730', 264, 1544);
insert into Transaction (DTYPE, id, amount, balance, checkNo, date, description, externalId, initialBalance, memo, ref, status, type, uuid, account_id, transfer_id) values('InternalTransaction', 1546, -90.00, 4283.63, '', '2010-02-16', 'Transfer to Housekeeping', 'null', false, '', '', 0, 1, '246c8936-58c7-3fd2-991f-8187dbd5625d', 229, 1558);
insert into Split (id, amount, uuid, envelope_id, transaction_id) values(1547, -90.00, '85ec9993-eae9-3501-9076-93e65a0aa3a1', 292, 1546);
insert into Transaction (DTYPE, id, amount, balance, checkNo, date, description, externalId, initialBalance, memo, ref, status, type, uuid, account_id, transfer_id) values('InternalTransaction', 1548, 2.11, 1558.34, '', '2010-04-21', 'Transfer from Available', 'null', false, '', '', 2, 0, '2546d806-67c1-31f4-ac2b-81a02040fbe7', 229, 678);
insert into Split (id, amount, uuid, envelope_id, transaction_id) values(1549, 2.11, '27738a93-8ce2-302f-aed3-12c735112e9c', 270, 1548);
insert into Transaction (DTYPE, id, amount, balance, checkNo, date, description, externalId, initialBalance, memo, ref, status, type, uuid, account_id, transfer_id) values('InternalTransaction', 1550, 293.94, 293.94, '', '2010-03-30', 'Transfer from Available', 'null', false, '', '', 2, 0, '11f4fd08-6ea4-3651-a359-ccadcec292ae', 228, 1838);
insert into Split (id, amount, uuid, envelope_id, transaction_id) values(1551, 293.94, '8f5d2819-44ea-3577-8e52-0aaf21e5f211', 252, 1550);
insert into Transaction (DTYPE, id, amount, balance, checkNo, date, description, externalId, initialBalance, memo, ref, status, type, uuid, account_id, transfer_id) values('InternalTransaction', 1552, 2157.42, 3180.20, '', '2009-12-28', 'DIFFUSION GROUP PAYROLL', '200912280', false, 'PPD ID: 1860988050', '', 2, 0, '6940aa3e-d71e-361d-b326-b664beebfd29', 229, null);
insert into Split (id, amount, uuid, envelope_id, transaction_id) values(1553, 2157.42, '8b276d1f-681f-357a-96ed-ce40b51016e6', 292, 1552);
insert into Transaction (DTYPE, id, amount, balance, checkNo, date, description, externalId, initialBalance, memo, ref, status, type, uuid, account_id, transfer_id) values('InternalTransaction', 1554, -2.16, 2706.32, '', '2010-04-05', 'MCDONALD''S F21717 SCOTTS', '201004053', false, '04/03MCDONALD''', '', 1, 1, 'ff67dba2-63e6-3fce-b8bd-0ccbbf1132bf', 229, null);
insert into Split (id, amount, uuid, envelope_id, transaction_id) values(1555, -2.16, '924150c0-dba1-34b8-9634-36688bf21827', 246, 1554);
insert into Transaction (DTYPE, id, amount, balance, checkNo, date, description, externalId, initialBalance, memo, ref, status, type, uuid, account_id, transfer_id) values('InternalTransaction', 1556, -32.19, 5107.43, '', '2010-02-16', 'Transfer to Chase Bank', 'null', false, '', '', 0, 1, '2a7507e4-5007-3f09-97dc-b3532408698c', 229, 2707);
insert into Split (id, amount, uuid, envelope_id, transaction_id) values(1557, -32.19, '00ac5a8b-1a04-33f5-9810-46b57ea33972', 292, 1556);
insert into Transaction (DTYPE, id, amount, balance, checkNo, date, description, externalId, initialBalance, memo, ref, status, type, uuid, account_id, transfer_id) values('InternalTransaction', 1558, 90.00, 3986.05, '', '2010-02-16', 'Transfer from Available', 'null', false, '', '', 0, 0, '26dd94f1-ceba-38fd-a641-8a95d762cb12', 229, 1546);
insert into Split (id, amount, uuid, envelope_id, transaction_id) values(1559, 90.00, '1406ec72-d4ad-35f5-a92f-539740a42c89', 261, 1558);
insert into Transaction (DTYPE, id, amount, balance, checkNo, date, description, externalId, initialBalance, memo, ref, status, type, uuid, account_id, transfer_id) values('InternalTransaction', 1560, -150.00, 5524.83, '', '2010-03-19', 'Transfer to Groceries', 'null', false, '', '', 2, 1, '6085afa7-47ab-3892-8662-fb8ac47e2406', 229, 2142);
insert into Split (id, amount, uuid, envelope_id, transaction_id) values(1561, -150.00, '748a3e60-f50a-3d89-9578-067f1f958bcd', 292, 1560);
insert into Transaction (DTYPE, id, amount, balance, checkNo, date, description, externalId, initialBalance, memo, ref, status, type, uuid, account_id, transfer_id) values('InternalTransaction', 1562, -16.22, 4915.78, '', '2010-02-16', 'Transfer to Fast Food', 'null', false, '', '', 0, 1, '747698da-9b10-3b4d-aa1f-daca6c6fd351', 229, 310);
insert into Split (id, amount, uuid, envelope_id, transaction_id) values(1563, -16.22, 'd8129978-5f5e-38ca-a01c-257c901747eb', 292, 1562);
insert into Transaction (DTYPE, id, amount, balance, checkNo, date, description, externalId, initialBalance, memo, ref, status, type, uuid, account_id, transfer_id) values('InternalTransaction', 1564, -14.95, 16754.58, '', '2010-02-16', 'Transfer to Cox Communications', 'null', false, '', '', 0, 1, '83595b11-f0a0-31dd-bf4a-70569b59b710', 229, 2424);
insert into Split (id, amount, uuid, envelope_id, transaction_id) values(1565, -14.95, '14b450ab-7818-39ca-a972-b14fb4f07884', 292, 1564);
insert into Transaction (DTYPE, id, amount, balance, checkNo, date, description, externalId, initialBalance, memo, ref, status, type, uuid, account_id, transfer_id) values('InternalTransaction', 1566, -20.00, 1277.60, '', '2010-04-07', 'Transfer to Massage', 'null', false, '', '', 2, 1, '4d48de25-0234-327b-b39a-76865a28d2ba', 229, 1110);
insert into Split (id, amount, uuid, envelope_id, transaction_id) values(1567, -20.00, 'c363bdab-6d8a-32f9-8f0a-91f4b702655b', 292, 1566);
insert into Transaction (DTYPE, id, amount, balance, checkNo, date, description, externalId, initialBalance, memo, ref, status, type, uuid, account_id, transfer_id) values('InternalTransaction', 1568, -5.39, 0.00, '', '2010-03-18', 'Transfer to Fast Food', 'null', false, '', '', 2, 1, '41e20ff7-ce08-390d-9863-6a46e4eaad70', 228, 2580);
insert into Split (id, amount, uuid, envelope_id, transaction_id) values(1569, -5.39, '678ba733-3186-3f9e-a8ee-c8e21c34f177', 292, 1568);
insert into Transaction (DTYPE, id, amount, balance, checkNo, date, description, externalId, initialBalance, memo, ref, status, type, uuid, account_id, transfer_id) values('InternalTransaction', 1570, -790.91, 1447.04, '', '2010-03-02', 'LOANSERVICING AUTOMATIC', '201003020', false, 'PPD ID: 1231694840', '', 1, 1, 'ad8d6037-b6d7-3ce7-860e-862bf95c366a', 229, null);
insert into Split (id, amount, uuid, envelope_id, transaction_id) values(1571, -790.91, '38f8ab7e-e169-30ef-9c63-b5b823ad697d', 231, 1570);
insert into Transaction (DTYPE, id, amount, balance, checkNo, date, description, externalId, initialBalance, memo, ref, status, type, uuid, account_id, transfer_id) values('InternalTransaction', 1572, -31.00, 2265.94, '', '2009-11-03', 'HSBC CARD SRVCS Online Pmt 0000', '200911033', false, '00502038685 WEB ID: 2000000510', '', 2, 1, 'd3d778e3-d847-38e8-9041-6740db2e1541', 229, null);
insert into Split (id, amount, uuid, envelope_id, transaction_id) values(1573, -31.00, 'a5136e91-50e8-3023-931d-a69835bf34ce', 242, 1572);
insert into Transaction (DTYPE, id, amount, balance, checkNo, date, description, externalId, initialBalance, memo, ref, status, type, uuid, account_id, transfer_id) values('InternalTransaction', 1574, 21.38, 21.38, '', '2010-03-11', 'Transfer from Unassigned', 'null', false, '', '', 2, 0, '5dedfc1d-4d84-3f60-87b9-7c0df63b06b4', 228, 660);
insert into Split (id, amount, uuid, envelope_id, transaction_id) values(1575, 21.38, '80f7aa8a-b19d-3dd9-8b75-314a2a32a6f8', 292, 1574);
insert into Transaction (DTYPE, id, amount, balance, checkNo, date, description, externalId, initialBalance, memo, ref, status, type, uuid, account_id, transfer_id) values('InternalTransaction', 1576, -17.27, 2907.73, '', '2009-12-03', 'WALGREEN COMPANY 2000 S 401706', '200912033', false, '12/02WALGREEN', '', 2, 1, '6e5f6b9f-a25b-347a-90ff-0ac04b41ab89', 229, null);
insert into Split (id, amount, uuid, envelope_id, transaction_id) values(1577, -17.27, 'c3493233-0f17-31fe-8695-ff39b95ac57b', 277, 1576);
insert into Transaction (DTYPE, id, amount, balance, checkNo, date, description, externalId, initialBalance, memo, ref, status, type, uuid, account_id, transfer_id) values('InternalTransaction', 1578, -42.56, 2473.88, '', '2010-01-08', 'WHOLE FOODS MARK 10810 P611430', '201001082', false, '01/07WHOLE FOO', '', 2, 1, '2ab39ee4-d09e-31b7-b53d-3de240242616', 229, null);
insert into Split (id, amount, uuid, envelope_id, transaction_id) values(1579, -42.56, '47e228dd-af2a-3b6d-9242-671de3a6eb34', 238, 1578);
insert into Transaction (DTYPE, id, amount, balance, checkNo, date, description, externalId, initialBalance, memo, ref, status, type, uuid, account_id, transfer_id) values('InternalTransaction', 1580, 37.41, 18691.21, '', '2010-02-16', 'Transfer from Available', 'null', false, '', '', 0, 0, '40ca212e-1750-3b5b-9a8b-b8bb9dc4a1a8', 229, 1812);
insert into Split (id, amount, uuid, envelope_id, transaction_id) values(1581, 37.41, 'ecf36380-50b3-3957-b4a4-15d8f043adb1', 241, 1580);
insert into Transaction (DTYPE, id, amount, balance, checkNo, date, description, externalId, initialBalance, memo, ref, status, type, uuid, account_id, transfer_id) values('InternalTransaction', 1582, -11.07, 2253.92, '', '2010-03-01', 'PETCO ANIMAL SUPPLIES PH409408', '201003013', false, '02/28PETCO ANI', '', 1, 1, '3ff4e25b-71cd-32a7-8c8b-008823492005', 229, null);
insert into Split (id, amount, uuid, envelope_id, transaction_id) values(1583, -11.07, '769df2bd-1bf2-3a58-8c13-efd5c1218bc4', 244, 1582);
insert into Transaction (DTYPE, id, amount, balance, checkNo, date, description, externalId, initialBalance, memo, ref, status, type, uuid, account_id, transfer_id) values('InternalTransaction', 1584, -308.00, 1126.05, '251', '2009-11-09', 'Lofts @ Arcadia', '200911091', false, '', '', 2, 1, '44528069-4d54-39a1-bcf4-5de421758ed0', 229, null);
insert into Split (id, amount, uuid, envelope_id, transaction_id) values(1585, -308.00, 'e52ae65b-4a66-3e98-af90-330994f48762', 258, 1584);
insert into Transaction (DTYPE, id, amount, balance, checkNo, date, description, externalId, initialBalance, memo, ref, status, type, uuid, account_id, transfer_id) values('InternalTransaction', 1586, -128.86, 1303.76, '', '2010-04-22', 'COX*PHOENIX COMM SER 602', '201004224', false, '04/21COX*PHOEN', '', 1, 1, '3edd71d2-6082-3e8f-a84a-172766984e70', 229, null);
insert into Split (id, amount, uuid, envelope_id, transaction_id) values(1587, -128.86, '5e65647f-4458-34ed-97db-54ee5bcb576a', 268, 1586);
insert into Transaction (DTYPE, id, amount, balance, checkNo, date, description, externalId, initialBalance, memo, ref, status, type, uuid, account_id, transfer_id) values('InternalTransaction', 1588, -3.58, 3477.39, '', '2009-12-14', 'SPROUTS FARMERS MKT #7 P287259', '2009121427', false, '12/11SPROUTS F', '', 2, 1, 'd3622634-cac3-35a3-b9eb-43b99039157f', 229, null);
insert into Split (id, amount, uuid, envelope_id, transaction_id) values(1589, -3.58, '2025a0a2-24fe-3385-910a-91ab1318265c', 238, 1588);
insert into Transaction (DTYPE, id, amount, balance, checkNo, date, description, externalId, initialBalance, memo, ref, status, type, uuid, account_id, transfer_id) values('InternalTransaction', 1590, -306.49, 17484.55, '', '2010-02-16', 'Transfer to Auto Fuel', 'null', false, '', '', 0, 1, '07632b9c-89c5-3d64-9aa5-4f0eb3a4903c', 229, 590);
insert into Split (id, amount, uuid, envelope_id, transaction_id) values(1591, -306.49, '6f8f9647-93a8-30e3-bdc0-474005abc0d1', 292, 1590);
insert into Transaction (DTYPE, id, amount, balance, checkNo, date, description, externalId, initialBalance, memo, ref, status, type, uuid, account_id, transfer_id) values('InternalTransaction', 1592, -8.95, 0.00, '', '2010-03-12', 'Transfer to Eating Out', 'null', false, '', '', 2, 1, '9a061e3d-ecc0-3010-a2d7-ba389f52dceb', 228, 718);
insert into Split (id, amount, uuid, envelope_id, transaction_id) values(1593, -8.95, '8177c91b-a2fb-3f28-ad54-2c677131e689', 252, 1592);
insert into Transaction (DTYPE, id, amount, balance, checkNo, date, description, externalId, initialBalance, memo, ref, status, type, uuid, account_id, transfer_id) values('InternalTransaction', 1594, -15.79, 5693.09, '', '2009-12-11', 'BOSTON MARKET #272 PHOEN', '2009121110', false, '12/10BOSTON MA', '', 2, 1, '8ccdf983-fb88-3085-a13b-07f22c22dfc4', 229, null);
insert into Split (id, amount, uuid, envelope_id, transaction_id) values(1595, -15.79, '63f074e0-2b9a-3d6a-92fd-ca860ab6596f', 295, 1594);
insert into Transaction (DTYPE, id, amount, balance, checkNo, date, description, externalId, initialBalance, memo, ref, status, type, uuid, account_id, transfer_id) values('InternalTransaction', 1596, -0.00, 3904.90, '', '2010-02-19', 'Transfer to Massage Envy', 'null', false, '', '', 2, 1, '012c5d80-b05a-3625-a43f-54aab011c335', 229, 1696);
insert into Split (id, amount, uuid, envelope_id, transaction_id) values(1597, -0.00, '89811037-bbc4-3de0-84b6-b538e7cca6a7', 292, 1596);
insert into Transaction (DTYPE, id, amount, balance, checkNo, date, description, externalId, initialBalance, memo, ref, status, type, uuid, account_id, transfer_id) values('InternalTransaction', 1598, -5.77, 6313.96, '', '2010-03-19', 'Transfer to Auto Registration', 'null', false, '', '', 2, 1, '73deb1cc-11c8-3ed3-9fd1-98a73373d4da', 229, 2821);
insert into Split (id, amount, uuid, envelope_id, transaction_id) values(1599, -5.77, '5e446516-b507-391f-80c9-ad36013d7fc8', 292, 1598);
insert into Transaction (DTYPE, id, amount, balance, checkNo, date, description, externalId, initialBalance, memo, ref, status, type, uuid, account_id, transfer_id) values('InternalTransaction', 1600, 65.00, 3914.13, '', '2010-04-16', 'Transfer from Available', 'null', false, '', '', 2, 0, '88945b85-2be6-352e-976c-8bc0c9276866', 229, 1278);
insert into Split (id, amount, uuid, envelope_id, transaction_id) values(1601, 65.00, 'bd08d6d6-fb59-381f-9ab4-09e5435d1ff6', 268, 1600);
insert into Transaction (DTYPE, id, amount, balance, checkNo, date, description, externalId, initialBalance, memo, ref, status, type, uuid, account_id, transfer_id) values('InternalTransaction', 1602, 0.13, 1563.46, '', '2010-04-20', 'TD AMERITRADE ACH MICRO', '201004201', false, 'PPD ID: 4470533629', '', 1, 0, 'ab6510b5-e3f5-30a1-8c89-ade9b4595872', 229, null);
insert into Split (id, amount, uuid, envelope_id, transaction_id) values(1603, 0.13, 'ebb89e10-2544-37e2-9480-9f82aa021adf', 252, 1602);
insert into Transaction (DTYPE, id, amount, balance, checkNo, date, description, externalId, initialBalance, memo, ref, status, type, uuid, account_id, transfer_id) values('InternalTransaction', 1604, -9.98, 1154.48, '', '2010-04-12', 'EASYNEWS.COM 866-396-397', '201004124', false, '04/11EASYNEWS.', '', 1, 1, '66022c46-496b-37fa-ae10-705644fd6cf7', 229, null);
insert into Split (id, amount, uuid, envelope_id, transaction_id) values(1605, -9.98, '879091f9-8fb1-36e3-86da-4f4b95dff955', 254, 1604);
insert into Transaction (DTYPE, id, amount, balance, checkNo, date, description, externalId, initialBalance, memo, ref, status, type, uuid, account_id, transfer_id) values('InternalTransaction', 1606, -790.91, 3221.32, '', '2009-12-02', 'LOANSERVICING AUTOMATIC', '200912020', false, 'PPD ID: 1231694840', '', 2, 1, 'be90bad7-2261-3455-aae1-794c4d5769f8', 229, null);
insert into Split (id, amount, uuid, envelope_id, transaction_id) values(1607, -790.91, '29f0e30f-5d8a-39d9-9779-39066a155922', 231, 1606);
insert into Transaction (DTYPE, id, amount, balance, checkNo, date, description, externalId, initialBalance, memo, ref, status, type, uuid, account_id, transfer_id) values('InternalTransaction', 1608, -10.27, 0.00, '', '2010-03-20', 'Transfer to Eating Out', 'null', false, '', '', 2, 1, '087b04d6-0acd-3cff-a390-e2ebf63358e6', 228, 330);
insert into Split (id, amount, uuid, envelope_id, transaction_id) values(1609, -10.27, 'aedd246a-47a0-35fc-98b6-a098c51ac507', 292, 1608);
insert into Transaction (DTYPE, id, amount, balance, checkNo, date, description, externalId, initialBalance, memo, ref, status, type, uuid, account_id, transfer_id) values('InternalTransaction', 1610, -20.41, 1383.75, '', '2010-03-15', 'SPROUTS FARMERS MKT #7 P779389', '201003157', false, '03/13SPROUTS F', '', 1, 1, '9559c653-6f8a-3697-82c4-591902186814', 229, null);
insert into Split (id, amount, uuid, envelope_id, transaction_id) values(1611, -20.41, 'ef7146d4-7c6b-325c-9c91-0bcc1b45d9a4', 238, 1610);
insert into Transaction (DTYPE, id, amount, balance, checkNo, date, description, externalId, initialBalance, memo, ref, status, type, uuid, account_id, transfer_id) values('InternalTransaction', 1612, -40.32, 1476.83, '', '2010-04-06', 'SHELL Service Station TE089186', '201004060', false, '04/05SHELL Ser', '', 1, 1, '001b32ef-8744-3aa7-b774-0fad39395d67', 229, null);
insert into Split (id, amount, uuid, envelope_id, transaction_id) values(1613, -40.32, '9172f4b0-2341-3189-aa5a-798028656ffb', 253, 1612);
insert into Transaction (DTYPE, id, amount, balance, checkNo, date, description, externalId, initialBalance, memo, ref, status, type, uuid, account_id, transfer_id) values('InternalTransaction', 1614, 1497.31, 5483.36, '', '2010-02-16', 'Transfer from Available', 'null', false, '', '', 0, 0, '5f1f2705-07b3-371b-832a-01d5c083343d', 229, 2953);
insert into Split (id, amount, uuid, envelope_id, transaction_id) values(1615, 1497.31, '875f65af-83cb-35ad-bc0e-734de846453c', 251, 1614);
insert into Transaction (DTYPE, id, amount, balance, checkNo, date, description, externalId, initialBalance, memo, ref, status, type, uuid, account_id, transfer_id) values('InternalTransaction', 1616, -200.00, 4358.85, '', '2010-03-05', 'Transfer to Spending', 'null', false, '', '', 2, 1, 'd5fbcc29-3e50-366b-9aa7-a06a9dcf6021', 229, 1468);
insert into Split (id, amount, uuid, envelope_id, transaction_id) values(1617, -200.00, '05bcdf99-beb8-3784-937d-d6e1998018b4', 292, 1616);
insert into Transaction (DTYPE, id, amount, balance, checkNo, date, description, externalId, initialBalance, memo, ref, status, type, uuid, account_id, transfer_id) values('InternalTransaction', 1618, -34.23, 2739.82, '', '2009-12-28', '7-ELEVEN PHOENIX AZ 361209', '200912285', false, '12/277-ELEVEN', '', 2, 1, 'cab78237-5166-3101-9d9d-e64ba704ab7b', 229, null);
insert into Split (id, amount, uuid, envelope_id, transaction_id) values(1619, -34.23, '8805c844-d04e-3c61-a503-c68ac903e341', 252, 1618);
insert into Transaction (DTYPE, id, amount, balance, checkNo, date, description, externalId, initialBalance, memo, ref, status, type, uuid, account_id, transfer_id) values('InternalTransaction', 1620, 48.90, 48.90, '', '2010-03-03', 'Transfer from Unassigned', 'null', false, '', '', 2, 0, 'a3c73bf4-d1ab-3a69-bc85-c83c5be5e0a0', 228, 2450);
insert into Split (id, amount, uuid, envelope_id, transaction_id) values(1621, 48.90, '05a897b2-5b97-3e91-8269-09f57d7c5c19', 247, 1620);
insert into Transaction (DTYPE, id, amount, balance, checkNo, date, description, externalId, initialBalance, memo, ref, status, type, uuid, account_id, transfer_id) values('InternalTransaction', 1622, -160.00, 0.00, '', '2010-03-09', 'Transfer to Available', 'null', false, '', '', 2, 1, 'c17a4f38-bc02-37dc-a1f3-9721c62d9ce4', 228, 1974);
insert into Split (id, amount, uuid, envelope_id, transaction_id) values(1623, -160.00, '3aba5b9e-c46e-3598-8bb0-ed892ef72c1e', 251, 1622);
insert into Transaction (DTYPE, id, amount, balance, checkNo, date, description, externalId, initialBalance, memo, ref, status, type, uuid, account_id, transfer_id) values('InternalTransaction', 1624, -175.00, 2185.37, '', '2010-04-02', 'Transfer to Taxes', 'null', false, '', '', 2, 1, 'b6022428-5d7c-33c4-9399-82282ef36638', 229, 644);
insert into Split (id, amount, uuid, envelope_id, transaction_id) values(1625, -175.00, '99eceafc-83db-30ea-a417-840656cbe61b', 292, 1624);
insert into Transaction (DTYPE, id, amount, balance, checkNo, date, description, externalId, initialBalance, memo, ref, status, type, uuid, account_id, transfer_id) values('InternalTransaction', 1626, -21.02, 1227.16, '', '2010-02-15', 'FRYS FOOD & DRUG 1815 G', '201002163', false, '', '', 2, 1, '633f21e3-9915-3a78-9e92-16b51bcdc87d', 229, null);
insert into Split (id, amount, uuid, envelope_id, transaction_id) values(1627, -21.02, '21d7b962-c165-349a-bd19-cc7edfca7c4d', 238, 1626);
insert into Transaction (DTYPE, id, amount, balance, checkNo, date, description, externalId, initialBalance, memo, ref, status, type, uuid, account_id, transfer_id) values('InternalTransaction', 1628, -49.90, 2471.58, '', '2009-12-29', 'AMERUSA SERVICES 727-467', '200912291', false, '12/27AMERUSA S', '', 2, 1, '7b4b33a4-836c-35b3-a3b0-8cbb65e02e8c', 229, null);
insert into Split (id, amount, uuid, envelope_id, transaction_id) values(1629, -49.90, 'c8d2bb5f-4927-3bb9-a947-63b2cf46d7b8', 252, 1628);
insert into Transaction (DTYPE, id, amount, balance, checkNo, date, description, externalId, initialBalance, memo, ref, status, type, uuid, account_id, transfer_id) values('InternalTransaction', 1630, 0.00, 3496.58, '', '2010-04-02', 'Transfer from Available', 'null', false, '', '', 2, 1, 'd9c96aab-12da-3179-9880-b409102bc121', 229, 2194);
insert into Split (id, amount, uuid, envelope_id, transaction_id) values(1631, 0.00, '7ebd542d-38da-37a9-80d9-624c1875bc38', 231, 1630);
insert into Transaction (DTYPE, id, amount, balance, checkNo, date, description, externalId, initialBalance, memo, ref, status, type, uuid, account_id, transfer_id) values('InternalTransaction', 1632, 20.41, 1358.33, '', '2010-02-16', 'Transfer from Available', 'null', false, '', '', 0, 0, 'de29b486-1d9a-33eb-a898-c4a275199e4e', 229, 758);
insert into Split (id, amount, uuid, envelope_id, transaction_id) values(1633, 20.41, 'e66d647a-bab0-37c7-ab27-56cb12727ea2', 252, 1632);
insert into Transaction (DTYPE, id, amount, balance, checkNo, date, description, externalId, initialBalance, memo, ref, status, type, uuid, account_id, transfer_id) values('InternalTransaction', 1634, 395.45, 5087.45, '', '2010-02-19', 'Transfer from Available', 'null', false, '', '', 2, 0, '02ca5b23-5aad-3d1e-8641-cc19279ac2c1', 229, 748);
insert into Split (id, amount, uuid, envelope_id, transaction_id) values(1635, 395.45, 'f95cef39-9048-3cf6-9c28-bee959aefcbd', 231, 1634);
insert into Transaction (DTYPE, id, amount, balance, checkNo, date, description, externalId, initialBalance, memo, ref, status, type, uuid, account_id, transfer_id) values('InternalTransaction', 1636, -894.79, 1874.35, '', '2010-02-09', 'HSBC CARD SRVCS Online Pmt 0000', '201002090', false, '00532787028 WEB ID: 2000000510', '', 2, 1, '036527d8-43cf-3c5b-b797-c648843a6161', 229, null);
insert into Split (id, amount, uuid, envelope_id, transaction_id) values(1637, -894.79, '1948d6dd-19bf-3021-85e1-7c900d0ab9c9', 242, 1636);
insert into Transaction (DTYPE, id, amount, balance, checkNo, date, description, externalId, initialBalance, memo, ref, status, type, uuid, account_id, transfer_id) values('InternalTransaction', 1638, 31.68, 31.68, '', '2010-03-16', 'Transfer from Spending', 'null', false, '', '', 2, 0, '10307923-252a-3445-a7f6-2d1a7686d3c6', 228, 1682);
insert into Split (id, amount, uuid, envelope_id, transaction_id) values(1639, 31.68, 'f418d7f0-8588-3972-9263-f5066d48708d', 256, 1638);
insert into Transaction (DTYPE, id, amount, balance, checkNo, date, description, externalId, initialBalance, memo, ref, status, type, uuid, account_id, transfer_id) values('InternalTransaction', 1640, -80.00, 2902.33, '265', '2010-02-08', 'Annette Trijillo', '201002085', false, '', '', 2, 1, 'b1c485c2-3535-3ace-8cae-095b423933de', 229, null);
insert into Split (id, amount, uuid, envelope_id, transaction_id) values(1641, -80.00, '3019f321-35e6-380d-b86b-46d5fe686cef', 261, 1640);
insert into Transaction (DTYPE, id, amount, balance, checkNo, date, description, externalId, initialBalance, memo, ref, status, type, uuid, account_id, transfer_id) values('InternalTransaction', 1642, -5.40, 4394.03, '', '2009-11-30', 'TACO BELL #18300183459 P', '2009113016', false, '11/28TACO BELL', '', 2, 1, '0a887d9e-5317-38be-ab0f-57fc912f9e17', 229, null);
insert into Split (id, amount, uuid, envelope_id, transaction_id) values(1643, -5.40, '456adc10-1b9e-37e2-8e23-9a508ceabdc1', 246, 1642);
insert into Transaction (DTYPE, id, amount, balance, checkNo, date, description, externalId, initialBalance, memo, ref, status, type, uuid, account_id, transfer_id) values('InternalTransaction', 1644, -249.99, 3411.84, '', '2010-02-08', 'PAYPAL ECHECK 4E82', '201002081', false, '243V8J9GS WEB ID: PAYPALEC77', '', 2, 1, '22264857-0de5-3ee4-a389-a63a70ff6f3e', 229, null);
insert into Split (id, amount, uuid, envelope_id, transaction_id) values(1645, -249.99, 'ca272962-bde8-3e6a-9816-2db853bdffe2', 252, 1644);
insert into Transaction (DTYPE, id, amount, balance, checkNo, date, description, externalId, initialBalance, memo, ref, status, type, uuid, account_id, transfer_id) values('InternalTransaction', 1646, -8.03, 975.96, '', '2010-03-03', 'Transfer to Groceries', 'null', false, '', '', 2, 1, '9993f475-fab0-3db4-8c71-9ab8076dc9ed', 229, 820);
insert into Split (id, amount, uuid, envelope_id, transaction_id) values(1647, -8.03, '3fe25c69-e5e2-3e9b-964a-c22b83d7f7f4', 292, 1646);
insert into Transaction (DTYPE, id, amount, balance, checkNo, date, description, externalId, initialBalance, memo, ref, status, type, uuid, account_id, transfer_id) values('InternalTransaction', 1648, -20.00, 3272.48, '', '2009-11-23', 'QT 425 PHOENIX AZ 814196', '200911236', false, '11/22QT 425 PH', '', 2, 1, 'e9f68b7c-4fe3-35e2-8fd4-763ec7d23234', 229, null);
insert into Split (id, amount, uuid, envelope_id, transaction_id) values(1649, -20.00, '1537cd97-fc81-3673-9375-2bd4e8826fac', 252, 1648);
insert into Transaction (DTYPE, id, amount, balance, checkNo, date, description, externalId, initialBalance, memo, ref, status, type, uuid, account_id, transfer_id) values('InternalTransaction', 1650, -16.79, 1375.30, '', '2009-12-21', 'PEI WEI #0023 Q02 P', '200912213', false, '12/19PEI WEI #', '', 2, 1, 'bd22bee0-391a-3512-8b77-6f1868d40331', 229, null);
insert into Split (id, amount, uuid, envelope_id, transaction_id) values(1651, -16.79, '8c7618fa-3e4f-38a3-96d5-40df4776e7e7', 295, 1650);
insert into Transaction (DTYPE, id, amount, balance, checkNo, date, description, externalId, initialBalance, memo, ref, status, type, uuid, account_id, transfer_id) values('InternalTransaction', 1652, -664.67, 13459.71, '', '2010-02-16', 'Transfer to Furniture', 'null', false, '', '', 0, 1, '65da10eb-6d35-3240-a030-3438e7765b62', 229, 1462);
insert into Split (id, amount, uuid, envelope_id, transaction_id) values(1653, -664.67, '23098b78-b3cd-3b26-bdf4-4a39be303502', 292, 1652);
insert into Transaction (DTYPE, id, amount, balance, checkNo, date, description, externalId, initialBalance, memo, ref, status, type, uuid, account_id, transfer_id) values('InternalTransaction', 1654, 38.21, 38.21, '', '2010-04-06', 'Transfer from Unassigned', 'null', false, '', '', 2, 0, 'ba3feb07-f2de-3a45-ba02-ad164f9a1412', 228, 882);
insert into Split (id, amount, uuid, envelope_id, transaction_id) values(1655, 38.21, 'e0a2877c-5d51-310c-9543-e4c3dbca6a9c', 292, 1654);
insert into Transaction (DTYPE, id, amount, balance, checkNo, date, description, externalId, initialBalance, memo, ref, status, type, uuid, account_id, transfer_id) values('InternalTransaction', 1656, 6.44, 6.44, '', '2010-03-17', 'Transfer from Available', 'null', false, '', '', 2, 0, 'dc8b1f28-5839-3acd-a79a-992d8101e7a9', 228, 1764);
insert into Split (id, amount, uuid, envelope_id, transaction_id) values(1657, 6.44, 'f64d86db-d8db-3ab3-adba-61b967f9ca5f', 252, 1656);
insert into Transaction (DTYPE, id, amount, balance, checkNo, date, description, externalId, initialBalance, memo, ref, status, type, uuid, account_id, transfer_id) values('InternalTransaction', 1658, 210.00, 19072.88, '', '2010-02-16', 'Transfer from Available', 'null', false, '', '', 0, 0, '91c63561-cf23-3780-a6c6-df97eaa25424', 229, 1340);
insert into Split (id, amount, uuid, envelope_id, transaction_id) values(1659, 210.00, 'e3271fb7-20b7-32da-89ff-b163ab83ca9b', 260, 1658);
insert into Transaction (DTYPE, id, amount, balance, checkNo, date, description, externalId, initialBalance, memo, ref, status, type, uuid, account_id, transfer_id) values('InternalTransaction', 1660, -25.00, 2687.78, '', '2009-12-28', 'LDW GROUP 8006017097 MA', '200912287', false, '12/25LDW GROUP', '', 2, 1, '8497594e-9d91-33b5-a0d7-ed57cd386ecf', 229, null);
insert into Split (id, amount, uuid, envelope_id, transaction_id) values(1661, -25.00, '55ed707f-8613-3a1e-8658-f7a022e1f154', 247, 1660);
insert into Transaction (DTYPE, id, amount, balance, checkNo, date, description, externalId, initialBalance, memo, ref, status, type, uuid, account_id, transfer_id) values('InternalTransaction', 1662, 120.00, 1255.04, '', '2010-02-16', 'Transfer from Available', 'null', false, '', '', 0, 0, 'c9b70c9d-c884-378a-a138-aec6f9913b5d', 229, 996);
insert into Split (id, amount, uuid, envelope_id, transaction_id) values(1663, 120.00, 'fa0d0edf-c637-3eab-9e49-78369cba0ceb', 253, 1662);
insert into Transaction (DTYPE, id, amount, balance, checkNo, date, description, externalId, initialBalance, memo, ref, status, type, uuid, account_id, transfer_id) values('InternalTransaction', 1664, 21.82, 21.82, '', '2010-03-16', 'Transfer from Spending', 'null', false, '', '', 2, 0, 'd9304c20-5e57-3e26-b082-40aee0f0a9a1', 228, 560);
insert into Split (id, amount, uuid, envelope_id, transaction_id) values(1665, 21.82, 'c8cf5527-e365-39e0-944d-c95bf995ccab', 295, 1664);
insert into Transaction (DTYPE, id, amount, balance, checkNo, date, description, externalId, initialBalance, memo, ref, status, type, uuid, account_id, transfer_id) values('InternalTransaction', 1666, -29.30, 1355.46, '', '2009-10-27', 'IHOP #1507 PHOENIX AZ', '200910271', false, '10/25IHOP #150', '', 2, 1, 'ed00e3f2-d548-3d07-810b-33a08d31b084', 229, null);
insert into Split (id, amount, uuid, envelope_id, transaction_id) values(1667, -29.30, '0e09a4c2-0829-3695-9ba3-5533ea3b395f', 295, 1666);
insert into Transaction (DTYPE, id, amount, balance, checkNo, date, description, externalId, initialBalance, memo, ref, status, type, uuid, account_id, transfer_id) values('InternalTransaction', 1668, -269.17, 4707.38, '', '2010-03-20', 'THE DUMP', '201003225', false, '', '', 1, 1, 'fc10c689-aded-3fdb-aeab-161db24d15d5', 229, null);
insert into Split (id, amount, uuid, envelope_id, transaction_id) values(1669, -269.17, '8bb9fa08-fc17-386f-b3f0-18f3217e2d7a', 248, 1668);
insert into Transaction (DTYPE, id, amount, balance, checkNo, date, description, externalId, initialBalance, memo, ref, status, type, uuid, account_id, transfer_id) values('InternalTransaction', 1670, -168.40, 952.64, '', '2010-03-02', 'STATE FARM RO 27 SFPP', '201003022', false, 'PPD ID: 9000307001', '', 1, 1, 'b75a258d-87f7-35b3-a785-74462050a403', 229, null);
insert into Split (id, amount, uuid, envelope_id, transaction_id) values(1671, -168.40, '52cc6f07-c64e-3d60-b807-7f7ddbadb524', 290, 1670);
insert into Transaction (DTYPE, id, amount, balance, checkNo, date, description, externalId, initialBalance, memo, ref, status, type, uuid, account_id, transfer_id) values('InternalTransaction', 1672, -6.60, 3232.64, '', '2009-11-24', 'SUBWAY 10923 Q16 P', '200911240', false, '11/21SUBWAY 10', '', 2, 1, '72842df9-4865-3958-bbbb-9c405e9c9c57', 229, null);
insert into Split (id, amount, uuid, envelope_id, transaction_id) values(1673, -6.60, '47b1e702-70fb-3bc2-b9fb-c8076e0c7f5e', 246, 1672);
insert into Transaction (DTYPE, id, amount, balance, checkNo, date, description, externalId, initialBalance, memo, ref, status, type, uuid, account_id, transfer_id) values('InternalTransaction', 1674, -103.40, 1172.95, '', '2010-02-16', 'Transfer to Groceries', 'null', false, '', '', 0, 1, '862b7f97-698e-3a8f-9be6-b7c454eb6e6b', 229, 1892);
insert into Split (id, amount, uuid, envelope_id, transaction_id) values(1675, -103.40, '71e6455a-6962-37e6-baae-cd582c93eeb2', 292, 1674);
insert into Transaction (DTYPE, id, amount, balance, checkNo, date, description, externalId, initialBalance, memo, ref, status, type, uuid, account_id, transfer_id) values('InternalTransaction', 1676, -20.00, 0.00, '', '2010-03-12', 'Transfer to Lotto', 'null', false, '', '', 2, 1, 'ad65d08b-00b3-349e-af8d-49b0936bbfcb', 228, 2024);
insert into Split (id, amount, uuid, envelope_id, transaction_id) values(1677, -20.00, '0633c3a8-5b72-33d2-8e9f-fa4afda32029', 292, 1676);
insert into Transaction (DTYPE, id, amount, balance, checkNo, date, description, externalId, initialBalance, memo, ref, status, type, uuid, account_id, transfer_id) values('InternalTransaction', 1678, 128.24, 5206.92, '', '2010-03-19', 'Transfer from Available', 'null', false, '', '', 2, 0, '0e079e12-10b8-3195-82ce-6447d325c319', 229, 2290);
insert into Split (id, amount, uuid, envelope_id, transaction_id) values(1679, 128.24, '2492134d-596d-3c89-a1bb-e0ebbd99a862', 292, 1678);
insert into Transaction (DTYPE, id, amount, balance, checkNo, date, description, externalId, initialBalance, memo, ref, status, type, uuid, account_id, transfer_id) values('InternalTransaction', 1680, -3.98, 1312.85, '', '2010-04-07', 'BURGER KING #15588 TEMPE', '201004071', false, '04/05BURGER KI', '', 1, 1, '2f26dc3c-fd2f-3ab5-a5a8-95fc9941a985', 229, null);
insert into Split (id, amount, uuid, envelope_id, transaction_id) values(1681, -3.98, 'f2343d32-76c4-3d1e-a654-68a4163d94ba', 246, 1680);
insert into Transaction (DTYPE, id, amount, balance, checkNo, date, description, externalId, initialBalance, memo, ref, status, type, uuid, account_id, transfer_id) values('InternalTransaction', 1682, -31.68, 0.00, '', '2010-03-16', 'Transfer to Massage', 'null', false, '', '', 2, 1, '4c2783cc-166f-3ebe-911a-873d807e0853', 228, 1638);
insert into Split (id, amount, uuid, envelope_id, transaction_id) values(1683, -31.68, '9fa876fa-b2a0-37ab-bfa8-50763dae2c7f', 252, 1682);
insert into Transaction (DTYPE, id, amount, balance, checkNo, date, description, externalId, initialBalance, memo, ref, status, type, uuid, account_id, transfer_id) values('InternalTransaction', 1684, -21.38, 1792.44, '', '2010-03-11', 'Transfer to Unassigned', 'null', false, '', '', 2, 1, 'd2c2478f-659a-3d1d-8844-6b68ad2ab7bd', 229, 1954);
insert into Split (id, amount, uuid, envelope_id, transaction_id) values(1685, -21.38, 'eab28c2e-131d-3758-9918-db5d4c441360', 292, 1684);
insert into Transaction (DTYPE, id, amount, balance, checkNo, date, description, externalId, initialBalance, memo, ref, status, type, uuid, account_id, transfer_id) values('InternalTransaction', 1686, 3.22, 1204.99, '', '2010-03-17', 'Transfer from Available', 'null', false, '', '', 2, 0, '9c6ee120-aca8-3dc6-ad96-72d4d4419ee0', 229, 1516);
insert into Split (id, amount, uuid, envelope_id, transaction_id) values(1687, 3.22, '71c62653-0e7d-3449-ae7c-d1cb48e63f13', 252, 1686);
insert into Transaction (DTYPE, id, amount, balance, checkNo, date, description, externalId, initialBalance, memo, ref, status, type, uuid, account_id, transfer_id) values('InternalTransaction', 1688, -0.32, 0.00, '', '2010-04-07', 'Transfer to Available', 'null', false, '', '', 2, 1, '518bca52-bec3-3b13-a753-843f7d22e6cc', 228, 2931);
insert into Split (id, amount, uuid, envelope_id, transaction_id) values(1689, -0.32, 'e8075cf7-bfc0-3c1c-8c9e-b05bcb421754', 252, 1688);
insert into Transaction (DTYPE, id, amount, balance, checkNo, date, description, externalId, initialBalance, memo, ref, status, type, uuid, account_id, transfer_id) values('InternalTransaction', 1690, -10.80, 1335.52, '', '2010-01-19', 'QDOBA 428 11404282 P', '201001196', false, '01/16QDOBA 428', '', 2, 1, '6fbe72e3-b28b-3c2b-914c-025766e12bae', 229, null);
insert into Split (id, amount, uuid, envelope_id, transaction_id) values(1691, -10.80, '2e820a57-f4f0-3b04-b8f5-554704c98e2c', 295, 1690);
insert into Transaction (DTYPE, id, amount, balance, checkNo, date, description, externalId, initialBalance, memo, ref, status, type, uuid, account_id, transfer_id) values('InternalTransaction', 1692, -14.99, 0.00, '', '2010-04-13', 'Transfer to Available', 'null', false, '', '', 2, 1, '33c1564c-e8c7-370f-9d9b-542af45da842', 228, 460);
insert into Split (id, amount, uuid, envelope_id, transaction_id) values(1693, -14.99, '8af3fa84-dc22-34de-af75-f63c706c4104', 252, 1692);
insert into Transaction (DTYPE, id, amount, balance, checkNo, date, description, externalId, initialBalance, memo, ref, status, type, uuid, account_id, transfer_id) values('InternalTransaction', 1694, -462.58, 1135.04, '', '2010-02-16', 'Transfer to Verizon Wireless', 'null', false, '', '', 0, 1, 'b5da0ab0-6e18-3195-8c00-b4fefb00fcc2', 229, 510);
insert into Split (id, amount, uuid, envelope_id, transaction_id) values(1695, -462.58, '7339b8ac-2e36-3e94-ae0c-f65e101687c0', 292, 1694);
insert into Transaction (DTYPE, id, amount, balance, checkNo, date, description, externalId, initialBalance, memo, ref, status, type, uuid, account_id, transfer_id) values('InternalTransaction', 1696, 0.00, 3127.59, '', '2010-02-19', 'Transfer from Available', 'null', false, '', '', 2, 1, 'e40490a1-6a0d-3251-b4be-636c06808882', 229, 1596);
insert into Split (id, amount, uuid, envelope_id, transaction_id) values(1697, 0.00, '4bc46805-87b3-37e4-8d92-9378758f3d2c', 279, 1696);
insert into Transaction (DTYPE, id, amount, balance, checkNo, date, description, externalId, initialBalance, memo, ref, status, type, uuid, account_id, transfer_id) values('InternalTransaction', 1698, -345.10, 4759.14, '', '2010-02-19', 'Transfer to Credit Cards', 'null', false, '', '', 2, 1, 'ef2b261f-03cf-3cb6-b928-53e73e152618', 229, 578);
insert into Split (id, amount, uuid, envelope_id, transaction_id) values(1699, -345.10, '56c1d736-94a7-394f-9bf5-f47db6228685', 292, 1698);
insert into Transaction (DTYPE, id, amount, balance, checkNo, date, description, externalId, initialBalance, memo, ref, status, type, uuid, account_id, transfer_id) values('InternalTransaction', 1700, -20.00, 2498.77, '274', '2010-04-19', 'Tiffany Lafferty', '201004197', false, '', '', 1, 1, 'e8fb3130-1818-3630-bd78-b56dc0d93452', 229, null);
insert into Split (id, amount, uuid, envelope_id, transaction_id) values(1701, -20.00, '9bdf43f7-4dd3-30db-9d9c-37fdcfe28418', 256, 1700);
insert into Transaction (DTYPE, id, amount, balance, checkNo, date, description, externalId, initialBalance, memo, ref, status, type, uuid, account_id, transfer_id) values('InternalTransaction', 1702, -68.11, 2640.72, '', '2009-12-14', 'SPINATOS PIZZA #3 PHOENI', '200912147', false, '12/12SPINATOS', '', 2, 1, '04bbfa22-43c9-34be-b89b-73aaf317f26e', 229, null);
insert into Split (id, amount, uuid, envelope_id, transaction_id) values(1703, -68.11, '437f99db-03ca-3ebd-9d6b-8d4da599792a', 295, 1702);
insert into Transaction (DTYPE, id, amount, balance, checkNo, date, description, externalId, initialBalance, memo, ref, status, type, uuid, account_id, transfer_id) values('InternalTransaction', 1704, 4.05, 1209.04, '', '2010-03-17', 'Transfer from Available', 'null', false, '', '', 2, 0, '0bf7a4cf-3f2e-38c0-aee5-1e6fccfb5bb9', 229, 610);
insert into Split (id, amount, uuid, envelope_id, transaction_id) values(1705, 4.05, 'b3ef189e-8d82-3a90-887d-0c0b83e36739', 273, 1704);
insert into Transaction (DTYPE, id, amount, balance, checkNo, date, description, externalId, initialBalance, memo, ref, status, type, uuid, account_id, transfer_id) values('InternalTransaction', 1706, 13.21, 13.21, '', '2010-04-06', 'Transfer from Spending', 'null', false, '', '', 2, 0, 'a34ce1b2-b3d9-3d58-bcea-d0f00f1abde4', 228, 2889);
insert into Split (id, amount, uuid, envelope_id, transaction_id) values(1707, 13.21, 'a10b0254-576a-3399-9085-908d63a38810', 295, 1706);
insert into Transaction (DTYPE, id, amount, balance, checkNo, date, description, externalId, initialBalance, memo, ref, status, type, uuid, account_id, transfer_id) values('InternalTransaction', 1708, -60.00, null, '', '2010-03-19', 'ATM WITHDRAWAL 007465', '201003191', false, '03/191970 WEST', '', 1, 1, '7cd44a8c-2c03-37d2-9c9c-ade6d8a44de4', 229, null);
insert into Split (id, amount, uuid, envelope_id, transaction_id) values(1709, -60.00, 'f315c021-2faf-3fd6-9dbe-a4b4e3f0dd6a', 276, 1708);
insert into Transaction (DTYPE, id, amount, balance, checkNo, date, description, externalId, initialBalance, memo, ref, status, type, uuid, account_id, transfer_id) values('InternalTransaction', 1710, 160.00, 160.00, '', '2010-03-05', 'Transfer from Household', 'null', false, '', '', 2, 0, '1533b369-7975-319b-9ae3-0902c51006eb', 228, 520);
insert into Split (id, amount, uuid, envelope_id, transaction_id) values(1711, 160.00, '7ee31931-73a4-3e0f-b794-3f1b5c2659ad', 251, 1710);
insert into Transaction (DTYPE, id, amount, balance, checkNo, date, description, externalId, initialBalance, memo, ref, status, type, uuid, account_id, transfer_id) values('InternalTransaction', 1712, 163.00, 3301.57, '', '2010-02-19', 'Transfer from Available', 'null', false, '', '', 2, 0, 'b1eda0c2-b96d-3b2e-9b2d-2c2406851623', 229, 2755);
insert into Split (id, amount, uuid, envelope_id, transaction_id) values(1713, 163.00, 'd27b79a8-5cf4-3643-b127-c7c3b0a009d3', 258, 1712);
insert into Transaction (DTYPE, id, amount, balance, checkNo, date, description, externalId, initialBalance, memo, ref, status, type, uuid, account_id, transfer_id) values('InternalTransaction', 1714, -28.26, 4526.87, '', '2009-11-16', 'SYLVIA''S LA CANASTA PHOE', '200911165', false, '11/13SYLVIA''S', '', 2, 1, '5c518b4a-8971-3745-bfc4-50aaea9a13b7', 229, null);
insert into Split (id, amount, uuid, envelope_id, transaction_id) values(1715, -28.26, '74811ecb-0f91-3dbc-bdc5-2c278daf141e', 295, 1714);
insert into Transaction (DTYPE, id, amount, balance, checkNo, date, description, externalId, initialBalance, memo, ref, status, type, uuid, account_id, transfer_id) values('InternalTransaction', 1716, -38.40, 1313.44, '', '2009-12-22', 'CHEVRON 00308643 PHOENIX', '200912221', false, '12/20CHEVRON 0', '', 2, 1, 'b45baf78-77b8-3edc-93d2-636666126c48', 229, null);
insert into Split (id, amount, uuid, envelope_id, transaction_id) values(1717, -38.40, '99e5fa4d-b2b3-3a7f-be5a-91034c2150e8', 253, 1716);
insert into Transaction (DTYPE, id, amount, balance, checkNo, date, description, externalId, initialBalance, memo, ref, status, type, uuid, account_id, transfer_id) values('InternalTransaction', 1718, -27.98, 2625.67, '', '2010-01-11', 'ARROWHEAD WATER 800-950-', '2010011110', false, '01/08ARROWHEAD', '', 2, 1, '6f86f798-5253-37fa-88b3-c703e75c19bd', 229, null);
insert into Split (id, amount, uuid, envelope_id, transaction_id) values(1719, -27.98, 'ced1e1b0-eba6-3048-88ec-3e7420287ebb', 266, 1718);
insert into Transaction (DTYPE, id, amount, balance, checkNo, date, description, externalId, initialBalance, memo, ref, status, type, uuid, account_id, transfer_id) values('InternalTransaction', 1720, 22.00, 22.00, '', '2010-03-09', 'Transfer from Spending', 'null', false, '', '', 2, 0, 'f10af58d-2107-389e-a089-ad913be47df7', 228, 888);
insert into Split (id, amount, uuid, envelope_id, transaction_id) values(1721, 22.00, '116bb9dd-f9b9-3e55-befa-87a1444459dd', 244, 1720);
insert into Transaction (DTYPE, id, amount, balance, checkNo, date, description, externalId, initialBalance, memo, ref, status, type, uuid, account_id, transfer_id) values('InternalTransaction', 1722, -13.00, 1290.36, '', '2010-04-08', 'Transfer to Eating Out', 'null', false, '', '', 2, 1, 'e3ef2ab9-02c9-3b5c-8fe4-d27b1e49c5e8', 229, 2266);
insert into Split (id, amount, uuid, envelope_id, transaction_id) values(1723, -13.00, '27a2d09e-9d2c-3721-9c69-e5e7da924f26', 292, 1722);
insert into Transaction (DTYPE, id, amount, balance, checkNo, date, description, externalId, initialBalance, memo, ref, status, type, uuid, account_id, transfer_id) values('InternalTransaction', 1724, -24.50, 4124.57, '', '2010-04-16', 'Transfer to Massage Envy', 'null', false, '', '', 2, 1, 'f680242a-90ee-3c1b-b2d1-4514e1624060', 229, 1338);
insert into Split (id, amount, uuid, envelope_id, transaction_id) values(1725, -24.50, '9ec6794a-f455-3268-b0ab-37ed5cda8626', 292, 1724);
insert into Transaction (DTYPE, id, amount, balance, checkNo, date, description, externalId, initialBalance, memo, ref, status, type, uuid, account_id, transfer_id) values('InternalTransaction', 1726, -20.00, 763.12, '', '2010-04-13', 'JOE''S BARBER SHOP PHOENI', '201004125', false, '', '', 1, 1, 'c3411b8f-0f46-3fb2-94db-3a3024c6a277', 229, null);
insert into Split (id, amount, uuid, envelope_id, transaction_id) values(1727, -20.00, '9aa9311e-bbfa-3ba2-b358-aa8d243e6e8e', 260, 1726);
insert into Transaction (DTYPE, id, amount, balance, checkNo, date, description, externalId, initialBalance, memo, ref, status, type, uuid, account_id, transfer_id) values('InternalTransaction', 1728, 575.00, 4440.33, '', '2010-03-26', 'Jeff Thompson', '201003261', false, 'PPD ID: PAYPALSD11', '', 1, 0, '2097f844-65df-3534-b106-f067068c4bd8', 229, null);
insert into Split (id, amount, uuid, envelope_id, transaction_id) values(1729, 575.00, 'b392d4b3-390d-3eb6-abb9-6b84a19d30c7', 292, 1728);
insert into Transaction (DTYPE, id, amount, balance, checkNo, date, description, externalId, initialBalance, memo, ref, status, type, uuid, account_id, transfer_id) values('InternalTransaction', 1730, -27.98, 570.02, '', '2009-11-12', 'ARROWHEAD WATER 800-950-', '200911121', false, '11/10ARROWHEAD', '', 2, 1, 'eeaff1f0-cfad-327a-8341-6a5d79854c24', 229, null);
insert into Split (id, amount, uuid, envelope_id, transaction_id) values(1731, -27.98, '38af10aa-10a4-38f9-9af6-794e5f1a63e3', 266, 1730);
insert into Transaction (DTYPE, id, amount, balance, checkNo, date, description, externalId, initialBalance, memo, ref, status, type, uuid, account_id, transfer_id) values('InternalTransaction', 1732, -157.57, 15155.89, '', '2010-02-16', 'Transfer to Directv', 'null', false, '', '', 0, 1, 'cf0af4c8-35b5-3c9f-8f06-b4ae1416c08f', 229, 912);
insert into Split (id, amount, uuid, envelope_id, transaction_id) values(1733, -157.57, 'f4de8195-1e53-323e-ae17-9d324577170a', 292, 1732);
insert into Transaction (DTYPE, id, amount, balance, checkNo, date, description, externalId, initialBalance, memo, ref, status, type, uuid, account_id, transfer_id) values('InternalTransaction', 1734, -3.24, 4315.53, '', '2009-11-18', 'FRYS FOOD & DRUG 1815 G 340744', '200911185', false, '11/17FRYS FOOD', '', 2, 1, '15f6505e-102f-3798-8cb2-1e8044f5a759', 229, null);
insert into Split (id, amount, uuid, envelope_id, transaction_id) values(1735, -3.24, 'b1157d74-2e23-34f4-8570-76d6acf2dd04', 238, 1734);
insert into Transaction (DTYPE, id, amount, balance, checkNo, date, description, externalId, initialBalance, memo, ref, status, type, uuid, account_id, transfer_id) values('InternalTransaction', 1736, -0.00, 2532.32, '', '2010-04-02', 'Transfer to Rent', 'null', false, '', '', 2, 1, '6a37f71e-055d-3774-a51d-6ff663bda6f1', 229, 754);
insert into Split (id, amount, uuid, envelope_id, transaction_id) values(1737, -0.00, 'b27c67ab-c7c9-31c7-8f1b-f841a3db1387', 292, 1736);
insert into Transaction (DTYPE, id, amount, balance, checkNo, date, description, externalId, initialBalance, memo, ref, status, type, uuid, account_id, transfer_id) values('InternalTransaction', 1738, -138.08, 3904.86, '', '2010-03-30', 'Transfer to Groceries', 'null', false, '', '', 2, 1, 'e4a1ca84-f366-37bb-b3b1-eea8be1429fd', 229, 1944);
insert into Split (id, amount, uuid, envelope_id, transaction_id) values(1739, -138.08, '601fbc9f-f1b4-3cb4-82c3-d6bdbea81cef', 292, 1738);
insert into Transaction (DTYPE, id, amount, balance, checkNo, date, description, externalId, initialBalance, memo, ref, status, type, uuid, account_id, transfer_id) values('InternalTransaction', 1740, 35.51, 3915.50, '', '2010-03-05', 'Transfer from Available', 'null', false, '', '', 2, 0, 'ed05ab56-8a21-3d9d-b929-5694462cbb99', 229, 2558);
insert into Split (id, amount, uuid, envelope_id, transaction_id) values(1741, 35.51, '0df12385-92c4-33f5-ac1e-e0f2133f2614', 245, 1740);
insert into Transaction (DTYPE, id, amount, balance, checkNo, date, description, externalId, initialBalance, memo, ref, status, type, uuid, account_id, transfer_id) values('InternalTransaction', 1742, 317.51, 4293.58, '', '2010-03-23', 'Transfer from Available', 'null', false, '', '', 2, 0, '44b7996f-590d-364c-9bfe-a99a8dcc3d24', 229, 1936);
insert into Split (id, amount, uuid, envelope_id, transaction_id) values(1743, 317.51, '4c6e8960-a91d-39df-b96c-fc2c5f3b9f8a', 264, 1742);
insert into Transaction (DTYPE, id, amount, balance, checkNo, date, description, externalId, initialBalance, memo, ref, status, type, uuid, account_id, transfer_id) values('InternalTransaction', 1744, -10.81, 3249.81, '', '2009-11-23', 'VERIZON WRLS W3277-01 TU', '200911238', false, '11/19VERIZON W', '', 2, 1, '554fd1c8-ffac-356d-b6a5-55d6897e4cea', 229, null);
insert into Split (id, amount, uuid, envelope_id, transaction_id) values(1745, -10.81, '7a7420fb-f56e-3a61-9e63-cde2b32ca90b', 236, 1744);
insert into Transaction (DTYPE, id, amount, balance, checkNo, date, description, externalId, initialBalance, memo, ref, status, type, uuid, account_id, transfer_id) values('InternalTransaction', 1746, -24.50, 4664.44, '', '2010-03-05', 'Transfer to Massage Envy', 'null', false, '', '', 2, 1, '89cca811-d04d-36ca-8324-56505ec34908', 229, 1330);
insert into Split (id, amount, uuid, envelope_id, transaction_id) values(1747, -24.50, '5c523dd9-a6fe-3be9-83b4-72a5fd8670a8', 292, 1746);
insert into Transaction (DTYPE, id, amount, balance, checkNo, date, description, externalId, initialBalance, memo, ref, status, type, uuid, account_id, transfer_id) values('InternalTransaction', 1748, 0.00, 3496.58, '', '2010-04-02', 'Transfer from Available', 'null', false, '', '', 2, 1, 'a1cc48c8-620c-3e0c-873e-a65e02e4782d', 229, 772);
insert into Split (id, amount, uuid, envelope_id, transaction_id) values(1749, 0.00, '7e53b19c-58eb-3737-965f-4f8df40f70ef', 274, 1748);
insert into Transaction (DTYPE, id, amount, balance, checkNo, date, description, externalId, initialBalance, memo, ref, status, type, uuid, account_id, transfer_id) values('InternalTransaction', 1750, -468.70, 8232.57, '', '2010-02-16', 'Transfer to Household', 'null', false, '', '', 0, 1, '149e3756-f275-360f-bba5-76e8ca3d7f14', 229, 1036);
insert into Split (id, amount, uuid, envelope_id, transaction_id) values(1751, -468.70, '93643fe7-edac-3e9a-b65f-6c504de57ae4', 292, 1750);
insert into Transaction (DTYPE, id, amount, balance, checkNo, date, description, externalId, initialBalance, memo, ref, status, type, uuid, account_id, transfer_id) values('InternalTransaction', 1752, -14.50, 3873.58, '', '2010-03-25', 'CARTEL COFFEE LAB TEMPE', '201003251', false, '03/23CARTEL CO', '', 1, 1, 'b36e2a20-0906-37a8-9ea9-dea3505d427e', 229, null);
insert into Split (id, amount, uuid, envelope_id, transaction_id) values(1753, -14.50, '4ac79520-b81a-33d2-9a77-07126ee12d21', 270, 1752);
insert into Transaction (DTYPE, id, amount, balance, checkNo, date, description, externalId, initialBalance, memo, ref, status, type, uuid, account_id, transfer_id) values('InternalTransaction', 1754, -39.35, 1084.00, '', '2009-11-09', 'CHEVRON 00093808 PHOENIX', '200911092', false, '11/08CHEVRON 0', '', 2, 1, '1d90ca2e-a766-3f13-be31-4e4372b23548', 229, null);
insert into Split (id, amount, uuid, envelope_id, transaction_id) values(1755, -39.35, '7588c6c6-b3c0-3620-a1bd-b8e613ea5bac', 253, 1754);
insert into Transaction (DTYPE, id, amount, balance, checkNo, date, description, externalId, initialBalance, memo, ref, status, type, uuid, account_id, transfer_id) values('InternalTransaction', 1756, -4.65, 1478.37, '', '2010-01-13', 'FRYS FOOD & DRUG 1815 G 216588', '201001132', false, '01/12FRYS FOOD', '', 2, 1, '0740dbd7-b0e4-38f8-8f67-fd471ab95e24', 229, null);
insert into Split (id, amount, uuid, envelope_id, transaction_id) values(1757, -4.65, '562fb8ac-eca0-3f4b-aa49-0409d2239372', 238, 1756);
insert into Transaction (DTYPE, id, amount, balance, checkNo, date, description, externalId, initialBalance, memo, ref, status, type, uuid, account_id, transfer_id) values('InternalTransaction', 1758, 8.11, 819.74, '', '2010-04-13', 'Transfer from Available', 'null', false, '', '', 2, 0, '820c4b89-90a1-3b28-ad19-fa54be1a8b78', 229, 2256);
insert into Split (id, amount, uuid, envelope_id, transaction_id) values(1759, 8.11, '06ea1fbc-8449-3b45-a356-48908b9d2012', 295, 1758);
insert into Transaction (DTYPE, id, amount, balance, checkNo, date, description, externalId, initialBalance, memo, ref, status, type, uuid, account_id, transfer_id) values('InternalTransaction', 1760, -154.67, 3192.59, '', '2010-02-19', 'Transfer to VW Credit', 'null', false, '', '', 2, 1, 'c50a4b6a-15df-367f-abc6-50ba8a57025d', 229, 2530);
insert into Split (id, amount, uuid, envelope_id, transaction_id) values(1761, -154.67, 'b3b5ade6-173f-33e8-bffb-73f5e621e94e', 292, 1760);
insert into Transaction (DTYPE, id, amount, balance, checkNo, date, description, externalId, initialBalance, memo, ref, status, type, uuid, account_id, transfer_id) values('InternalTransaction', 1762, 5.77, 3921.27, '', '2010-03-05', 'Transfer from Available', 'null', false, '', '', 2, 0, '936fa3c3-7d6e-3166-a8be-4613e2b80153', 229, 390);
insert into Split (id, amount, uuid, envelope_id, transaction_id) values(1763, 5.77, '2639a4a2-5de3-3a7b-86bb-5cf78b2103f1', 293, 1762);
insert into Transaction (DTYPE, id, amount, balance, checkNo, date, description, externalId, initialBalance, memo, ref, status, type, uuid, account_id, transfer_id) values('InternalTransaction', 1764, -6.44, 0.00, '', '2010-03-17', 'Transfer to Spending', 'null', false, '', '', 2, 1, 'a96625b6-d5cd-320a-9265-957f9707c2d6', 228, 1656);
insert into Split (id, amount, uuid, envelope_id, transaction_id) values(1765, -6.44, '16124945-9138-369e-9685-f01b46543bf3', 292, 1764);
insert into Transaction (DTYPE, id, amount, balance, checkNo, date, description, externalId, initialBalance, memo, ref, status, type, uuid, account_id, transfer_id) values('InternalTransaction', 1766, -81.98, 1294.49, '', '2010-02-16', 'Transfer to Directv', 'null', false, '', '', 0, 1, 'a0c81297-ea8c-3abc-9879-3e3ad98c6d1f', 229, 846);
insert into Split (id, amount, uuid, envelope_id, transaction_id) values(1767, -81.98, '0fd4f3fe-608b-3228-9f6b-d1276fb66d1c', 292, 1766);
insert into Transaction (DTYPE, id, amount, balance, checkNo, date, description, externalId, initialBalance, memo, ref, status, type, uuid, account_id, transfer_id) values('InternalTransaction', 1768, 4.98, 1140.02, '', '2010-02-16', 'Transfer from Available', 'null', false, '', '', 0, 0, '4b5ba07c-67ab-3da2-92be-3ec9277d6f5f', 229, 2192);
insert into Split (id, amount, uuid, envelope_id, transaction_id) values(1769, 4.98, '9b4cb385-7253-3059-85bf-6e42f6b6c236', 232, 1768);
insert into Transaction (DTYPE, id, amount, balance, checkNo, date, description, externalId, initialBalance, memo, ref, status, type, uuid, account_id, transfer_id) values('InternalTransaction', 1770, -26.82, 2438.45, '', '2010-03-18', 'CVS 09297 09297--6002 N 825396', '201003182', false, '03/17CVS 09297', '', 1, 1, 'c7084b72-ca9d-3a63-911b-eeec9189507a', 229, null);
insert into Split (id, amount, uuid, envelope_id, transaction_id) values(1771, -26.82, '05ff7075-50a8-3695-bbba-3a3dec2ace55', 239, 1770);
insert into Transaction (DTYPE, id, amount, balance, checkNo, date, description, externalId, initialBalance, memo, ref, status, type, uuid, account_id, transfer_id) values('InternalTransaction', 1772, 113.15, 113.15, '', '2010-02-18', 'Transfer from Auto Fuel', 'null', false, '', '', 2, 0, '9c6f8464-5130-362e-b0ec-ea62a4fab9cd', 228, 2743);
insert into Split (id, amount, uuid, envelope_id, transaction_id) values(1773, 113.15, '8ebcb54f-6a23-3fcc-b65c-fce860ac2740', 292, 1772);
insert into Transaction (DTYPE, id, amount, balance, checkNo, date, description, externalId, initialBalance, memo, ref, status, type, uuid, account_id, transfer_id) values('InternalTransaction', 1774, -25.00, 4931.94, '', '2010-03-05', 'Transfer to Household', 'null', false, '', '', 2, 1, '63d3882c-421b-364f-b029-ccc09a2261f2', 229, 1888);
insert into Split (id, amount, uuid, envelope_id, transaction_id) values(1775, -25.00, '81fd076b-9735-37ec-ac35-a1099c7537a9', 292, 1774);
insert into Transaction (DTYPE, id, amount, balance, checkNo, date, description, externalId, initialBalance, memo, ref, status, type, uuid, account_id, transfer_id) values('InternalTransaction', 1776, 32.34, 1213.60, '', '2010-02-16', 'Transfer from Available', 'null', false, '', '', 0, 0, 'e7b2cb83-71d4-3396-ac10-5f69ac8f9eb5', 229, 2510);
insert into Split (id, amount, uuid, envelope_id, transaction_id) values(1777, 32.34, 'dbe8d3df-65e6-3fc4-879c-1ff6236d569f', 241, 1776);
insert into Transaction (DTYPE, id, amount, balance, checkNo, date, description, externalId, initialBalance, memo, ref, status, type, uuid, account_id, transfer_id) values('InternalTransaction', 1778, -30.00, 3880.63, '', '2010-02-16', 'Transfer to Medical', 'null', false, '', '', 0, 1, 'cec1bfdc-7f1b-34d2-8e0b-c07f91539d22', 229, 316);
insert into Split (id, amount, uuid, envelope_id, transaction_id) values(1779, -30.00, 'eb344b5f-676a-3619-be33-72ebb7b05823', 292, 1778);
insert into Transaction (DTYPE, id, amount, balance, checkNo, date, description, externalId, initialBalance, memo, ref, status, type, uuid, account_id, transfer_id) values('InternalTransaction', 1780, 13.99, 865.27, '', '2010-03-05', 'Transfer from Available', 'null', false, '', '', 2, 0, '049ba90a-f560-3ceb-a506-96c80837c39c', 229, 2456);
insert into Split (id, amount, uuid, envelope_id, transaction_id) values(1781, 13.99, 'f4653d39-ccf5-37eb-997e-178dce8a15f5', 266, 1780);
insert into Transaction (DTYPE, id, amount, balance, checkNo, date, description, externalId, initialBalance, memo, ref, status, type, uuid, account_id, transfer_id) values('InternalTransaction', 1782, -10.82, 1346.32, '', '2010-01-19', 'SOU ROSS STORES #571617 464265', '201001195', false, '01/16SOU ROSS', '', 2, 1, 'd37c81cb-9c15-3bd7-8d47-de35f26a5e3f', 229, null);
insert into Split (id, amount, uuid, envelope_id, transaction_id) values(1783, -10.82, 'c393da05-fd4b-3b2f-a03f-fbf0d6766e84', 285, 1782);
insert into Transaction (DTYPE, id, amount, balance, checkNo, date, description, externalId, initialBalance, memo, ref, status, type, uuid, account_id, transfer_id) values('InternalTransaction', 1784, 25.00, 3939.13, '', '2010-04-16', 'Transfer from Available', 'null', false, '', '', 2, 0, 'bade934e-cedd-371f-a382-8bd7891ff829', 229, 1804);
insert into Split (id, amount, uuid, envelope_id, transaction_id) values(1785, 25.00, '52505cb4-b119-3173-bce1-6ff5986e2404', 239, 1784);
insert into Transaction (DTYPE, id, amount, balance, checkNo, date, description, externalId, initialBalance, memo, ref, status, type, uuid, account_id, transfer_id) values('InternalTransaction', 1786, -7.52, 3908.55, '', '2010-03-24', 'DEL TACO #796/1901 W. N 712794', '201003240', false, '03/23DEL TACO', '', 1, 1, '832caedd-fae0-3e93-a2d4-2daf26bc58a7', 229, null);
insert into Split (id, amount, uuid, envelope_id, transaction_id) values(1787, -7.52, 'ff2a174a-40a8-3d1b-b424-1a3bfd7a0468', 246, 1786);
insert into Transaction (DTYPE, id, amount, balance, checkNo, date, description, externalId, initialBalance, memo, ref, status, type, uuid, account_id, transfer_id) values('InternalTransaction', 1788, -15.82, 2217.34, '', '2010-03-08', 'APL*ITUNES 866-712-7753', '201003087', false, '03/07APL*ITUNE', '', 1, 1, '6f82f6d4-9665-3a05-b8c7-618b725ca697', 229, null);
insert into Split (id, amount, uuid, envelope_id, transaction_id) values(1789, -15.82, '3774c662-c329-3fdd-919e-af8e6b982c9c', 265, 1788);
insert into Transaction (DTYPE, id, amount, balance, checkNo, date, description, externalId, initialBalance, memo, ref, status, type, uuid, account_id, transfer_id) values('InternalTransaction', 1790, -175.00, 3347.26, '', '2010-02-19', 'Transfer to Taxes', 'null', false, '', '', 2, 1, 'ccbd545c-3717-36f3-a1fd-8f858ea6e6b4', 229, 2839);
insert into Split (id, amount, uuid, envelope_id, transaction_id) values(1791, -175.00, 'd3eb1c7d-881b-38e0-bfa3-7a530370af8e', 292, 1790);
insert into Transaction (DTYPE, id, amount, balance, checkNo, date, description, externalId, initialBalance, memo, ref, status, type, uuid, account_id, transfer_id) values('InternalTransaction', 1792, -92.12, 1251.07, '', '2009-10-29', 'IRS USATAXPYMT 2709', '200910290', false, '70200796244 WEB ID: 3387702000', '', 2, 1, 'a6d6505d-8dbb-381f-97d9-361916d6675b', 229, null);
insert into Split (id, amount, uuid, envelope_id, transaction_id) values(1793, -92.12, '45e8fca6-d340-3c4c-984e-28f29db3bc11', 275, 1792);
insert into Transaction (DTYPE, id, amount, balance, checkNo, date, description, externalId, initialBalance, memo, ref, status, type, uuid, account_id, transfer_id) values('InternalTransaction', 1794, -13.50, 2427.58, '', '2009-12-29', 'AMC DEER VALLE04001020 P', '200912293', false, '12/27AMC DEER', '', 2, 1, '4835bf73-f2d7-335d-adf1-225769cdf98a', 229, null);
insert into Split (id, amount, uuid, envelope_id, transaction_id) values(1795, -13.50, '84f37175-6320-326e-9a1a-f13f51049e26', 284, 1794);
insert into Transaction (DTYPE, id, amount, balance, checkNo, date, description, externalId, initialBalance, memo, ref, status, type, uuid, account_id, transfer_id) values('InternalTransaction', 1796, -36.00, 631.58, '', '2010-01-06', 'ARCO PAYPOINT 2942 127717', '201001060', false, '01/05ARCO PAYP', '', 2, 1, 'ce3ec813-9bd1-316d-8699-79735525bec2', 229, null);
insert into Split (id, amount, uuid, envelope_id, transaction_id) values(1797, -36.00, '5005cc37-46ff-304e-aaff-8d29a506f734', 253, 1796);
insert into Transaction (DTYPE, id, amount, balance, checkNo, date, description, externalId, initialBalance, memo, ref, status, type, uuid, account_id, transfer_id) values('InternalTransaction', 1798, -80.00, 2788.29, '261', '2010-01-25', 'Annette Trijillo', '201001253', false, '', '', 2, 1, 'a6da8d6b-f6a7-3cc5-a021-7c17a235c63d', 229, null);
insert into Split (id, amount, uuid, envelope_id, transaction_id) values(1799, -80.00, '21a0cbe9-ef6a-36ed-b5a1-b51395c48fbf', 261, 1798);
insert into Transaction (DTYPE, id, amount, balance, checkNo, date, description, externalId, initialBalance, memo, ref, status, type, uuid, account_id, transfer_id) values('InternalTransaction', 1800, -9.98, 0.00, '', '2010-03-16', 'Transfer to Easynews.com', 'null', false, '', '', 2, 1, '836fac0e-8336-354b-a89d-275df17e2ce5', 228, 2823);
insert into Split (id, amount, uuid, envelope_id, transaction_id) values(1801, -9.98, 'b1305f1f-85cb-3874-baab-a13da00c194b', 252, 1800);
insert into Transaction (DTYPE, id, amount, balance, checkNo, date, description, externalId, initialBalance, memo, ref, status, type, uuid, account_id, transfer_id) values('InternalTransaction', 1802, -38.63, 763.12, '', '2010-04-13', 'Transfer to Unassigned', 'null', false, '', '', 2, 1, 'b36e8966-26e7-3d4f-b969-8bf6fc96cef6', 229, 1084);
insert into Split (id, amount, uuid, envelope_id, transaction_id) values(1803, -38.63, 'ec17f8c7-acd5-3638-9a3b-8cb29699344a', 292, 1802);
insert into Transaction (DTYPE, id, amount, balance, checkNo, date, description, externalId, initialBalance, memo, ref, status, type, uuid, account_id, transfer_id) values('InternalTransaction', 1804, -25.00, 4392.07, '', '2010-04-16', 'Transfer to Household', 'null', false, '', '', 2, 1, 'dd926b33-58c4-332d-ad9f-db8c46394241', 229, 1784);
insert into Split (id, amount, uuid, envelope_id, transaction_id) values(1805, -25.00, 'f0eef770-fa9a-363f-b30e-05e841055833', 292, 1804);
insert into Transaction (DTYPE, id, amount, balance, checkNo, date, description, externalId, initialBalance, memo, ref, status, type, uuid, account_id, transfer_id) values('InternalTransaction', 1806, 1492.12, 5820.65, '', '2010-02-16', 'Transfer from Available', 'null', false, '', '', 0, 0, 'e2c30bcc-ecb6-3542-852d-adf0b0493285', 229, 2893);
insert into Split (id, amount, uuid, envelope_id, transaction_id) values(1807, 1492.12, '80e616d8-88a8-3ed2-bac4-b462f3e31920', 275, 1806);
insert into Transaction (DTYPE, id, amount, balance, checkNo, date, description, externalId, initialBalance, memo, ref, status, type, uuid, account_id, transfer_id) values('InternalTransaction', 1808, -20.00, 0.00, '', '2010-04-07', 'Transfer to Available', 'null', false, '', '', 2, 1, 'ca0559dd-571d-376e-b041-1d9b4edf0828', 228, 1890);
insert into Split (id, amount, uuid, envelope_id, transaction_id) values(1809, -20.00, '2890fdcd-c3b5-3bd7-b1db-342aeb80a14a', 277, 1808);
insert into Transaction (DTYPE, id, amount, balance, checkNo, date, description, externalId, initialBalance, memo, ref, status, type, uuid, account_id, transfer_id) values('InternalTransaction', 1810, 2159.85, 2756.44, '', '2010-01-08', 'DIFFUSION GROUP PAYROLL', '201001080', false, 'PPD ID: 1860988050', '', 2, 0, '820f18ce-b22c-3dbb-a009-81ef3eb02cc3', 229, null);
insert into Split (id, amount, uuid, envelope_id, transaction_id) values(1811, 2159.85, '43fbd32a-96e7-34d9-933e-83b6caaaba41', 292, 1810);
insert into Transaction (DTYPE, id, amount, balance, checkNo, date, description, externalId, initialBalance, memo, ref, status, type, uuid, account_id, transfer_id) values('InternalTransaction', 1812, -37.41, 16769.53, '', '2010-02-16', 'Transfer to Comics', 'null', false, '', '', 0, 1, 'faaa6c7f-e810-31ed-b2ad-8fc279887543', 229, 1580);
insert into Split (id, amount, uuid, envelope_id, transaction_id) values(1813, -37.41, '69f51af9-94c0-32fd-9f55-181702682081', 292, 1812);
insert into Transaction (DTYPE, id, amount, balance, checkNo, date, description, externalId, initialBalance, memo, ref, status, type, uuid, account_id, transfer_id) values('InternalTransaction', 1814, -32.78, 1425.98, '', '2010-03-15', 'CIRCLE K 01620 PHOENIX A', '201003155', false, '03/12CIRCLE K Purcha', '', 1, 1, '453c1786-f126-36d4-9c23-592875c54310', 229, null);
insert into Split (id, amount, uuid, envelope_id, transaction_id) values(1815, -32.78, '21c78d38-179f-3e9a-88de-69e758bbd670', 253, 1814);
insert into Transaction (DTYPE, id, amount, balance, checkNo, date, description, externalId, initialBalance, memo, ref, status, type, uuid, account_id, transfer_id) values('InternalTransaction', 1816, -2.16, 2998.02, '', '2009-12-28', 'WALGREEN COMPANY NWC OF 761522', '2009122811', false, '12/24WALGREEN', '', 2, 1, '0108ad5c-27cb-3b76-ad1b-b9cbcbbf9abb', 229, null);
insert into Split (id, amount, uuid, envelope_id, transaction_id) values(1817, -2.16, '37ba409a-8cab-346d-a1d2-bdca10b75e4a', 277, 1816);
insert into Transaction (DTYPE, id, amount, balance, checkNo, date, description, externalId, initialBalance, memo, ref, status, type, uuid, account_id, transfer_id) values('InternalTransaction', 1818, -309.33, 1863.80, '', '2010-03-11', 'VW CREDIT, INC. AUTO DEBIT WE', '201003110', false, 'B 852539481 WEB ID: 1382362409', '', 1, 1, '4a1606bc-5925-3a7c-8773-99552160c7c7', 229, null);
insert into Split (id, amount, uuid, envelope_id, transaction_id) values(1819, -309.33, 'a21a3b94-ebf7-3510-8b63-09a9bcf31ea4', 267, 1818);
insert into Transaction (DTYPE, id, amount, balance, checkNo, date, description, externalId, initialBalance, memo, ref, status, type, uuid, account_id, transfer_id) values('InternalTransaction', 1820, 70.41, 949.67, '', '2010-03-03', 'Transfer from Available', 'null', false, '', '', 2, 0, '6031a2c4-e689-3c32-8a40-9da700e102be', 229, 2292);
insert into Split (id, amount, uuid, envelope_id, transaction_id) values(1821, 70.41, 'af6a9cb0-5920-3344-9e66-4ac6926c91f1', 264, 1820);
insert into Transaction (DTYPE, id, amount, balance, checkNo, date, description, externalId, initialBalance, memo, ref, status, type, uuid, account_id, transfer_id) values('InternalTransaction', 1822, -3.14, 4437.19, '', '2010-03-29', 'STARBUCKS USA 00096230 T', '201003290', false, '03/25STARBUCKS', '', 1, 1, 'c35be4c9-728b-3e4e-a0ec-36e75469581c', 229, null);
insert into Split (id, amount, uuid, envelope_id, transaction_id) values(1823, -3.14, 'c7a6a6be-75fe-3457-a662-9e031e8170d4', 270, 1822);
insert into Transaction (DTYPE, id, amount, balance, checkNo, date, description, externalId, initialBalance, memo, ref, status, type, uuid, account_id, transfer_id) values('InternalTransaction', 1824, -35.00, 3136.54, '', '2009-11-25', 'JOSEPH SCOTT SALON LLC P131651', '200911251', false, '11/24JOSEPH SC', '', 2, 1, 'f2776e91-89ec-3016-a97f-bb59aed30c22', 229, null);
insert into Split (id, amount, uuid, envelope_id, transaction_id) values(1825, -35.00, 'c59e41e5-f56e-3b17-9139-01194ba0b650', 260, 1824);
insert into Transaction (DTYPE, id, amount, balance, checkNo, date, description, externalId, initialBalance, memo, ref, status, type, uuid, account_id, transfer_id) values('InternalTransaction', 1826, -32.52, 2716.71, '', '2010-04-05', 'FRYS FOOD & DRUG 7770 SC', '201004051', false, '04/02FRYS FOOD Purcha', '', 1, 1, 'bd0d60a1-d1c0-387f-bd1d-b386d36d8d56', 229, null);
insert into Split (id, amount, uuid, envelope_id, transaction_id) values(1827, -32.52, 'd64f8d45-2bf0-3593-9eb7-727a631e9e35', 238, 1826);
insert into Transaction (DTYPE, id, amount, balance, checkNo, date, description, externalId, initialBalance, memo, ref, status, type, uuid, account_id, transfer_id) values('InternalTransaction', 1828, -54.48, 0.00, '', '2010-03-23', 'Transfer to Eating Out', 'null', false, '', '', 2, 1, 'fd888732-3da1-3a45-99bd-70ab7f2ebbd6', 228, 556);
insert into Split (id, amount, uuid, envelope_id, transaction_id) values(1829, -54.48, '505ffac8-a1f0-304e-a8c1-76011ee9d860', 292, 1828);
insert into Transaction (DTYPE, id, amount, balance, checkNo, date, description, externalId, initialBalance, memo, ref, status, type, uuid, account_id, transfer_id) values('InternalTransaction', 1830, -25.98, 5081.45, '', '2010-02-16', 'Transfer to Clothing', 'null', false, '', '', 0, 1, '2b41ad21-582b-38c3-877c-3aa775a0862f', 229, 2286);
insert into Split (id, amount, uuid, envelope_id, transaction_id) values(1831, -25.98, 'f98427ad-3245-356e-9c87-b79eaa079982', 292, 1830);
insert into Transaction (DTYPE, id, amount, balance, checkNo, date, description, externalId, initialBalance, memo, ref, status, type, uuid, account_id, transfer_id) values('InternalTransaction', 1832, 40.39, 1175.43, '', '2010-02-16', 'Transfer from Available', 'null', false, '', '', 0, 0, '1a6490a2-c035-36d5-9d65-d778b257afbf', 229, 1480);
insert into Split (id, amount, uuid, envelope_id, transaction_id) values(1833, 40.39, '33f0aa0b-1b28-3b49-b04d-4b4cf5937525', 293, 1832);
insert into Transaction (DTYPE, id, amount, balance, checkNo, date, description, externalId, initialBalance, memo, ref, status, type, uuid, account_id, transfer_id) values('InternalTransaction', 1834, -21.90, 2264.99, '', '2010-03-01', 'DBMG TECHNOLOGIES I 877-', '201003012', false, '02/28DBMG TECH', '', 1, 1, 'c7692fdc-1d34-363c-91a1-318636778b81', 229, null);
insert into Split (id, amount, uuid, envelope_id, transaction_id) values(1835, -21.90, '51282f4b-0c99-32ab-a934-46af1c24b790', 247, 1834);
insert into Transaction (DTYPE, id, amount, balance, checkNo, date, description, externalId, initialBalance, memo, ref, status, type, uuid, account_id, transfer_id) values('InternalTransaction', 1836, 54.92, 1348.73, '', '2010-04-23', 'Transfer from Available', 'null', false, '', '', 2, 0, '12b431b4-167a-396e-8189-d028571edcd9', 229, 2570);
insert into Split (id, amount, uuid, envelope_id, transaction_id) values(1837, 54.92, 'f58ab1fa-504b-3407-a7fa-3fbc15bef9fb', 286, 1836);
insert into Transaction (DTYPE, id, amount, balance, checkNo, date, description, externalId, initialBalance, memo, ref, status, type, uuid, account_id, transfer_id) values('InternalTransaction', 1838, -293.94, 0.00, '', '2010-03-30', 'Transfer to Spending', 'null', false, '', '', 2, 1, '4f57f8af-d2eb-36c0-be4c-cbc9cfb7ee81', 228, 1550);
insert into Split (id, amount, uuid, envelope_id, transaction_id) values(1839, -293.94, '4bc5562c-5aec-3a39-bc4e-832920cc9ece', 292, 1838);
insert into Transaction (DTYPE, id, amount, balance, checkNo, date, description, externalId, initialBalance, memo, ref, status, type, uuid, account_id, transfer_id) values('InternalTransaction', 1840, -20.58, 2097.76, '', '2010-02-01', 'WAL-MART #2113 CHRISTOWN675843', '201002013', false, '01/31WAL-MART', '', 2, 1, '255d423f-9405-3b48-9c1d-eedc62383371', 229, null);
insert into Split (id, amount, uuid, envelope_id, transaction_id) values(1841, -20.58, '4edb6011-ad1c-366c-9289-21e5e80090cd', 239, 1840);
insert into Transaction (DTYPE, id, amount, balance, checkNo, date, description, externalId, initialBalance, memo, ref, status, type, uuid, account_id, transfer_id) values('InternalTransaction', 1842, -40.79, 6102.46, '', '2010-03-19', 'Transfer to Directv', 'null', false, '', '', 2, 1, '70fc8ae1-45e0-3344-ae04-45ec3861d394', 229, 2679);
insert into Split (id, amount, uuid, envelope_id, transaction_id) values(1843, -40.79, '4acacce7-7194-3118-82b7-af952adf6a36', 292, 1842);
insert into Transaction (DTYPE, id, amount, balance, checkNo, date, description, externalId, initialBalance, memo, ref, status, type, uuid, account_id, transfer_id) values('InternalTransaction', 1846, 12.95, 12.95, '', '2010-03-30', 'Transfer from Available', 'null', false, '', '', 2, 0, '87b456fc-d961-379c-a600-53ea06d48c64', 228, 2236);
insert into Split (id, amount, uuid, envelope_id, transaction_id) values(1847, 12.95, '3ecd909f-d3e0-3191-a71d-7f7f5f656ab1', 272, 1846);
insert into Transaction (DTYPE, id, amount, balance, checkNo, date, description, externalId, initialBalance, memo, ref, status, type, uuid, account_id, transfer_id) values('InternalTransaction', 1844, -7.56, 4703.71, '', '2009-11-16', 'SOU BLOCKBUSTER VID7623 369790', '2009111610', false, '11/14SOU BLOCK', '', 2, 1, 'f62b2e20-c1b0-3352-993c-844cb624a3e0', 229, null);
insert into Split (id, amount, uuid, envelope_id, transaction_id) values(1845, -7.56, '498d4e37-376d-3289-b954-4587d76568af', 265, 1844);
insert into Transaction (DTYPE, id, amount, balance, checkNo, date, description, externalId, initialBalance, memo, ref, status, type, uuid, account_id, transfer_id) values('InternalTransaction', 1848, -10.73, 2796.76, '', '2010-02-22', 'THE HOME DEPOT #0485 PHO418389', '201002226', false, '02/21THE HOME', '', 2, 1, 'bf4062d6-0899-3bf6-95ba-b537a877ebf8', 229, null);
insert into Split (id, amount, uuid, envelope_id, transaction_id) values(1849, -10.73, '5aae375b-be67-3728-8d4b-b848b2da8b07', 239, 1848);
insert into Transaction (DTYPE, id, amount, balance, checkNo, date, description, externalId, initialBalance, memo, ref, status, type, uuid, account_id, transfer_id) values('InternalTransaction', 1850, -80.00, 1396.83, '273', '2010-04-06', 'Annette Trijillo', '201004061', false, '', '', 1, 1, 'e89dfa0b-bceb-33d8-813d-c3ea12bc6ed9', 229, null);
insert into Split (id, amount, uuid, envelope_id, transaction_id) values(1851, -80.00, '1ccef93d-001c-3b50-8cba-29656335f7e6', 261, 1850);
insert into Transaction (DTYPE, id, amount, balance, checkNo, date, description, externalId, initialBalance, memo, ref, status, type, uuid, account_id, transfer_id) values('InternalTransaction', 1852, -10.05, 1325.47, '', '2010-01-19', 'CHIPOTLE 0744 TEMPE AZ', '201001197', false, '01/15CHIPOTLE', '', 2, 1, '44d54f42-5df4-39b2-b53a-dd16a20cc6e3', 229, null);
insert into Split (id, amount, uuid, envelope_id, transaction_id) values(1853, -10.05, 'b56dc239-3ad3-32b9-85a1-e6b945ef6d8d', 295, 1852);
insert into Transaction (DTYPE, id, amount, balance, checkNo, date, description, externalId, initialBalance, memo, ref, status, type, uuid, account_id, transfer_id) values('InternalTransaction', 1856, 80.00, 3576.58, '', '2010-04-02', 'Transfer from Available', 'null', false, '', '', 2, 0, '5bd00c15-181e-3648-830b-309686c134d1', 229, 2032);
insert into Split (id, amount, uuid, envelope_id, transaction_id) values(1857, 80.00, '18623670-449a-3f2d-96b6-529b7313cf55', 261, 1856);
insert into Transaction (DTYPE, id, amount, balance, checkNo, date, description, externalId, initialBalance, memo, ref, status, type, uuid, account_id, transfer_id) values('InternalTransaction', 1854, 0.00, 3939.13, '', '2010-04-16', 'Transfer from Available', 'null', false, '', '', 2, 1, '83ddbe79-a1af-3e2e-8252-e520b3d824ce', 229, 984);
insert into Split (id, amount, uuid, envelope_id, transaction_id) values(1855, 0.00, '2c7f7e46-aa4c-390d-9119-a47f6e5a7b3e', 274, 1854);
insert into Transaction (DTYPE, id, amount, balance, checkNo, date, description, externalId, initialBalance, memo, ref, status, type, uuid, account_id, transfer_id) values('InternalTransaction', 1858, 35.51, 3337.08, '', '2010-02-19', 'Transfer from Available', 'null', false, '', '', 2, 0, '5d0aea24-1c0b-3f60-a73e-b42c2df2124f', 229, 1294);
insert into Split (id, amount, uuid, envelope_id, transaction_id) values(1859, 35.51, '54191a0c-1c7a-3062-bb9f-74196d456f7d', 245, 1858);
insert into Transaction (DTYPE, id, amount, balance, checkNo, date, description, externalId, initialBalance, memo, ref, status, type, uuid, account_id, transfer_id) values('InternalTransaction', 1860, -8.92, 0.00, '', '2010-03-16', 'Transfer to Easynews.com', 'null', false, '', '', 2, 1, 'ef6df4d6-60e9-366a-940e-da6c933c5f5c', 228, 646);
insert into Split (id, amount, uuid, envelope_id, transaction_id) values(1861, -8.92, '0384cdcd-ae6d-366f-b237-eec83adaf84d', 292, 1860);
insert into Transaction (DTYPE, id, amount, balance, checkNo, date, description, externalId, initialBalance, memo, ref, status, type, uuid, account_id, transfer_id) values('InternalTransaction', 1862, -10.74, 650.05, '', '2010-04-16', 'Transfer to Fast Food', 'null', false, '', '', 2, 1, '2db8df31-2435-3eec-8f0d-e4d02cb4a0d7', 229, 2667);
insert into Split (id, amount, uuid, envelope_id, transaction_id) values(1863, -10.74, 'ab3f6787-3694-3158-87ad-23250efa9388', 292, 1862);
insert into Transaction (DTYPE, id, amount, balance, checkNo, date, description, externalId, initialBalance, memo, ref, status, type, uuid, account_id, transfer_id) values('InternalTransaction', 1864, 160.28, 1892.81, '', '2009-12-17', 'APPLE STORE #R031 PHOENI', '200912170', false, '12/15APPLE STO', '', 2, 0, '3de1e635-86fc-364b-981e-17d38b56c9be', 229, null);
insert into Split (id, amount, uuid, envelope_id, transaction_id) values(1865, 160.28, '2a3b38c8-e1c8-33f4-acb9-d1e8081d33ab', 249, 1864);
insert into Transaction (DTYPE, id, amount, balance, checkNo, date, description, externalId, initialBalance, memo, ref, status, type, uuid, account_id, transfer_id) values('InternalTransaction', 1866, -20.00, 1710.54, '', '2010-03-12', 'ATM WITHDRAWAL 007530', '201003122', false, '03/123150 E IN', '', 1, 1, 'd8f8b32b-3642-37fe-9e58-c9808f39122d', 229, null);
insert into Split (id, amount, uuid, envelope_id, transaction_id) values(1867, -20.00, '488287e9-07a0-3586-be9c-298e73f43956', 251, 1866);
insert into Transaction (DTYPE, id, amount, balance, checkNo, date, description, externalId, initialBalance, memo, ref, status, type, uuid, account_id, transfer_id) values('InternalTransaction', 1868, -35.70, 1413.59, '', '2010-01-19', 'WHITFILL NURSERY PHOENIX411299', '201001192', false, '01/17WHITFILL', '', 2, 1, 'ec4f9725-ecc4-33ff-8aec-56c93fb05056', 229, null);
insert into Split (id, amount, uuid, envelope_id, transaction_id) values(1869, -35.70, '9180caae-a40a-3309-a06a-4b78f4157ad9', 283, 1868);
insert into Transaction (DTYPE, id, amount, balance, checkNo, date, description, externalId, initialBalance, memo, ref, status, type, uuid, account_id, transfer_id) values('InternalTransaction', 1870, -9.98, 1361.27, '', '2010-03-15', 'EASYNEWS.COM 866-396-397', '201003159', false, '03/12EASYNEWS.', '', 1, 1, '541a64b6-3b87-3c4e-9dd4-23bf2a0e142c', 229, null);
insert into Split (id, amount, uuid, envelope_id, transaction_id) values(1871, -9.98, '4acd35ba-4b19-3178-8caf-242d36a14183', 254, 1870);
insert into Transaction (DTYPE, id, amount, balance, checkNo, date, description, externalId, initialBalance, memo, ref, status, type, uuid, account_id, transfer_id) values('InternalTransaction', 1872, -38.21, 1396.83, '', '2010-04-06', 'Transfer to Unassigned', 'null', false, '', '', 2, 1, 'dff29adc-838c-3864-8ddd-3d022a044379', 229, 2048);
insert into Split (id, amount, uuid, envelope_id, transaction_id) values(1873, -38.21, 'bca0c16a-dfa0-369b-a492-6ef6e3a87878', 292, 1872);
insert into Transaction (DTYPE, id, amount, balance, checkNo, date, description, externalId, initialBalance, memo, ref, status, type, uuid, account_id, transfer_id) values('InternalTransaction', 1874, -15.05, 3888.08, '', '2010-03-25', 'TARGET T2176 TEMPE NE TE154000', '201003250', false, '03/24TARGET T2', '', 1, 1, 'e4b292df-216b-3b4a-9a0d-6542b218a862', 229, null);
insert into Split (id, amount, uuid, envelope_id, transaction_id) values(1875, -15.05, 'c1c309d0-7d2e-329a-a1a2-6dfcdb914533', 239, 1874);
insert into Transaction (DTYPE, id, amount, balance, checkNo, date, description, externalId, initialBalance, memo, ref, status, type, uuid, account_id, transfer_id) values('InternalTransaction', 1878, -11.12, 0.00, '', '2010-03-11', 'Transfer to Fast Food', 'null', false, '', '', 2, 1, '8fa14563-4427-3797-90bd-9951cc6737bf', 228, 750);
insert into Split (id, amount, uuid, envelope_id, transaction_id) values(1879, -11.12, 'c2431833-0d40-3f6f-91fe-cef384ecfa34', 292, 1878);
insert into Transaction (DTYPE, id, amount, balance, checkNo, date, description, externalId, initialBalance, memo, ref, status, type, uuid, account_id, transfer_id) values('InternalTransaction', 1876, -5.48, 3392.75, '', '2010-02-08', 'TACO BELL 21245 Q53 T', '2010020811', false, '02/04TACO BELL', '', 2, 1, '7647c501-ffb5-3deb-81c2-e0bbe4242709', 229, null);
insert into Split (id, amount, uuid, envelope_id, transaction_id) values(1877, -5.48, '9178aa2c-202a-30ce-acb3-f37297d78a37', 246, 1876);
insert into Transaction (DTYPE, id, amount, balance, checkNo, date, description, externalId, initialBalance, memo, ref, status, type, uuid, account_id, transfer_id) values('InternalTransaction', 1882, -4.99, 834.75, '', '2010-04-13', 'Transfer to Easynews.com', 'null', false, '', '', 2, 1, 'ddfc28c8-5b8b-3b2f-8099-9f60fa72a388', 229, 340);
insert into Split (id, amount, uuid, envelope_id, transaction_id) values(1883, -4.99, 'a33bc99d-34c9-3528-9882-58615638ea7f', 292, 1882);
insert into Transaction (DTYPE, id, amount, balance, checkNo, date, description, externalId, initialBalance, memo, ref, status, type, uuid, account_id, transfer_id) values('InternalTransaction', 1880, -54.38, 3916.07, '', '2010-03-24', 'Transfer to Unassigned', 'null', false, '', '', 2, 1, '79b73075-93ad-348b-83bc-fb46ab8eacdb', 229, 682);
insert into Split (id, amount, uuid, envelope_id, transaction_id) values(1881, -54.38, '05562cf0-7e00-34f3-b9df-8e435d3f07b9', 292, 1880);
insert into Transaction (DTYPE, id, amount, balance, checkNo, date, description, externalId, initialBalance, memo, ref, status, type, uuid, account_id, transfer_id) values('InternalTransaction', 1886, -200.00, 4928.56, '', '2010-03-19', 'Transfer to Spending', 'null', false, '', '', 2, 1, 'a44872cb-8487-3368-97ed-06b31781a8ca', 229, 1328);
insert into Split (id, amount, uuid, envelope_id, transaction_id) values(1887, -200.00, '9e841f75-3911-3fa1-b981-a6c655e8e64f', 292, 1886);
insert into Transaction (DTYPE, id, amount, balance, checkNo, date, description, externalId, initialBalance, memo, ref, status, type, uuid, account_id, transfer_id) values('InternalTransaction', 1884, -9.95, 4095.38, '', '2009-11-23', 'Financial Management Software:', '200911230', false, 'Monthly Service Fee', '', 2, 1, '6d7c2acb-4900-3ca2-8af7-81e1cf461f28', 229, null);
insert into Split (id, amount, uuid, envelope_id, transaction_id) values(1885, -9.95, 'f4f42e1a-8323-3a9c-a59f-1f61ca1e4404', 232, 1884);
insert into Transaction (DTYPE, id, amount, balance, checkNo, date, description, externalId, initialBalance, memo, ref, status, type, uuid, account_id, transfer_id) values('InternalTransaction', 1888, 25.00, 4186.84, '', '2010-03-05', 'Transfer from Available', 'null', false, '', '', 2, 0, '0df90a09-acdb-3659-9216-1250556a505e', 229, 1774);
insert into Split (id, amount, uuid, envelope_id, transaction_id) values(1889, 25.00, '82c5e110-6ef2-389b-86a7-d353ca314287', 239, 1888);
insert into Transaction (DTYPE, id, amount, balance, checkNo, date, description, externalId, initialBalance, memo, ref, status, type, uuid, account_id, transfer_id) values('InternalTransaction', 1890, 20.00, 20.00, '', '2010-04-07', 'Transfer from Personal Care', 'null', false, '', '', 2, 0, 'be01f473-d079-38f4-a66b-4646c6b1746c', 228, 1808);
insert into Split (id, amount, uuid, envelope_id, transaction_id) values(1891, 20.00, 'b3b40335-8fb5-3dcb-a735-7cc76cd35e52', 292, 1890);
insert into Transaction (DTYPE, id, amount, balance, checkNo, date, description, externalId, initialBalance, memo, ref, status, type, uuid, account_id, transfer_id) values('InternalTransaction', 1892, 103.40, 1238.44, '', '2010-02-16', 'Transfer from Available', 'null', false, '', '', 0, 0, '386c67c8-97ab-33c3-a2f6-15fc774ad4d8', 229, 1674);
insert into Split (id, amount, uuid, envelope_id, transaction_id) values(1893, 103.40, 'bb7fcad8-faf9-3f72-8b3a-c6d370d6ad74', 238, 1892);
insert into Transaction (DTYPE, id, amount, balance, checkNo, date, description, externalId, initialBalance, memo, ref, status, type, uuid, account_id, transfer_id) values('InternalTransaction', 1896, 23.13, 23.13, '', '2010-03-16', 'Transfer from Spending', 'null', false, '', '', 2, 0, 'd9551b88-e920-35f8-918e-50d76ef338c2', 228, 2897);
insert into Split (id, amount, uuid, envelope_id, transaction_id) values(1897, 23.13, '1293db1d-ae3b-3ef8-a2c7-bb6f392bf6cf', 238, 1896);
insert into Transaction (DTYPE, id, amount, balance, checkNo, date, description, externalId, initialBalance, memo, ref, status, type, uuid, account_id, transfer_id) values('InternalTransaction', 1894, -2.00, 1502.31, '', '2010-04-21', 'NON-CHASE ATM FEE-WITH', '201004213', false, '', '', 1, 1, '7d8b9439-ac3b-31fb-a076-e56b09e93715', 229, null);
insert into Split (id, amount, uuid, envelope_id, transaction_id) values(1895, -2.00, 'effe3d94-7dba-3bb1-94d4-36b01ee01e30', 252, 1894);
insert into Transaction (DTYPE, id, amount, balance, checkNo, date, description, externalId, initialBalance, memo, ref, status, type, uuid, account_id, transfer_id) values('InternalTransaction', 1900, 56.51, 706.56, '', '2010-04-16', 'Transfer from Available', 'null', false, '', '', 2, 0, '17696893-d265-3b60-a777-f21f63eeac2b', 229, 492);
insert into Split (id, amount, uuid, envelope_id, transaction_id) values(1901, 56.51, 'e2401049-6dd9-3dc9-a62a-3288f5f1957c', 239, 1900);
insert into Transaction (DTYPE, id, amount, balance, checkNo, date, description, externalId, initialBalance, memo, ref, status, type, uuid, account_id, transfer_id) values('InternalTransaction', 1898, -129.01, 823.63, '', '2010-03-02', 'VZWRLSS*APOCC VISW 800-9', '201003023', false, '03/01VZWRLSS*A', '', 1, 1, 'c310ae5a-9d7d-38db-b2b1-a63228c976c8', 229, null);
insert into Split (id, amount, uuid, envelope_id, transaction_id) values(1899, -129.01, 'bc72b098-c983-3b78-8d39-0c25324818a6', 236, 1898);
insert into Transaction (DTYPE, id, amount, balance, checkNo, date, description, externalId, initialBalance, memo, ref, status, type, uuid, account_id, transfer_id) values('InternalTransaction', 1902, -29.53, 4078.50, '', '2009-11-30', 'IHOP #1507 PHOENIX AZ', '200911307', false, '11/28IHOP #150', '', 2, 1, 'ad0bf4a8-4b44-3fe1-88e7-e580e820437c', 229, null);
insert into Split (id, amount, uuid, envelope_id, transaction_id) values(1903, -29.53, 'f82c9466-f696-369b-99f8-08ee0e93ec3f', 295, 1902);
insert into Transaction (DTYPE, id, amount, balance, checkNo, date, description, externalId, initialBalance, memo, ref, status, type, uuid, account_id, transfer_id) values('InternalTransaction', 1904, -7.90, 2573.58, '', '2010-01-11', 'SOU THE HOME DEPOT 7308 678613', '2010011115', false, '01/09SOU THE H', '', 2, 1, '88a53fa7-3ee5-3a68-bbcd-2589f294c46b', 229, null);
insert into Split (id, amount, uuid, envelope_id, transaction_id) values(1905, -7.90, '3c5d89ed-7f02-34e3-b872-5d2367bb810d', 239, 1904);
insert into Transaction (DTYPE, id, amount, balance, checkNo, date, description, externalId, initialBalance, memo, ref, status, type, uuid, account_id, transfer_id) values('InternalTransaction', 1906, -39.59, 1458.76, '', '2010-03-15', 'SPROUTS FARMERS MKT #7 P658330', '201003154', false, '03/13SPROUTS F', '', 1, 1, 'a25a2133-e89a-36ba-840c-adfb49175a40', 229, null);
insert into Split (id, amount, uuid, envelope_id, transaction_id) values(1907, -39.59, 'f4ef7f54-66a2-36dc-bd67-c31e733d3a5a', 238, 1906);
insert into Transaction (DTYPE, id, amount, balance, checkNo, date, description, externalId, initialBalance, memo, ref, status, type, uuid, account_id, transfer_id) values('InternalTransaction', 1908, 35.51, 5242.43, '', '2010-03-19', 'Transfer from Available', 'null', false, '', '', 2, 0, '52c092c2-d181-35f1-949e-209a0a49f2a1', 229, 2406);
insert into Split (id, amount, uuid, envelope_id, transaction_id) values(1909, 35.51, 'b90c7507-45d2-36c0-9b98-00a1ef99ce08', 245, 1908);
insert into Transaction (DTYPE, id, amount, balance, checkNo, date, description, externalId, initialBalance, memo, ref, status, type, uuid, account_id, transfer_id) values('InternalTransaction', 1912, -175.00, 2942.64, '', '2010-02-22', 'IRS USATAXPYMT 2700', '201002221', false, '45300928447 WEB ID: 3387702000', '', 2, 1, '83d3b20d-b198-32a0-9d0f-326487b63f00', 229, null);
insert into Split (id, amount, uuid, envelope_id, transaction_id) values(1913, -175.00, '0e99542b-054c-3eb4-b3db-3ddc372b720d', 275, 1912);
insert into Transaction (DTYPE, id, amount, balance, checkNo, date, description, externalId, initialBalance, memo, ref, status, type, uuid, account_id, transfer_id) values('InternalTransaction', 1910, -5.61, 1591.23, '', '2010-03-15', 'MCDONALD''S F3250 TEMPE A', '2010031511', false, '03/13MCDONALD''', '', 1, 1, 'ddc9ac8c-5f45-30cc-9775-68452e29cabb', 229, null);
insert into Split (id, amount, uuid, envelope_id, transaction_id) values(1911, -5.61, 'e7ff1adf-f020-3c09-8e97-67a4c021dd36', 246, 1910);
insert into Transaction (DTYPE, id, amount, balance, checkNo, date, description, externalId, initialBalance, memo, ref, status, type, uuid, account_id, transfer_id) values('InternalTransaction', 1914, 7.30, 1799.74, '', '2010-03-11', 'Transfer from Available', 'null', false, '', '', 2, 0, '0df8d675-6a4e-3184-b8e4-a8f396ff8282', 229, 486);
insert into Split (id, amount, uuid, envelope_id, transaction_id) values(1915, 7.30, '90b4a8bc-f864-395d-be5b-914078470616', 246, 1914);
insert into Transaction (DTYPE, id, amount, balance, checkNo, date, description, externalId, initialBalance, memo, ref, status, type, uuid, account_id, transfer_id) values('InternalTransaction', 1918, -2.88, 3474.51, '', '2009-12-14', 'TACO BELL #18300183459 P', '2009121428', false, '12/11TACO BELL', '', 2, 1, 'ebd394c0-6da9-37b4-a2c1-1733e82b260f', 229, null);
insert into Split (id, amount, uuid, envelope_id, transaction_id) values(1919, -2.88, '39a28c10-404d-3476-85f1-2721f5355a02', 246, 1918);
insert into Transaction (DTYPE, id, amount, balance, checkNo, date, description, externalId, initialBalance, memo, ref, status, type, uuid, account_id, transfer_id) values('InternalTransaction', 1916, -61.65, 2514.14, '', '2009-12-14', 'NORDSTROM #381 CHANDLER', '200912149', false, '12/10NORDSTROM', '', 2, 1, '5c3d34d0-90c8-346e-af76-a0a755e2d5a9', 229, null);
insert into Split (id, amount, uuid, envelope_id, transaction_id) values(1917, -61.65, 'd2719e74-1cca-3bc3-8452-721ebc7bd2bf', 285, 1916);
insert into Transaction (DTYPE, id, amount, balance, checkNo, date, description, externalId, initialBalance, memo, ref, status, type, uuid, account_id, transfer_id) values('InternalTransaction', 1920, -113.69, 6329.73, '', '2010-03-19', 'Transfer to Auto Fuel', 'null', false, '', '', 2, 1, '9ac9f752-1ad4-30c7-b132-e43d8dc3cee0', 229, 2969);
insert into Split (id, amount, uuid, envelope_id, transaction_id) values(1921, -113.69, 'd23265dd-2df9-3b52-9981-9ed5fbc4cc97', 292, 1920);
insert into Transaction (DTYPE, id, amount, balance, checkNo, date, description, externalId, initialBalance, memo, ref, status, type, uuid, account_id, transfer_id) values('InternalTransaction', 1922, 448.74, 448.74, '', '2010-04-16', 'Transfer from Available', 'null', false, '', '', 2, 0, 'e2cb8c52-8adc-3971-a46e-1eb8902f6c6e', 228, 1074);
insert into Split (id, amount, uuid, envelope_id, transaction_id) values(1923, 448.74, '7604744a-ec7c-3b4b-9bc9-b7ebd3a64120', 264, 1922);
insert into Transaction (DTYPE, id, amount, balance, checkNo, date, description, externalId, initialBalance, memo, ref, status, type, uuid, account_id, transfer_id) values('InternalTransaction', 1924, -175.00, 4791.27, '', '2009-11-16', 'IRS USATAXPYMT 2709', '200911160', false, '72000266518 WEB ID: 3387702000', '', 2, 1, 'cb96cb09-b00d-3153-8d05-cc6e1ea4e014', 229, null);
insert into Split (id, amount, uuid, envelope_id, transaction_id) values(1925, -175.00, 'bb09058e-5d50-3a07-946e-2a9c35c1d85d', 275, 1924);
insert into Transaction (DTYPE, id, amount, balance, checkNo, date, description, externalId, initialBalance, memo, ref, status, type, uuid, account_id, transfer_id) values('InternalTransaction', 1930, 80.00, 3762.18, '', '2010-02-19', 'Transfer from Available', 'null', false, '', '', 2, 0, 'd3e17f1a-2bb1-3c09-824d-f5fb7717d9c9', 229, 2741);
insert into Split (id, amount, uuid, envelope_id, transaction_id) values(1931, 80.00, 'ab7c9bcd-d340-3462-93b3-481fe74f3ac8', 261, 1930);
insert into Transaction (DTYPE, id, amount, balance, checkNo, date, description, externalId, initialBalance, memo, ref, status, type, uuid, account_id, transfer_id) values('InternalTransaction', 1928, 0.00, 5242.43, '', '2010-03-19', 'Transfer from Available', 'null', false, '', '', 2, 1, 'd519a837-201b-3c1c-8b5d-ae9691490d19', 229, 2520);
insert into Split (id, amount, uuid, envelope_id, transaction_id) values(1929, 0.00, '93f3b603-362c-308e-99d0-0c88358d58da', 294, 1928);
insert into Transaction (DTYPE, id, amount, balance, checkNo, date, description, externalId, initialBalance, memo, ref, status, type, uuid, account_id, transfer_id) values('InternalTransaction', 1926, -156.00, 2360.37, '', '2010-04-02', 'Transfer to Spending', 'null', false, '', '', 2, 1, '25612140-0bb0-3ebf-b52d-709c015a7abc', 229, 818);
insert into Split (id, amount, uuid, envelope_id, transaction_id) values(1927, -156.00, '1ba1f111-861a-3ad6-a95e-d8980f0e48f1', 292, 1926);
insert into Transaction (DTYPE, id, amount, balance, checkNo, date, description, externalId, initialBalance, memo, ref, status, type, uuid, account_id, transfer_id) values('InternalTransaction', 1932, -5.37, 0.00, '', '2010-03-18', 'Transfer to Spending', 'null', false, '', '', 2, 1, '9c965f70-3c97-32a2-8da3-d1f8ae30219b', 228, 924);
insert into Split (id, amount, uuid, envelope_id, transaction_id) values(1933, -5.37, '947ea327-ff30-33f4-a88b-63474a553c28', 292, 1932);
insert into Transaction (DTYPE, id, amount, balance, checkNo, date, description, externalId, initialBalance, memo, ref, status, type, uuid, account_id, transfer_id) values('InternalTransaction', 1934, -7.20, 3866.38, '', '2010-03-25', 'DEL TACO #796/1901 W. N 739312', '201003252', false, '03/24DEL TACO', '', 1, 1, '4a8d816c-bb64-3ba5-b6a9-6bc0f80f7076', 229, null);
insert into Split (id, amount, uuid, envelope_id, transaction_id) values(1935, -7.20, 'd88f23b3-e2bd-3c8b-8113-b23be27f0e73', 246, 1934);
insert into Transaction (DTYPE, id, amount, balance, checkNo, date, description, externalId, initialBalance, memo, ref, status, type, uuid, account_id, transfer_id) values('InternalTransaction', 1940, -20.00, 0.00, '', '2010-02-23', 'Transfer to Lotto', 'null', false, '', '', 2, 1, '25bb512e-4286-380f-9264-f5d3f2f94db0', 228, 1172);
insert into Split (id, amount, uuid, envelope_id, transaction_id) values(1941, -20.00, '9c1e6fdc-1a61-3f7e-9340-9198bb6430ea', 252, 1940);
insert into Transaction (DTYPE, id, amount, balance, checkNo, date, description, externalId, initialBalance, memo, ref, status, type, uuid, account_id, transfer_id) values('InternalTransaction', 1938, -2.51, 4690.60, '', '2010-03-22', 'BARRY''S ACE HARDWARE PHO', '2010032216', false, '03/21BARRY''S A', '', 1, 1, '368c9893-36c3-320e-9a38-8e1a3bbcccd6', 229, null);
insert into Split (id, amount, uuid, envelope_id, transaction_id) values(1939, -2.51, '8b6239b3-6938-3023-bce2-705f91ce5d01', 239, 1938);
insert into Transaction (DTYPE, id, amount, balance, checkNo, date, description, externalId, initialBalance, memo, ref, status, type, uuid, account_id, transfer_id) values('InternalTransaction', 1936, -317.51, 3916.07, '', '2010-03-23', 'Transfer to Unassigned', 'null', false, '', '', 2, 1, 'a666e4dc-ddd6-31df-a10e-8195fa5eab4a', 229, 1742);
insert into Split (id, amount, uuid, envelope_id, transaction_id) values(1937, -317.51, '0dd36611-3d93-3998-afc0-54db999c7c63', 292, 1936);
insert into Transaction (DTYPE, id, amount, balance, checkNo, date, description, externalId, initialBalance, memo, ref, status, type, uuid, account_id, transfer_id) values('InternalTransaction', 1942, -9.03, 2406.91, '', '2009-12-29', '24 HOUR FITNESS 800-432-', '200912295', false, '12/2824 HOUR F', '', 2, 1, '6661e99d-651c-3c63-9ede-d646a425aa87', 229, null);
insert into Split (id, amount, uuid, envelope_id, transaction_id) values(1943, -9.03, 'f6a7bffe-c7d6-339d-8fe9-315bb0bd6446', 271, 1942);
insert into Transaction (DTYPE, id, amount, balance, checkNo, date, description, externalId, initialBalance, memo, ref, status, type, uuid, account_id, transfer_id) values('InternalTransaction', 1944, 138.08, 4042.94, '', '2010-03-30', 'Transfer from Available', 'null', false, '', '', 2, 0, '944cbf53-5107-3bf3-8ae7-eac06895d4fe', 229, 1738);
insert into Split (id, amount, uuid, envelope_id, transaction_id) values(1945, 138.08, 'a410c7ad-c98e-3da7-a342-69eeda38273a', 238, 1944);
insert into Transaction (DTYPE, id, amount, balance, checkNo, date, description, externalId, initialBalance, memo, ref, status, type, uuid, account_id, transfer_id) values('InternalTransaction', 1946, -16.71, 4306.01, '', '2009-12-14', 'GOLDEN RICE EXPRESS PHOE', '2009121419', false, '12/13GOLDEN RI', '', 2, 1, 'c1843024-3ed4-3543-aa03-170442dffa38', 229, null);
insert into Split (id, amount, uuid, envelope_id, transaction_id) values(1947, -16.71, '53e40317-51f4-3b70-83c8-5fb23c366c92', 295, 1946);
insert into Transaction (DTYPE, id, amount, balance, checkNo, date, description, externalId, initialBalance, memo, ref, status, type, uuid, account_id, transfer_id) values('InternalTransaction', 1952, -53.92, 0.00, '', '2010-04-21', 'Transfer to Available', 'null', false, '', '', 2, 1, '758fcfbe-9664-3516-bb81-c52720b8ef20', 228, 546);
insert into Split (id, amount, uuid, envelope_id, transaction_id) values(1953, -53.92, '4114b218-ac01-3a4e-b631-8cf0fbe12e0a', 264, 1952);
insert into Transaction (DTYPE, id, amount, balance, checkNo, date, description, externalId, initialBalance, memo, ref, status, type, uuid, account_id, transfer_id) values('InternalTransaction', 1950, 150.00, 1501.69, '', '2009-12-21', 'ATM CHECK DEPOSIT', '200912210', false, '', '', 2, 0, '0c378dad-d978-3785-9f98-30cf79192069', 229, null);
insert into Split (id, amount, uuid, envelope_id, transaction_id) values(1951, 150.00, 'f5ae61b2-f117-3b63-b677-df67b2d83b87', 292, 1950);
insert into Transaction (DTYPE, id, amount, balance, checkNo, date, description, externalId, initialBalance, memo, ref, status, type, uuid, account_id, transfer_id) values('InternalTransaction', 1948, 163.00, 4349.84, '', '2010-03-05', 'Transfer from Available', 'null', false, '', '', 2, 0, '7d3e3cb3-d8df-3d53-b6ff-933dc370cbf0', 229, 586);
insert into Split (id, amount, uuid, envelope_id, transaction_id) values(1949, 163.00, 'a2f11849-0ffe-3000-a45b-6a775a04e9d6', 258, 1948);
insert into Transaction (DTYPE, id, amount, balance, checkNo, date, description, externalId, initialBalance, memo, ref, status, type, uuid, account_id, transfer_id) values('InternalTransaction', 1956, -19.48, 4507.39, '', '2009-11-16', 'COSTCO WHSE #0665 PHOENI285803', '200911166', false, '11/14COSTCO WH', '', 2, 1, '8f0a5547-9007-36da-98ae-cdbb8d64d189', 229, null);
insert into Split (id, amount, uuid, envelope_id, transaction_id) values(1957, -19.48, 'd7d29460-bf16-3d43-81e2-eca6c92eed59', 252, 1956);
insert into Transaction (DTYPE, id, amount, balance, checkNo, date, description, externalId, initialBalance, memo, ref, status, type, uuid, account_id, transfer_id) values('InternalTransaction', 1954, 21.38, 1821.12, '', '2010-03-11', 'Transfer from Available', 'null', false, '', '', 2, 0, '196829bc-aea9-3e82-8b32-2685c73da86a', 229, 1684);
insert into Split (id, amount, uuid, envelope_id, transaction_id) values(1955, 21.38, '991ebe09-579b-3550-ba06-8b43dbc3f1ca', 264, 1954);
insert into Transaction (DTYPE, id, amount, balance, checkNo, date, description, externalId, initialBalance, memo, ref, status, type, uuid, account_id, transfer_id) values('InternalTransaction', 1958, -9.74, 2303.48, '', '2009-12-30', 'WALGREEN COMPANY NWC OF 231140', '200912303', false, '12/29WALGREEN', '', 2, 1, '3617024d-5001-36a0-b294-9a5942e15925', 229, null);
insert into Split (id, amount, uuid, envelope_id, transaction_id) values(1959, -9.74, 'd7ada24e-7676-3d45-8d25-d83d133208de', 277, 1958);
insert into Transaction (DTYPE, id, amount, balance, checkNo, date, description, externalId, initialBalance, memo, ref, status, type, uuid, account_id, transfer_id) values('InternalTransaction', 1960, -20.00, 801.75, '', '2010-04-13', 'Transfer to Hair Services', 'null', false, '', '', 2, 1, 'ddfd5d84-111e-3df4-a136-1a050005fb2a', 229, 2180);
insert into Split (id, amount, uuid, envelope_id, transaction_id) values(1961, -20.00, 'd3260274-afa0-38fd-993c-a10d1fd921ee', 292, 1960);
insert into Transaction (DTYPE, id, amount, balance, checkNo, date, description, externalId, initialBalance, memo, ref, status, type, uuid, account_id, transfer_id) values('InternalTransaction', 1962, 4.98, 3581.56, '', '2010-04-02', 'Transfer from Available', 'null', false, '', '', 2, 0, 'dca45819-f6d1-32a9-b094-4d6304ef89bd', 229, 1364);
insert into Split (id, amount, uuid, envelope_id, transaction_id) values(1963, 4.98, '0aeb2a7a-c274-368d-87f9-cef2a8fb5217', 232, 1962);
insert into Transaction (DTYPE, id, amount, balance, checkNo, date, description, externalId, initialBalance, memo, ref, status, type, uuid, account_id, transfer_id) values('InternalTransaction', 1964, -21.51, 0.00, '', '2010-03-03', 'Transfer to Available', 'null', false, '', '', 2, 1, '0a2f51e5-ceec-3c06-839b-5498847e97bd', 228, 470);
insert into Split (id, amount, uuid, envelope_id, transaction_id) values(1965, -21.51, '0a38b769-1988-3ac8-9456-bb411078e7f6', 264, 1964);
insert into Transaction (DTYPE, id, amount, balance, checkNo, date, description, externalId, initialBalance, memo, ref, status, type, uuid, account_id, transfer_id) values('InternalTransaction', 1966, -9.87, 1596.84, '', '2010-03-15', 'PAYPAL INST XFER 4E82', '2010031510', false, '245TLTKVA WEB ID: PAYPALSI66', '', 1, 1, 'da606966-8744-3639-bc45-7f6f739d43bb', 229, null);
insert into Split (id, amount, uuid, envelope_id, transaction_id) values(1967, -9.87, '7f1f10ac-66ca-34ed-845e-80c6b4b150b3', 252, 1966);
insert into Transaction (DTYPE, id, amount, balance, checkNo, date, description, externalId, initialBalance, memo, ref, status, type, uuid, account_id, transfer_id) values('InternalTransaction', 1968, -21.10, 4481.51, '', '2009-11-30', 'WAL-MART #2113 CHRISTOWN472837', '2009113010', false, '11/29WAL-MART', '', 2, 1, '3f0c5e79-f963-38d3-9f6a-d8fd59432454', 229, null);
insert into Split (id, amount, uuid, envelope_id, transaction_id) values(1969, -21.10, '3aaafd04-2e35-3381-83d3-d3b27d01450a', 239, 1968);
insert into Transaction (DTYPE, id, amount, balance, checkNo, date, description, externalId, initialBalance, memo, ref, status, type, uuid, account_id, transfer_id) values('InternalTransaction', 1970, -154.66, 2024.23, '', '2010-04-02', 'Transfer to VW Credit', 'null', false, '', '', 2, 1, 'd814d947-52af-377e-9628-7a8bdc643d14', 229, 440);
insert into Split (id, amount, uuid, envelope_id, transaction_id) values(1971, -154.66, 'c8f1ef52-bf92-392d-899b-ac5dfe64763e', 292, 1970);
insert into Transaction (DTYPE, id, amount, balance, checkNo, date, description, externalId, initialBalance, memo, ref, status, type, uuid, account_id, transfer_id) values('InternalTransaction', 1972, 83.11, 83.11, '', '2010-03-30', 'Transfer from Household', 'null', false, '', '', 2, 0, '23b29a09-1fff-3b0d-8f9b-378d7f1d08ce', 228, 1424);
insert into Split (id, amount, uuid, envelope_id, transaction_id) values(1973, 83.11, '380da863-7813-34db-8864-36d80a7e2abb', 242, 1972);
insert into Transaction (DTYPE, id, amount, balance, checkNo, date, description, externalId, initialBalance, memo, ref, status, type, uuid, account_id, transfer_id) values('InternalTransaction', 1974, 160.00, 160.00, '', '2010-03-09', 'Transfer from Rental', 'null', false, '', '', 2, 0, '933a229d-d635-3bec-848d-e55d50d64ff1', 228, 1622);
insert into Split (id, amount, uuid, envelope_id, transaction_id) values(1975, 160.00, '4721e61e-6f50-34d8-9f00-ff8e129c695e', 292, 1974);
insert into Transaction (DTYPE, id, amount, balance, checkNo, date, description, externalId, initialBalance, memo, ref, status, type, uuid, account_id, transfer_id) values('InternalTransaction', 1976, 15.45, 15.45, '', '2010-03-03', 'Transfer from Spending', 'null', false, '', '', 2, 0, '695cde55-dde6-3769-871e-c952554ba632', 228, 1374);
insert into Split (id, amount, uuid, envelope_id, transaction_id) values(1977, 15.45, 'efb2bcd1-ca40-3274-a7d8-1ea5460e75d7', 292, 1976);
insert into Transaction (DTYPE, id, amount, balance, checkNo, date, description, externalId, initialBalance, memo, ref, status, type, uuid, account_id, transfer_id) values('InternalTransaction', 1980, -4.32, 4687.49, '', '2009-11-16', '#00952 ALBERTSONS PHOENI788489', '2009111613', false, '11/14#00952 AL', '', 2, 1, 'e70ef241-9700-3a1f-a916-7909070d97bd', 229, null);
insert into Split (id, amount, uuid, envelope_id, transaction_id) values(1981, -4.32, '22bef1ca-a3bd-32ba-86d7-f623f6e722f1', 238, 1980);
insert into Transaction (DTYPE, id, amount, balance, checkNo, date, description, externalId, initialBalance, memo, ref, status, type, uuid, account_id, transfer_id) values('InternalTransaction', 1978, -7.21, 1546.31, '', '2010-04-21', 'JACK IN THE BOX 131 TEMP', '201004211', false, '04/20JACK IN T', '', 1, 1, 'b3b75536-6800-3ff5-b5e0-5d004f88aa06', 229, null);
insert into Split (id, amount, uuid, envelope_id, transaction_id) values(1979, -7.21, '31614ff1-b41d-3494-906a-7c4b7cb8460c', 246, 1978);
insert into Transaction (DTYPE, id, amount, balance, checkNo, date, description, externalId, initialBalance, memo, ref, status, type, uuid, account_id, transfer_id) values('InternalTransaction', 1984, -25.00, 5499.83, '', '2010-03-19', 'Transfer to Household', 'null', false, '', '', 2, 1, 'c66fbe46-0869-3fd8-849c-24ce98896518', 229, 1004);
insert into Split (id, amount, uuid, envelope_id, transaction_id) values(1985, -25.00, '26618072-489d-3a7b-abfa-0b1c7404b6f2', 292, 1984);
insert into Transaction (DTYPE, id, amount, balance, checkNo, date, description, externalId, initialBalance, memo, ref, status, type, uuid, account_id, transfer_id) values('InternalTransaction', 1982, -14.97, 4476.89, '', '2009-11-16', 'EASYNEWS.COM 866-396-397', '200911168', false, '11/14EASYNEWS.', '', 2, 1, '71eb4a33-2c7e-3d5c-bbc5-4ad03f262042', 229, null);
insert into Split (id, amount, uuid, envelope_id, transaction_id) values(1983, -14.97, 'c5bee14f-c556-3d3b-b1e6-025989a25e98', 254, 1982);
insert into Transaction (DTYPE, id, amount, balance, checkNo, date, description, externalId, initialBalance, memo, ref, status, type, uuid, account_id, transfer_id) values('InternalTransaction', 1986, 57.49, 57.49, '', '2010-04-21', 'Transfer from Spending', 'null', false, '', '', 2, 0, '13b9a5a7-85d9-3207-8d0b-f82426697193', 228, 1418);
insert into Split (id, amount, uuid, envelope_id, transaction_id) values(1987, 57.49, '60bf5ea0-2320-33e8-90a3-162505e4588b', 292, 1986);
insert into Transaction (DTYPE, id, amount, balance, checkNo, date, description, externalId, initialBalance, memo, ref, status, type, uuid, account_id, transfer_id) values('InternalTransaction', 1990, -10.26, 0.00, '', '2010-03-11', 'Transfer to Eating Out', 'null', false, '', '', 2, 1, '740b3398-7e61-35f6-b286-c4f4a361a80b', 228, 2402);
insert into Split (id, amount, uuid, envelope_id, transaction_id) values(1991, -10.26, '2d50115f-156b-3bdc-b3ee-e72a237afb54', 292, 1990);
insert into Transaction (DTYPE, id, amount, balance, checkNo, date, description, externalId, initialBalance, memo, ref, status, type, uuid, account_id, transfer_id) values('InternalTransaction', 1988, 1441.12, 8670.84, '', '2010-02-16', 'Transfer from Available', 'null', false, '', '', 0, 0, '2958247f-b2b7-3a36-8748-02f230349966', 229, 2917);
insert into Split (id, amount, uuid, envelope_id, transaction_id) values(1989, 1441.12, 'd540b532-5d00-3636-bfa3-485580d5110b', 242, 1988);
insert into Transaction (DTYPE, id, amount, balance, checkNo, date, description, externalId, initialBalance, memo, ref, status, type, uuid, account_id, transfer_id) values('InternalTransaction', 1992, 2103.71, 2954.99, '', '2010-03-05', 'DIFFUSION GROUP PAYROLL PPD', '201003050', false, '', '', 1, 0, 'd5b0bea6-d06a-3449-a14a-6bc1234e0366', 229, null);
insert into Split (id, amount, uuid, envelope_id, transaction_id) values(1993, 2103.71, 'a3d92a4f-c565-3f48-a858-35686e1ddd28', 292, 1992);
insert into Transaction (DTYPE, id, amount, balance, checkNo, date, description, externalId, initialBalance, memo, ref, status, type, uuid, account_id, transfer_id) values('InternalTransaction', 1994, -80.00, 4711.27, '282', '2009-11-16', 'Annette Trijillo', '200911161', false, '', '', 2, 1, '73a756bd-821e-3165-8af5-667ae762fb0b', 229, null);
insert into Split (id, amount, uuid, envelope_id, transaction_id) values(1995, -80.00, '729cdff2-5c52-33d8-aed0-d6e761c3e11c', 261, 1994);
insert into Transaction (DTYPE, id, amount, balance, checkNo, date, description, externalId, initialBalance, memo, ref, status, type, uuid, account_id, transfer_id) values('InternalTransaction', 1996, 5.77, 3587.33, '', '2010-04-02', 'Transfer from Available', 'null', false, '', '', 2, 0, 'ea5be750-12b6-3295-8b84-7b9a4942093d', 229, 2404);
insert into Split (id, amount, uuid, envelope_id, transaction_id) values(1997, 5.77, '48486947-d506-389f-b233-fe6ad7da3231', 293, 1996);
insert into Transaction (DTYPE, id, amount, balance, checkNo, date, description, externalId, initialBalance, memo, ref, status, type, uuid, account_id, transfer_id) values('InternalTransaction', 2000, -36.49, 1391.85, '', '2009-12-18', 'EBAYS HALF.COM 800-545-9', '200912182', false, '12/17EBAYS HAL', '', 2, 1, '134adae0-34eb-343e-ad0c-521636cecc14', 229, null);
insert into Split (id, amount, uuid, envelope_id, transaction_id) values(2001, -36.49, '2c91bd83-7291-3ab0-a23a-3f6a7b78176b', 280, 2000);
insert into Transaction (DTYPE, id, amount, balance, checkNo, date, description, externalId, initialBalance, memo, ref, status, type, uuid, account_id, transfer_id) values('InternalTransaction', 1998, -154.56, 2524.77, '', '2010-02-26', 'FRY''S ELECTRONICS #0 017021', '201002261', false, '02/25FRY''S ELE', '', 1, 1, 'a0785ecb-f212-3537-b31a-93a404b7043d', 229, null);
insert into Split (id, amount, uuid, envelope_id, transaction_id) values(1999, -154.56, '7dcccc93-854c-378f-9a88-8b2c27d7f83a', 249, 1998);
insert into Transaction (DTYPE, id, amount, balance, checkNo, date, description, externalId, initialBalance, memo, ref, status, type, uuid, account_id, transfer_id) values('InternalTransaction', 2002, -65.00, 3910.63, '', '2010-02-16', 'Transfer to Massage', 'null', false, '', '', 0, 1, '36efb084-433d-35c3-8c6b-e97834234d25', 229, 1442);
insert into Split (id, amount, uuid, envelope_id, transaction_id) values(2003, -65.00, '42def21b-7e7f-34d9-b557-576c4eed0fc9', 292, 2002);
insert into Transaction (DTYPE, id, amount, balance, checkNo, date, description, externalId, initialBalance, memo, ref, status, type, uuid, account_id, transfer_id) values('InternalTransaction', 2006, -94.60, 17791.04, '', '2010-02-16', 'Transfer to Arrowhead Water', 'null', false, '', '', 0, 1, 'fd9c7311-7ccc-3d1b-af31-a6280bf68ad9', 229, 734);
insert into Split (id, amount, uuid, envelope_id, transaction_id) values(2007, -94.60, '29c07e16-9e73-3156-b8e8-4e784702eca3', 292, 2006);
insert into Transaction (DTYPE, id, amount, balance, checkNo, date, description, externalId, initialBalance, memo, ref, status, type, uuid, account_id, transfer_id) values('InternalTransaction', 2004, -163.00, 4149.07, '', '2010-04-16', 'Transfer to Lofts @ Arcadia', 'null', false, '', '', 2, 1, '4e166db2-348c-3341-b3d2-fb98752cf23a', 229, 1228);
insert into Split (id, amount, uuid, envelope_id, transaction_id) values(2005, -163.00, '170b47c0-b7d1-3fbf-9c4f-5d22e46482d7', 292, 2004);
insert into Transaction (DTYPE, id, amount, balance, checkNo, date, description, externalId, initialBalance, memo, ref, status, type, uuid, account_id, transfer_id) values('InternalTransaction', 2008, -154.66, 3944.99, '', '2010-03-05', 'Transfer to VW Credit', 'null', false, '', '', 2, 1, 'ee959855-f796-38df-8ea5-7fb23d12c86f', 229, 2797);
insert into Split (id, amount, uuid, envelope_id, transaction_id) values(2009, -154.66, '6635c556-6695-34e3-b85f-1b0956046dc5', 292, 2008);
insert into Transaction (DTYPE, id, amount, balance, checkNo, date, description, externalId, initialBalance, memo, ref, status, type, uuid, account_id, transfer_id) values('InternalTransaction', 2014, -15.95, 3799.31, '', '2010-02-19', 'Transfer to Sirius', 'null', false, '', '', 2, 1, 'bd2a4043-3c96-36a8-818a-009d099296ed', 229, 2066);
insert into Split (id, amount, uuid, envelope_id, transaction_id) values(2015, -15.95, '8c7b5bfc-34f0-356e-b9ac-baa5b3ae1ebf', 292, 2014);
insert into Transaction (DTYPE, id, amount, balance, checkNo, date, description, externalId, initialBalance, memo, ref, status, type, uuid, account_id, transfer_id) values('InternalTransaction', 2012, -175.00, 7098.03, '', '2010-03-20', 'IRS USATAXPYMT 2700', '201003226', false, '', '', 1, 1, '922fb0c5-175b-38c5-9850-5fba7b93c324', 229, null);
insert into Split (id, amount, uuid, envelope_id, transaction_id) values(2013, -175.00, '148e218e-59ab-3d81-ab71-c565077453e2', 275, 2012);
insert into Transaction (DTYPE, id, amount, balance, checkNo, date, description, externalId, initialBalance, memo, ref, status, type, uuid, account_id, transfer_id) values('InternalTransaction', 2010, -1.05, 3865.33, '', '2010-03-25', 'THE HOME DEPOT 468 PHOEN785742', '201003253', false, '03/24THE HOME', '', 1, 1, '17d60da1-2e99-3616-8f3f-b1e1f4beaecd', 229, null);
insert into Split (id, amount, uuid, envelope_id, transaction_id) values(2011, -1.05, 'c94daccb-1d09-3a89-83a0-b599b140471c', 239, 2010);
insert into Transaction (DTYPE, id, amount, balance, checkNo, date, description, externalId, initialBalance, memo, ref, status, type, uuid, account_id, transfer_id) values('InternalTransaction', 2016, 43.55, 43.55, '', '2010-04-06', 'Transfer from Spending', 'null', false, '', '', 2, 0, 'b15e6d0f-45d6-3829-af8a-60d9e652556d', 228, 1002);
insert into Split (id, amount, uuid, envelope_id, transaction_id) values(2017, 43.55, '12c297bc-367e-39f1-8217-69dcec485936', 292, 2016);
insert into Transaction (DTYPE, id, amount, balance, checkNo, date, description, externalId, initialBalance, memo, ref, status, type, uuid, account_id, transfer_id) values('InternalTransaction', 2020, 1.51, 1.51, '', '2010-03-30', 'Transfer from Available', 'null', false, '', '', 2, 0, '9ab118b0-66b9-342d-a680-be36f9a59802', 228, 928);
insert into Split (id, amount, uuid, envelope_id, transaction_id) values(2021, 1.51, '55d3508a-5d09-34e2-86d9-e7b2a52678ac', 277, 2020);
insert into Transaction (DTYPE, id, amount, balance, checkNo, date, description, externalId, initialBalance, memo, ref, status, type, uuid, account_id, transfer_id) values('InternalTransaction', 2018, -2.16, 1466.14, '', '2010-04-06', 'Transfer to Fast Food', 'null', false, '', '', 2, 1, 'a68642d1-9758-357c-b26b-f2b64be4c166', 229, 1144);
insert into Split (id, amount, uuid, envelope_id, transaction_id) values(2019, -2.16, '0bb8d736-1b6b-3428-9f95-a733a2325455', 292, 2018);
insert into Transaction (DTYPE, id, amount, balance, checkNo, date, description, externalId, initialBalance, memo, ref, status, type, uuid, account_id, transfer_id) values('InternalTransaction', 2024, 20.00, 20.00, '', '2010-03-12', 'Transfer from Available', 'null', false, '', '', 2, 0, '36050646-6a33-369b-8ac2-c50117773385', 228, 1676);
insert into Split (id, amount, uuid, envelope_id, transaction_id) values(2025, 20.00, '88952787-9874-38e8-b06d-6243718a2c7e', 250, 2024);
insert into Transaction (DTYPE, id, amount, balance, checkNo, date, description, externalId, initialBalance, memo, ref, status, type, uuid, account_id, transfer_id) values('InternalTransaction', 2022, -29.76, 2508.21, '', '2010-01-25', 'OFFICE MAX 9201 N 29TH P644794', '201001258', false, '01/22OFFICE MA', '', 2, 1, '2d46f72b-5f52-3b8f-9bb7-430d3ebbe338', 229, null);
insert into Split (id, amount, uuid, envelope_id, transaction_id) values(2023, -29.76, 'b48b978c-cd41-34d5-81a1-5269cb8e9301', 239, 2022);
insert into Transaction (DTYPE, id, amount, balance, checkNo, date, description, externalId, initialBalance, memo, ref, status, type, uuid, account_id, transfer_id) values('InternalTransaction', 2026, -109.75, 2370.39, '', '2010-03-08', 'FRYS FOOD & DRUG 1815 G', '201003083', false, '03/06FRYS FOOD Purcha', '', 1, 1, 'f12a506f-af60-3c80-a3c6-23e852bd0035', 229, null);
insert into Split (id, amount, uuid, envelope_id, transaction_id) values(2027, -109.75, '823d0741-1ff0-341f-aa74-44ab8a59f345', 238, 2026);
insert into Transaction (DTYPE, id, amount, balance, checkNo, date, description, externalId, initialBalance, memo, ref, status, type, uuid, account_id, transfer_id) values('InternalTransaction', 2028, 25.00, 3612.33, '', '2010-04-02', 'Transfer from Available', 'null', false, '', '', 2, 0, '5269d667-7242-3cf1-ae11-4357cd7324d3', 229, 2887);
insert into Split (id, amount, uuid, envelope_id, transaction_id) values(2029, 25.00, 'c2cbdfd4-3ef5-3493-9790-3e944c580c58', 277, 2028);
insert into Transaction (DTYPE, id, amount, balance, checkNo, date, description, externalId, initialBalance, memo, ref, status, type, uuid, account_id, transfer_id) values('InternalTransaction', 2032, -80.00, 2596.96, '', '2010-04-02', 'Transfer to Housekeeping', 'null', false, '', '', 2, 1, '619b200e-b0ae-3ce7-8897-fde5570d871b', 229, 1856);
insert into Split (id, amount, uuid, envelope_id, transaction_id) values(2033, -80.00, 'b2532bbd-5a64-3833-bcfa-26821694c06a', 292, 2032);
insert into Transaction (DTYPE, id, amount, balance, checkNo, date, description, externalId, initialBalance, memo, ref, status, type, uuid, account_id, transfer_id) values('InternalTransaction', 2030, 34.93, 8705.77, '', '2010-02-16', 'Transfer from Available', 'null', false, '', '', 0, 0, 'c3a50c59-853d-3f8d-bf4a-a0260db62977', 229, 1354);
insert into Split (id, amount, uuid, envelope_id, transaction_id) values(2031, 34.93, '20790d91-c1ee-392f-8055-4084378f781e', 254, 2030);
insert into Transaction (DTYPE, id, amount, balance, checkNo, date, description, externalId, initialBalance, memo, ref, status, type, uuid, account_id, transfer_id) values('InternalTransaction', 2038, -75.67, 3385.65, '', '2009-11-23', 'CNS IKEA TEMPE 8315 847889', '200911233', false, '11/22CNS IKEA', '', 2, 1, '304e22b1-049e-357d-8abe-15f45898ebf8', 229, null);
insert into Split (id, amount, uuid, envelope_id, transaction_id) values(2039, -75.67, 'ed113667-0683-3ab8-8384-6f798dabf2f3', 235, 2038);
insert into Transaction (DTYPE, id, amount, balance, checkNo, date, description, externalId, initialBalance, memo, ref, status, type, uuid, account_id, transfer_id) values('InternalTransaction', 2036, 147.24, 8853.01, '', '2010-02-16', 'Transfer from Available', 'null', false, '', '', 0, 0, 'bedf0110-4a08-3a80-9ad4-72cbf6d2f746', 229, 2232);
insert into Split (id, amount, uuid, envelope_id, transaction_id) values(2037, 147.24, '70753c50-02d6-3dae-85c4-0306f7d193eb', 271, 2036);
insert into Transaction (DTYPE, id, amount, balance, checkNo, date, description, externalId, initialBalance, memo, ref, status, type, uuid, account_id, transfer_id) values('InternalTransaction', 2034, -175.00, 2900.42, '', '2010-04-16', 'Transfer to Taxes', 'null', false, '', '', 2, 1, 'b9973c4f-5ae1-3938-ac37-eb3cc504bb78', 229, 322);
insert into Split (id, amount, uuid, envelope_id, transaction_id) values(2035, -175.00, '05fa1e0c-9238-36ed-8c95-cb51920d96cc', 292, 2034);
insert into Transaction (DTYPE, id, amount, balance, checkNo, date, description, externalId, initialBalance, memo, ref, status, type, uuid, account_id, transfer_id) values('InternalTransaction', 2042, 1725.90, 1725.90, '', '2010-03-20', 'Transfer from Available', 'null', false, '', '', 2, 0, 'e390fced-e03a-3c58-ae88-de73782c50b1', 228, 2186);
insert into Split (id, amount, uuid, envelope_id, transaction_id) values(2043, 1725.90, '82a69e24-6e75-3cbe-8e73-5d7785ced05a', 248, 2042);
insert into Transaction (DTYPE, id, amount, balance, checkNo, date, description, externalId, initialBalance, memo, ref, status, type, uuid, account_id, transfer_id) values('InternalTransaction', 2040, -8.60, 2767.69, '', '2010-02-22', 'THE HOME DEPOT 477 PHOEN252736', '201002229', false, '02/20THE HOME', '', 2, 1, '7160db7e-78df-3782-882a-0d54d24bf474', 229, null);
insert into Split (id, amount, uuid, envelope_id, transaction_id) values(2041, -8.60, 'd2294e89-1ceb-38e8-bfbd-3ee5e2d96a23', 239, 2040);
insert into Transaction (DTYPE, id, amount, balance, checkNo, date, description, externalId, initialBalance, memo, ref, status, type, uuid, account_id, transfer_id) values('InternalTransaction', 2044, -53.04, 1695.06, '', '2010-01-11', 'FRYS FOOD & DRUG 1815 G', '201001118', false, '01/09FRYS FOOD Purcha', '', 2, 1, '41eb510f-c35b-30f5-97ce-d58d90f516df', 229, null);
insert into Split (id, amount, uuid, envelope_id, transaction_id) values(2045, -53.04, 'd2c706d1-f8ef-358a-8a26-c5dd9c0c8fdb', 238, 2044);
insert into Transaction (DTYPE, id, amount, balance, checkNo, date, description, externalId, initialBalance, memo, ref, status, type, uuid, account_id, transfer_id) values('InternalTransaction', 2046, -0.32, 1297.60, '', '2010-04-07', 'Transfer to Auto Fuel', 'null', false, '', '', 2, 1, 'd1919f15-fa2c-3d68-b5bc-8997d9e28b4c', 229, 1422);
insert into Split (id, amount, uuid, envelope_id, transaction_id) values(2047, -0.32, 'f2983345-00d0-39e4-83f0-b48cfd0d7339', 292, 2046);
insert into Transaction (DTYPE, id, amount, balance, checkNo, date, description, externalId, initialBalance, memo, ref, status, type, uuid, account_id, transfer_id) values('InternalTransaction', 2048, 38.21, 1447.49, '', '2010-04-06', 'Transfer from Available', 'null', false, '', '', 2, 0, 'f68f810a-126a-3bb2-a071-00e8b65cd363', 229, 1872);
insert into Split (id, amount, uuid, envelope_id, transaction_id) values(2049, 38.21, 'e8e102a5-9286-3d7d-9ef2-861077a008bd', 264, 2048);
insert into Transaction (DTYPE, id, amount, balance, checkNo, date, description, externalId, initialBalance, memo, ref, status, type, uuid, account_id, transfer_id) values('InternalTransaction', 2054, 142.12, 1277.16, '', '2010-02-16', 'Transfer from Available', 'null', false, '', '', 0, 0, 'dd2bad69-451e-3de3-86a4-1e789435594b', 229, 376);
insert into Split (id, amount, uuid, envelope_id, transaction_id) values(2055, 142.12, '16a15ef9-aa02-3448-9d88-3c9fcb0b2737', 245, 2054);
insert into Transaction (DTYPE, id, amount, balance, checkNo, date, description, externalId, initialBalance, memo, ref, status, type, uuid, account_id, transfer_id) values('InternalTransaction', 2052, -3.25, 5689.84, '', '2009-12-11', '24 HOUR FITNESS #869 CAR', '2009121111', false, '12/0924 HOUR F', '', 2, 1, 'dd2362e5-6849-354f-8a74-146943e8b941', 229, null);
insert into Split (id, amount, uuid, envelope_id, transaction_id) values(2053, -3.25, '939fa640-8525-3b0d-b620-8ff9836d55ae', 271, 2052);
insert into Transaction (DTYPE, id, amount, balance, checkNo, date, description, externalId, initialBalance, memo, ref, status, type, uuid, account_id, transfer_id) values('InternalTransaction', 2050, -65.00, 3127.59, '', '2010-02-19', 'Transfer to Verizon Wireless', 'null', false, '', '', 2, 1, '7585668f-f36d-3456-9f3d-3d726f34179e', 229, 2534);
insert into Split (id, amount, uuid, envelope_id, transaction_id) values(2051, -65.00, 'f3b08cdb-b31d-35a3-93c6-a5ec5c74378e', 292, 2050);
insert into Transaction (DTYPE, id, amount, balance, checkNo, date, description, externalId, initialBalance, memo, ref, status, type, uuid, account_id, transfer_id) values('InternalTransaction', 2056, 4.13, 5246.56, '', '2010-03-19', 'Transfer from Available', 'null', false, '', '', 2, 0, '6072508d-e6f0-30e8-b84e-f2f8476f7e9a', 229, 524);
insert into Split (id, amount, uuid, envelope_id, transaction_id) values(2057, 4.13, '5b23fb0b-8caa-3286-9e4e-f7f72a62d74c', 263, 2056);
insert into Transaction (DTYPE, id, amount, balance, checkNo, date, description, externalId, initialBalance, memo, ref, status, type, uuid, account_id, transfer_id) values('InternalTransaction', 2058, 80.00, 4019.13, '', '2010-04-16', 'Transfer from Available', 'null', false, '', '', 2, 0, '210a8d01-ded1-3de8-95fc-02a061ed9818', 229, 2622);
insert into Split (id, amount, uuid, envelope_id, transaction_id) values(2059, 80.00, '718317dd-49bb-32a7-88e9-f5b0112bce16', 261, 2058);
insert into Transaction (DTYPE, id, amount, balance, checkNo, date, description, externalId, initialBalance, memo, ref, status, type, uuid, account_id, transfer_id) values('InternalTransaction', 2060, -55.94, 0.00, '', '2010-04-23', 'Transfer to Available', 'null', false, '', '', 2, 1, '3b6fee47-339b-3d79-8365-b86b1aaf3ead', 228, 1020);
insert into Split (id, amount, uuid, envelope_id, transaction_id) values(2061, -55.94, '2b50795c-3c16-3c54-97bb-d77cca48828d', 252, 2060);
insert into Transaction (DTYPE, id, amount, balance, checkNo, date, description, externalId, initialBalance, memo, ref, status, type, uuid, account_id, transfer_id) values('InternalTransaction', 2062, -21.49, 2822.49, '', '2010-02-22', 'FRYS FOOD & DRUG 1815 G 624802', '201002224', false, '02/21FRYS FOOD', '', 2, 1, 'a28c1705-8a70-3c14-bffd-86d07145c7db', 229, null);
insert into Split (id, amount, uuid, envelope_id, transaction_id) values(2063, -21.49, '678fc298-8bb0-3658-ab90-cbd0d5916bf3', 238, 2062);
insert into Transaction (DTYPE, id, amount, balance, checkNo, date, description, externalId, initialBalance, memo, ref, status, type, uuid, account_id, transfer_id) values('InternalTransaction', 2064, -49.00, 1428.34, '', '2009-12-18', 'MASSAGE ENVY 0011 480-83', '200912181', false, '12/16MASSAGE E', '', 2, 1, '86f5c2a0-8ec2-3066-9a3a-f1987b1bc18d', 229, null);
insert into Split (id, amount, uuid, envelope_id, transaction_id) values(2065, -49.00, '043cc899-c695-3c80-9139-9a6ffeda832d', 279, 2064);
insert into Transaction (DTYPE, id, amount, balance, checkNo, date, description, externalId, initialBalance, memo, ref, status, type, uuid, account_id, transfer_id) values('InternalTransaction', 2066, 15.95, 3783.90, '', '2010-02-19', 'Transfer from Available', 'null', false, '', '', 2, 0, '158304d4-c3ec-3204-9778-863773928623', 229, 2014);
insert into Split (id, amount, uuid, envelope_id, transaction_id) values(2067, 15.95, '7e0740b8-b1ac-39de-898b-a09ddb2a7233', 233, 2066);
insert into Transaction (DTYPE, id, amount, balance, checkNo, date, description, externalId, initialBalance, memo, ref, status, type, uuid, account_id, transfer_id) values('InternalTransaction', 2068, -60.00, 5526.60, '256', '2009-12-11', 'Annette Trijillo', '200912113', false, '', '', 2, 1, '8e80ae45-fba4-3530-9ac7-9d11b0b7340e', 229, null);
insert into Split (id, amount, uuid, envelope_id, transaction_id) values(2069, -60.00, '2e523d8f-3be3-3377-9ef9-dd1450b3a3b4', 261, 2068);
insert into Transaction (DTYPE, id, amount, balance, checkNo, date, description, externalId, initialBalance, memo, ref, status, type, uuid, account_id, transfer_id) values('InternalTransaction', 2072, 75.00, 1210.04, '', '2010-02-16', 'Transfer from Available', 'null', false, '', '', 0, 0, '5f1d156e-56b2-36bf-8cbc-8390dd41e3ed', 229, 652);
insert into Split (id, amount, uuid, envelope_id, transaction_id) values(2073, 75.00, '8297533c-d84d-3720-bbd1-7f7c910695ee', 268, 2072);
insert into Transaction (DTYPE, id, amount, balance, checkNo, date, description, externalId, initialBalance, memo, ref, status, type, uuid, account_id, transfer_id) values('InternalTransaction', 2070, -53.00, 2123.49, '', '2009-11-04', 'SPROUTS FARMERS MKT # 0 580297', '200911041', false, '11/03SPROUTS F', '', 2, 1, '227237bb-366c-33a5-ae18-e0ecb5905902', 229, null);
insert into Split (id, amount, uuid, envelope_id, transaction_id) values(2071, -53.00, '4740bf90-93f8-309b-9627-626a5bb26a80', 238, 2070);
insert into Transaction (DTYPE, id, amount, balance, checkNo, date, description, externalId, initialBalance, memo, ref, status, type, uuid, account_id, transfer_id) values('InternalTransaction', 2074, 15.00, 1537.85, '', '2010-02-16', 'Transfer from Available', 'null', false, '', '', 0, 0, 'a04d0d28-4656-34c1-a8d6-3cf8634085df', 229, 974);
insert into Split (id, amount, uuid, envelope_id, transaction_id) values(2075, 15.00, 'd36af534-3e76-3dc8-a56b-de9fd9556728', 274, 2074);
insert into Transaction (DTYPE, id, amount, balance, checkNo, date, description, externalId, initialBalance, memo, ref, status, type, uuid, account_id, transfer_id) values('InternalTransaction', 2076, -4.63, 4966.27, '', '2009-11-13', 'IN-N-OUT BURGERS TEMPE A', '200911135', false, '11/11IN-N-OUT', '', 2, 1, '0b23c4d0-261a-3456-aa5c-99138a3f281e', 229, null);
insert into Split (id, amount, uuid, envelope_id, transaction_id) values(2077, -4.63, 'e7be3f5c-4334-342c-814f-333df46c3480', 246, 2076);
insert into Transaction (DTYPE, id, amount, balance, checkNo, date, description, externalId, initialBalance, memo, ref, status, type, uuid, account_id, transfer_id) values('InternalTransaction', 2080, -50.00, 1452.60, '', '2010-04-22', 'ACTINODERMATOLOGY LTD TE', '201004222', false, '04/19ACTINODER', '', 1, 1, '071bc106-4491-337e-a231-ba622485c217', 229, null);
insert into Split (id, amount, uuid, envelope_id, transaction_id) values(2081, -50.00, 'f5b2dab8-6520-38b3-a993-de5b80b20112', 286, 2080);
insert into Transaction (DTYPE, id, amount, balance, checkNo, date, description, externalId, initialBalance, memo, ref, status, type, uuid, account_id, transfer_id) values('InternalTransaction', 2078, -300.00, 3174.51, '', '2009-12-14', 'ATM WITHDRAWAL 000307', '200912143', false, '12/12742 E GLE', '', 2, 1, '9e061614-7d66-30c7-91cf-6ca7a4b60b99', 229, null);
insert into Split (id, amount, uuid, envelope_id, transaction_id) values(2079, -300.00, '34685f7f-3406-30d9-8c69-a70e49077f25', 276, 2078);
insert into Transaction (DTYPE, id, amount, balance, checkNo, date, description, externalId, initialBalance, memo, ref, status, type, uuid, account_id, transfer_id) values('InternalTransaction', 2084, 20.00, 20.00, '', '2010-03-13', 'Transfer from Spending', 'null', false, '', '', 2, 0, 'fd9826fd-6bef-38b4-af8c-e994a8fd3cf9', 228, 444);
insert into Split (id, amount, uuid, envelope_id, transaction_id) values(2085, 20.00, 'e7764196-e85f-3e4d-b1a6-5a8ed33b8de6', 251, 2084);
insert into Transaction (DTYPE, id, amount, balance, checkNo, date, description, externalId, initialBalance, memo, ref, status, type, uuid, account_id, transfer_id) values('InternalTransaction', 2082, -49.80, 0.00, '', '2010-03-30', 'Transfer to Credit Cards', 'null', false, '', '', 2, 1, 'a5e4f8fe-9ef2-3f40-84f7-c033ee10ede2', 228, 2923);
insert into Split (id, amount, uuid, envelope_id, transaction_id) values(2083, -49.80, 'a36f6793-111f-3091-915a-61b2eeabfc08', 292, 2082);
insert into Transaction (DTYPE, id, amount, balance, checkNo, date, description, externalId, initialBalance, memo, ref, status, type, uuid, account_id, transfer_id) values('InternalTransaction', 2086, -10.98, 5109.21, '', '2010-02-19', 'Transfer to Car Wash', 'null', false, '', '', 2, 1, '7a3b9593-c29b-39fa-bb22-3ae7f65d5d7f', 229, 358);
insert into Split (id, amount, uuid, envelope_id, transaction_id) values(2087, -10.98, '5ef18715-b7c9-3307-b112-dfc0d16d2fbe', 292, 2086);
insert into Transaction (DTYPE, id, amount, balance, checkNo, date, description, externalId, initialBalance, memo, ref, status, type, uuid, account_id, transfer_id) values('InternalTransaction', 2092, 63.12, 63.12, '', '2010-03-30', 'Transfer from Unassigned', 'null', false, '', '', 2, 0, '826cdd12-cfe1-325a-865f-5a238d387243', 228, 1510);
insert into Split (id, amount, uuid, envelope_id, transaction_id) values(2093, 63.12, 'c01229c9-ba55-38c5-91a3-f6791fae6c9e', 292, 2092);
insert into Transaction (DTYPE, id, amount, balance, checkNo, date, description, externalId, initialBalance, memo, ref, status, type, uuid, account_id, transfer_id) values('InternalTransaction', 2090, -5.00, 1586.23, '', '2010-03-15', '24 HOUR FITNESS #869 CAR', '2010031512', false, '03/1224 HOUR F', '', 1, 1, 'c3fa3804-e5f9-3f84-88cf-7ce5aff74899', 229, null);
insert into Split (id, amount, uuid, envelope_id, transaction_id) values(2091, -5.00, '23eb8880-32b3-31cb-bcb5-f627b263e151', 252, 2090);
insert into Transaction (DTYPE, id, amount, balance, checkNo, date, description, externalId, initialBalance, memo, ref, status, type, uuid, account_id, transfer_id) values('InternalTransaction', 2088, -200.00, 3823.11, '', '2010-04-16', 'Transfer to Spending', 'null', false, '', '', 2, 1, '3d3dcc2f-4169-31c1-a04d-52e5088e0106', 229, 894);
insert into Split (id, amount, uuid, envelope_id, transaction_id) values(2089, -200.00, '80e6ba52-95af-3aca-a6a7-d8735a4e3144', 292, 2088);
insert into Transaction (DTYPE, id, amount, balance, checkNo, date, description, externalId, initialBalance, memo, ref, status, type, uuid, account_id, transfer_id) values('InternalTransaction', 2094, 0.00, 3612.33, '', '2010-04-02', 'Transfer from Available', 'null', false, '', '', 2, 1, 'f903df48-cec9-334c-8bfe-45458d303cdd', 229, 2460);
insert into Split (id, amount, uuid, envelope_id, transaction_id) values(2095, 0.00, '08ab1554-566c-3898-9340-a5697c508210', 258, 2094);
insert into Transaction (DTYPE, id, amount, balance, checkNo, date, description, externalId, initialBalance, memo, ref, status, type, uuid, account_id, transfer_id) values('InternalTransaction', 2096, -5.37, 1201.77, '', '2010-03-17', 'APL*ITUNES 866-712-7753', '201003171', false, '03/17APL*ITUNE', '', 1, 1, 'a95d9bb3-8274-3055-8f6d-2b9bf10949db', 229, null);
insert into Split (id, amount, uuid, envelope_id, transaction_id) values(2097, -5.37, 'a850cea4-2912-39ec-a7b0-29716d3ff9aa', 252, 2096);
insert into Transaction (DTYPE, id, amount, balance, checkNo, date, description, externalId, initialBalance, memo, ref, status, type, uuid, account_id, transfer_id) values('InternalTransaction', 2098, -8.95, 1792.44, '', '2010-03-11', 'BAJA FRESH 81 00000950 T', '201003113', false, '03/05BAJA FRES', '', 1, 1, '43b78343-3a0d-3866-b5ac-037e06debedf', 229, null);
insert into Split (id, amount, uuid, envelope_id, transaction_id) values(2099, -8.95, '4ac4c259-4a30-3316-8e93-0b744743e689', 295, 2098);
insert into Transaction (DTYPE, id, amount, balance, checkNo, date, description, externalId, initialBalance, memo, ref, status, type, uuid, account_id, transfer_id) values('InternalTransaction', 2100, -40.79, 0.00, '', '2010-03-30', 'Transfer to Credit Cards', 'null', false, '', '', 2, 1, 'd81c5bf0-ceac-32ed-9f98-5a97c92c096e', 228, 2903);
insert into Split (id, amount, uuid, envelope_id, transaction_id) values(2101, -40.79, '319d1b74-85be-34be-a8c5-2bcf26280e23', 273, 2100);
insert into Transaction (DTYPE, id, amount, balance, checkNo, date, description, externalId, initialBalance, memo, ref, status, type, uuid, account_id, transfer_id) values('InternalTransaction', 2104, -18.53, 650.05, '', '2010-04-16', 'Transfer to Groceries', 'null', false, '', '', 2, 1, '1b542185-b917-319b-84aa-fe65f81a3c2b', 229, 1204);
insert into Split (id, amount, uuid, envelope_id, transaction_id) values(2105, -18.53, '6624f241-cd92-3f74-a5d4-68ce1c7444f6', 292, 2104);
insert into Transaction (DTYPE, id, amount, balance, checkNo, date, description, externalId, initialBalance, memo, ref, status, type, uuid, account_id, transfer_id) values('InternalTransaction', 2102, -15.78, 1594.88, '', '2010-01-12', 'EBAYS HALF.COM 800-545-9', '201001122', false, '01/11EBAYS HAL', '', 2, 1, '99562fa9-3214-320e-a0bf-99e852a38af6', 229, null);
insert into Split (id, amount, uuid, envelope_id, transaction_id) values(2103, -15.78, '0cdb3761-38ae-3044-86ae-3dbafced5fc4', 280, 2102);
insert into Transaction (DTYPE, id, amount, balance, checkNo, date, description, externalId, initialBalance, memo, ref, status, type, uuid, account_id, transfer_id) values('InternalTransaction', 2106, -5.30, 1574.58, '', '2010-01-12', 'COLDSTN CREAM #41 PHOENI', '201001124', false, '01/10COLDSTN C', '', 2, 1, '7faf6cec-eab0-39ce-b7bf-b47aee57a86c', 229, null);
insert into Split (id, amount, uuid, envelope_id, transaction_id) values(2107, -5.30, 'a82cb96c-59f9-301a-b098-db8fa2c88b77', 295, 2106);
insert into Transaction (DTYPE, id, amount, balance, checkNo, date, description, externalId, initialBalance, memo, ref, status, type, uuid, account_id, transfer_id) values('InternalTransaction', 2110, -41.16, 3932.06, '', '2010-03-23', 'CIRCLE K 01618 PHOENIX A065491', '201003231', false, '03/22CIRCLE K', '', 1, 1, 'afe64622-5cd7-3048-b05c-d20267c2a80b', 229, null);
insert into Split (id, amount, uuid, envelope_id, transaction_id) values(2111, -41.16, '1f0c2013-c168-3ef4-a9ee-f8f6628803b4', 253, 2110);
insert into Transaction (DTYPE, id, amount, balance, checkNo, date, description, externalId, initialBalance, memo, ref, status, type, uuid, account_id, transfer_id) values('InternalTransaction', 2108, -7.51, 4351.95, '', '2010-03-29', 'QUICK MART TEMPE AZ 605793', '2010032910', false, '03/27QUICK MAR', '', 1, 1, '9a8a6ab0-0c25-3aa7-942d-16c860c0d32c', 229, null);
insert into Split (id, amount, uuid, envelope_id, transaction_id) values(2109, -7.51, 'ccb26093-caf1-3b59-a04d-77ae0a24847f', 252, 2108);
insert into Transaction (DTYPE, id, amount, balance, checkNo, date, description, externalId, initialBalance, memo, ref, status, type, uuid, account_id, transfer_id) values('InternalTransaction', 2112, 180.25, 9654.57, '', '2010-02-16', 'Transfer from Available', 'null', false, '', '', 0, 0, '485b77d0-65bd-3dbf-b318-5d4418ad31e2', 229, 476);
insert into Split (id, amount, uuid, envelope_id, transaction_id) values(2113, 180.25, '4e5bcfbb-e5b8-3be3-a0b1-9aa4db7c66d3', 284, 2112);
insert into Transaction (DTYPE, id, amount, balance, checkNo, date, description, externalId, initialBalance, memo, ref, status, type, uuid, account_id, transfer_id) values('InternalTransaction', 2114, -160.00, 0.00, '', '2010-03-05', 'Transfer to Household', 'null', false, '', '', 2, 1, '1fe13810-b355-3a00-b2b3-e0965046c3bf', 228, 2783);
insert into Split (id, amount, uuid, envelope_id, transaction_id) values(2115, -160.00, '5c5890eb-2a0d-3a8e-b147-d3a2c48a96f5', 292, 2114);
insert into Transaction (DTYPE, id, amount, balance, checkNo, date, description, externalId, initialBalance, memo, ref, status, type, uuid, account_id, transfer_id) values('InternalTransaction', 2116, -35.00, 1660.06, '', '2010-01-11', 'JOSEPH SCOTT SALON LLC P095901', '201001119', false, '01/08JOSEPH SC', '', 2, 1, 'bc629156-d731-386c-a117-efc0ab075e2a', 229, null);
insert into Split (id, amount, uuid, envelope_id, transaction_id) values(2117, -35.00, '534d5bc4-b8e4-347d-b477-eaaa31832cd3', 260, 2116);
insert into Transaction (DTYPE, id, amount, balance, checkNo, date, description, externalId, initialBalance, memo, ref, status, type, uuid, account_id, transfer_id) values('InternalTransaction', 2122, -5.67, 2238.20, '', '2010-03-01', 'CARLS JR 829 Q53 TEMPE A', '201003015', false, '02/25CARLS JR', '', 1, 1, '43180995-ddf6-35fc-808c-fd16784bc9d4', 229, null);
insert into Split (id, amount, uuid, envelope_id, transaction_id) values(2123, -5.67, '8af65267-a233-3a50-81cd-02b610840ca0', 246, 2122);
insert into Transaction (DTYPE, id, amount, balance, checkNo, date, description, externalId, initialBalance, memo, ref, status, type, uuid, account_id, transfer_id) values('InternalTransaction', 2120, -21.00, 3115.54, '', '2009-11-25', 'MOVIETICKETS COM 888-440', '200911252', false, '11/24MOVIETICK', '', 2, 1, 'f028864f-07fc-300c-9c86-08875afa02bf', 229, null);
insert into Split (id, amount, uuid, envelope_id, transaction_id) values(2121, -21.00, 'd7259e03-db96-3385-8177-12ec4828d53b', 284, 2120);
insert into Transaction (DTYPE, id, amount, balance, checkNo, date, description, externalId, initialBalance, memo, ref, status, type, uuid, account_id, transfer_id) values('InternalTransaction', 2118, -4.84, 0.00, '', '2010-03-20', 'Transfer to Fast Food', 'null', false, '', '', 2, 1, 'f6ff7667-fe1e-350b-93fb-eddb3feb9467', 228, 436);
insert into Split (id, amount, uuid, envelope_id, transaction_id) values(2119, -4.84, '8e3423aa-4869-3dc5-a626-31a31e031394', 292, 2118);
insert into Transaction (DTYPE, id, amount, balance, checkNo, date, description, externalId, initialBalance, memo, ref, status, type, uuid, account_id, transfer_id) values('InternalTransaction', 2126, 13.99, 4363.83, '', '2010-03-05', 'Transfer from Available', 'null', false, '', '', 2, 0, 'f8fe7cbd-2831-3905-a7e1-d0bf917be492', 229, 1130);
insert into Split (id, amount, uuid, envelope_id, transaction_id) values(2127, 13.99, '288650eb-7277-35f2-9fad-f78fe5ec02c4', 266, 2126);
insert into Transaction (DTYPE, id, amount, balance, checkNo, date, description, externalId, initialBalance, memo, ref, status, type, uuid, account_id, transfer_id) values('InternalTransaction', 2124, -1.25, 5080.20, '', '2010-02-16', 'Transfer to Coffee', 'null', false, '', '', 0, 1, '7f78d6f4-6a14-34dd-bcf2-e1b7d14671e3', 229, 446);
insert into Split (id, amount, uuid, envelope_id, transaction_id) values(2125, -1.25, 'a70e68ad-e0ae-35f1-8176-925b27862ba4', 292, 2124);
insert into Transaction (DTYPE, id, amount, balance, checkNo, date, description, externalId, initialBalance, memo, ref, status, type, uuid, account_id, transfer_id) values('InternalTransaction', 2128, -6.55, 2321.04, '', '2010-02-24', 'TACO BELL #21245 TEMPE A', '201002240', false, '02/22TACO BELL', '', 1, 1, '02049739-cbe4-3a75-b372-8231db8e00ba', 229, null);
insert into Split (id, amount, uuid, envelope_id, transaction_id) values(2129, -6.55, '9d16ef8f-c2cc-3847-9c0f-8684b2ae885d', 246, 2128);
insert into Transaction (DTYPE, id, amount, balance, checkNo, date, description, externalId, initialBalance, memo, ref, status, type, uuid, account_id, transfer_id) values('InternalTransaction', 2132, 46.30, 884.68, '', '2010-03-03', 'U-HAUL GRAND AVE PHOENIX', '201003031', false, '03/01U-HAUL GR', '', 1, 0, '0881f636-fd88-3483-88f7-ee16b110fc40', 229, null);
insert into Split (id, amount, uuid, envelope_id, transaction_id) values(2133, 46.30, '8deb8382-53df-3fb3-80d1-ec654fc878c9', 292, 2132);
insert into Transaction (DTYPE, id, amount, balance, checkNo, date, description, externalId, initialBalance, memo, ref, status, type, uuid, account_id, transfer_id) values('InternalTransaction', 2130, -20.00, 1285.97, '', '2010-01-21', 'CIRCLE K 01346 TEMPE AZ 110656', '201001210', false, '01/20CIRCLE K', '', 2, 1, '810cf112-c090-316d-8400-5739edd1357c', 229, null);
insert into Split (id, amount, uuid, envelope_id, transaction_id) values(2131, -20.00, 'c87a5615-508c-3ed1-804c-09c42380a9c4', 252, 2130);
insert into Transaction (DTYPE, id, amount, balance, checkNo, date, description, externalId, initialBalance, memo, ref, status, type, uuid, account_id, transfer_id) values('InternalTransaction', 2134, -7.19, 3485.28, '', '2009-12-14', 'QDOBA 428 11404282 P', '2009121425', false, '12/12QDOBA 428', '', 2, 1, 'feff83a0-1eac-3cf3-abe4-66985052e5e1', 229, null);
insert into Split (id, amount, uuid, envelope_id, transaction_id) values(2135, -7.19, '2d015e1c-1770-3408-98e2-98a8c473ec1c', 295, 2134);
insert into Transaction (DTYPE, id, amount, balance, checkNo, date, description, externalId, initialBalance, memo, ref, status, type, uuid, account_id, transfer_id) values('InternalTransaction', 2136, -5.61, 2972.92, '', '2010-01-25', 'BURGER KING #10259 TEMPE', '2010012513', false, '01/22BURGER KI', '', 2, 1, '5ed7fc19-fff0-3995-97c5-3696782ee3de', 229, null);
insert into Split (id, amount, uuid, envelope_id, transaction_id) values(2137, -5.61, '3b5c5480-8e67-3d25-8be5-e939e02733de', 246, 2136);
insert into Transaction (DTYPE, id, amount, balance, checkNo, date, description, externalId, initialBalance, memo, ref, status, type, uuid, account_id, transfer_id) values('InternalTransaction', 2138, 80.00, 5326.56, '', '2010-03-19', 'Transfer from Available', 'null', false, '', '', 2, 0, '194ad438-9a7c-3624-a82e-f0bf4bf7e992', 229, 2546);
insert into Split (id, amount, uuid, envelope_id, transaction_id) values(2139, 80.00, '43ecf4dc-0f04-34d2-82d3-f3283dd0f49f', 261, 2138);
insert into Transaction (DTYPE, id, amount, balance, checkNo, date, description, externalId, initialBalance, memo, ref, status, type, uuid, account_id, transfer_id) values('InternalTransaction', 2142, 150.00, 5476.56, '', '2010-03-19', 'Transfer from Available', 'null', false, '', '', 2, 0, '34d8811c-776d-36e6-a0de-b812a672d96a', 229, 1560);
insert into Split (id, amount, uuid, envelope_id, transaction_id) values(2143, 150.00, 'de493ae9-d52e-38db-94b8-0ace83e42170', 238, 2142);
insert into Transaction (DTYPE, id, amount, balance, checkNo, date, description, externalId, initialBalance, memo, ref, status, type, uuid, account_id, transfer_id) values('InternalTransaction', 2140, -191.20, 3250.51, '', '2010-03-30', 'JUNIPER', '201003312', false, '', '', 1, 1, 'f3f38e67-328c-3ffb-bfd2-3d5fdacda6df', 229, null);
insert into Split (id, amount, uuid, envelope_id, transaction_id) values(2141, -191.20, '20f98321-bdfb-3ae7-8790-f9c23ac61b66', 242, 2140);
insert into Transaction (DTYPE, id, amount, balance, checkNo, date, description, externalId, initialBalance, memo, ref, status, type, uuid, account_id, transfer_id) values('InternalTransaction', 2144, -4.13, 3900.77, '', '2010-02-19', 'Transfer to Me.com', 'null', false, '', '', 2, 1, '918d131d-aea6-3c34-9585-33881f9a2007', 229, 752);
insert into Split (id, amount, uuid, envelope_id, transaction_id) values(2145, -4.13, 'e527331f-1e85-3f7f-a61e-10b91601c5ee', 292, 2144);
insert into Transaction (DTYPE, id, amount, balance, checkNo, date, description, externalId, initialBalance, memo, ref, status, type, uuid, account_id, transfer_id) values('InternalTransaction', 2148, -52.99, 1463.19, '', '2010-01-15', 'WALGREENS #6400 PHOENIX', '201001150', false, '01/14WALGREENS', '', 2, 1, 'f0dc1a31-cab2-3c2f-b001-ceb3ca1887a3', 229, null);
insert into Split (id, amount, uuid, envelope_id, transaction_id) values(2149, -52.99, '9a1c683e-e424-3871-aaf0-31c630454c03', 277, 2148);
insert into Transaction (DTYPE, id, amount, balance, checkNo, date, description, externalId, initialBalance, memo, ref, status, type, uuid, account_id, transfer_id) values('InternalTransaction', 2146, -29.99, 1777.67, '', '2009-11-06', '24HR FITNESS DUES 800-43', '200911063', false, '11/0524HR FITN', '', 2, 1, 'e46f3575-45b4-36fe-9314-5027c0d7a8dd', 229, null);
insert into Split (id, amount, uuid, envelope_id, transaction_id) values(2147, -29.99, '74b82f66-4670-3e38-9216-8b4d6ed4a9ed', 271, 2146);
insert into Transaction (DTYPE, id, amount, balance, checkNo, date, description, externalId, initialBalance, memo, ref, status, type, uuid, account_id, transfer_id) values('InternalTransaction', 2150, -10.05, 989.66, '', '2010-03-03', 'Transfer to Eating Out', 'null', false, '', '', 2, 1, 'fdff4bb7-1ea8-3132-923e-0ca6ba2f7d4c', 229, 982);
insert into Split (id, amount, uuid, envelope_id, transaction_id) values(2151, -10.05, 'e64a62ca-f4fc-36ba-84b8-c40f415517e8', 292, 2150);
insert into Transaction (DTYPE, id, amount, balance, checkNo, date, description, externalId, initialBalance, memo, ref, status, type, uuid, account_id, transfer_id) values('InternalTransaction', 2152, 0.00, 3612.33, '', '2010-04-02', 'Transfer from Available', 'null', false, '', '', 2, 1, '60716581-fda0-3e3e-9691-1010126d6ebe', 229, 1430);
insert into Split (id, amount, uuid, envelope_id, transaction_id) values(2153, 0.00, 'fe5bf1c0-0a40-3124-a965-398efbb4ce29', 286, 2152);
insert into Transaction (DTYPE, id, amount, balance, checkNo, date, description, externalId, initialBalance, memo, ref, status, type, uuid, account_id, transfer_id) values('InternalTransaction', 2154, -7.03, 4970.90, '', '2009-11-13', 'ROSITA''S TEMPE TEMPE AZ', '200911134', false, '11/12ROSITA''S', '', 2, 1, 'ebf2da2e-f69e-394a-9045-dc1db2a847cb', 229, null);
insert into Split (id, amount, uuid, envelope_id, transaction_id) values(2155, -7.03, '9cdc43cb-1162-366c-abb2-dc1f62e96430', 295, 2154);
insert into Transaction (DTYPE, id, amount, balance, checkNo, date, description, externalId, initialBalance, memo, ref, status, type, uuid, account_id, transfer_id) values('InternalTransaction', 2158, -60.00, 4541.58, '', '2010-03-23', 'Transfer to ATM Withdrawls', 'null', false, '', '', 2, 1, '17b36bc7-e496-340f-a97f-b4074b1a552e', 229, 1192);
insert into Split (id, amount, uuid, envelope_id, transaction_id) values(2159, -60.00, '86a54312-b125-3f41-b155-4f72e4394942', 292, 2158);
insert into Transaction (DTYPE, id, amount, balance, checkNo, date, description, externalId, initialBalance, memo, ref, status, type, uuid, account_id, transfer_id) values('InternalTransaction', 2156, 75.00, 10045.82, '', '2010-02-16', 'Transfer from Available', 'null', false, '', '', 0, 0, '55d5e1bb-b15c-3405-b326-03c05af147b3', 229, 2657);
insert into Split (id, amount, uuid, envelope_id, transaction_id) values(2157, 75.00, '1000aa48-f4f7-33e2-97e2-ea07ddb11735', 247, 2156);
insert into Transaction (DTYPE, id, amount, balance, checkNo, date, description, externalId, initialBalance, memo, ref, status, type, uuid, account_id, transfer_id) values('InternalTransaction', 2160, 247.41, 10293.23, '', '2010-02-16', 'Transfer from Available', 'null', false, '', '', 0, 0, '7d87a50f-5fc9-30e1-a95a-bd4c37ca2ff1', 229, 424);
insert into Split (id, amount, uuid, envelope_id, transaction_id) values(2161, 247.41, '81578e82-7e5a-345f-96eb-8d1de447106e', 286, 2160);
insert into Transaction (DTYPE, id, amount, balance, checkNo, date, description, externalId, initialBalance, memo, ref, status, type, uuid, account_id, transfer_id) values('InternalTransaction', 2164, -8.95, 4399.43, '', '2009-11-30', 'NNT CARNECERIA EL M2602 321217', '2009113015', false, '11/28NNT CARNE', '', 2, 1, 'eb2771d1-d76d-3e48-b0f1-575e26dbd785', 229, null);
insert into Split (id, amount, uuid, envelope_id, transaction_id) values(2165, -8.95, '69999190-4ce6-3b81-8294-29e787a6a0dc', 252, 2164);
insert into Transaction (DTYPE, id, amount, balance, checkNo, date, description, externalId, initialBalance, memo, ref, status, type, uuid, account_id, transfer_id) values('InternalTransaction', 2162, -240.57, 5570.38, '', '2010-03-05', 'Transfer to Credit Cards', 'null', false, '', '', 2, 1, '986ca6c0-9cca-37d1-8e3d-c26fb24528f6', 229, 496);
insert into Split (id, amount, uuid, envelope_id, transaction_id) values(2163, -240.57, '5b24790c-0da3-3871-8a93-a7e3c514e736', 292, 2162);
insert into Transaction (DTYPE, id, amount, balance, checkNo, date, description, externalId, initialBalance, memo, ref, status, type, uuid, account_id, transfer_id) values('InternalTransaction', 2168, 17.50, 17.50, '', '2010-03-30', 'Transfer from 24 Hour Fitness', 'null', false, '', '', 2, 0, 'b479ea0a-c8b9-3c20-ba3e-f25df34c2000', 228, 2781);
insert into Split (id, amount, uuid, envelope_id, transaction_id) values(2169, 17.50, 'eb6c0624-5618-3625-9211-b34cfb2787be', 242, 2168);
insert into Transaction (DTYPE, id, amount, balance, checkNo, date, description, externalId, initialBalance, memo, ref, status, type, uuid, account_id, transfer_id) values('InternalTransaction', 2166, 4.97, 5481.53, '', '2010-03-19', 'Transfer from Available', 'null', false, '', '', 2, 0, '9b9aa5d9-2fcd-3c30-ae02-0ba584aed8d8', 229, 676);
insert into Split (id, amount, uuid, envelope_id, transaction_id) values(2167, 4.97, '5a1c8a04-3d69-3ed2-98ec-8185e6945796', 232, 2166);
insert into Transaction (DTYPE, id, amount, balance, checkNo, date, description, externalId, initialBalance, memo, ref, status, type, uuid, account_id, transfer_id) values('InternalTransaction', 2170, -14.99, 1226.50, '', '2009-12-23', 'LOWE''S #1850 SCOTTSDALE 983889', '200912232', false, '12/22LOWE''S #1', '', 2, 1, '35ef000f-12a6-3e8d-9ba0-c39953891305', 229, null);
insert into Split (id, amount, uuid, envelope_id, transaction_id) values(2171, -14.99, 'de0be180-98bb-358a-a9a7-82f48948b682', 239, 2170);
insert into Transaction (DTYPE, id, amount, balance, checkNo, date, description, externalId, initialBalance, memo, ref, status, type, uuid, account_id, transfer_id) values('InternalTransaction', 2174, -4.13, 2592.83, '', '2010-04-02', 'Transfer to Me.com', 'null', false, '', '', 2, 1, '2b714661-c5ba-3da3-be50-bb5c48f43d97', 229, 2242);
insert into Split (id, amount, uuid, envelope_id, transaction_id) values(2175, -4.13, '79b5eb58-7d69-3ac1-b1c6-13743f8e638e', 292, 2174);
insert into Transaction (DTYPE, id, amount, balance, checkNo, date, description, externalId, initialBalance, memo, ref, status, type, uuid, account_id, transfer_id) values('InternalTransaction', 2172, -120.00, 5135.96, '', '2010-02-19', 'Transfer to Auto Fuel', 'null', false, '', '', 2, 1, '3ee8facd-c507-3537-aff3-bcaa68bb3f86', 229, 2258);
insert into Split (id, amount, uuid, envelope_id, transaction_id) values(2173, -120.00, '85445636-44e3-3f51-8ed3-15e60387e2ca', 292, 2172);
insert into Transaction (DTYPE, id, amount, balance, checkNo, date, description, externalId, initialBalance, memo, ref, status, type, uuid, account_id, transfer_id) values('InternalTransaction', 2176, 65.00, 4084.13, '', '2010-04-16', 'Transfer from Available', 'null', false, '', '', 2, 0, '39546816-ed72-3c24-a70c-8cd019b455e1', 229, 2855);
insert into Split (id, amount, uuid, envelope_id, transaction_id) values(2177, 65.00, '9566d83e-7cb6-313d-89b8-00daf8da1dc7', 236, 2176);
insert into Transaction (DTYPE, id, amount, balance, checkNo, date, description, externalId, initialBalance, memo, ref, status, type, uuid, account_id, transfer_id) values('InternalTransaction', 2178, -13.21, null, '', '2010-04-02', 'S B C AT THE FARM K PHOE', '201004022', false, '03/31S B C AT', '', 1, 1, '986b671a-cc51-388d-b787-a30a5d552e07', 229, null);
insert into Split (id, amount, uuid, envelope_id, transaction_id) values(2179, -13.21, '3e2b17fe-1e00-37c7-802e-fb71fd5a58bf', 295, 2178);
insert into Transaction (DTYPE, id, amount, balance, checkNo, date, description, externalId, initialBalance, memo, ref, status, type, uuid, account_id, transfer_id) values('InternalTransaction', 2180, 20.00, 839.74, '', '2010-04-13', 'Transfer from Available', 'null', false, '', '', 2, 0, 'fd5f47d1-c48f-3abd-8968-f40b852454ed', 229, 1960);
insert into Split (id, amount, uuid, envelope_id, transaction_id) values(2181, 20.00, 'f8796601-7a6e-33f3-b88e-a216b7cb60a4', 260, 2180);
insert into Transaction (DTYPE, id, amount, balance, checkNo, date, description, externalId, initialBalance, memo, ref, status, type, uuid, account_id, transfer_id) values('InternalTransaction', 2184, 2157.42, 6018.21, '', '2009-12-11', 'DIFFUSION GROUP PAYROLL', '200912110', false, 'PPD ID: 1860988050', '', 2, 0, '0156a137-5d2b-3e1d-9d2c-d2baee5cbd0f', 229, null);
insert into Split (id, amount, uuid, envelope_id, transaction_id) values(2185, 2157.42, 'c04b63db-6e1b-36c8-a800-0e5e8035f1fb', 292, 2184);
insert into Transaction (DTYPE, id, amount, balance, checkNo, date, description, externalId, initialBalance, memo, ref, status, type, uuid, account_id, transfer_id) values('InternalTransaction', 2182, 49.00, 1184.04, '', '2010-02-16', 'Transfer from Available', 'null', false, '', '', 0, 0, '776395fd-5166-3c9f-983c-3ae0cc8a13e7', 229, 2865);
insert into Split (id, amount, uuid, envelope_id, transaction_id) values(2183, 49.00, 'e3ca45ce-5bc0-393d-8954-9b5ce15ba20c', 279, 2182);
insert into Transaction (DTYPE, id, amount, balance, checkNo, date, description, externalId, initialBalance, memo, ref, status, type, uuid, account_id, transfer_id) values('InternalTransaction', 2186, -1725.90, 0.00, '', '2010-03-20', 'Transfer to Moving', 'null', false, '', '', 2, 1, '4b1e6f1e-9550-329d-a994-6c96c0ddf46c', 228, 2042);
insert into Split (id, amount, uuid, envelope_id, transaction_id) values(2187, -1725.90, '52c940bf-1cc6-3148-a95c-c73653f2b3e8', 292, 2186);
insert into Transaction (DTYPE, id, amount, balance, checkNo, date, description, externalId, initialBalance, memo, ref, status, type, uuid, account_id, transfer_id) values('InternalTransaction', 2188, 24.50, 5506.03, '', '2010-03-19', 'Transfer from Available', 'null', false, '', '', 2, 0, '3fa0a5ac-1b8d-3188-9690-09e3ed536e06', 229, 1000);
insert into Split (id, amount, uuid, envelope_id, transaction_id) values(2189, 24.50, '2b9b33f2-cff5-3e0d-a6a4-fd8e51074220', 279, 2188);
insert into Transaction (DTYPE, id, amount, balance, checkNo, date, description, externalId, initialBalance, memo, ref, status, type, uuid, account_id, transfer_id) values('InternalTransaction', 2190, -4.89, 821.75, '', '2010-04-13', 'Transfer to Fast Food', 'null', false, '', '', 2, 1, 'b8a7e27a-88f2-3323-a98d-b1d2a0a73889', 229, 1300);
insert into Split (id, amount, uuid, envelope_id, transaction_id) values(2191, -4.89, '4892de94-e5b9-3b22-b32a-ac47d7d6225c', 292, 2190);
insert into Transaction (DTYPE, id, amount, balance, checkNo, date, description, externalId, initialBalance, memo, ref, status, type, uuid, account_id, transfer_id) values('InternalTransaction', 2194, -0.00, 2851.96, '', '2010-04-02', 'Transfer to GMAC Mortgage', 'null', false, '', '', 2, 1, '7bbb0fc3-af41-3199-a508-ca33fb571351', 229, 1630);
insert into Split (id, amount, uuid, envelope_id, transaction_id) values(2195, -0.00, '6beb9b9e-3ca8-3250-8e59-8aba283c3851', 292, 2194);
insert into Transaction (DTYPE, id, amount, balance, checkNo, date, description, externalId, initialBalance, memo, ref, status, type, uuid, account_id, transfer_id) values('InternalTransaction', 2192, -4.98, 1135.04, '', '2010-02-16', 'Transfer to Chase Bank', 'null', false, '', '', 0, 1, 'd0503b96-6d02-3839-8f59-42364a8f53a8', 229, 1768);
insert into Split (id, amount, uuid, envelope_id, transaction_id) values(2193, -4.98, '0ae89e3d-1c0c-327b-a396-b98a8c95c2a3', 292, 2192);
insert into Transaction (DTYPE, id, amount, balance, checkNo, date, description, externalId, initialBalance, memo, ref, status, type, uuid, account_id, transfer_id) values('InternalTransaction', 2196, -175.00, 4099.65, '', '2010-03-05', 'Transfer to Taxes', 'null', false, '', '', 2, 1, 'b391f9c3-3d1d-3219-87e1-beaa990091b7', 229, 2636);
insert into Split (id, amount, uuid, envelope_id, transaction_id) values(2197, -175.00, '76cec9fc-2a76-3d59-9341-a35e3a30e440', 292, 2196);
insert into Transaction (DTYPE, id, amount, balance, checkNo, date, description, externalId, initialBalance, memo, ref, status, type, uuid, account_id, transfer_id) values('InternalTransaction', 2198, -65.00, 1135.04, '', '2010-02-16', 'Transfer to Verizon Wireless', 'null', false, '', '', 0, 1, '65afb02f-ebc3-32d6-ab65-7b7daeac2275', 229, 1224);
insert into Split (id, amount, uuid, envelope_id, transaction_id) values(2199, -65.00, 'ff8a7a5e-f44a-35df-93e1-83d894db34fb', 292, 2198);
insert into Transaction (DTYPE, id, amount, balance, checkNo, date, description, externalId, initialBalance, memo, ref, status, type, uuid, account_id, transfer_id) values('InternalTransaction', 2204, -14.95, 0.00, '', '2010-03-17', 'Transfer to Directv', 'null', false, '', '', 2, 1, '24f16d3c-869a-3348-a9a5-206c4cf49c2d', 228, 570);
insert into Split (id, amount, uuid, envelope_id, transaction_id) values(2205, -14.95, 'a06af943-9dad-3b54-8f96-e1531ec06a91', 292, 2204);
insert into Transaction (DTYPE, id, amount, balance, checkNo, date, description, externalId, initialBalance, memo, ref, status, type, uuid, account_id, transfer_id) values('InternalTransaction', 2202, -1.00, 2896.93, '', '2009-12-03', 'FRYS FOOD & DRUG 1815 G 921107', '200912036', false, '12/02FRYS FOOD', '', 2, 1, 'cd657ac0-9259-3b6b-b2ef-803092ae77db', 229, null);
insert into Split (id, amount, uuid, envelope_id, transaction_id) values(2203, -1.00, 'bbb19d38-601b-3bbf-b668-162d5ea75bab', 238, 2202);
insert into Transaction (DTYPE, id, amount, balance, checkNo, date, description, externalId, initialBalance, memo, ref, status, type, uuid, account_id, transfer_id) values('InternalTransaction', 2200, -492.22, 1135.04, '', '2010-02-16', 'Transfer to Personal Care', 'null', false, '', '', 0, 1, '2943127c-e781-3414-b88c-f3084dee3408', 229, 622);
insert into Split (id, amount, uuid, envelope_id, transaction_id) values(2201, -492.22, '547d1857-5cea-3f3c-9cb2-2aa941b91950', 292, 2200);
insert into Transaction (DTYPE, id, amount, balance, checkNo, date, description, externalId, initialBalance, memo, ref, status, type, uuid, account_id, transfer_id) values('InternalTransaction', 2206, 9.74, 1144.78, '', '2010-02-16', 'Transfer from Available', 'null', false, '', '', 0, 0, 'a702e36a-399a-324b-8fb6-487678401509', 229, 1082);
insert into Split (id, amount, uuid, envelope_id, transaction_id) values(2207, 9.74, '40a0938e-14b4-366a-b50c-2220669e9e43', 277, 2206);
insert into Transaction (DTYPE, id, amount, balance, checkNo, date, description, externalId, initialBalance, memo, ref, status, type, uuid, account_id, transfer_id) values('InternalTransaction', 2208, -9.94, 1553.52, '', '2010-04-21', 'CVSPHARMACY #9205 Q03 T', '201004210', false, '04/19CVSPHARMA', '', 1, 1, 'c101f094-b928-349b-bde3-ce5662c51e0e', 229, null);
insert into Split (id, amount, uuid, envelope_id, transaction_id) values(2209, -9.94, '3ed06e8a-1fe7-3110-a045-f8b709bbc0d7', 286, 2208);
insert into Transaction (DTYPE, id, amount, balance, checkNo, date, description, externalId, initialBalance, memo, ref, status, type, uuid, account_id, transfer_id) values('InternalTransaction', 2210, 84.20, 5590.23, '', '2010-03-19', 'Transfer from Available', 'null', false, '', '', 2, 0, '3c7f2c9d-e839-3bc5-b427-92e7ae6e9950', 229, 1402);
insert into Split (id, amount, uuid, envelope_id, transaction_id) values(2211, 84.20, '65b7fcbd-028e-34ff-99f1-9c5ff53b6979', 290, 2210);
insert into Transaction (DTYPE, id, amount, balance, checkNo, date, description, externalId, initialBalance, memo, ref, status, type, uuid, account_id, transfer_id) values('InternalTransaction', 2212, -20.57, 686.17, '', '2010-03-02', 'PETCO ANIMAL SUPPLIES PH193625', '201003026', false, '03/01PETCO ANI', '', 1, 1, '5f630c6e-00e5-32e7-b2dd-58e1390a9ca6', 229, null);
insert into Split (id, amount, uuid, envelope_id, transaction_id) values(2213, -20.57, '501b03df-c6b6-3e5c-82b1-c6240f736c81', 244, 2212);
insert into Transaction (DTYPE, id, amount, balance, checkNo, date, description, externalId, initialBalance, memo, ref, status, type, uuid, account_id, transfer_id) values('InternalTransaction', 2214, 12.00, 969.70, '', '2010-03-03', 'Transfer from Available', 'null', false, '', '', 2, 0, 'f73f9dd6-564b-349a-9542-4428e509fa4b', 229, 2524);
insert into Split (id, amount, uuid, envelope_id, transaction_id) values(2215, 12.00, 'd95015e9-a8f7-3c1a-9e92-fcd882dcc3c9', 258, 2214);
insert into Transaction (DTYPE, id, amount, balance, checkNo, date, description, externalId, initialBalance, memo, ref, status, type, uuid, account_id, transfer_id) values('InternalTransaction', 2216, 226.26, 10519.49, '', '2010-02-16', 'Transfer from Available', 'null', false, '', '', 0, 0, '534fac05-b2f7-3472-a6dd-aa63bf46b734', 229, 1410);
insert into Split (id, amount, uuid, envelope_id, transaction_id) values(2217, 226.26, '03f75d13-b859-3aed-bc26-0d0c34fe04ce', 285, 2216);
insert into Transaction (DTYPE, id, amount, balance, checkNo, date, description, externalId, initialBalance, memo, ref, status, type, uuid, account_id, transfer_id) values('InternalTransaction', 2220, -10.05, 0.00, '', '2010-03-13', 'Transfer to Eating Out', 'null', false, '', '', 2, 1, '03ad3055-1351-3953-871f-bc31109e6917', 228, 1498);
insert into Split (id, amount, uuid, envelope_id, transaction_id) values(2221, -10.05, '482a9e93-ca60-3e29-b02f-0dd677987a4e', 252, 2220);
insert into Transaction (DTYPE, id, amount, balance, checkNo, date, description, externalId, initialBalance, memo, ref, status, type, uuid, account_id, transfer_id) values('InternalTransaction', 2218, -15.95, 4558.85, '', '2010-03-05', 'Transfer to Sirius', 'null', false, '', '', 2, 1, '55c3c39a-3762-3fd5-8893-0beb2dcc5aa3', 229, 1180);
insert into Split (id, amount, uuid, envelope_id, transaction_id) values(2219, -15.95, 'cc2ef513-ae08-37f5-9ceb-50ba129aac56', 292, 2218);
insert into Transaction (DTYPE, id, amount, balance, checkNo, date, description, externalId, initialBalance, memo, ref, status, type, uuid, account_id, transfer_id) values('InternalTransaction', 2222, -5.77, 5120.19, '', '2010-02-19', 'Transfer to Auto Registration', 'null', false, '', '', 2, 1, '8fe3123d-b5e2-39a2-a916-cfd866c11f45', 229, 648);
insert into Split (id, amount, uuid, envelope_id, transaction_id) values(2223, -5.77, '0da35512-481e-3c53-aba6-f52518055256', 292, 2222);
insert into Transaction (DTYPE, id, amount, balance, checkNo, date, description, externalId, initialBalance, memo, ref, status, type, uuid, account_id, transfer_id) values('InternalTransaction', 2224, -10.05, 2350.35, '', '2010-02-23', 'Transfer to Eating Out', 'null', false, '', '', 2, 1, 'b6eda4f5-1438-336c-a6e7-40c10100eaeb', 229, 1034);
insert into Split (id, amount, uuid, envelope_id, transaction_id) values(2225, -10.05, 'a29dfbed-5886-3567-8d2f-b5d561bfac95', 292, 2224);
insert into Transaction (DTYPE, id, amount, balance, checkNo, date, description, externalId, initialBalance, memo, ref, status, type, uuid, account_id, transfer_id) values('InternalTransaction', 2226, -20.00, 1801.39, '', '2010-03-11', 'CIRCLE K 01346 TEMPE AZ 460108', '201003112', false, '03/10CIRCLE K', '', 1, 1, 'f7b2258b-7cdb-3e5d-871e-35d254942f6d', 229, null);
insert into Split (id, amount, uuid, envelope_id, transaction_id) values(2227, -20.00, '186ab079-d820-3132-b2af-4dc19102c708', 250, 2226);
insert into Transaction (DTYPE, id, amount, balance, checkNo, date, description, externalId, initialBalance, memo, ref, status, type, uuid, account_id, transfer_id) values('InternalTransaction', 2228, -40.00, 3736.46, '', '2010-04-02', 'Transfer to Auto Fuel', 'null', false, '', '', 2, 1, '58c17018-3a69-3f74-aeaa-a965fef25762', 229, 466);
insert into Split (id, amount, uuid, envelope_id, transaction_id) values(2229, -40.00, '27fadf97-5f04-357e-b683-242e9d3640fa', 292, 2228);
insert into Transaction (DTYPE, id, amount, balance, checkNo, date, description, externalId, initialBalance, memo, ref, status, type, uuid, account_id, transfer_id) values('InternalTransaction', 2230, 20.97, 10698.03, '', '2010-02-16', 'Transfer from Available', 'null', false, '', '', 0, 0, 'b26185ec-8e20-329a-8b36-c269249af5cd', 229, 2695);
insert into Split (id, amount, uuid, envelope_id, transaction_id) values(2231, 20.97, '36faf827-c83a-3b5d-bf72-89d145cb83ee', 265, 2230);
insert into Transaction (DTYPE, id, amount, balance, checkNo, date, description, externalId, initialBalance, memo, ref, status, type, uuid, account_id, transfer_id) values('InternalTransaction', 2234, 0.15, 1502.46, '', '2010-04-22', 'TD AMERITRADE ACH MICRO', '201004220', false, 'PPD ID: 4470533629', '', 1, 0, '9155baf6-4d42-3c08-b384-72de4dc5f48c', 229, null);
insert into Split (id, amount, uuid, envelope_id, transaction_id) values(2235, 0.15, '8b0990c2-a915-329e-9a93-cc723eb53f7d', 292, 2234);
insert into Transaction (DTYPE, id, amount, balance, checkNo, date, description, externalId, initialBalance, memo, ref, status, type, uuid, account_id, transfer_id) values('InternalTransaction', 2232, -147.24, 18925.64, '', '2010-02-16', 'Transfer to 24 Hour Fitness', 'null', false, '', '', 0, 1, '91286c5c-bc70-3654-9c11-d53f418bfd6c', 229, 2036);
insert into Split (id, amount, uuid, envelope_id, transaction_id) values(2233, -147.24, '55b34f79-078a-32c2-b831-939650ea4320', 292, 2232);
insert into Transaction (DTYPE, id, amount, balance, checkNo, date, description, externalId, initialBalance, memo, ref, status, type, uuid, account_id, transfer_id) values('InternalTransaction', 2240, 5.50, 3910.36, '', '2010-03-30', 'Transfer from Available', 'null', false, '', '', 2, 0, 'f28fc52d-52eb-3062-8d8a-6fd89d1a49af', 229, 1170);
insert into Split (id, amount, uuid, envelope_id, transaction_id) values(2241, 5.50, 'd1e0c059-e009-33b6-92bd-d479106a7b0c', 246, 2240);
insert into Transaction (DTYPE, id, amount, balance, checkNo, date, description, externalId, initialBalance, memo, ref, status, type, uuid, account_id, transfer_id) values('InternalTransaction', 2238, 5.67, 975.37, '', '2010-03-03', 'Transfer from Available', 'null', false, '', '', 2, 0, '0f899f6e-64a7-3e66-9b30-b3fcb3b6f63d', 229, 2845);
insert into Split (id, amount, uuid, envelope_id, transaction_id) values(2239, 5.67, '4bfb8efa-3f29-30b0-bc2e-a0b7a96e0bcd', 246, 2238);
insert into Transaction (DTYPE, id, amount, balance, checkNo, date, description, externalId, initialBalance, memo, ref, status, type, uuid, account_id, transfer_id) values('InternalTransaction', 2236, -12.95, 0.00, '', '2010-03-30', 'Transfer to Tivo', 'null', false, '', '', 2, 1, 'bb970a94-9331-3842-8f21-8ec4d425f646', 228, 1846);
insert into Split (id, amount, uuid, envelope_id, transaction_id) values(2237, -12.95, '2faf89be-b1f3-3f55-a309-900594159be9', 292, 2236);
insert into Transaction (DTYPE, id, amount, balance, checkNo, date, description, externalId, initialBalance, memo, ref, status, type, uuid, account_id, transfer_id) values('InternalTransaction', 2242, 4.13, 3616.46, '', '2010-04-02', 'Transfer from Available', 'null', false, '', '', 2, 0, 'b0087cf9-ba85-3c0c-b43a-89ea8b1758ef', 229, 2174);
insert into Split (id, amount, uuid, envelope_id, transaction_id) values(2243, 4.13, '9eb4576f-9e79-3e70-91a7-3f81443b057f', 263, 2242);
insert into Transaction (DTYPE, id, amount, balance, checkNo, date, description, externalId, initialBalance, memo, ref, status, type, uuid, account_id, transfer_id) values('InternalTransaction', 2246, -5.48, 650.05, '', '2010-04-16', 'Transfer to Spending', 'null', false, '', '', 2, 1, 'c2856db8-1c99-3c25-abfc-ffd3a2801061', 229, 2588);
insert into Split (id, amount, uuid, envelope_id, transaction_id) values(2247, -5.48, 'cdaaa8e8-50d1-3022-b8d2-db8295c61d2a', 292, 2246);
insert into Transaction (DTYPE, id, amount, balance, checkNo, date, description, externalId, initialBalance, memo, ref, status, type, uuid, account_id, transfer_id) values('InternalTransaction', 2244, -25.00, 4147.90, '', '2010-02-19', 'Transfer to Household', 'null', false, '', '', 2, 1, '519d5e72-8564-39da-82e7-62f9340d88a0', 229, 2364);
insert into Split (id, amount, uuid, envelope_id, transaction_id) values(2245, -25.00, 'b6f97a9c-a65a-376c-89ef-4fe54f99a56b', 292, 2244);
insert into Transaction (DTYPE, id, amount, balance, checkNo, date, description, externalId, initialBalance, memo, ref, status, type, uuid, account_id, transfer_id) values('InternalTransaction', 2248, -61.81, 2518.77, '', '2010-04-19', 'FRESH & EASY #1399 SCOTT454077', '201004196', false, '04/18FRESH & E', '', 1, 1, '1bd4e9c8-ad76-31ca-8175-6cb227b08bec', 229, null);
insert into Split (id, amount, uuid, envelope_id, transaction_id) values(2249, -61.81, '18b848aa-b3d3-3efb-bcb7-70501c875c54', 238, 2248);
insert into Transaction (DTYPE, id, amount, balance, checkNo, date, description, externalId, initialBalance, memo, ref, status, type, uuid, account_id, transfer_id) values('InternalTransaction', 2250, -1.75, 3906.45, '', '2009-12-09', '24 HOUR FITNESS #869 CAR', '200912091', false, '12/0724 HOUR F', '', 2, 1, 'b5f03f24-b452-3433-9f25-2f42f891894d', 229, null);
insert into Split (id, amount, uuid, envelope_id, transaction_id) values(2251, -1.75, '389ffc01-52c9-352a-a92d-0980e995c99c', 271, 2250);
insert into Transaction (DTYPE, id, amount, balance, checkNo, date, description, externalId, initialBalance, memo, ref, status, type, uuid, account_id, transfer_id) values('InternalTransaction', 2252, -31.90, 1628.16, '', '2010-01-12', 'SRR*SIRIUS RADIO 888-539', '201001120', false, '01/11SRR*SIRIU', '', 2, 1, 'd45c5008-c8ca-3906-936c-1557db07abe2', 229, null);
insert into Split (id, amount, uuid, envelope_id, transaction_id) values(2253, -31.90, '00050018-32ba-3979-9909-c0adf321a3f2', 233, 2252);
insert into Transaction (DTYPE, id, amount, balance, checkNo, date, description, externalId, initialBalance, memo, ref, status, type, uuid, account_id, transfer_id) values('InternalTransaction', 2254, -4.98, 5810.95, '', '2010-03-05', 'Transfer to Chase Bank', 'null', false, '', '', 2, 1, '08bb70a6-187e-38d8-99ad-8f817e26666e', 229, 800);
insert into Split (id, amount, uuid, envelope_id, transaction_id) values(2255, -4.98, '6745e69c-1259-3dd3-ba42-046a9c77e08f', 292, 2254);
insert into Transaction (DTYPE, id, amount, balance, checkNo, date, description, externalId, initialBalance, memo, ref, status, type, uuid, account_id, transfer_id) values('InternalTransaction', 2256, -8.11, 826.64, '', '2010-04-13', 'Transfer to Eating Out', 'null', false, '', '', 2, 1, '6a332954-1702-3cbe-a754-2f836769a29e', 229, 1758);
insert into Split (id, amount, uuid, envelope_id, transaction_id) values(2257, -8.11, 'aad4c53b-dc4e-3e5f-8b2f-aedcd6133d13', 292, 2256);
insert into Transaction (DTYPE, id, amount, balance, checkNo, date, description, externalId, initialBalance, memo, ref, status, type, uuid, account_id, transfer_id) values('InternalTransaction', 2258, 120.00, 3951.99, '', '2010-02-19', 'Transfer from Available', 'null', false, '', '', 2, 0, 'd5ec17cf-40f9-3c37-9bee-f042b13d0425', 229, 2172);
insert into Split (id, amount, uuid, envelope_id, transaction_id) values(2259, 120.00, '6de886ab-8046-3ee2-8947-1918147cd527', 253, 2258);
insert into Transaction (DTYPE, id, amount, balance, checkNo, date, description, externalId, initialBalance, memo, ref, status, type, uuid, account_id, transfer_id) values('InternalTransaction', 2262, -25.00, 1982.28, '', '2009-11-05', 'WALGREENS #4722 PHOENIX', '200911052', false, '11/03WALGREENS', '', 2, 1, 'ae73cd7b-9d0c-3f41-b3a9-8a4ed30794f6', 229, null);
insert into Split (id, amount, uuid, envelope_id, transaction_id) values(2263, -25.00, '5d5a6cb9-ab6a-3c73-a10f-f25a08021eaa', 277, 2262);
insert into Transaction (DTYPE, id, amount, balance, checkNo, date, description, externalId, initialBalance, memo, ref, status, type, uuid, account_id, transfer_id) values('InternalTransaction', 2260, -261.97, 1692.15, '', '2010-04-05', 'BARCLAYCARD US CREDITCARD 8713', '201004058', false, '3816 WEB ID: 2510407970', '', 1, 1, '71b2814a-b64e-3597-a513-8cb914c5f3f3', 229, null);
insert into Split (id, amount, uuid, envelope_id, transaction_id) values(2261, -261.97, '1ca3b374-8992-37d6-bb80-a1280ec94ad2', 242, 2260);
insert into Transaction (DTYPE, id, amount, balance, checkNo, date, description, externalId, initialBalance, memo, ref, status, type, uuid, account_id, transfer_id) values('InternalTransaction', 2266, 13.00, 1299.38, '', '2010-04-08', 'Transfer from Available', 'null', false, '', '', 2, 0, 'dac878f6-d4c9-348f-a58b-e0bae9c9def5', 229, 1722);
insert into Split (id, amount, uuid, envelope_id, transaction_id) values(2267, 13.00, '0c6a68f0-7d54-3da3-8c6c-8457c359da09', 295, 2266);
insert into Transaction (DTYPE, id, amount, balance, checkNo, date, description, externalId, initialBalance, memo, ref, status, type, uuid, account_id, transfer_id) values('InternalTransaction', 2264, 0.00, 4084.13, '', '2010-04-16', 'Transfer from Available', 'null', false, '', '', 2, 1, '40f5f6af-9cc4-35c5-8acf-33c22c65c516', 229, 1492);
insert into Split (id, amount, uuid, envelope_id, transaction_id) values(2265, 0.00, 'e42f4e23-7fc7-3d13-845a-7bf25590011e', 294, 2264);
insert into Transaction (DTYPE, id, amount, balance, checkNo, date, description, externalId, initialBalance, memo, ref, status, type, uuid, account_id, transfer_id) values('InternalTransaction', 2268, -154.11, 831.98, '', '2010-02-02', 'STATE FARM RO 27 SFPP', '201002022', false, 'PPD ID: 9000307001', '', 2, 1, 'de63e35f-fac0-3c08-a8bf-32befc725059', 229, null);
insert into Split (id, amount, uuid, envelope_id, transaction_id) values(2269, -154.11, 'c5005259-c7ef-3c38-b55c-84e86a7c52f2', 290, 2268);
insert into Transaction (DTYPE, id, amount, balance, checkNo, date, description, externalId, initialBalance, memo, ref, status, type, uuid, account_id, transfer_id) values('InternalTransaction', 2272, -175.00, 4669.36, '', '2010-03-19', 'Transfer to Taxes', 'null', false, '', '', 2, 1, '59adb5da-8454-3516-bf0d-62f821a81700', 229, 1156);
insert into Split (id, amount, uuid, envelope_id, transaction_id) values(2273, -175.00, '927d06b9-2615-3be4-9209-f19fd80b86f2', 292, 2272);
insert into Transaction (DTYPE, id, amount, balance, checkNo, date, description, externalId, initialBalance, memo, ref, status, type, uuid, account_id, transfer_id) values('InternalTransaction', 2270, -8.97, 2006.32, '', '2009-12-15', 'CHIPOTLE 1208 TEMPE AZ', '200912154', false, '12/14CHIPOTLE', '', 2, 1, '16fcf8b0-609b-3cc7-b6cc-8791a73fa083', 229, null);
insert into Split (id, amount, uuid, envelope_id, transaction_id) values(2271, -8.97, '6bfc1596-e953-3db9-abf2-92e7db9a61f7', 295, 2270);
insert into Transaction (DTYPE, id, amount, balance, checkNo, date, description, externalId, initialBalance, memo, ref, status, type, uuid, account_id, transfer_id) values('InternalTransaction', 2274, 14.72, 14.72, '', '2010-03-27', 'Transfer from Spending', 'null', false, '', '', 2, 0, '8dc83b0d-1519-304f-af7e-dfe1952c743c', 228, 870);
insert into Split (id, amount, uuid, envelope_id, transaction_id) values(2275, 14.72, '8c5a3262-23c3-3301-9caf-68f0a8549d45', 246, 2274);
insert into Transaction (DTYPE, id, amount, balance, checkNo, date, description, externalId, initialBalance, memo, ref, status, type, uuid, account_id, transfer_id) values('InternalTransaction', 2280, 15.95, 5606.18, '', '2010-03-19', 'Transfer from Available', 'null', false, '', '', 2, 0, '37706a07-b8e1-3c6b-9bb1-94c3606d0aab', 229, 2777);
insert into Split (id, amount, uuid, envelope_id, transaction_id) values(2281, 15.95, '1c236174-1e13-319f-a137-96694c74df70', 233, 2280);
insert into Transaction (DTYPE, id, amount, balance, checkNo, date, description, externalId, initialBalance, memo, ref, status, type, uuid, account_id, transfer_id) values('InternalTransaction', 2278, -59.00, 1768.32, '253', '2009-12-16', 'Campbell''s Steam Pro', '200912161', false, '', '', 2, 1, 'c30bf23c-7d54-3801-8bac-17247ca0520a', 229, null);
insert into Split (id, amount, uuid, envelope_id, transaction_id) values(2279, -59.00, '86779d4a-cec0-38c8-becd-11d3506fe71e', 239, 2278);
insert into Transaction (DTYPE, id, amount, balance, checkNo, date, description, externalId, initialBalance, memo, ref, status, type, uuid, account_id, transfer_id) values('InternalTransaction', 2276, 151.00, 1286.04, '', '2010-02-16', 'Transfer from Available', 'null', false, '', '', 0, 0, '664db00e-8381-38f0-a9c1-fc23c07f9090', 229, 2681);
insert into Split (id, amount, uuid, envelope_id, transaction_id) values(2277, 151.00, '129eefd6-f3bf-3365-aa05-5497bb146e04', 258, 2276);
insert into Transaction (DTYPE, id, amount, balance, checkNo, date, description, externalId, initialBalance, memo, ref, status, type, uuid, account_id, transfer_id) values('InternalTransaction', 2286, 25.98, 1563.83, '', '2010-02-16', 'Transfer from Available', 'null', false, '', '', 0, 0, 'efc5f603-ee75-3e39-a992-a4531cf4f0ba', 229, 1830);
insert into Split (id, amount, uuid, envelope_id, transaction_id) values(2287, 25.98, '5b2fc22e-245f-316c-9a02-1a5d18d35cbe', 285, 2286);
insert into Transaction (DTYPE, id, amount, balance, checkNo, date, description, externalId, initialBalance, memo, ref, status, type, uuid, account_id, transfer_id) values('InternalTransaction', 2284, -10.00, 1135.04, '', '2010-02-16', 'Transfer to Auto Maintenance', 'null', false, '', '', 0, 1, 'cec20526-cc30-3385-8732-6d595e80ee4c', 229, 366);
insert into Split (id, amount, uuid, envelope_id, transaction_id) values(2285, -10.00, 'ffeae30c-1371-39d0-86f8-aaa178f52643', 292, 2284);
insert into Transaction (DTYPE, id, amount, balance, checkNo, date, description, externalId, initialBalance, memo, ref, status, type, uuid, account_id, transfer_id) values('InternalTransaction', 2282, -84.20, 4274.65, '', '2010-03-05', 'Transfer to State Farm Insurance', 'null', false, '', '', 2, 1, 'c6bbb182-5a72-3b83-a995-77e4feeec71f', 229, 2993);
insert into Split (id, amount, uuid, envelope_id, transaction_id) values(2283, -84.20, 'fa4c47ee-b859-37e5-ae1f-6669d84ddd30', 292, 2282);
insert into Transaction (DTYPE, id, amount, balance, checkNo, date, description, externalId, initialBalance, memo, ref, status, type, uuid, account_id, transfer_id) values('InternalTransaction', 2290, -128.24, 6185.72, '', '2010-03-19', 'Transfer to Available', 'null', false, '', '', 2, 1, '1543f0a2-7954-3112-89e9-a63fe03376ea', 229, 1678);
insert into Split (id, amount, uuid, envelope_id, transaction_id) values(2291, -128.24, 'c65fcd18-6101-3809-8563-fa85d10c9129', 292, 2290);
insert into Transaction (DTYPE, id, amount, balance, checkNo, date, description, externalId, initialBalance, memo, ref, status, type, uuid, account_id, transfer_id) values('InternalTransaction', 2288, -31.89, 0.00, '', '2010-03-03', 'Transfer to Pet', 'null', false, '', '', 2, 1, '893f6c34-ac33-393b-9c80-d1b161d47d5b', 228, 1404);
insert into Split (id, amount, uuid, envelope_id, transaction_id) values(2289, -31.89, 'e3880ebc-2e0e-3a26-81ac-a694018b73c2', 252, 2288);
insert into Transaction (DTYPE, id, amount, balance, checkNo, date, description, externalId, initialBalance, memo, ref, status, type, uuid, account_id, transfer_id) values('InternalTransaction', 2292, -70.41, 879.26, '', '2010-03-03', 'Transfer to Unassigned', 'null', false, '', '', 2, 1, '222c6679-6b98-3fc5-b3ad-86b61f7e4a33', 229, 1820);
insert into Split (id, amount, uuid, envelope_id, transaction_id) values(2293, -70.41, '951da6da-7a7a-3552-bbb2-db1d4dbbda13', 292, 2292);
insert into Transaction (DTYPE, id, amount, balance, checkNo, date, description, externalId, initialBalance, memo, ref, status, type, uuid, account_id, transfer_id) values('InternalTransaction', 2294, -38.55, 4049.22, '', '2009-12-07', 'CHEVRON 00098544 PHOENIX', '200912072', false, '12/05CHEVRON 0', '', 2, 1, '71205b11-1bfc-307a-a1fa-8deb727b74e8', 229, null);
insert into Split (id, amount, uuid, envelope_id, transaction_id) values(2295, -38.55, 'f0e9fe24-a3bb-3d2a-88f9-4f174695d8e7', 253, 2294);
insert into Transaction (DTYPE, id, amount, balance, checkNo, date, description, externalId, initialBalance, memo, ref, status, type, uuid, account_id, transfer_id) values('InternalTransaction', 2296, 53.79, 1498.29, '', '2010-01-19', 'ATM CHECK DEPOSIT', '201001190', false, '', '', 2, 0, '24934e0a-40d9-3a30-a97e-55bc8b4a53ae', 229, null);
insert into Split (id, amount, uuid, envelope_id, transaction_id) values(2297, 53.79, '0ad45bf8-c472-3ce5-a2b4-7125ba9b84a0', 292, 2296);
insert into Transaction (DTYPE, id, amount, balance, checkNo, date, description, externalId, initialBalance, memo, ref, status, type, uuid, account_id, transfer_id) values('InternalTransaction', 2300, -11.46, 0.00, '', '2010-03-16', 'Transfer to Hair Services', 'null', false, '', '', 2, 1, 'ce7b8c2f-bfa8-33cb-be9d-b4c38f9ffa80', 228, 2795);
insert into Split (id, amount, uuid, envelope_id, transaction_id) values(2301, -11.46, '5b47fa71-2428-3eb2-aae2-878afc7c0e2b', 239, 2300);
insert into Transaction (DTYPE, id, amount, balance, checkNo, date, description, externalId, initialBalance, memo, ref, status, type, uuid, account_id, transfer_id) values('InternalTransaction', 2298, -47.63, 4143.68, '', '2009-11-30', 'BEDBATH&BEYOND# BEDBATH 514785', '200911305', false, '11/29BEDBATH&B', '', 2, 1, 'ced01a65-6d4d-3032-aed4-e7eed730a50d', 229, null);
insert into Split (id, amount, uuid, envelope_id, transaction_id) values(2299, -47.63, 'ec6ab5fe-9c19-3446-85cb-b2ed69ed9205', 239, 2298);
insert into Transaction (DTYPE, id, amount, balance, checkNo, date, description, externalId, initialBalance, memo, ref, status, type, uuid, account_id, transfer_id) values('InternalTransaction', 2304, -8.11, 1230.86, '', '2010-04-12', 'CHIPOTLE 1208 TEMPE AZ', '201004120', false, '04/09CHIPOTLE', '', 1, 1, 'fc5c1a96-95c2-3055-b01f-a7fea19c78b5', 229, null);
insert into Split (id, amount, uuid, envelope_id, transaction_id) values(2305, -8.11, '0f8f259b-962f-3d56-9ed4-ea1662fe7cf1', 295, 2304);
insert into Transaction (DTYPE, id, amount, balance, checkNo, date, description, externalId, initialBalance, memo, ref, status, type, uuid, account_id, transfer_id) values('InternalTransaction', 2302, -30.50, 2441.08, '', '2009-12-29', 'AMC DEER VALLE04001020 P', '200912292', false, '12/27AMC DEER', '', 2, 1, '61b54488-c2b2-3b67-b855-078ebfcab35a', 229, null);
insert into Split (id, amount, uuid, envelope_id, transaction_id) values(2303, -30.50, '2797ba78-96f4-37ef-8464-63f539dc6a09', 284, 2302);
insert into Transaction (DTYPE, id, amount, balance, checkNo, date, description, externalId, initialBalance, memo, ref, status, type, uuid, account_id, transfer_id) values('InternalTransaction', 2306, 395.45, 6001.63, '', '2010-03-19', 'Transfer from Available', 'null', false, '', '', 2, 0, '8c886325-4c7d-34fb-91d8-bdb54cb09f35', 229, 2785);
insert into Split (id, amount, uuid, envelope_id, transaction_id) values(2307, 395.45, 'f00e6200-b954-33b3-81b1-e4062b885a22', 231, 2306);
insert into Transaction (DTYPE, id, amount, balance, checkNo, date, description, externalId, initialBalance, memo, ref, status, type, uuid, account_id, transfer_id) values('InternalTransaction', 2310, 114.68, 10812.71, '', '2010-02-16', 'Transfer from Available', 'null', false, '', '', 0, 0, 'b1cd268d-5db8-3a71-9683-c2175231f60d', 229, 580);
insert into Split (id, amount, uuid, envelope_id, transaction_id) values(2311, 114.68, 'bc89777a-6cce-30d1-b550-3732858b33e5', 244, 2310);
insert into Transaction (DTYPE, id, amount, balance, checkNo, date, description, externalId, initialBalance, memo, ref, status, type, uuid, account_id, transfer_id) values('InternalTransaction', 2308, -25.00, 1366.85, '', '2009-12-18', 'LDW GROUP 8006017097 MA', '200912183', false, '12/16LDW GROUP', '', 2, 1, 'f4e53852-971d-36f1-a020-f86194b41bdf', 229, null);
insert into Split (id, amount, uuid, envelope_id, transaction_id) values(2309, -25.00, '0d6201a0-1a57-3d8d-86af-29ff2f39638e', 247, 2308);
insert into Transaction (DTYPE, id, amount, balance, checkNo, date, description, externalId, initialBalance, memo, ref, status, type, uuid, account_id, transfer_id) values('InternalTransaction', 2312, -12.00, 516.63, '', '2009-11-12', 'CHINA CHILI PHOENIX AZ', '200911124', false, '11/09CHINA CHI', '', 2, 1, '96b46c94-59d4-3aa2-a6d7-6d73d2c47a18', 229, null);
insert into Split (id, amount, uuid, envelope_id, transaction_id) values(2313, -12.00, '8ac22512-105d-3439-8630-2aa6a56fd9c7', 295, 2312);
insert into Transaction (DTYPE, id, amount, balance, checkNo, date, description, externalId, initialBalance, memo, ref, status, type, uuid, account_id, transfer_id) values('InternalTransaction', 2314, -11.86, 3260.62, '', '2009-11-23', 'PIE ZANOS KITCHEN PHOENI', '200911237', false, '11/20PIE ZANOS', '', 2, 1, 'c6de5311-9d07-3edc-8ab1-5508311d6db8', 229, null);
insert into Split (id, amount, uuid, envelope_id, transaction_id) values(2315, -11.86, '601c4830-34de-3d88-94d7-8103b14e3151', 295, 2314);
insert into Transaction (DTYPE, id, amount, balance, checkNo, date, description, externalId, initialBalance, memo, ref, status, type, uuid, account_id, transfer_id) values('InternalTransaction', 2320, -7.50, 1254.13, '', '2010-04-08', 'BRICKYARD ON MILL GAR 31', '201004081', false, '04/07BRICKYARD', '', 1, 1, 'bb42558a-96b8-3686-a119-a053074bc094', 229, null);
insert into Split (id, amount, uuid, envelope_id, transaction_id) values(2321, -7.50, '20818f72-118e-34f0-b8c7-9751a4517362', 264, 2320);
insert into Transaction (DTYPE, id, amount, balance, checkNo, date, description, externalId, initialBalance, memo, ref, status, type, uuid, account_id, transfer_id) values('InternalTransaction', 2318, -175.00, 3001.12, '', '2010-01-25', 'IRS USATAXPYMT 2700', '201001251', false, '42500203145 WEB ID: 3387702000', '', 2, 1, 'da093915-cb3b-3876-89b8-b6f6adea2426', 229, null);
insert into Split (id, amount, uuid, envelope_id, transaction_id) values(2319, -175.00, '298eab34-bef9-3b07-a321-a34e70f32456', 275, 2318);
insert into Transaction (DTYPE, id, amount, balance, checkNo, date, description, externalId, initialBalance, memo, ref, status, type, uuid, account_id, transfer_id) values('InternalTransaction', 2316, -175.00, 0.00, '', '2010-02-19', 'Transfer to Massage', 'null', false, '', '', 2, 1, '9fe70f0c-809e-3cb2-b123-fea41fa9a995', 228, 1066);
insert into Split (id, amount, uuid, envelope_id, transaction_id) values(2317, -175.00, 'fcd3cc68-48a8-3cb0-a616-f2cd0c511046', 275, 2316);
insert into Transaction (DTYPE, id, amount, balance, checkNo, date, description, externalId, initialBalance, memo, ref, status, type, uuid, account_id, transfer_id) values('InternalTransaction', 2322, -200.00, 3599.31, '', '2010-02-19', 'Transfer to Spending', 'null', false, '', '', 2, 1, 'eb872e85-0417-333c-9df6-23270927054c', 229, 2973);
insert into Split (id, amount, uuid, envelope_id, transaction_id) values(2323, -200.00, 'be5a6c40-769f-387a-9b26-dfca76080309', 292, 2322);
insert into Transaction (DTYPE, id, amount, balance, checkNo, date, description, externalId, initialBalance, memo, ref, status, type, uuid, account_id, transfer_id) values('InternalTransaction', 2324, -52.49, 0.00, '', '2010-04-13', 'Transfer to Available', 'null', false, '', '', 2, 1, '9ed8046e-4d85-3924-bd19-f8ddbfdc9b81', 228, 798);
insert into Split (id, amount, uuid, envelope_id, transaction_id) values(2325, -52.49, 'b5c417fb-7210-37ee-8653-5a9f2e60dbac', 263, 2324);
insert into Transaction (DTYPE, id, amount, balance, checkNo, date, description, externalId, initialBalance, memo, ref, status, type, uuid, account_id, transfer_id) values('InternalTransaction', 2326, -204.78, 5068.18, '', '2009-11-27', 'VZWRLSS-MYACCT VW 800-92', '200911271', false, '11/26VZWRLSS-M', '', 2, 1, 'd6c62b38-3e37-34b7-b371-91b9732614d5', 229, null);
insert into Split (id, amount, uuid, envelope_id, transaction_id) values(2327, -204.78, 'ded2b4b7-2096-3683-966f-f45beff0b257', 236, 2326);
insert into Transaction (DTYPE, id, amount, balance, checkNo, date, description, externalId, initialBalance, memo, ref, status, type, uuid, account_id, transfer_id) values('InternalTransaction', 2328, -44.40, 3127.59, '', '2010-02-19', 'OFFICE MAX 928 W CAMELB 700534', '201002191', false, '02/18OFFICE MA', '', 2, 1, '87b2231d-d2dc-3371-b6fc-8736957c2891', 229, null);
insert into Split (id, amount, uuid, envelope_id, transaction_id) values(2329, -44.40, '1bf8f5b0-925b-3b2c-988d-8e61c17d99b9', 239, 2328);
insert into Transaction (DTYPE, id, amount, balance, checkNo, date, description, externalId, initialBalance, memo, ref, status, type, uuid, account_id, transfer_id) values('InternalTransaction', 2330, -21.61, 4359.91, '', '2009-12-14', 'TRAILS #27 PHOENIX AZ', '2009121416', false, '12/11TRAILS #2', '', 2, 1, '9d10c4e0-5773-399f-a0d8-0963ba6da448', 229, null);
insert into Split (id, amount, uuid, envelope_id, transaction_id) values(2331, -21.61, 'f747854c-60a6-32c5-96c7-45bf72316d7a', 252, 2330);
insert into Transaction (DTYPE, id, amount, balance, checkNo, date, description, externalId, initialBalance, memo, ref, status, type, uuid, account_id, transfer_id) values('InternalTransaction', 2332, -22.22, 3228.29, '', '2010-03-31', 'WHOLE FOODS MARK 5120 S 110687', '201003311', false, '03/30WHOLE FOO', '', 1, 1, 'e835691b-e7c7-33b6-98b5-55d20687b985', 229, null);
insert into Split (id, amount, uuid, envelope_id, transaction_id) values(2333, -22.22, 'ca587262-1f72-30e2-8c58-4f6a910ff8b0', 238, 2332);
insert into Transaction (DTYPE, id, amount, balance, checkNo, date, description, externalId, initialBalance, memo, ref, status, type, uuid, account_id, transfer_id) values('InternalTransaction', 2334, -25.00, 4099.57, '', '2010-04-16', 'Transfer to Medical', 'null', false, '', '', 2, 1, '2aeadf91-c159-3808-9a2f-4f1fcb4d978e', 229, 484);
insert into Split (id, amount, uuid, envelope_id, transaction_id) values(2335, -25.00, 'f9a3a9e1-dd63-3238-911b-f62e6de67ada', 292, 2334);
insert into Transaction (DTYPE, id, amount, balance, checkNo, date, description, externalId, initialBalance, memo, ref, status, type, uuid, account_id, transfer_id) values('InternalTransaction', 2336, -8.95, 4977.93, '', '2009-11-13', 'SAFEWAY STORE 2716 PHO962999', '200911133', false, '11/12SAFEWAY', '', 2, 1, '84bb7e6b-f481-3ac8-8d71-297929a19982', 229, null);
insert into Split (id, amount, uuid, envelope_id, transaction_id) values(2337, -8.95, 'a37fd0b9-7cfd-3ffb-8515-94ce968b63ac', 238, 2336);
insert into Transaction (DTYPE, id, amount, balance, checkNo, date, description, externalId, initialBalance, memo, ref, status, type, uuid, account_id, transfer_id) values('InternalTransaction', 2338, -15.75, 4408.38, '', '2009-11-30', 'HARKINS SHEA CINEMAQ9 SC', '2009113014', false, '11/26HARKINS S', '', 2, 1, '3bd1bff6-db8b-3a0b-8411-9b7414964796', 229, null);
insert into Split (id, amount, uuid, envelope_id, transaction_id) values(2339, -15.75, 'b4cac304-1a39-381f-a193-2673a60099fd', 284, 2338);
insert into Transaction (DTYPE, id, amount, balance, checkNo, date, description, externalId, initialBalance, memo, ref, status, type, uuid, account_id, transfer_id) values('InternalTransaction', 2342, -29.37, 3938.07, '', '2009-12-08', 'THE ORIGINAL WINEBURGER', '200912080', false, '12/05THE ORIGI', '', 2, 1, '47dd6c64-71cb-3812-b069-0ac0a7523d08', 229, null);
insert into Split (id, amount, uuid, envelope_id, transaction_id) values(2343, -29.37, '6d0b6033-52de-3863-9089-a06d193e7d5f', 295, 2342);
insert into Transaction (DTYPE, id, amount, balance, checkNo, date, description, externalId, initialBalance, memo, ref, status, type, uuid, account_id, transfer_id) values('InternalTransaction', 2340, 40.00, 40.00, '', '2010-03-09', 'Transfer from Spending', 'null', false, '', '', 2, 0, 'bfec621d-1684-3b6f-acc8-8fbded65f7ef', 228, 2909);
insert into Split (id, amount, uuid, envelope_id, transaction_id) values(2341, 40.00, 'a54fb69a-2d3f-364a-927b-d7c40857a8af', 247, 2340);
insert into Transaction (DTYPE, id, amount, balance, checkNo, date, description, externalId, initialBalance, memo, ref, status, type, uuid, account_id, transfer_id) values('InternalTransaction', 2344, -31.90, 1760.54, '', '2010-03-12', 'SRR*SIRIUS RADIO 888-539', '201003120', false, '03/11SRR*SIRIU', '', 1, 1, 'f7df0fd6-ec0c-3d4a-b540-420f4f730e2e', 229, null);
insert into Split (id, amount, uuid, envelope_id, transaction_id) values(2345, -31.90, '584f904b-f1b5-3bb4-a592-d1a768be8f79', 233, 2344);
insert into Transaction (DTYPE, id, amount, balance, checkNo, date, description, externalId, initialBalance, memo, ref, status, type, uuid, account_id, transfer_id) values('InternalTransaction', 2348, -6.85, 1098.19, '', '2010-02-17', 'FRYS FOOD & DRUG 3232 S 540513', '201002172', false, '02/16FRYS FOOD', '', 2, 1, 'fa6c66e2-e9a8-31ff-918d-4e757c6e6e26', 229, null);
insert into Split (id, amount, uuid, envelope_id, transaction_id) values(2349, -6.85, '66dea812-4dac-33a8-a4f8-ce4b04ec90ee', 238, 2348);
insert into Transaction (DTYPE, id, amount, balance, checkNo, date, description, externalId, initialBalance, memo, ref, status, type, uuid, account_id, transfer_id) values('InternalTransaction', 2346, -309.33, 2653.65, '', '2010-01-11', 'VW CREDIT, INC. AUTO DEBIT WE', '201001111', false, 'B 852539481 WEB ID: 1382362409', '', 2, 1, 'e978c0a4-dbe5-3d7f-ab6c-9dafdfb0daec', 229, null);
insert into Split (id, amount, uuid, envelope_id, transaction_id) values(2347, -309.33, 'b712a29b-8775-36c1-b0fa-0eb5ead9f758', 267, 2346);
insert into Transaction (DTYPE, id, amount, balance, checkNo, date, description, externalId, initialBalance, memo, ref, status, type, uuid, account_id, transfer_id) values('InternalTransaction', 2352, -1.51, 3916.07, '', '2010-03-24', 'Transfer to Eating Out', 'null', false, '', '', 2, 1, '1ce76407-dd62-3997-990f-6d2900d5b805', 229, 950);
insert into Split (id, amount, uuid, envelope_id, transaction_id) values(2353, -1.51, 'f82b8f76-c19f-3a03-9059-cadbf888bfab', 292, 2352);
insert into Transaction (DTYPE, id, amount, balance, checkNo, date, description, externalId, initialBalance, memo, ref, status, type, uuid, account_id, transfer_id) values('InternalTransaction', 2350, -41.35, 3394.52, '', '2010-01-22', 'CHEVRON 00206657 PHOENIX', '201001222', false, '01/20CHEVRON 0', '', 2, 1, '835fc24b-fb7f-3840-b869-04211a66bb25', 229, null);
insert into Split (id, amount, uuid, envelope_id, transaction_id) values(2351, -41.35, '9e119692-5bde-3a38-808f-a2ee33cbae99', 253, 2350);
insert into Transaction (DTYPE, id, amount, balance, checkNo, date, description, externalId, initialBalance, memo, ref, status, type, uuid, account_id, transfer_id) values('InternalTransaction', 2354, -31.85, 2043.38, '', '2010-01-04', 'HARD ROCK PHOENIX R PHOE', '201001043', false, '12/30HARD ROCK', '', 2, 1, '5dc1ae06-4e0e-376d-902e-3b3505268797', 229, null);
insert into Split (id, amount, uuid, envelope_id, transaction_id) values(2355, -31.85, '52ba37a4-a652-35ad-8899-8760f75f629d', 295, 2354);
insert into Transaction (DTYPE, id, amount, balance, checkNo, date, description, externalId, initialBalance, memo, ref, status, type, uuid, account_id, transfer_id) values('InternalTransaction', 2358, -5.50, 4047.40, '', '2010-03-29', 'TACO BELL 233800233866 M', '201003293', false, '03/26TACO BELL', '', 1, 1, '25cb08d9-ed5e-3d4d-ae1c-9e30ebf0075b', 229, null);
insert into Split (id, amount, uuid, envelope_id, transaction_id) values(2359, -5.50, '37f01c1d-53df-3753-a6f4-f0a2d775c73c', 246, 2358);
insert into Transaction (DTYPE, id, amount, balance, checkNo, date, description, externalId, initialBalance, memo, ref, status, type, uuid, account_id, transfer_id) values('InternalTransaction', 2356, -649.88, 3230.11, '', '2010-03-08', 'HSBC CARD SRVCS Online Pmt 0000', '201003080', false, '00542347337 WEB ID: 2000000510', '', 1, 1, '9a04035d-8ffa-3f7a-a5fc-f860b4b38ff0', 229, null);
insert into Split (id, amount, uuid, envelope_id, transaction_id) values(2357, -649.88, '3096969c-5c5e-3a00-b00e-257d7fb5e2a7', 242, 2356);
insert into Transaction (DTYPE, id, amount, balance, checkNo, date, description, externalId, initialBalance, memo, ref, status, type, uuid, account_id, transfer_id) values('InternalTransaction', 2360, -49.00, 2465.27, '', '2010-03-18', 'MASSAGE ENVY 0011 480-83', '201003181', false, '03/16MASSAGE E', '', 1, 1, '69a421dc-4581-3e9a-87b0-69301dfd3755', 229, null);
insert into Split (id, amount, uuid, envelope_id, transaction_id) values(2361, -49.00, '5c4dd041-70d5-3078-b116-9da4adee3d56', 279, 2360);
insert into Transaction (DTYPE, id, amount, balance, checkNo, date, description, externalId, initialBalance, memo, ref, status, type, uuid, account_id, transfer_id) values('InternalTransaction', 2364, 25.00, 3976.99, '', '2010-02-19', 'Transfer from Available', 'null', false, '', '', 2, 0, '01d7e3ed-7d12-39a5-8d7d-3b544b851da2', 229, 2244);
insert into Split (id, amount, uuid, envelope_id, transaction_id) values(2365, 25.00, '3221f66f-ec00-39ec-a9c9-f89d4dd8934f', 239, 2364);
insert into Transaction (DTYPE, id, amount, balance, checkNo, date, description, externalId, initialBalance, memo, ref, status, type, uuid, account_id, transfer_id) values('InternalTransaction', 2362, -308.00, 4233.58, '', '2010-03-23', 'Transfer to Taxes', 'null', false, '', '', 2, 1, '5c758395-828f-32fa-b910-0672b6b3356d', 229, 2426);
insert into Split (id, amount, uuid, envelope_id, transaction_id) values(2363, -308.00, 'bf75d25c-8030-345d-b411-f4cf4ebee279', 292, 2362);
insert into Transaction (DTYPE, id, amount, balance, checkNo, date, description, externalId, initialBalance, memo, ref, status, type, uuid, account_id, transfer_id) values('InternalTransaction', 2366, -13.85, 1021.41, '', '2009-11-09', 'SPROUTS FARMERS MKT # 0 460613', '200911095', false, '11/07SPROUTS F', '', 2, 1, 'b4129903-25a5-3f3a-9844-e368a3fc3905', 229, null);
insert into Split (id, amount, uuid, envelope_id, transaction_id) values(2367, -13.85, '3ca74a9d-9a65-33ed-aef7-e8607ea12f63', 238, 2366);
insert into Transaction (DTYPE, id, amount, balance, checkNo, date, description, externalId, initialBalance, memo, ref, status, type, uuid, account_id, transfer_id) values('InternalTransaction', 2368, 10.16, 10.16, '', '2010-03-20', 'Transfer from Available', 'null', false, '', '', 2, 0, '175f2917-eadd-3b16-a5e6-512e2124c5cf', 228, 1056);
insert into Split (id, amount, uuid, envelope_id, transaction_id) values(2369, 10.16, '47597c2e-336b-3607-a893-72b85275d5b0', 270, 2368);
insert into Transaction (DTYPE, id, amount, balance, checkNo, date, description, externalId, initialBalance, memo, ref, status, type, uuid, account_id, transfer_id) values('InternalTransaction', 2370, 31.10, 1478.59, '', '2010-04-06', 'Transfer from Available', 'null', false, '', '', 2, 0, '2a5960aa-cf96-3cfb-8523-727093f43412', 229, 564);
insert into Split (id, amount, uuid, envelope_id, transaction_id) values(2371, 31.10, 'b6826aa4-c203-3717-a2f0-31b8b6bf9662', 238, 2370);
insert into Transaction (DTYPE, id, amount, balance, checkNo, date, description, externalId, initialBalance, memo, ref, status, type, uuid, account_id, transfer_id) values('InternalTransaction', 2372, -10.05, 1700.49, '', '2010-03-12', 'CHIPOTLE 1208 TEMPE AZ', '201003123', false, '03/11CHIPOTLE', '', 1, 1, 'a79200ff-9e1e-3fb0-b567-af52738a643b', 229, null);
insert into Split (id, amount, uuid, envelope_id, transaction_id) values(2373, -10.05, '4687ceb0-fa46-356e-857a-54e93a724bd3', 295, 2372);
insert into Transaction (DTYPE, id, amount, balance, checkNo, date, description, externalId, initialBalance, memo, ref, status, type, uuid, account_id, transfer_id) values('InternalTransaction', 2374, -135.18, 722.05, '', '2010-01-05', 'STATE FARM RO 27 SFPP', '201001052', false, 'PPD ID: 9000307001', '', 2, 1, '2f111e2f-500a-3457-8cd1-c1807354f4eb', 229, null);
insert into Split (id, amount, uuid, envelope_id, transaction_id) values(2375, -135.18, '86c1dcf6-707c-3904-9180-33788f6f8182', 290, 2374);
insert into Transaction (DTYPE, id, amount, balance, checkNo, date, description, externalId, initialBalance, memo, ref, status, type, uuid, account_id, transfer_id) values('InternalTransaction', 2380, 40.79, 4017.78, '', '2010-02-19', 'Transfer from Available', 'null', false, '', '', 2, 0, '0fa35f64-5a05-3a26-a988-782d64636c5c', 229, 384);
insert into Split (id, amount, uuid, envelope_id, transaction_id) values(2381, 40.79, '2fe8ec23-65a6-3084-a61f-8f1f7c969358', 273, 2380);
insert into Transaction (DTYPE, id, amount, balance, checkNo, date, description, externalId, initialBalance, memo, ref, status, type, uuid, account_id, transfer_id) values('InternalTransaction', 2378, 165.38, 165.38, '', '2010-02-28', 'Transfer from Unassigned', 'null', false, '', '', 2, 0, '8cc32b77-375c-3e14-9de5-138de2237383', 228, 2875);
insert into Split (id, amount, uuid, envelope_id, transaction_id) values(2379, 165.38, '3e573b03-0047-36d2-a035-f0b2f8616f33', 249, 2378);
insert into Transaction (DTYPE, id, amount, balance, checkNo, date, description, externalId, initialBalance, memo, ref, status, type, uuid, account_id, transfer_id) values('InternalTransaction', 2376, -15.95, 4023.11, '', '2010-04-16', 'Transfer to Sirius', 'null', false, '', '', 2, 1, '580b10b6-ca2b-3aab-9854-f6a64af8bd12', 229, 1080);
insert into Split (id, amount, uuid, envelope_id, transaction_id) values(2377, -15.95, '66e3e64e-7050-37e2-8438-ba5ebb94f9e4', 292, 2376);
insert into Transaction (DTYPE, id, amount, balance, checkNo, date, description, externalId, initialBalance, memo, ref, status, type, uuid, account_id, transfer_id) values('InternalTransaction', 2382, -60.52, 1748.10, '', '2010-01-11', 'BARCLAYCARD US CREDITCARD 8091', '201001117', false, '8847 WEB ID: 2510407970', '', 2, 1, 'bcada5b7-bc13-3cba-8d1c-a7f9cf6c55cc', 229, null);
insert into Split (id, amount, uuid, envelope_id, transaction_id) values(2383, -60.52, 'd7660521-c79b-3c4f-bcf9-5bdc1c2be62f', 242, 2382);
insert into Transaction (DTYPE, id, amount, balance, checkNo, date, description, externalId, initialBalance, memo, ref, status, type, uuid, account_id, transfer_id) values('InternalTransaction', 2384, -38.61, 1468.43, '', '2010-02-11', 'CIRCLE K #9158 MESA AZ 449520', '201002111', false, '02/10CIRCLE K', '', 2, 1, '72888ecd-0c48-31db-a6c5-ed899441e880', 229, null);
insert into Split (id, amount, uuid, envelope_id, transaction_id) values(2385, -38.61, '4a691fba-6070-3d98-808b-75be5e92bb56', 252, 2384);
insert into Transaction (DTYPE, id, amount, balance, checkNo, date, description, externalId, initialBalance, memo, ref, status, type, uuid, account_id, transfer_id) values('InternalTransaction', 2388, 49.23, 49.23, '', '2010-04-08', 'Transfer from Spending', 'null', false, '', '', 2, 0, '3d4ecfc8-b869-34e9-8965-c56972cd4f7b', 228, 2653);
insert into Split (id, amount, uuid, envelope_id, transaction_id) values(2389, 49.23, '86f4f46d-3080-3261-a8ab-afee88e4f582', 292, 2388);
insert into Transaction (DTYPE, id, amount, balance, checkNo, date, description, externalId, initialBalance, memo, ref, status, type, uuid, account_id, transfer_id) values('InternalTransaction', 2386, 24.90, 1588.73, '', '2010-02-16', 'Transfer from Available', 'null', false, '', '', 0, 0, 'e796b782-50e4-3bdd-b164-debd01bf4d33', 229, 838);
insert into Split (id, amount, uuid, envelope_id, transaction_id) values(2387, 24.90, '6c755742-3c24-39c4-b235-73194040765a', 244, 2386);
insert into Transaction (DTYPE, id, amount, balance, checkNo, date, description, externalId, initialBalance, memo, ref, status, type, uuid, account_id, transfer_id) values('InternalTransaction', 2392, -1.11, 2608.74, '', '2010-04-19', 'QT 400 TEMPE AZ 567217', '201004193', false, '04/16QT 400 TE', '', 1, 1, '4050e8f3-e6b4-3f4e-a540-768f1c44fba5', 229, null);
insert into Split (id, amount, uuid, envelope_id, transaction_id) values(2393, -1.11, '346731af-96af-37b9-9561-27ff5e93a8fb', 252, 2392);
insert into Transaction (DTYPE, id, amount, balance, checkNo, date, description, externalId, initialBalance, memo, ref, status, type, uuid, account_id, transfer_id) values('InternalTransaction', 2390, -275.00, 0.00, '', '2010-03-23', 'Transfer to Moving', 'null', false, '', '', 2, 1, 'a356dac8-708d-3f92-844f-7e257cf0f3f1', 228, 2468);
insert into Split (id, amount, uuid, envelope_id, transaction_id) values(2391, -275.00, 'b2855ca5-d72c-340a-9f7e-e1c56515c927', 292, 2390);
insert into Transaction (DTYPE, id, amount, balance, checkNo, date, description, externalId, initialBalance, memo, ref, status, type, uuid, account_id, transfer_id) values('InternalTransaction', 2394, 347.62, 11629.03, '', '2010-02-16', 'Transfer from Available', 'null', false, '', '', 0, 0, 'b4a663cb-e592-3814-83d1-c8beb4793403', 229, 1288);
insert into Split (id, amount, uuid, envelope_id, transaction_id) values(2395, 347.62, 'e7c9edb8-1a8e-338f-aa77-92d533171fa4', 293, 2394);
insert into Transaction (DTYPE, id, amount, balance, checkNo, date, description, externalId, initialBalance, memo, ref, status, type, uuid, account_id, transfer_id) values('InternalTransaction', 2396, 292.74, 1881.47, '', '2010-02-16', 'Transfer from Available', 'null', false, '', '', 0, 0, '726981c8-994f-37a9-b5e5-5cf0984c74f0', 229, 2735);
insert into Split (id, amount, uuid, envelope_id, transaction_id) values(2397, 292.74, 'cb590e10-7021-3bd9-8f16-199a7060b1be', 280, 2396);
insert into Transaction (DTYPE, id, amount, balance, checkNo, date, description, externalId, initialBalance, memo, ref, status, type, uuid, account_id, transfer_id) values('InternalTransaction', 2398, -9.74, 1170.04, '', '2010-02-15', 'WALGREEN', '201002166', false, '', '', 2, 1, '6fc5e131-3e34-34cd-9ec5-a550902fbb4f', 229, null);
insert into Split (id, amount, uuid, envelope_id, transaction_id) values(2399, -9.74, 'f5810a26-ebda-33b4-93cc-ca571aa1d87f', 277, 2398);
insert into Transaction (DTYPE, id, amount, balance, checkNo, date, description, externalId, initialBalance, memo, ref, status, type, uuid, account_id, transfer_id) values('InternalTransaction', 2404, -5.77, 3720.69, '', '2010-04-02', 'Transfer to Auto Registration', 'null', false, '', '', 2, 1, '1498697f-e3ac-3d8a-afa4-d10aaa5098e6', 229, 1996);
insert into Split (id, amount, uuid, envelope_id, transaction_id) values(2405, -5.77, '3db794bd-eaeb-33ce-bdf8-ecd7c79a0284', 292, 2404);
insert into Transaction (DTYPE, id, amount, balance, checkNo, date, description, externalId, initialBalance, memo, ref, status, type, uuid, account_id, transfer_id) values('InternalTransaction', 2402, 10.26, 10.26, '', '2010-03-11', 'Transfer from Available', 'null', false, '', '', 2, 0, '63dd0cf9-7f58-3bb8-a3f7-4e0ad9fc98ba', 228, 1990);
insert into Split (id, amount, uuid, envelope_id, transaction_id) values(2403, 10.26, '02beae5e-888a-31f0-821b-2e104bd0ef8a', 295, 2402);
insert into Transaction (DTYPE, id, amount, balance, checkNo, date, description, externalId, initialBalance, memo, ref, status, type, uuid, account_id, transfer_id) values('InternalTransaction', 2400, -10.00, 6319.73, '', '2010-03-19', 'Transfer to Auto Maintenance', 'null', false, '', '', 2, 1, 'cb5624f0-3e83-373c-9640-04e7c7d0929e', 229, 1070);
insert into Split (id, amount, uuid, envelope_id, transaction_id) values(2401, -10.00, '7c480125-2b9d-35b3-a5e4-b72eb9d9fc9c', 292, 2400);
insert into Transaction (DTYPE, id, amount, balance, checkNo, date, description, externalId, initialBalance, memo, ref, status, type, uuid, account_id, transfer_id) values('InternalTransaction', 2406, -35.51, 5169.51, '', '2010-03-19', 'Transfer to New Car', 'null', false, '', '', 2, 1, 'f817e2ed-bbe0-34cd-99fc-518217ed8699', 229, 1908);
insert into Split (id, amount, uuid, envelope_id, transaction_id) values(2407, -35.51, 'b30139bc-6a3f-345b-b46c-39937e40a159', 292, 2406);
insert into Transaction (DTYPE, id, amount, balance, checkNo, date, description, externalId, initialBalance, memo, ref, status, type, uuid, account_id, transfer_id) values('InternalTransaction', 2410, -39.70, 5383.76, '', '2009-12-11', 'LOWE''S #1204 PHOENIX AZ 945841', '200912116', false, '12/10LOWE''S #1', '', 2, 1, '310ef368-1822-3440-8234-e3ce6e271c68', 229, null);
insert into Split (id, amount, uuid, envelope_id, transaction_id) values(2411, -39.70, 'bb8138e7-9246-3a49-8583-cefd58084afa', 239, 2410);
insert into Transaction (DTYPE, id, amount, balance, checkNo, date, description, externalId, initialBalance, memo, ref, status, type, uuid, account_id, transfer_id) values('InternalTransaction', 2408, -80.00, 5053.26, '', '2010-04-16', 'Transfer to Auto Fuel', 'null', false, '', '', 2, 1, '555b7f7d-08b4-3d08-b59d-ff0de471dd06', 229, 1472);
insert into Split (id, amount, uuid, envelope_id, transaction_id) values(2409, -80.00, '3e1f1964-8d5f-3b88-aec9-2d4cb3768e5b', 292, 2408);
insert into Transaction (DTYPE, id, amount, balance, checkNo, date, description, externalId, initialBalance, memo, ref, status, type, uuid, account_id, transfer_id) values('InternalTransaction', 2414, 0.31, 1563.33, '', '2010-04-20', 'TD AMERITRADE ACH MICRO', '201004200', false, 'PPD ID: 4470533629', '', 1, 0, 'd41fb359-68a8-3ea7-8798-7f19bd4bfc54', 229, null);
insert into Split (id, amount, uuid, envelope_id, transaction_id) values(2415, 0.31, 'e43c2385-a8d0-3d2e-a7ff-66d0c4d76deb', 252, 2414);
insert into Transaction (DTYPE, id, amount, balance, checkNo, date, description, externalId, initialBalance, memo, ref, status, type, uuid, account_id, transfer_id) values('InternalTransaction', 2412, -17.49, 5966.21, '', '2010-03-05', 'Transfer to 24 Hour Fitness', 'null', false, '', '', 2, 1, 'b71290de-0878-3864-99a7-928c069f96ea', 229, 1190);
insert into Split (id, amount, uuid, envelope_id, transaction_id) values(2413, -17.49, 'b8f110f5-ab49-3c6e-a660-3244d73eef07', 292, 2412);
insert into Transaction (DTYPE, id, amount, balance, checkNo, date, description, externalId, initialBalance, memo, ref, status, type, uuid, account_id, transfer_id) values('InternalTransaction', 2420, -10.00, 3726.46, '', '2010-04-02', 'Transfer to Auto Maintenance', 'null', false, '', '', 2, 1, '7256175e-f152-3c66-94c0-43e06abd8ff6', 229, 2691);
insert into Split (id, amount, uuid, envelope_id, transaction_id) values(2421, -10.00, '6dc64327-806f-34aa-a0ef-b21e725cd1e5', 292, 2420);
insert into Transaction (DTYPE, id, amount, balance, checkNo, date, description, externalId, initialBalance, memo, ref, status, type, uuid, account_id, transfer_id) values('InternalTransaction', 2418, -175.00, 4502.61, '', '2009-11-30', 'IRS USATAXPYMT 2709', '200911301', false, '73400908051 WEB ID: 3387702000', '', 2, 1, 'eab309d8-7805-3d67-8c04-ac6deefa055c', 229, null);
insert into Split (id, amount, uuid, envelope_id, transaction_id) values(2419, -175.00, '6b5331bc-a0c9-3f4b-bfa1-919ff8ef1f88', 275, 2418);
insert into Transaction (DTYPE, id, amount, balance, checkNo, date, description, externalId, initialBalance, memo, ref, status, type, uuid, account_id, transfer_id) values('InternalTransaction', 2416, 150.00, 4234.13, '', '2010-04-16', 'Transfer from Available', 'null', false, '', '', 2, 0, '32f579fe-479c-386a-a3b5-6d9c525018c6', 229, 1526);
insert into Split (id, amount, uuid, envelope_id, transaction_id) values(2417, 150.00, 'd24c927c-ae9d-3eb7-87f8-0e9487e7df24', 238, 2416);
insert into Transaction (DTYPE, id, amount, balance, checkNo, date, description, externalId, initialBalance, memo, ref, status, type, uuid, account_id, transfer_id) values('InternalTransaction', 2424, 14.95, 12920.53, '', '2010-02-16', 'Transfer from Available', 'null', false, '', '', 0, 0, 'd33fd859-0c10-37f2-84a6-751716a7afdb', 229, 1564);
insert into Split (id, amount, uuid, envelope_id, transaction_id) values(2425, 14.95, '8a5e4581-89b7-3ab4-bf0b-9495a6747aa5', 268, 2424);
insert into Transaction (DTYPE, id, amount, balance, checkNo, date, description, externalId, initialBalance, memo, ref, status, type, uuid, account_id, transfer_id) values('InternalTransaction', 2422, 59.44, 59.44, '', '2010-03-27', 'Transfer from Spending', 'null', false, '', '', 2, 0, 'ad6eabe3-2925-3311-a346-692d18e7afbd', 228, 704);
insert into Split (id, amount, uuid, envelope_id, transaction_id) values(2423, 59.44, '9a737223-e0b5-3792-ac54-892a7c13f32f', 292, 2422);
insert into Transaction (DTYPE, id, amount, balance, checkNo, date, description, externalId, initialBalance, memo, ref, status, type, uuid, account_id, transfer_id) values('InternalTransaction', 2428, -40.79, 5529.59, '', '2010-03-05', 'Transfer to Directv', 'null', false, '', '', 2, 1, '8dc5e538-f8e3-3393-aa1d-04b9a3ce9ff2', 229, 1514);
insert into Split (id, amount, uuid, envelope_id, transaction_id) values(2429, -40.79, 'f2b50f5b-c644-3bc2-92e4-463880f847c4', 292, 2428);
insert into Transaction (DTYPE, id, amount, balance, checkNo, date, description, externalId, initialBalance, memo, ref, status, type, uuid, account_id, transfer_id) values('InternalTransaction', 2426, 308.00, 4601.58, '', '2010-03-23', 'Transfer from Available', 'null', false, '', '', 2, 0, '30929ff0-0db1-30cc-bf22-b3bbe4975411', 229, 2362);
insert into Split (id, amount, uuid, envelope_id, transaction_id) values(2427, 308.00, '7968b743-42d1-3c51-9be4-d886137c6f49', 275, 2426);
insert into Transaction (DTYPE, id, amount, balance, checkNo, date, description, externalId, initialBalance, memo, ref, status, type, uuid, account_id, transfer_id) values('InternalTransaction', 2430, -163.00, 5256.83, '', '2010-03-19', 'Transfer to Lofts @ Arcadia', 'null', false, '', '', 2, 1, '0d294dd3-692c-3ea4-a4e9-3f37612ec8ad', 229, 1014);
insert into Split (id, amount, uuid, envelope_id, transaction_id) values(2431, -163.00, 'fc848367-41c3-3bfe-8f76-0d8a1f454426', 292, 2430);
insert into Transaction (DTYPE, id, amount, balance, checkNo, date, description, externalId, initialBalance, memo, ref, status, type, uuid, account_id, transfer_id) values('InternalTransaction', 2432, 1504.76, 1504.76, '', '2009-10-27', 'Initial Balance', 'null', true, '', '', 2, 0, '1d727567-1fcb-3e69-9f84-2a6d2e71bc9d', 229, null);
insert into Split (id, amount, uuid, envelope_id, transaction_id) values(2433, 1504.76, '30c2b88f-3215-325f-a1e3-2a08763ef09a', 292, 2432);
insert into Transaction (DTYPE, id, amount, balance, checkNo, date, description, externalId, initialBalance, memo, ref, status, type, uuid, account_id, transfer_id) values('InternalTransaction', 2434, -208.00, 6417.07, '', '2010-02-16', 'Transfer to Massage Envy', 'null', false, '', '', 0, 1, '7e19d2ea-9213-3a0e-990b-9252be893fec', 229, 808);
insert into Split (id, amount, uuid, envelope_id, transaction_id) values(2435, -208.00, '200da3bb-ed95-30d5-afb5-8c269c5432ec', 292, 2434);
insert into Transaction (DTYPE, id, amount, balance, checkNo, date, description, externalId, initialBalance, memo, ref, status, type, uuid, account_id, transfer_id) values('InternalTransaction', 2440, 106.88, 106.88, '', '2010-03-30', 'Transfer from Available', 'null', false, '', '', 2, 0, '0a2d27cf-90fb-3fb7-a9bb-be5ad5c0b4b0', 228, 1360);
insert into Split (id, amount, uuid, envelope_id, transaction_id) values(2441, 106.88, '7a1aa6c1-de78-3b32-89df-274276c90ede', 248, 2440);
insert into Transaction (DTYPE, id, amount, balance, checkNo, date, description, externalId, initialBalance, memo, ref, status, type, uuid, account_id, transfer_id) values('InternalTransaction', 2438, 50.00, 3661.83, '', '2010-02-08', 'INTOWN SUITES MCDOWELL P', '201002080', false, '02/05INTOWN SU', '', 2, 0, '2bf0e9c8-c49c-35fc-9eda-fcc1edb5d88b', 229, null);
insert into Split (id, amount, uuid, envelope_id, transaction_id) values(2439, 50.00, '6d168ca1-26d5-3e99-8ead-34237388e5a0', 292, 2438);
insert into Transaction (DTYPE, id, amount, balance, checkNo, date, description, externalId, initialBalance, memo, ref, status, type, uuid, account_id, transfer_id) values('InternalTransaction', 2436, -15.00, 2327.59, '267', '2010-02-23', 'Dr Bowley', '201002232', false, '', '', 1, 1, '3e436ed7-a448-397e-95aa-4f1523dbb79a', 229, null);
insert into Split (id, amount, uuid, envelope_id, transaction_id) values(2437, -15.00, 'bc2872d2-e9bb-36a5-882d-c8fb16109333', 286, 2436);
insert into Transaction (DTYPE, id, amount, balance, checkNo, date, description, externalId, initialBalance, memo, ref, status, type, uuid, account_id, transfer_id) values('InternalTransaction', 2442, -19.15, 5308.97, '', '2009-12-11', 'SOU THE HOME DEPOT 8618 139350', '200912119', false, '12/10SOU THE H', '', 2, 1, 'ded4f9b8-766c-332a-a78d-2ce4604559a4', 229, null);
insert into Split (id, amount, uuid, envelope_id, transaction_id) values(2443, -19.15, '0170f4fc-4d9a-3185-8161-0f0e33155441', 239, 2442);
insert into Transaction (DTYPE, id, amount, balance, checkNo, date, description, externalId, initialBalance, memo, ref, status, type, uuid, account_id, transfer_id) values('InternalTransaction', 2444, 5.00, 5.00, '', '2010-02-25', 'Transfer from Spending', 'null', false, '', '', 2, 0, 'bdddbc32-2509-318a-9e52-72b1ce59324e', 228, 662);
insert into Split (id, amount, uuid, envelope_id, transaction_id) values(2445, 5.00, '8713c55d-b23b-3275-ae2e-3e23feaa0abc', 286, 2444);
insert into Transaction (DTYPE, id, amount, balance, checkNo, date, description, externalId, initialBalance, memo, ref, status, type, uuid, account_id, transfer_id) values('InternalTransaction', 2446, -79.88, 2555.68, '', '2010-04-05', 'SPROUTS FARMERS MKT # 0', '201004056', false, '04/03SPROUTS F Purcha', '', 1, 1, '7ba411dd-45af-34b6-84ca-7b4fb1cb7dbf', 229, null);
insert into Split (id, amount, uuid, envelope_id, transaction_id) values(2447, -79.88, '472c3821-a7ba-32c8-aa33-ce999a037512', 238, 2446);
insert into Transaction (DTYPE, id, amount, balance, checkNo, date, description, externalId, initialBalance, memo, ref, status, type, uuid, account_id, transfer_id) values('InternalTransaction', 2450, -48.90, 0.00, '', '2010-03-03', 'Transfer to PS', 'null', false, '', '', 2, 1, '5367c663-d8bc-3359-a160-07bc84d5691b', 228, 1620);
insert into Split (id, amount, uuid, envelope_id, transaction_id) values(2451, -48.90, '42629d1d-8e3f-3fd4-a4ae-4e233c865141', 264, 2450);
insert into Transaction (DTYPE, id, amount, balance, checkNo, date, description, externalId, initialBalance, memo, ref, status, type, uuid, account_id, transfer_id) values('InternalTransaction', 2448, -60.47, 2645.85, '', '2010-04-05', 'WHOLE FOODS MARK 5120 S 610486', '201004054', false, '04/03WHOLE FOO', '', 1, 1, '4351da8e-0695-38e3-976a-b5f1535a7262', 229, null);
insert into Split (id, amount, uuid, envelope_id, transaction_id) values(2449, -60.47, 'f1f1aa13-7042-3be9-9c7b-67fb784582ab', 238, 2448);
insert into Transaction (DTYPE, id, amount, balance, checkNo, date, description, externalId, initialBalance, memo, ref, status, type, uuid, account_id, transfer_id) values('InternalTransaction', 2452, -23.77, null, '', '2010-03-30', 'RADIO SHACK TEMPE AZ 625261', '201003301', false, '03/29RADIO SHA', '', 1, 1, '5b2269f2-5814-316b-9f61-383908d06ad1', 229, null);
insert into Split (id, amount, uuid, envelope_id, transaction_id) values(2453, -23.77, 'c15c2a5b-5bbd-3984-8543-9867fe7af683', 252, 2452);
insert into Transaction (DTYPE, id, amount, balance, checkNo, date, description, externalId, initialBalance, memo, ref, status, type, uuid, account_id, transfer_id) values('InternalTransaction', 2454, -4.81, 2072.28, '', '2009-11-04', 'SPROUTS FARMERS MKT # 0 064651', '200911044', false, '11/03SPROUTS F', '', 2, 1, '6b6b7c19-249f-33de-acf9-81e4cfdd3733', 229, null);
insert into Split (id, amount, uuid, envelope_id, transaction_id) values(2455, -4.81, '7aec3cef-2c1c-352f-9f14-70382fd1fd07', 238, 2454);
insert into Transaction (DTYPE, id, amount, balance, checkNo, date, description, externalId, initialBalance, memo, ref, status, type, uuid, account_id, transfer_id) values('InternalTransaction', 2458, -60.00, 1316.83, '', '2010-04-07', 'CVSPHARMACY #9205 Q03 T', '201004070', false, '04/05CVSPHARMA', '', 1, 1, '38ac29b6-f603-3c3f-9099-21b0cedb2f78', 229, null);
insert into Split (id, amount, uuid, envelope_id, transaction_id) values(2459, -60.00, 'fb5cbaca-74ae-3f31-9be9-fec132f9b359', 286, 2458);
insert into Transaction (DTYPE, id, amount, balance, checkNo, date, description, externalId, initialBalance, memo, ref, status, type, uuid, account_id, transfer_id) values('InternalTransaction', 2456, -13.99, 851.28, '', '2010-03-05', 'Transfer to Arrowhead Water', 'null', false, '', '', 2, 1, '7f69707e-0cd0-3b39-8cf9-e5f44682ed76', 229, 1780);
insert into Split (id, amount, uuid, envelope_id, transaction_id) values(2457, -13.99, '1b17cae9-6d94-31cd-8d85-cad96d49c2af', 292, 2456);
insert into Transaction (DTYPE, id, amount, balance, checkNo, date, description, externalId, initialBalance, memo, ref, status, type, uuid, account_id, transfer_id) values('InternalTransaction', 2460, -0.00, 2596.96, '', '2010-04-02', 'Transfer to Lofts @ Arcadia', 'null', false, '', '', 2, 1, '2c6d92f5-c88c-3c86-996e-b8ce69f3bb39', 229, 2094);
insert into Split (id, amount, uuid, envelope_id, transaction_id) values(2461, -0.00, '91e0edcc-4aad-3eaa-8f65-17d2379aea0d', 292, 2460);
insert into Transaction (DTYPE, id, amount, balance, checkNo, date, description, externalId, initialBalance, memo, ref, status, type, uuid, account_id, transfer_id) values('InternalTransaction', 2462, -981.06, 0.00, '', '2010-03-05', 'Transfer to Credit Cards', 'null', false, '', '', 2, 1, 'dd660d08-b758-308d-9c3a-b5c1b543fe60', 228, 410);
insert into Split (id, amount, uuid, envelope_id, transaction_id) values(2463, -981.06, '715cb3c7-3199-312d-a3fb-5d46be18f024', 292, 2462);
insert into Transaction (DTYPE, id, amount, balance, checkNo, date, description, externalId, initialBalance, memo, ref, status, type, uuid, account_id, transfer_id) values('InternalTransaction', 2464, -1040.00, 17885.64, '', '2010-02-16', 'Transfer to ATM Withdrawls', 'null', false, '', '', 0, 1, 'afbca80e-ad81-33e3-b65a-52d278ae0037', 229, 2502);
insert into Split (id, amount, uuid, envelope_id, transaction_id) values(2465, -1040.00, 'eb883208-5fb5-3c62-a66c-463a54f88c89', 292, 2464);
insert into Transaction (DTYPE, id, amount, balance, checkNo, date, description, externalId, initialBalance, memo, ref, status, type, uuid, account_id, transfer_id) values('InternalTransaction', 2466, 23.77, 23.77, '', '2010-03-31', 'Transfer from Household', 'null', false, '', '', 2, 0, '255bf423-af64-32a7-bc34-c2eb2f31f4a4', 228, 948);
insert into Split (id, amount, uuid, envelope_id, transaction_id) values(2467, 23.77, 'da676608-e189-3338-9a03-5fa6acef799c', 252, 2466);
insert into Transaction (DTYPE, id, amount, balance, checkNo, date, description, externalId, initialBalance, memo, ref, status, type, uuid, account_id, transfer_id) values('InternalTransaction', 2468, 275.00, 275.00, '', '2010-03-23', 'Transfer from Available', 'null', false, '', '', 2, 0, '0bdf1aac-6ed0-3b05-8ce8-83de123fea50', 228, 2390);
insert into Split (id, amount, uuid, envelope_id, transaction_id) values(2469, 275.00, '8250eccb-4ce1-351a-af62-c1f8c650b5fe', 248, 2468);
insert into Transaction (DTYPE, id, amount, balance, checkNo, date, description, externalId, initialBalance, memo, ref, status, type, uuid, account_id, transfer_id) values('InternalTransaction', 2470, -534.00, 3561.38, '', '2009-11-23', 'CNS IKEA TEMPE 9328 789139', '200911231', false, '11/21CNS IKEA', '', 2, 1, '672c2e2d-b041-365a-a10c-ff2c87da42ff', 229, null);
insert into Split (id, amount, uuid, envelope_id, transaction_id) values(2471, -534.00, 'd8a3186a-b19d-3c86-8392-a169d1ecc2c4', 235, 2470);
insert into Transaction (DTYPE, id, amount, balance, checkNo, date, description, externalId, initialBalance, memo, ref, status, type, uuid, account_id, transfer_id) values('InternalTransaction', 2472, -30.00, 1844.35, '', '2010-02-10', 'C AND C THERAPEUTIC SER', '201002100', false, '02/09C AND C T', '', 2, 1, 'ec1ab69c-fb45-39ad-9503-bead04bfcb36', 229, null);
insert into Split (id, amount, uuid, envelope_id, transaction_id) values(2473, -30.00, 'd411a385-688a-3409-8553-4cb7f46e39e7', 286, 2472);
insert into Transaction (DTYPE, id, amount, balance, checkNo, date, description, externalId, initialBalance, memo, ref, status, type, uuid, account_id, transfer_id) values('InternalTransaction', 2476, -150.00, 4956.94, '', '2010-03-05', 'Transfer to Groceries', 'null', false, '', '', 2, 1, 'b2cc4d2d-2321-342b-953f-04b5520d897e', 229, 2915);
insert into Split (id, amount, uuid, envelope_id, transaction_id) values(2477, -150.00, 'f2b6073b-812d-33c8-ae22-c8ea08ee2fb5', 292, 2476);
insert into Transaction (DTYPE, id, amount, balance, checkNo, date, description, externalId, initialBalance, memo, ref, status, type, uuid, account_id, transfer_id) values('InternalTransaction', 2474, -4.97, 5104.24, '', '2010-02-19', 'Transfer to Chase Bank', 'null', false, '', '', 2, 1, 'ce78d5f8-f01e-371d-9784-5130d0f346c0', 229, 824);
insert into Split (id, amount, uuid, envelope_id, transaction_id) values(2475, -4.97, '55ed212b-41f0-349c-bc7e-a9e36749b92a', 292, 2474);
insert into Transaction (DTYPE, id, amount, balance, checkNo, date, description, externalId, initialBalance, memo, ref, status, type, uuid, account_id, transfer_id) values('InternalTransaction', 2478, -898.38, 1135.04, '', '2010-02-16', 'Transfer to Spending', 'null', false, '', '', 0, 1, 'e59adca9-87e0-3c7c-96b8-3746851d3339', 229, 1452);
insert into Split (id, amount, uuid, envelope_id, transaction_id) values(2479, -898.38, '9bf76aea-beb2-3a1c-8c09-7f200b3a83d9', 292, 2478);
insert into Transaction (DTYPE, id, amount, balance, checkNo, date, description, externalId, initialBalance, memo, ref, status, type, uuid, account_id, transfer_id) values('InternalTransaction', 2480, -38.03, 7273.03, '', '2010-03-20', '7-ELEVEN', '201003229', false, '', '', 1, 1, 'b580a3f6-4163-355d-b83f-369b1d48679b', 229, null);
insert into Split (id, amount, uuid, envelope_id, transaction_id) values(2481, -38.03, '52577bc8-5f12-3097-a843-25eeaada14a2', 253, 2480);
insert into Transaction (DTYPE, id, amount, balance, checkNo, date, description, externalId, initialBalance, memo, ref, status, type, uuid, account_id, transfer_id) values('InternalTransaction', 2482, 150.00, 3766.46, '', '2010-04-02', 'Transfer from Available', 'null', false, '', '', 2, 0, '8d607aa3-3ef0-325d-9e4f-4f14772fabe6', 229, 2721);
insert into Split (id, amount, uuid, envelope_id, transaction_id) values(2483, 150.00, '8c182df9-6dc8-3ccf-8d5c-35c50b8da4a9', 238, 2482);
insert into Transaction (DTYPE, id, amount, balance, checkNo, date, description, externalId, initialBalance, memo, ref, status, type, uuid, account_id, transfer_id) values('InternalTransaction', 2484, 23.18, 6024.81, '', '2010-03-19', 'Transfer from Available', 'null', false, '', '', 2, 0, 'db4443d7-bcb1-36ae-a1c0-2ea25d1d40da', 229, 2779);
insert into Split (id, amount, uuid, envelope_id, transaction_id) values(2485, 23.18, '5fc3a17e-920f-394a-9433-a0f248e92015', 286, 2484);
insert into Transaction (DTYPE, id, amount, balance, checkNo, date, description, externalId, initialBalance, memo, ref, status, type, uuid, account_id, transfer_id) values('InternalTransaction', 2488, 64.01, 6088.82, '', '2010-03-19', 'Transfer from Available', 'null', false, '', '', 2, 0, 'a0223249-a98a-3cb0-856e-f06d3cd4250a', 229, 764);
insert into Split (id, amount, uuid, envelope_id, transaction_id) values(2489, 64.01, '0ddced70-8aab-3de0-a710-5ad02dc61744', 236, 2488);
insert into Transaction (DTYPE, id, amount, balance, checkNo, date, description, externalId, initialBalance, memo, ref, status, type, uuid, account_id, transfer_id) values('InternalTransaction', 2486, -10.97, 5815.93, '', '2010-03-05', 'Transfer to Car Wash', 'null', false, '', '', 2, 1, '42642f51-10bc-30b5-9b5d-179ce200b461', 229, 854);
insert into Split (id, amount, uuid, envelope_id, transaction_id) values(2487, -10.97, '128f0d31-4d45-3068-aed7-daccea007359', 292, 2486);
insert into Transaction (DTYPE, id, amount, balance, checkNo, date, description, externalId, initialBalance, memo, ref, status, type, uuid, account_id, transfer_id) values('InternalTransaction', 2492, -20.00, 3929.71, '', '2010-03-29', 'CIRCLE K 03747 TEMPE AZ 562969', '201003297', false, '03/27CIRCLE K', '', 1, 1, '9f0e15ec-b880-30f8-80ae-a786d4133874', 229, null);
insert into Split (id, amount, uuid, envelope_id, transaction_id) values(2493, -20.00, 'c8832e5b-c504-3998-bd34-9da8557d2d5b', 250, 2492);
insert into Transaction (DTYPE, id, amount, balance, checkNo, date, description, externalId, initialBalance, memo, ref, status, type, uuid, account_id, transfer_id) values('InternalTransaction', 2490, -76.90, 0.00, '', '2010-02-28', 'Transfer to Medical', 'null', false, '', '', 2, 1, '3564d36b-a30f-3dd3-bf32-fcd7b3102596', 228, 2709);
insert into Split (id, amount, uuid, envelope_id, transaction_id) values(2491, -76.90, '0b0fa721-093b-386d-9a77-9313637c0168', 264, 2490);
insert into Transaction (DTYPE, id, amount, balance, checkNo, date, description, externalId, initialBalance, memo, ref, status, type, uuid, account_id, transfer_id) values('InternalTransaction', 2494, -10.42, 2786.34, '', '2010-02-22', 'SPROUTS FARMERS MKT #7 P287066', '201002227', false, '02/21SPROUTS F', '', 2, 1, '9cfcd84e-ae6a-3968-bc16-1045bea579f6', 229, null);
insert into Split (id, amount, uuid, envelope_id, transaction_id) values(2495, -10.42, '947b5f18-0ccd-34bc-979e-099f1553acef', 238, 2494);
insert into Transaction (DTYPE, id, amount, balance, checkNo, date, description, externalId, initialBalance, memo, ref, status, type, uuid, account_id, transfer_id) values('InternalTransaction', 2496, -25.00, 3815.26, '', '2010-02-19', 'Transfer to Personal Care', 'null', false, '', '', 2, 1, '93ed3c18-d30d-3c7b-a9e2-256b0ff41e3c', 229, 2723);
insert into Split (id, amount, uuid, envelope_id, transaction_id) values(2497, -25.00, 'f5531671-d3a9-3215-a010-9a36f51ff719', 292, 2496);
insert into Transaction (DTYPE, id, amount, balance, checkNo, date, description, externalId, initialBalance, memo, ref, status, type, uuid, account_id, transfer_id) values('InternalTransaction', 2500, -13.46, 2252.48, '', '2009-11-03', 'SPROUTS FARMERS MKT # 0 572663', '200911034', false, '11/02SPROUTS F', '', 2, 1, 'c1588e21-3dd5-36b0-9caf-0daa595f6369', 229, null);
insert into Split (id, amount, uuid, envelope_id, transaction_id) values(2501, -13.46, '94f8f5ea-9a4a-3651-990f-19c1fb09a9ed', 238, 2500);
insert into Transaction (DTYPE, id, amount, balance, checkNo, date, description, externalId, initialBalance, memo, ref, status, type, uuid, account_id, transfer_id) values('InternalTransaction', 2498, -51.93, 4529.93, '', '2009-12-14', 'BORDERS BKS&MU01000546 P', '2009121410', false, '12/12BORDERS B', '', 2, 1, '6da0273e-9fe8-3d8c-9322-37c9f855d236', 229, null);
insert into Split (id, amount, uuid, envelope_id, transaction_id) values(2499, -51.93, '555e5b67-da06-3859-aeae-59349a12842a', 280, 2498);
insert into Transaction (DTYPE, id, amount, balance, checkNo, date, description, externalId, initialBalance, memo, ref, status, type, uuid, account_id, transfer_id) values('InternalTransaction', 2504, -100.58, 1260.69, '', '2010-03-16', 'DTV*DIRECTV SERVICE 800-', '201003160', false, '03/15DTV*DIREC', '', 1, 1, 'a5822389-0f1f-32f9-8892-f3fc1cde183c', 229, null);
insert into Split (id, amount, uuid, envelope_id, transaction_id) values(2505, -100.58, '7c5df0ce-1f16-371f-8026-7420bfa05266', 273, 2504);
insert into Transaction (DTYPE, id, amount, balance, checkNo, date, description, externalId, initialBalance, memo, ref, status, type, uuid, account_id, transfer_id) values('InternalTransaction', 2502, 1040.00, 14608.20, '', '2010-02-16', 'Transfer from Available', 'null', false, '', '', 0, 0, '556dcf55-83ce-3f26-8b96-d081bb7564d1', 229, 2464);
insert into Split (id, amount, uuid, envelope_id, transaction_id) values(2503, 1040.00, '86fd239a-99a0-314a-ba25-9a0adbdba7a7', 276, 2502);
insert into Transaction (DTYPE, id, amount, balance, checkNo, date, description, externalId, initialBalance, memo, ref, status, type, uuid, account_id, transfer_id) values('InternalTransaction', 2506, -10.16, 6968.55, '', '2010-03-20', 'DUNKIN DONUTS', '2010032213', false, '', '', 1, 1, '78e01421-9bb9-3b87-a603-9e897fee6ae3', 229, null);
insert into Split (id, amount, uuid, envelope_id, transaction_id) values(2507, -10.16, '9e6e42cb-df9e-32f1-bb44-ed3c91e6538e', 270, 2506);
insert into Transaction (DTYPE, id, amount, balance, checkNo, date, description, externalId, initialBalance, memo, ref, status, type, uuid, account_id, transfer_id) values('InternalTransaction', 2510, -32.34, 5047.86, '', '2010-02-16', 'Transfer to Comics', 'null', false, '', '', 0, 1, '5edd922e-8b57-3950-b2a3-f50cfe66f170', 229, 1776);
insert into Split (id, amount, uuid, envelope_id, transaction_id) values(2511, -32.34, '91fe9b3a-6a05-3f95-b2ee-a1bd93fd168a', 292, 2510);
insert into Transaction (DTYPE, id, amount, balance, checkNo, date, description, externalId, initialBalance, memo, ref, status, type, uuid, account_id, transfer_id) values('InternalTransaction', 2508, -54.38, 0.00, '', '2010-03-27', 'Transfer to Available', 'null', false, '', '', 2, 1, '94924dc9-ba82-3131-a575-3ad17b9134f1', 228, 532);
insert into Split (id, amount, uuid, envelope_id, transaction_id) values(2509, -54.38, '5b2fa532-fafb-3ff6-b91a-e272b1c84e9e', 264, 2508);
insert into Transaction (DTYPE, id, amount, balance, checkNo, date, description, externalId, initialBalance, memo, ref, status, type, uuid, account_id, transfer_id) values('InternalTransaction', 2512, -640.00, 7592.57, '', '2010-02-16', 'Transfer to Housekeeping', 'null', false, '', '', 0, 1, '11a26464-015a-3c4f-9d4f-cb8bf010b893', 229, 596);
insert into Split (id, amount, uuid, envelope_id, transaction_id) values(2513, -640.00, 'd7426977-4b61-38c4-b6a4-74e1f3befda3', 292, 2512);
insert into Transaction (DTYPE, id, amount, balance, checkNo, date, description, externalId, initialBalance, memo, ref, status, type, uuid, account_id, transfer_id) values('InternalTransaction', 2514, -17.50, 6457.41, '', '2010-03-19', 'Transfer to 24 Hour Fitness', 'null', false, '', '', 2, 1, 'd56018a6-7668-30e8-a394-dbe23b7e981f', 229, 988);
insert into Split (id, amount, uuid, envelope_id, transaction_id) values(2515, -17.50, '0f52fa85-5466-37ba-ab8a-45b2e9ff498c', 292, 2514);
insert into Transaction (DTYPE, id, amount, balance, checkNo, date, description, externalId, initialBalance, memo, ref, status, type, uuid, account_id, transfer_id) values('InternalTransaction', 2516, -0.00, 2851.96, '', '2010-04-02', 'Transfer to Easynews.com', 'null', false, '', '', 2, 1, '1a452f0c-4ce7-31b3-9d86-dbc5ce0b7064', 229, 2747);
insert into Split (id, amount, uuid, envelope_id, transaction_id) values(2517, -0.00, '0d220e28-abeb-3254-8f59-c41304484a36', 292, 2516);
insert into Transaction (DTYPE, id, amount, balance, checkNo, date, description, externalId, initialBalance, memo, ref, status, type, uuid, account_id, transfer_id) values('InternalTransaction', 2518, -4.97, 1288.19, '', '2009-12-22', 'SUBWAY 24754 00247544 P', '200912223', false, '12/20SUBWAY 24', '', 2, 1, 'fe3e4456-fee1-34e7-8429-b9f8b5ec5a04', 229, null);
insert into Split (id, amount, uuid, envelope_id, transaction_id) values(2519, -4.97, '86f8ffcd-3e85-3553-96ea-f4b54b1ba78e', 246, 2518);
insert into Transaction (DTYPE, id, amount, balance, checkNo, date, description, externalId, initialBalance, memo, ref, status, type, uuid, account_id, transfer_id) values('InternalTransaction', 2520, -0.00, 5144.51, '', '2010-03-19', 'Transfer to Rent', 'null', false, '', '', 2, 1, '0c0f6ebc-2a9e-3f0d-9f44-32480bf0a14c', 229, 1928);
insert into Split (id, amount, uuid, envelope_id, transaction_id) values(2521, -0.00, 'b6bad2e2-5d9e-3ff5-9ebf-b85c8fe5dd37', 292, 2520);
insert into Transaction (DTYPE, id, amount, balance, checkNo, date, description, externalId, initialBalance, memo, ref, status, type, uuid, account_id, transfer_id) values('InternalTransaction', 2522, -1020.99, 5947.56, '', '2010-03-20', 'SHADETREE', '201003221', false, '', '', 1, 1, '2358477d-45b6-3b96-b5e9-89261f61396e', 229, null);
insert into Split (id, amount, uuid, envelope_id, transaction_id) values(2523, -1020.99, '546ee788-b7e4-361a-b3be-2acbeb30743e', 248, 2522);
insert into Transaction (DTYPE, id, amount, balance, checkNo, date, description, externalId, initialBalance, memo, ref, status, type, uuid, account_id, transfer_id) values('InternalTransaction', 2526, 21.65, 872.93, '', '2010-03-04', 'Transfer from Available', 'null', false, '', '', 2, 0, 'e2d88525-317d-35d2-b5e5-cd5f11217598', 229, 2737);
insert into Split (id, amount, uuid, envelope_id, transaction_id) values(2527, 21.65, '18553a83-fb8b-3a39-94a0-efc4f79bc0ff', 244, 2526);
insert into Transaction (DTYPE, id, amount, balance, checkNo, date, description, externalId, initialBalance, memo, ref, status, type, uuid, account_id, transfer_id) values('InternalTransaction', 2524, -12.00, 963.96, '', '2010-03-03', 'Transfer to Lofts @ Arcadia', 'null', false, '', '', 2, 1, '985f9d00-47c0-3566-884b-a6f7363fd8ef', 229, 2214);
insert into Split (id, amount, uuid, envelope_id, transaction_id) values(2525, -12.00, '5174f856-f280-35f6-b51e-9080788b06b4', 292, 2524);
insert into Transaction (DTYPE, id, amount, balance, checkNo, date, description, externalId, initialBalance, memo, ref, status, type, uuid, account_id, transfer_id) values('InternalTransaction', 2528, -240.47, 1652.34, '', '2009-12-17', 'EBAYS HALF.COM 800-545-9', '200912171', false, '12/16EBAYS HAL', '', 2, 1, 'cac72a82-06b7-30bb-8b99-d839d36f0387', 229, null);
insert into Split (id, amount, uuid, envelope_id, transaction_id) values(2529, -240.47, 'a7fa471b-36f8-3795-ab34-a807bfb9426b', 280, 2528);
insert into Transaction (DTYPE, id, amount, balance, checkNo, date, description, externalId, initialBalance, memo, ref, status, type, uuid, account_id, transfer_id) values('InternalTransaction', 2532, -3163.64, 10296.07, '', '2010-02-16', 'Transfer to GMAC Mortgage', 'null', false, '', '', 0, 1, 'f5ecca2b-427f-3e51-bbd3-3a6a6cba40c8', 229, 468);
insert into Split (id, amount, uuid, envelope_id, transaction_id) values(2533, -3163.64, 'f67e5a4c-ace4-3a85-8b90-f522ab5de893', 292, 2532);
insert into Transaction (DTYPE, id, amount, balance, checkNo, date, description, externalId, initialBalance, memo, ref, status, type, uuid, account_id, transfer_id) values('InternalTransaction', 2530, 154.67, 4172.45, '', '2010-02-19', 'Transfer from Available', 'null', false, '', '', 2, 0, 'dc262aec-d479-3cad-9a7d-9d2856fe7ceb', 229, 1760);
insert into Split (id, amount, uuid, envelope_id, transaction_id) values(2531, 154.67, '2b846e4d-8a15-314d-b133-7afb1ecab796', 267, 2530);
insert into Transaction (DTYPE, id, amount, balance, checkNo, date, description, externalId, initialBalance, memo, ref, status, type, uuid, account_id, transfer_id) values('InternalTransaction', 2536, -60.00, 0.00, '', '2010-03-30', 'Transfer to Lotto', 'null', false, '', '', 2, 1, 'b336be0d-78cf-3d4b-b044-edda1dce7a38', 228, 1280);
insert into Split (id, amount, uuid, envelope_id, transaction_id) values(2537, -60.00, 'ffb79195-6905-3e12-886c-8840f9a34a92', 292, 2536);
insert into Transaction (DTYPE, id, amount, balance, checkNo, date, description, externalId, initialBalance, memo, ref, status, type, uuid, account_id, transfer_id) values('InternalTransaction', 2534, 65.00, 4237.45, '', '2010-02-19', 'Transfer from Available', 'null', false, '', '', 2, 0, 'a11a9f1e-dfc1-38ba-817c-5c07c658864c', 229, 2050);
insert into Split (id, amount, uuid, envelope_id, transaction_id) values(2535, 65.00, '669475bb-c973-39c5-aad3-f70aeb33aee0', 236, 2534);
insert into Transaction (DTYPE, id, amount, balance, checkNo, date, description, externalId, initialBalance, memo, ref, status, type, uuid, account_id, transfer_id) values('InternalTransaction', 2538, -27.98, 1816.37, '', '2010-02-10', 'ARROWHEAD WATER 800-950-', '201002101', false, '02/09ARROWHEAD', '', 2, 1, 'd4419e0a-01db-3a10-bca8-2df7d1423bd6', 229, null);
insert into Split (id, amount, uuid, envelope_id, transaction_id) values(2539, -27.98, 'c3828f2a-559f-379d-8c00-2f9f90bb526e', 266, 2538);
insert into Transaction (DTYPE, id, amount, balance, checkNo, date, description, externalId, initialBalance, memo, ref, status, type, uuid, account_id, transfer_id) values('InternalTransaction', 2540, -42.00, 1504.31, '', '2010-04-21', 'NON-CHASE ATM WITHDRAW 561080', '201004212', false, '04/21202 E UNI', '', 1, 1, '21e16b45-e828-3ebd-badb-53d5746dda1f', 229, null);
insert into Split (id, amount, uuid, envelope_id, transaction_id) values(2541, -42.00, 'e2868897-1743-3256-939d-d0102364b41b', 252, 2540);
insert into Transaction (DTYPE, id, amount, balance, checkNo, date, description, externalId, initialBalance, memo, ref, status, type, uuid, account_id, transfer_id) values('InternalTransaction', 2544, -14.95, 4135.33, '', '2009-11-19', 'COX*PHOENIX COMM SER 602', '200911192', false, '11/18COX*PHOEN', '', 2, 1, '0b1347c8-6714-374b-b348-fa32fd7d2406', 229, null);
insert into Split (id, amount, uuid, envelope_id, transaction_id) values(2545, -14.95, 'b522cc02-a126-3f16-aba9-3f6332d2adb1', 268, 2544);
insert into Transaction (DTYPE, id, amount, balance, checkNo, date, description, externalId, initialBalance, memo, ref, status, type, uuid, account_id, transfer_id) values('InternalTransaction', 2542, -80.00, 2123.64, '258', '2009-12-15', 'Annette Trijillo', '200912151', false, '', '', 2, 1, 'd05b97c5-2f51-32ac-b223-04da79f1af7f', 229, null);
insert into Split (id, amount, uuid, envelope_id, transaction_id) values(2543, -80.00, '322f8b57-a32f-37fe-9b80-cd2fc3a7a438', 261, 2542);
insert into Transaction (DTYPE, id, amount, balance, checkNo, date, description, externalId, initialBalance, memo, ref, status, type, uuid, account_id, transfer_id) values('InternalTransaction', 2546, -80.00, 5419.83, '', '2010-03-19', 'Transfer to Housekeeping', 'null', false, '', '', 2, 1, '8092d4e0-0670-3ef0-a285-45c4439abee4', 229, 2138);
insert into Split (id, amount, uuid, envelope_id, transaction_id) values(2547, -80.00, '016b32bd-986f-396d-ac6a-520f0f1930c4', 292, 2546);
insert into Transaction (DTYPE, id, amount, balance, checkNo, date, description, externalId, initialBalance, memo, ref, status, type, uuid, account_id, transfer_id) values('InternalTransaction', 2548, -12.96, 3916.75, '', '2010-03-29', 'UDUPI CAFE TEMPE AZ', '201003298', false, '03/27UDUPI CAF', '', 1, 1, '101ccc06-c559-34eb-af5e-998e00be2b1b', 229, null);
insert into Split (id, amount, uuid, envelope_id, transaction_id) values(2549, -12.96, 'c2bca570-8e72-3bf1-9216-7aaec9d7e6c3', 295, 2548);
insert into Transaction (DTYPE, id, amount, balance, checkNo, date, description, externalId, initialBalance, memo, ref, status, type, uuid, account_id, transfer_id) values('InternalTransaction', 2550, 725.00, 2749.23, '', '2010-04-05', 'ATM CHECK DEPOSIT', '201004050', false, '', '', 1, 0, '3e914195-de0f-3864-87fc-dca978060579', 229, null);
insert into Split (id, amount, uuid, envelope_id, transaction_id) values(2551, 725.00, '6646a220-2ae2-3a2d-9e0b-0fb56c921f7d', 292, 2550);
insert into Transaction (DTYPE, id, amount, balance, checkNo, date, description, externalId, initialBalance, memo, ref, status, type, uuid, account_id, transfer_id) values('InternalTransaction', 2552, -44.00, 1293.81, '', '2010-04-22', 'Transfer to Unassigned', 'null', false, '', '', 2, 1, '30c19f82-823b-36d9-9b68-dc6a84944f03', 229, 2791);
insert into Split (id, amount, uuid, envelope_id, transaction_id) values(2553, -44.00, '39378962-2f8f-3fe3-a8e3-68b045292047', 292, 2552);
insert into Transaction (DTYPE, id, amount, balance, checkNo, date, description, externalId, initialBalance, memo, ref, status, type, uuid, account_id, transfer_id) values('InternalTransaction', 2554, -317.51, 0.00, '', '2010-03-23', 'Transfer to Available', 'null', false, '', '', 2, 1, 'f064eb4d-4446-3389-b4b9-acc1298e1237', 228, 860);
insert into Split (id, amount, uuid, envelope_id, transaction_id) values(2555, -317.51, '3a69977b-1e89-3134-a245-57e6ebe7ddc1', 264, 2554);
insert into Transaction (DTYPE, id, amount, balance, checkNo, date, description, externalId, initialBalance, memo, ref, status, type, uuid, account_id, transfer_id) values('InternalTransaction', 2556, 80.00, 4704.96, '', '2010-03-05', 'Transfer from Available', 'null', false, '', '', 2, 0, 'd8ac26b3-15a8-37ab-9b6e-5e880eb12461', 229, 634);
insert into Split (id, amount, uuid, envelope_id, transaction_id) values(2557, 80.00, 'd167fe5d-94cc-35fa-af65-aa90e6642918', 261, 2556);
insert into Transaction (DTYPE, id, amount, balance, checkNo, date, description, externalId, initialBalance, memo, ref, status, type, uuid, account_id, transfer_id) values('InternalTransaction', 2558, -35.51, 4599.80, '', '2010-03-05', 'Transfer to New Car', 'null', false, '', '', 2, 1, '9c59471f-f1f0-3c0c-b925-786da5b44246', 229, 1740);
insert into Split (id, amount, uuid, envelope_id, transaction_id) values(2559, -35.51, '7fce3e43-d757-3eee-b689-aef761572947', 292, 2558);
insert into Transaction (DTYPE, id, amount, balance, checkNo, date, description, externalId, initialBalance, memo, ref, status, type, uuid, account_id, transfer_id) values('InternalTransaction', 2560, -23.69, 3967.44, '', '2009-12-07', 'SPROUTS FARMERS MKT #7 P468284', '200912075', false, '12/05SPROUTS F', '', 2, 1, 'ef0c2b26-7552-3af2-bf72-39fcd02b9ea0', 229, null);
insert into Split (id, amount, uuid, envelope_id, transaction_id) values(2561, -23.69, '4923c52a-b080-3249-8816-3721f83b3ed5', 238, 2560);
insert into Transaction (DTYPE, id, amount, balance, checkNo, date, description, externalId, initialBalance, memo, ref, status, type, uuid, account_id, transfer_id) values('InternalTransaction', 2562, -97.83, 1888.62, '', '2010-01-11', 'BARCLAYCARD US CREDITCARD 8108', '201001115', false, '8390 WEB ID: 2510407970', '', 2, 1, '4feaf55c-fbf7-3e64-9110-1543436d57c2', 229, null);
insert into Split (id, amount, uuid, envelope_id, transaction_id) values(2563, -97.83, '3a2338a2-eaf9-3101-ab38-56acc9fadd09', 242, 2562);
insert into Transaction (DTYPE, id, amount, balance, checkNo, date, description, externalId, initialBalance, memo, ref, status, type, uuid, account_id, transfer_id) values('InternalTransaction', 2564, -30.00, 0.00, '', '2010-02-18', 'Transfer to Medical', 'null', false, '', '', 2, 1, 'f2ed3d5b-3f55-3b5a-ab6c-be3996537e18', 228, 686);
insert into Split (id, amount, uuid, envelope_id, transaction_id) values(2565, -30.00, 'f33a2ea2-1694-3245-be3b-a4c512dfa651', 292, 2564);
insert into Transaction (DTYPE, id, amount, balance, checkNo, date, description, externalId, initialBalance, memo, ref, status, type, uuid, account_id, transfer_id) values('InternalTransaction', 2566, -10.76, 2404.78, '', '2010-02-26', 'THAI ELEPHANT BISTRO TEM', '201002265', false, '02/25THAI ELEP', '', 1, 1, 'd0160e8d-1d27-31ae-8133-2351f5b858c4', 229, null);
insert into Split (id, amount, uuid, envelope_id, transaction_id) values(2567, -10.76, 'd2559224-8b37-31b6-a2c5-a918fb64a460', 295, 2566);
insert into Transaction (DTYPE, id, amount, balance, checkNo, date, description, externalId, initialBalance, memo, ref, status, type, uuid, account_id, transfer_id) values('InternalTransaction', 2570, -54.92, 1293.81, '', '2010-04-23', 'Transfer to Medical', 'null', false, '', '', 2, 1, 'ee0735cb-6077-3be9-bc38-5ea73920108e', 229, 1836);
insert into Split (id, amount, uuid, envelope_id, transaction_id) values(2571, -54.92, '6fa2e6f3-93d9-3d9a-810d-3e9fd9d691ea', 292, 2570);
insert into Transaction (DTYPE, id, amount, balance, checkNo, date, description, externalId, initialBalance, memo, ref, status, type, uuid, account_id, transfer_id) values('InternalTransaction', 2568, 441.52, 2647.99, '', '2010-02-16', 'Transfer from Available', 'null', false, '', '', 0, 0, '8f641969-7c79-3491-8ca1-e81e22cb6f8e', 229, 352);
insert into Split (id, amount, uuid, envelope_id, transaction_id) values(2569, 441.52, '5168f43b-6100-3241-a5d3-b895cc8fdbd5', 239, 2568);
insert into Transaction (DTYPE, id, amount, balance, checkNo, date, description, externalId, initialBalance, memo, ref, status, type, uuid, account_id, transfer_id) values('InternalTransaction', 2572, -49.00, 1049.19, '', '2010-02-18', 'MASSAGE ENVY 0011 480-83', '201002180', false, '02/16MASSAGE E', '', 2, 1, '2dc954c6-281c-33bc-8b3b-e620a9d04e68', 229, null);
insert into Split (id, amount, uuid, envelope_id, transaction_id) values(2573, -49.00, '04465c55-85e7-3e3c-88a1-1d703e083842', 279, 2572);
insert into Transaction (DTYPE, id, amount, balance, checkNo, date, description, externalId, initialBalance, memo, ref, status, type, uuid, account_id, transfer_id) values('InternalTransaction', 2574, -21.51, 2426.36, '', '2010-02-26', 'THAI ELEPHANT BISTRO TEM', '201002263', false, '02/25THAI ELEP', '', 1, 1, '3e150bfb-f433-3e81-b74b-68bafa5d7f92', 229, null);
insert into Split (id, amount, uuid, envelope_id, transaction_id) values(2575, -21.51, '16edc18e-48e5-39df-862d-90a2e9145131', 295, 2574);
insert into Transaction (DTYPE, id, amount, balance, checkNo, date, description, externalId, initialBalance, memo, ref, status, type, uuid, account_id, transfer_id) values('InternalTransaction', 2576, -75.00, 1477.34, '', '2009-12-18', 'ATOMIC PEST CONTROL 480-', '200912180', false, '12/16ATOMIC PE', '', 2, 1, '98b38d62-d11c-3c88-93f8-8c01d11f3d88', 229, null);
insert into Split (id, amount, uuid, envelope_id, transaction_id) values(2577, -75.00, 'a56c9750-007d-374a-88a8-7188c67a0b7f', 239, 2576);
insert into Transaction (DTYPE, id, amount, balance, checkNo, date, description, externalId, initialBalance, memo, ref, status, type, uuid, account_id, transfer_id) values('InternalTransaction', 2580, 5.39, 5.39, '', '2010-03-18', 'Transfer from Available', 'null', false, '', '', 2, 0, 'b3884f96-9b5e-3858-b91b-ec4bc1692022', 228, 1568);
insert into Split (id, amount, uuid, envelope_id, transaction_id) values(2581, 5.39, '67f1ab2e-836e-3149-981f-9dc4b97813c9', 246, 2580);
insert into Transaction (DTYPE, id, amount, balance, checkNo, date, description, externalId, initialBalance, memo, ref, status, type, uuid, account_id, transfer_id) values('InternalTransaction', 2578, 5.77, 4239.90, '', '2010-04-16', 'Transfer from Available', 'null', false, '', '', 2, 0, '6c389f90-5c17-35fd-a876-9c406f3b6d0b', 229, 1010);
insert into Split (id, amount, uuid, envelope_id, transaction_id) values(2579, 5.77, '09bf6577-9fa9-35f1-b66d-9efa4ad85694', 293, 2578);
insert into Transaction (DTYPE, id, amount, balance, checkNo, date, description, externalId, initialBalance, memo, ref, status, type, uuid, account_id, transfer_id) values('InternalTransaction', 2582, -100.63, 4815.15, '', '2010-02-16', 'Transfer to Flowers', 'null', false, '', '', 0, 1, '5a92bf63-1471-3466-9697-d1544ef42267', 229, 2701);
insert into Split (id, amount, uuid, envelope_id, transaction_id) values(2583, -100.63, 'b77aaf25-f7ed-3955-945f-29a3dd26a934', 292, 2582);
insert into Transaction (DTYPE, id, amount, balance, checkNo, date, description, externalId, initialBalance, memo, ref, status, type, uuid, account_id, transfer_id) values('InternalTransaction', 2586, -863.53, 0.00, '', '2010-04-02', 'Transfer to Credit Cards', 'null', false, '', '', 2, 1, '43bbd25b-3e38-312b-b510-e5a442a26022', 228, 2981);
insert into Split (id, amount, uuid, envelope_id, transaction_id) values(2587, -863.53, 'af58db4b-8908-3540-ae65-6fe36209b8e9', 292, 2586);
insert into Transaction (DTYPE, id, amount, balance, checkNo, date, description, externalId, initialBalance, memo, ref, status, type, uuid, account_id, transfer_id) values('InternalTransaction', 2584, -10.05, 2243.87, '', '2010-03-01', 'CHIPOTLE 1208 TEMPE AZ', '201003014', false, '02/26CHIPOTLE', '', 1, 1, 'ad4dfcc9-8b93-33b8-9e00-bd6b40f2efd2', 229, null);
insert into Split (id, amount, uuid, envelope_id, transaction_id) values(2585, -10.05, '17d0ba98-8546-30c5-b12a-dbc2c9cb7f38', 295, 2584);
insert into Transaction (DTYPE, id, amount, balance, checkNo, date, description, externalId, initialBalance, memo, ref, status, type, uuid, account_id, transfer_id) values('InternalTransaction', 2588, 5.48, 655.53, '', '2010-04-16', 'Transfer from Available', 'null', false, '', '', 2, 0, '92a9c47e-704a-310a-b321-64cc555023d1', 229, 2246);
insert into Split (id, amount, uuid, envelope_id, transaction_id) values(2589, 5.48, '02ec7d57-60ae-3786-b800-5a7fa8cf5637', 252, 2588);
insert into Transaction (DTYPE, id, amount, balance, checkNo, date, description, externalId, initialBalance, memo, ref, status, type, uuid, account_id, transfer_id) values('InternalTransaction', 2594, -4.84, 7093.19, '', '2010-03-20', 'MCDONALDS', '2010032214', false, '', '', 1, 1, '0484dc66-50c1-3333-bfe8-497a3f87fc2e', 229, null);
insert into Split (id, amount, uuid, envelope_id, transaction_id) values(2595, -4.84, '5aab4435-e3ce-3d56-95db-389ae2b4406a', 246, 2594);
insert into Transaction (DTYPE, id, amount, balance, checkNo, date, description, externalId, initialBalance, memo, ref, status, type, uuid, account_id, transfer_id) values('InternalTransaction', 2592, -31.90, 1393.51, '', '2010-02-12', 'SRR*SIRIUS RADIO 888-539', '201002120', false, '02/11SRR*SIRIU', '', 2, 1, 'd9c8dbb0-1b63-3f9a-9555-244b24f4099f', 229, null);
insert into Split (id, amount, uuid, envelope_id, transaction_id) values(2593, -31.90, '144ace77-fcec-343c-94dd-0bfb92cb7185', 233, 2592);
insert into Transaction (DTYPE, id, amount, balance, checkNo, date, description, externalId, initialBalance, memo, ref, status, type, uuid, account_id, transfer_id) values('InternalTransaction', 2590, -129.01, 702.97, '', '2010-02-02', 'VZWRLSS*APOCC VISW 800-9', '201002023', false, '02/01VZWRLSS*A', '', 2, 1, '1d007cea-324f-31e8-a21b-d7442d5b129e', 229, null);
insert into Split (id, amount, uuid, envelope_id, transaction_id) values(2591, -129.01, '079ba6c8-c0ef-3cf5-b114-7c5d2bb0e6d0', 236, 2590);
insert into Transaction (DTYPE, id, amount, balance, checkNo, date, description, externalId, initialBalance, memo, ref, status, type, uuid, account_id, transfer_id) values('InternalTransaction', 2596, -54.38, 3973.22, '', '2010-03-23', 'GRAND & CAMELBACK SELF G', '201003230', false, '03/21GRAND & C', '', 1, 1, '3368bbac-650f-3307-a776-4d566bf1048b', 229, null);
insert into Split (id, amount, uuid, envelope_id, transaction_id) values(2597, -54.38, 'cae8f4a1-3f6a-39e4-b48f-4553025788ad', 259, 2596);
insert into Transaction (DTYPE, id, amount, balance, checkNo, date, description, externalId, initialBalance, memo, ref, status, type, uuid, account_id, transfer_id) values('InternalTransaction', 2598, 40.00, 40.00, '', '2010-02-23', 'Transfer from Spending', 'null', false, '', '', 2, 0, 'cdf7f745-f471-3ea5-8393-69e87e56cf44', 228, 302);
insert into Split (id, amount, uuid, envelope_id, transaction_id) values(2599, 40.00, 'ab6634df-9319-3f2c-9298-76b795b2159f', 276, 2598);
insert into Transaction (DTYPE, id, amount, balance, checkNo, date, description, externalId, initialBalance, memo, ref, status, type, uuid, account_id, transfer_id) values('InternalTransaction', 2602, -22.24, 2233.16, '', '2010-03-08', 'SYLVIA''S LA CANASTA PHOE', '201003086', false, '03/06SYLVIA''S', '', 1, 1, '60879d18-8b4e-3891-81e8-68269687856c', 229, null);
insert into Split (id, amount, uuid, envelope_id, transaction_id) values(2603, -22.24, '230f8663-0eb3-3b4b-843e-7cb3dd13c1fb', 295, 2602);
insert into Transaction (DTYPE, id, amount, balance, checkNo, date, description, externalId, initialBalance, memo, ref, status, type, uuid, account_id, transfer_id) values('InternalTransaction', 2600, -30.00, 1105.04, '', '2010-02-17', 'C AND C THERAPEUTIC SER', '201002170', false, '02/16C AND C T', '', 2, 1, 'be5a1109-f1b8-3ded-8db6-c0331edaf4e2', 229, null);
insert into Split (id, amount, uuid, envelope_id, transaction_id) values(2601, -30.00, 'b0fc7eab-ed7b-3271-96e9-92b68f434740', 286, 2600);
insert into Transaction (DTYPE, id, amount, balance, checkNo, date, description, externalId, initialBalance, memo, ref, status, type, uuid, account_id, transfer_id) values('InternalTransaction', 2604, -19.00, 4447.05, '', '2009-11-17', 'HARKINS CHRISTOWN 14 PHO', '200911170', false, '11/15HARKINS C', '', 2, 1, 'a7548ffb-cfec-3b48-bfa0-e9450bbdf5b5', 229, null);
insert into Split (id, amount, uuid, envelope_id, transaction_id) values(2605, -19.00, '584d1813-9702-36ee-a50f-b20ffa638165', 284, 2604);
insert into Transaction (DTYPE, id, amount, balance, checkNo, date, description, externalId, initialBalance, memo, ref, status, type, uuid, account_id, transfer_id) values('InternalTransaction', 2606, -326.00, 1121.04, '', '2010-03-02', 'Rossmar & Graham RESIDENT', '201003021', false, 'WEB ID: W050568743', '', 1, 1, 'b739c1fc-7020-3dd4-9155-49840ee2d29e', 229, null);
insert into Split (id, amount, uuid, envelope_id, transaction_id) values(2607, -326.00, 'e1e78507-e454-3447-b6f3-80a861920bce', 258, 2606);
insert into Transaction (DTYPE, id, amount, balance, checkNo, date, description, externalId, initialBalance, memo, ref, status, type, uuid, account_id, transfer_id) values('InternalTransaction', 2608, -12.27, 1343.19, '', '2009-10-28', 'SPROUTS FARMERS MKT #7 P595404', '200910280', false, '10/27SPROUTS F', '', 2, 1, '3e072017-0728-38b1-a272-8370fad96f23', 229, null);
insert into Split (id, amount, uuid, envelope_id, transaction_id) values(2609, -12.27, '4cd87b7b-8103-37e8-a6b9-f5ed27a68cf2', 238, 2608);
insert into Transaction (DTYPE, id, amount, balance, checkNo, date, description, externalId, initialBalance, memo, ref, status, type, uuid, account_id, transfer_id) values('InternalTransaction', 2610, -57.89, 3441.71, '', '2010-03-30', 'TIV*TIVO', '201004010', false, '', '', 1, 1, '41f84e77-70e9-3ee7-9887-41187b9a7bfa', 229, null);
insert into Split (id, amount, uuid, envelope_id, transaction_id) values(2611, -57.89, '9a453f80-2954-3d0f-8202-bee0eb106361', 252, 2610);
insert into Transaction (DTYPE, id, amount, balance, checkNo, date, description, externalId, initialBalance, memo, ref, status, type, uuid, account_id, transfer_id) values('InternalTransaction', 2614, -7.56, 2617.72, '', '2010-04-19', 'CVS 09205 09205--802 SO 942633', '201004191', false, '04/16CVS 09205', '', 1, 1, '7bea9793-c5b2-32ea-a524-b5b48ffdb747', 229, null);
insert into Split (id, amount, uuid, envelope_id, transaction_id) values(2615, -7.56, '7f7f6459-f983-3038-ac42-50c3f6954a49', 277, 2614);
insert into Transaction (DTYPE, id, amount, balance, checkNo, date, description, externalId, initialBalance, memo, ref, status, type, uuid, account_id, transfer_id) values('InternalTransaction', 2612, 3.98, 1303.36, '', '2010-04-08', 'Transfer from Available', 'null', false, '', '', 2, 0, '061c97cc-edd3-33a5-a562-3e88e7a7ebcf', 229, 1232);
insert into Split (id, amount, uuid, envelope_id, transaction_id) values(2613, 3.98, '23a0b71b-5bdc-3227-8bb2-25379a9144bd', 246, 2612);
insert into Transaction (DTYPE, id, amount, balance, checkNo, date, description, externalId, initialBalance, memo, ref, status, type, uuid, account_id, transfer_id) values('InternalTransaction', 2618, -38.83, null, '', '2010-04-16', 'QT 429 TEMPE AZ 138692', '201004163', false, '04/15QT 429 TE', '', 1, 1, '7dae6570-2d30-35a2-97d8-4306629e317b', 229, null);
insert into Split (id, amount, uuid, envelope_id, transaction_id) values(2619, -38.83, '111e9b31-2b58-350d-b4aa-e8a6c50ba6f8', 253, 2618);
insert into Transaction (DTYPE, id, amount, balance, checkNo, date, description, externalId, initialBalance, memo, ref, status, type, uuid, account_id, transfer_id) values('InternalTransaction', 2616, -324.29, 3540.53, '', '2010-03-30', 'BEST BUY', '201003300', false, '', '', 1, 1, '0f5e9a84-25fc-3573-b4aa-d6fb83f136c6', 229, null);
insert into Split (id, amount, uuid, envelope_id, transaction_id) values(2617, -324.29, '952d7a06-7ae6-343e-be5b-ad2bce70ca0e', 252, 2616);
insert into Transaction (DTYPE, id, amount, balance, checkNo, date, description, externalId, initialBalance, memo, ref, status, type, uuid, account_id, transfer_id) values('InternalTransaction', 2624, -11.00, 4328.06, '', '2009-11-18', 'ROSITA''S PLACE PHOENIX A', '200911183', false, '11/17ROSITA''S', '', 2, 1, '51f1b871-062f-3b01-8cf7-7391e5f10941', 229, null);
insert into Split (id, amount, uuid, envelope_id, transaction_id) values(2625, -11.00, '4215dfc1-aa55-3ef1-bbfa-6420dc1e7fa2', 295, 2624);
insert into Transaction (DTYPE, id, amount, balance, checkNo, date, description, externalId, initialBalance, memo, ref, status, type, uuid, account_id, transfer_id) values('InternalTransaction', 2622, -80.00, 4312.07, '', '2010-04-16', 'Transfer to Housekeeping', 'null', false, '', '', 2, 1, '741a006f-229c-3a93-bf60-88481e1455e0', 229, 2058);
insert into Split (id, amount, uuid, envelope_id, transaction_id) values(2623, -80.00, '598cae67-8a8e-34d7-8a56-47354cce7576', 292, 2622);
insert into Transaction (DTYPE, id, amount, balance, checkNo, date, description, externalId, initialBalance, memo, ref, status, type, uuid, account_id, transfer_id) values('InternalTransaction', 2620, -7.21, 0.00, '', '2010-04-22', 'Transfer to Available', 'null', false, '', '', 2, 1, '79933393-c875-3f28-8db3-7e3fa0d92e25', 228, 1536);
insert into Split (id, amount, uuid, envelope_id, transaction_id) values(2621, -7.21, '5f634a13-d9ef-3b67-af76-17e7c801dd34', 252, 2620);
insert into Transaction (DTYPE, id, amount, balance, checkNo, date, description, externalId, initialBalance, memo, ref, status, type, uuid, account_id, transfer_id) values('InternalTransaction', 2626, 4.99, 4244.89, '', '2010-04-16', 'Transfer from Available', 'null', false, '', '', 2, 0, '567abe9f-cd9a-39cb-869b-95a75ced3241', 229, 1312);
insert into Split (id, amount, uuid, envelope_id, transaction_id) values(2627, 4.99, '70791857-f3b5-3df2-bbd5-cacc644ba7fe', 254, 2626);
insert into Transaction (DTYPE, id, amount, balance, checkNo, date, description, externalId, initialBalance, memo, ref, status, type, uuid, account_id, transfer_id) values('InternalTransaction', 2630, -29.99, 4019.23, '', '2009-12-07', '24HR FITNESS DUES 800-43', '200912073', false, '12/0524HR FITN', '', 2, 1, '0df159af-d0b0-3d4f-acb7-8d65b2625773', 229, null);
insert into Split (id, amount, uuid, envelope_id, transaction_id) values(2631, -29.99, '0ed9f0b6-c352-3c36-9e69-2f0bf43e8fd1', 271, 2630);
insert into Transaction (DTYPE, id, amount, balance, checkNo, date, description, externalId, initialBalance, memo, ref, status, type, uuid, account_id, transfer_id) values('InternalTransaction', 2628, 154.67, 4399.56, '', '2010-04-16', 'Transfer from Available', 'null', false, '', '', 2, 0, '02ed3805-0602-3d40-b162-46055708f57a', 229, 368);
insert into Split (id, amount, uuid, envelope_id, transaction_id) values(2629, 154.67, '61c7a1dd-7ce4-3bf2-a956-fc7523b28a61', 267, 2628);
insert into Transaction (DTYPE, id, amount, balance, checkNo, date, description, externalId, initialBalance, memo, ref, status, type, uuid, account_id, transfer_id) values('InternalTransaction', 2632, -34.39, 2118.34, '', '2010-02-01', 'PEI WEI #0023 Q02 P', '201002012', false, '01/30PEI WEI #', '', 2, 1, 'a2c06094-32e4-306b-b34b-85e31a983bcd', 229, null);
insert into Split (id, amount, uuid, envelope_id, transaction_id) values(2633, -34.39, 'cfe4f403-77fe-331c-b5e5-b13c47af6e4a', 295, 2632);
insert into Transaction (DTYPE, id, amount, balance, checkNo, date, description, externalId, initialBalance, memo, ref, status, type, uuid, account_id, transfer_id) values('InternalTransaction', 2638, -34.62, 5349.14, '', '2009-12-11', 'BEDBATH&BEYOND# BEDBATH 416746', '200912117', false, '12/10BEDBATH&B', '', 2, 1, 'ec513743-b069-3320-b7a5-717b68b1be05', 229, null);
insert into Split (id, amount, uuid, envelope_id, transaction_id) values(2639, -34.62, '9266119d-8965-3be4-ab3a-e5d574c49c7f', 239, 2638);
insert into Transaction (DTYPE, id, amount, balance, checkNo, date, description, externalId, initialBalance, memo, ref, status, type, uuid, account_id, transfer_id) values('InternalTransaction', 2636, 175.00, 4879.96, '', '2010-03-05', 'Transfer from Available', 'null', false, '', '', 2, 0, '50ddf9be-eec5-3011-99db-d8da0c3f3387', 229, 2196);
insert into Split (id, amount, uuid, envelope_id, transaction_id) values(2637, 175.00, '3102edb9-deb9-3480-a69b-03271b6ef231', 275, 2636);
insert into Transaction (DTYPE, id, amount, balance, checkNo, date, description, externalId, initialBalance, memo, ref, status, type, uuid, account_id, transfer_id) values('InternalTransaction', 2634, -0.00, 6185.72, '', '2010-03-19', 'Transfer to Car Wash', 'null', false, '', '', 2, 1, 'f8939b34-9070-340c-a75f-c11a51de7b77', 229, 1226);
insert into Split (id, amount, uuid, envelope_id, transaction_id) values(2635, -0.00, '7bdef4f1-8183-3be2-9070-31cd328aad63', 292, 2634);
insert into Transaction (DTYPE, id, amount, balance, checkNo, date, description, externalId, initialBalance, memo, ref, status, type, uuid, account_id, transfer_id) values('InternalTransaction', 2642, -60.00, 2879.21, '', '2010-02-22', 'CIRCLE K 00039 TEMPE AZ', '201002222', false, '02/19CIRCLE K Purcha', '', 2, 1, '2d71dc8a-6ff8-3944-9563-f29ef9b2c1c9', 229, null);
insert into Split (id, amount, uuid, envelope_id, transaction_id) values(2643, -40.00, '742aaecc-f8b6-3864-95bb-8f0274a8dc40', 276, 2642);
insert into Split (id, amount, uuid, envelope_id, transaction_id) values(2644, -20.00, 'c11fcbae-f5fd-3970-b49e-48c4972abf8b', 250, 2642);
insert into Transaction (DTYPE, id, amount, balance, checkNo, date, description, externalId, initialBalance, memo, ref, status, type, uuid, account_id, transfer_id) values('InternalTransaction', 2640, 51.93, 14739.40, '', '2010-02-16', 'Transfer from Available', 'null', false, '', '', 0, 0, '6a0e9492-cf40-3f51-a21d-f29186268e99', 229, 1412);
insert into Split (id, amount, uuid, envelope_id, transaction_id) values(2641, 51.93, '22f6c49e-ed80-38d3-abb4-dee1a9c6cb1c', 280, 2640);
insert into Transaction (DTYPE, id, amount, balance, checkNo, date, description, externalId, initialBalance, memo, ref, status, type, uuid, account_id, transfer_id) values('InternalTransaction', 2647, 0.00, 4237.45, '', '2010-02-19', 'Transfer from Available', 'null', false, '', '', 2, 1, '3ca297a3-f648-37ac-8582-5123ed138c7d', 229, 1162);
insert into Split (id, amount, uuid, envelope_id, transaction_id) values(2648, 0.00, 'a8f32878-0c7a-3973-86ba-b4bd19426f31', 268, 2647);
insert into Transaction (DTYPE, id, amount, balance, checkNo, date, description, externalId, initialBalance, memo, ref, status, type, uuid, account_id, transfer_id) values('InternalTransaction', 2645, 4.13, 4884.09, '', '2010-03-05', 'Transfer from Available', 'null', false, '', '', 2, 0, '577ac9eb-6c6e-35e0-93b4-2a5c086fec83', 229, 1164);
insert into Split (id, amount, uuid, envelope_id, transaction_id) values(2646, 4.13, '7fc8a650-3e39-3c6b-a86e-f49fa0a57ec4', 263, 2645);
insert into Transaction (DTYPE, id, amount, balance, checkNo, date, description, externalId, initialBalance, memo, ref, status, type, uuid, account_id, transfer_id) values('InternalTransaction', 2649, -10.99, 5022.81, '', '2009-11-27', 'WAL-MART #5330 PHOENIX (897496', '200911274', false, '11/26WAL-MART', '', 2, 1, '27fae6a8-6fdd-3991-9497-4285160b378f', 229, null);
insert into Split (id, amount, uuid, envelope_id, transaction_id) values(2650, -10.99, '43bb53a8-0ad3-3f57-9666-d0221ab35b20', 239, 2649);
insert into Transaction (DTYPE, id, amount, balance, checkNo, date, description, externalId, initialBalance, memo, ref, status, type, uuid, account_id, transfer_id) values('InternalTransaction', 2653, -49.23, 0.00, '', '2010-04-08', 'Transfer to Available', 'null', false, '', '', 2, 1, 'e155afd0-77b1-393c-b472-9c67aec4a66b', 228, 2388);
insert into Split (id, amount, uuid, envelope_id, transaction_id) values(2654, -49.23, 'a288ac78-b6ee-304d-919e-49b062bf35b5', 252, 2653);
insert into Transaction (DTYPE, id, amount, balance, checkNo, date, description, externalId, initialBalance, memo, ref, status, type, uuid, account_id, transfer_id) values('InternalTransaction', 2651, -118.71, 2296.94, '', '2009-11-03', 'STATE FARM RO 27 SFPP', '200911032', false, 'PPD ID: 9000307001', '', 2, 1, '790d21f3-91a7-3061-8d91-496b3667cbcf', 229, null);
insert into Split (id, amount, uuid, envelope_id, transaction_id) values(2652, -118.71, '76b91bf3-fae4-384d-97ac-6ace59ee2b94', 290, 2651);
insert into Transaction (DTYPE, id, amount, balance, checkNo, date, description, externalId, initialBalance, memo, ref, status, type, uuid, account_id, transfer_id) values('InternalTransaction', 2657, -75.00, 5893.44, '', '2010-02-16', 'Transfer to PS', 'null', false, '', '', 0, 1, '143730e9-842a-3916-8417-6f148d7cb2fc', 229, 2156);
insert into Split (id, amount, uuid, envelope_id, transaction_id) values(2658, -75.00, '09a8e6be-09be-33ca-b386-1df47ad696e5', 292, 2657);
insert into Transaction (DTYPE, id, amount, balance, checkNo, date, description, externalId, initialBalance, memo, ref, status, type, uuid, account_id, transfer_id) values('InternalTransaction', 2655, -11.78, 2077.09, '', '2009-11-04', 'SPROUTS FARMERS MKT # 0 293761', '200911043', false, '11/03SPROUTS F', '', 2, 1, 'e1ccd81d-7561-391a-bda4-afb3381a0d1a', 229, null);
insert into Split (id, amount, uuid, envelope_id, transaction_id) values(2656, -11.78, 'a633e0f3-f1b1-38f4-9b0d-490e452ab24a', 238, 2655);
insert into Transaction (DTYPE, id, amount, balance, checkNo, date, description, externalId, initialBalance, memo, ref, status, type, uuid, account_id, transfer_id) values('InternalTransaction', 2661, -1.00, 4012.23, '', '2009-12-01', 'USPS CHANGE OF661009 800', '200912012', false, '11/30USPS CHAN', '', 2, 1, '78e4682b-11f6-35ab-aa4c-4027a28eeb1c', 229, null);
insert into Split (id, amount, uuid, envelope_id, transaction_id) values(2662, -1.00, '7225cc38-8c6d-3643-b6be-26fdd2fe0b30', 252, 2661);
insert into Transaction (DTYPE, id, amount, balance, checkNo, date, description, externalId, initialBalance, memo, ref, status, type, uuid, account_id, transfer_id) values('InternalTransaction', 2659, 84.20, 4483.76, '', '2010-04-16', 'Transfer from Available', 'null', false, '', '', 2, 0, '3f0d67db-8d6d-3e6f-894e-93b285dbadb3', 229, 2983);
insert into Split (id, amount, uuid, envelope_id, transaction_id) values(2660, 84.20, 'd2f4f690-0a66-3b55-ada6-f31e4d08e3a8', 290, 2659);
insert into Transaction (DTYPE, id, amount, balance, checkNo, date, description, externalId, initialBalance, memo, ref, status, type, uuid, account_id, transfer_id) values('InternalTransaction', 2663, -23.02, 1241.49, '', '2009-12-23', 'FAST EDDIE''S DINER PHOEN', '200912231', false, '12/21FAST EDDI', '', 2, 1, '3cab3815-b4d0-37a7-a2ac-fc60754af0c1', 229, null);
insert into Split (id, amount, uuid, envelope_id, transaction_id) values(2664, -23.02, 'aa3c7c16-9734-3f94-a6ad-ac1fee112b0e', 295, 2663);
insert into Transaction (DTYPE, id, amount, balance, checkNo, date, description, externalId, initialBalance, memo, ref, status, type, uuid, account_id, transfer_id) values('InternalTransaction', 2667, 10.74, 660.79, '', '2010-04-16', 'Transfer from Available', 'null', false, '', '', 2, 0, '0d3108e7-a189-313d-a3fd-7768ad3e5a88', 229, 1862);
insert into Split (id, amount, uuid, envelope_id, transaction_id) values(2668, 10.74, '2e1c70ee-9307-37a6-bc64-e34c73c7c394', 246, 2667);
insert into Transaction (DTYPE, id, amount, balance, checkNo, date, description, externalId, initialBalance, memo, ref, status, type, uuid, account_id, transfer_id) values('InternalTransaction', 2665, -790.91, 1295.09, '', '2010-02-02', 'LOANSERVICING AUTOMATIC', '201002020', false, 'PPD ID: 1231694840', '', 2, 1, '94bdc0f5-db15-3bd1-a75d-fb3a89ce62ff', 229, null);
insert into Split (id, amount, uuid, envelope_id, transaction_id) values(2666, -790.91, 'f7e56f06-9fcc-3c74-9a3a-8405a4936462', 231, 2665);
insert into Transaction (DTYPE, id, amount, balance, checkNo, date, description, externalId, initialBalance, memo, ref, status, type, uuid, account_id, transfer_id) values('InternalTransaction', 2671, 127.60, 15834.50, '', '2010-02-16', 'Transfer from Available', 'null', false, '', '', 0, 0, 'cac930e5-3af5-39b2-b84d-c88cae23552a', 229, 1112);
insert into Split (id, amount, uuid, envelope_id, transaction_id) values(2672, 127.60, '73b32000-57fa-363d-9b6b-77e66d354600', 233, 2671);
insert into Transaction (DTYPE, id, amount, balance, checkNo, date, description, externalId, initialBalance, memo, ref, status, type, uuid, account_id, transfer_id) values('InternalTransaction', 2669, -13.80, 5033.80, '', '2009-11-27', 'WAL-MART #2113 CHRISTOWN489449', '200911273', false, '11/26WAL-MART', '', 2, 1, 'a497f02f-ea86-3b63-b805-cf6459478787', 229, null);
insert into Split (id, amount, uuid, envelope_id, transaction_id) values(2670, -13.80, '1e2432db-2cf9-3e6b-b427-6fb743865b3f', 239, 2669);
insert into Transaction (DTYPE, id, amount, balance, checkNo, date, description, externalId, initialBalance, memo, ref, status, type, uuid, account_id, transfer_id) values('InternalTransaction', 2673, 25.00, 4933.59, '', '2010-03-05', 'Transfer from Available', 'null', false, '', '', 2, 0, 'd975dba0-c9d2-32e4-980c-d314d758291c', 229, 2819);
insert into Split (id, amount, uuid, envelope_id, transaction_id) values(2674, 25.00, 'a65a2ac6-7ce6-34b3-b598-19eccdc8919c', 286, 2673);
insert into Transaction (DTYPE, id, amount, balance, checkNo, date, description, externalId, initialBalance, memo, ref, status, type, uuid, account_id, transfer_id) values('InternalTransaction', 2675, -863.75, 2856.94, '', '2010-04-02', 'Transfer to Available', 'null', false, '', '', 2, 1, '632fcdc8-d83c-3d65-a009-d2472ec1d0f9', 229, 636);
insert into Split (id, amount, uuid, envelope_id, transaction_id) values(2676, -863.75, '24ec08db-78e0-3c57-a920-1deb8c73e0a4', 292, 2675);
insert into Transaction (DTYPE, id, amount, balance, checkNo, date, description, externalId, initialBalance, memo, ref, status, type, uuid, account_id, transfer_id) values('InternalTransaction', 2677, 1312.50, 2514.27, '', '2010-03-18', 'ATM CHECK DEPOSIT', '201003180', false, '', '', 1, 0, '00cb6116-8d1a-3d18-a395-6881db18259e', 229, null);
insert into Split (id, amount, uuid, envelope_id, transaction_id) values(2678, 1312.50, 'b23ed91f-b5fc-329d-b731-cc8047881eb4', 292, 2677);
insert into Transaction (DTYPE, id, amount, balance, checkNo, date, description, externalId, initialBalance, memo, ref, status, type, uuid, account_id, transfer_id) values('InternalTransaction', 2679, 40.79, 6129.61, '', '2010-03-19', 'Transfer from Available', 'null', false, '', '', 2, 0, 'c1b6a39b-6ff4-35a8-958b-965ebc1e6347', 229, 1842);
insert into Split (id, amount, uuid, envelope_id, transaction_id) values(2680, 40.79, '570688a9-ee65-35cd-85c7-dcd4a0d9b3b0', 273, 2679);
insert into Transaction (DTYPE, id, amount, balance, checkNo, date, description, externalId, initialBalance, memo, ref, status, type, uuid, account_id, transfer_id) values('InternalTransaction', 2681, -151.00, 1135.04, '', '2010-02-16', 'Transfer to Lofts @ Arcadia', 'null', false, '', '', 0, 1, '2592cc3e-dc72-3b54-8b72-155e35c37d18', 229, 2276);
insert into Split (id, amount, uuid, envelope_id, transaction_id) values(2682, -151.00, '38bf727e-6166-3910-bccc-47d1af17d125', 292, 2681);
insert into Transaction (DTYPE, id, amount, balance, checkNo, date, description, externalId, initialBalance, memo, ref, status, type, uuid, account_id, transfer_id) values('InternalTransaction', 2683, 2157.42, 5272.96, '', '2009-11-27', 'DIFFUSION GROUP PAYROLL', '200911270', false, 'PPD ID: 1860988050', '', 2, 0, '260545b2-cafe-3dc2-9b5b-afd7178b9cea', 229, null);
insert into Split (id, amount, uuid, envelope_id, transaction_id) values(2684, 2157.42, '4428d39f-32b4-3ee3-aa11-f1d7f711c2b0', 292, 2683);
insert into Transaction (DTYPE, id, amount, balance, checkNo, date, description, externalId, initialBalance, memo, ref, status, type, uuid, account_id, transfer_id) values('InternalTransaction', 2689, -6.65, 4697.06, '', '2009-11-16', 'SOU BLOCKBUSTER VID8301 785204', '2009111611', false, '11/13SOU BLOCK', '', 2, 1, '86998c95-9770-35bf-8d53-712875309174', 229, null);
insert into Split (id, amount, uuid, envelope_id, transaction_id) values(2690, -6.65, 'af4211dc-211f-38ce-ae31-bbd2851321cd', 265, 2689);
insert into Transaction (DTYPE, id, amount, balance, checkNo, date, description, externalId, initialBalance, memo, ref, status, type, uuid, account_id, transfer_id) values('InternalTransaction', 2687, 10.02, 10.02, '', '2010-03-16', 'Transfer from Easynews.com', 'null', false, '', '', 2, 0, '1df247d9-08dd-3eae-a6c4-bbef7c84d0ae', 228, 1198);
insert into Split (id, amount, uuid, envelope_id, transaction_id) values(2688, 10.02, 'a73b2ac0-2394-34bf-ac6c-6f400b6a5901', 292, 2687);
insert into Transaction (DTYPE, id, amount, balance, checkNo, date, description, externalId, initialBalance, memo, ref, status, type, uuid, account_id, transfer_id) values('InternalTransaction', 2685, -35.65, 4108.03, '', '2009-11-30', 'SHELL OIL 57442276200 GL', '200911306', false, '11/28SHELL OIL', '', 2, 1, '80773680-6028-34af-9c19-65032d97f59d', 229, null);
insert into Split (id, amount, uuid, envelope_id, transaction_id) values(2686, -35.65, 'ddfe9718-4417-36a6-b26e-90822d0febaa', 253, 2685);
insert into Transaction (DTYPE, id, amount, balance, checkNo, date, description, externalId, initialBalance, memo, ref, status, type, uuid, account_id, transfer_id) values('InternalTransaction', 2691, 10.00, 3776.46, '', '2010-04-02', 'Transfer from Available', 'null', false, '', '', 2, 0, '32c0421f-9008-32f0-9a1c-91a33d4b986e', 229, 2420);
insert into Split (id, amount, uuid, envelope_id, transaction_id) values(2692, 10.00, '3524b503-457f-35f6-b34f-34e8bc93e466', 234, 2691);
insert into Transaction (DTYPE, id, amount, balance, checkNo, date, description, externalId, initialBalance, memo, ref, status, type, uuid, account_id, transfer_id) values('InternalTransaction', 2693, -3.22, 2655.14, '', '2010-03-08', 'WAL-MART #2113 CHRISTOWN788842', '2010030810', false, '03/05WAL-MART', '', 1, 1, 'a6751af9-b5c7-35d6-aba2-9fb1785e535f', 229, null);
insert into Split (id, amount, uuid, envelope_id, transaction_id) values(2694, -3.22, 'cca72b5c-8cf3-362b-bb44-86ff88610c45', 239, 2693);
insert into Transaction (DTYPE, id, amount, balance, checkNo, date, description, externalId, initialBalance, memo, ref, status, type, uuid, account_id, transfer_id) values('InternalTransaction', 2695, -20.97, 6148.69, '', '2010-02-16', 'Transfer to Movie Rental', 'null', false, '', '', 0, 1, '57c0c92c-c3f8-3b90-83b3-64c745c02364', 229, 2230);
insert into Split (id, amount, uuid, envelope_id, transaction_id) values(2696, -20.97, 'a3d5b01b-c7a5-3089-8cea-163916414121', 292, 2695);
insert into Transaction (DTYPE, id, amount, balance, checkNo, date, description, externalId, initialBalance, memo, ref, status, type, uuid, account_id, transfer_id) values('InternalTransaction', 2697, -25.00, 4574.80, '', '2010-03-05', 'Transfer to Personal Care', 'null', false, '', '', 2, 1, '9f0e79c0-4042-332e-966c-8a6fee8b728d', 229, 1464);
insert into Split (id, amount, uuid, envelope_id, transaction_id) values(2698, -25.00, '3ad8640e-3e01-3646-bd71-85101d7c43fe', 292, 2697);
insert into Transaction (DTYPE, id, amount, balance, checkNo, date, description, externalId, initialBalance, memo, ref, status, type, uuid, account_id, transfer_id) values('InternalTransaction', 2699, -19.50, 1305.97, '', '2010-01-20', 'Rossmar & Graham TENANT', '201001200', false, 'WEB ID: W050568743', '', 2, 1, '2f1cf1d0-4e8a-3fcf-8d2c-a8174671935c', 229, null);
insert into Split (id, amount, uuid, envelope_id, transaction_id) values(2700, -19.50, '00e67d71-0711-351a-8c47-cea4502cc5e3', 258, 2699);
insert into Transaction (DTYPE, id, amount, balance, checkNo, date, description, externalId, initialBalance, memo, ref, status, type, uuid, account_id, transfer_id) values('InternalTransaction', 2701, 100.63, 2864.48, '', '2010-02-16', 'Transfer from Available', 'null', false, '', '', 0, 0, '39b73b23-8f83-3e72-babf-561df224b032', 229, 2582);
insert into Split (id, amount, uuid, envelope_id, transaction_id) values(2702, 100.63, 'bbdebb55-78db-3c74-a247-fd49951228a2', 283, 2701);
insert into Transaction (DTYPE, id, amount, balance, checkNo, date, description, externalId, initialBalance, memo, ref, status, type, uuid, account_id, transfer_id) values('InternalTransaction', 2703, -790.91, 1166.23, '', '2010-01-05', 'LOANSERVICING AUTOMATIC', '201001050', false, 'PPD ID: 1231694840', '', 2, 1, 'cbdcf6e4-d347-3949-8f0e-e555c03313c3', 229, null);
insert into Split (id, amount, uuid, envelope_id, transaction_id) values(2704, -790.91, '32d17acc-25bb-3a74-8b0b-bf152a2696b3', 231, 2703);
insert into Transaction (DTYPE, id, amount, balance, checkNo, date, description, externalId, initialBalance, memo, ref, status, type, uuid, account_id, transfer_id) values('InternalTransaction', 2709, 76.90, 76.90, '', '2010-02-28', 'Transfer from Unassigned', 'null', false, '', '', 2, 0, '3aa39a69-e252-38b1-a8ef-54a95152bec0', 228, 2490);
insert into Split (id, amount, uuid, envelope_id, transaction_id) values(2710, 76.90, 'a507e577-edbe-3654-8b77-aae06a6fd2ef', 286, 2709);
insert into Transaction (DTYPE, id, amount, balance, checkNo, date, description, externalId, initialBalance, memo, ref, status, type, uuid, account_id, transfer_id) values('InternalTransaction', 2707, 32.19, 2896.67, '', '2010-02-16', 'Transfer from Available', 'null', false, '', '', 0, 0, 'be4ae61b-3b75-3c7f-91d5-64c65488897d', 229, 1556);
insert into Split (id, amount, uuid, envelope_id, transaction_id) values(2708, 32.19, 'cb7d38e8-4345-3dee-b9a6-1803826fb863', 232, 2707);
insert into Transaction (DTYPE, id, amount, balance, checkNo, date, description, externalId, initialBalance, memo, ref, status, type, uuid, account_id, transfer_id) values('InternalTransaction', 2705, -250.00, 2228.65, '272', '2010-03-30', 'CHECK 272', '201003303', false, '', '', 1, 1, 'eae727d5-4901-36d6-8890-72c4a19ba7d8', 229, null);
insert into Split (id, amount, uuid, envelope_id, transaction_id) values(2706, -250.00, '9a9b92e3-1594-301c-b7a0-7d6cea5ee518', 248, 2705);
insert into Transaction (DTYPE, id, amount, balance, checkNo, date, description, externalId, initialBalance, memo, ref, status, type, uuid, account_id, transfer_id) values('InternalTransaction', 2711, -35.51, 4064.06, '', '2010-04-16', 'Transfer to New Car', 'null', false, '', '', 2, 1, 'd1ca70af-680e-3d00-ba82-fd8b3989fb6c', 229, 594);
insert into Split (id, amount, uuid, envelope_id, transaction_id) values(2712, -35.51, '1c729ec9-5426-38d8-8830-b9cab4e0af6d', 292, 2711);
insert into Transaction (DTYPE, id, amount, balance, checkNo, date, description, externalId, initialBalance, memo, ref, status, type, uuid, account_id, transfer_id) values('InternalTransaction', 2715, 0.00, 3776.46, '', '2010-04-02', 'Transfer from Available', 'null', false, '', '', 2, 1, '8effa396-4fb1-3f44-807b-fda94de46a54', 229, 2871);
insert into Split (id, amount, uuid, envelope_id, transaction_id) values(2716, 0.00, 'deb6bf7b-5aae-3017-8594-b6537b0beabf', 268, 2715);
insert into Transaction (DTYPE, id, amount, balance, checkNo, date, description, externalId, initialBalance, memo, ref, status, type, uuid, account_id, transfer_id) values('InternalTransaction', 2713, -35.00, 2537.97, '', '2010-01-25', 'JOSEPH SCOTT SALON LLC P276773', '201001257', false, '01/22JOSEPH SC', '', 2, 1, '81c3d7d7-e0ca-3194-a70c-12508ae3e0e4', 229, null);
insert into Split (id, amount, uuid, envelope_id, transaction_id) values(2714, -35.00, 'b5788d30-894e-33d7-bab5-5d653667b730', 260, 2713);
insert into Transaction (DTYPE, id, amount, balance, checkNo, date, description, externalId, initialBalance, memo, ref, status, type, uuid, account_id, transfer_id) values('InternalTransaction', 2717, 25.00, 6154.61, '', '2010-03-19', 'Transfer from Available', 'null', false, '', '', 2, 0, '0af5d98a-34d6-3ab7-8be7-5b2cc56abbd0', 229, 1006);
insert into Split (id, amount, uuid, envelope_id, transaction_id) values(2718, 25.00, '996ca4b5-2fdc-3d3e-94c8-62f2b1cd32df', 277, 2717);
insert into Transaction (DTYPE, id, amount, balance, checkNo, date, description, externalId, initialBalance, memo, ref, status, type, uuid, account_id, transfer_id) values('InternalTransaction', 2721, -150.00, 2701.96, '', '2010-04-02', 'Transfer to Groceries', 'null', false, '', '', 2, 1, 'd850c889-ba3e-3e4b-8502-0fcdda9b3466', 229, 2482);
insert into Split (id, amount, uuid, envelope_id, transaction_id) values(2722, -150.00, '6e187b74-dcca-363d-8854-ad9f55cac3af', 292, 2721);
insert into Transaction (DTYPE, id, amount, balance, checkNo, date, description, externalId, initialBalance, memo, ref, status, type, uuid, account_id, transfer_id) values('InternalTransaction', 2719, -7.40, 0.00, '', '2010-03-30', 'Transfer to Coffee', 'null', false, '', '', 2, 1, '652706dd-fe9e-3d14-8fc4-047c162feba6', 228, 970);
insert into Split (id, amount, uuid, envelope_id, transaction_id) values(2720, -7.40, '1c3bfb3d-b126-329a-815c-3bf2b235401f', 292, 2719);
insert into Transaction (DTYPE, id, amount, balance, checkNo, date, description, externalId, initialBalance, memo, ref, status, type, uuid, account_id, transfer_id) values('InternalTransaction', 2725, -228.64, 4088.15, '', '2010-03-29', 'WHOLE FOODS MARK 5120 S 728182', '2010032914', false, '03/28WHOLE FOO', '', 1, 1, '3ae1dcf3-f561-3a75-9420-8be6f488a1a2', 229, null);
insert into Split (id, amount, uuid, envelope_id, transaction_id) values(2726, -228.64, 'd663c4e0-915a-3dc8-aa4d-356800c0728d', 238, 2725);
insert into Transaction (DTYPE, id, amount, balance, checkNo, date, description, externalId, initialBalance, memo, ref, status, type, uuid, account_id, transfer_id) values('InternalTransaction', 2723, 25.00, 4272.45, '', '2010-02-19', 'Transfer from Available', 'null', false, '', '', 2, 0, '3bf2ecf9-18db-32fe-9ad4-f09481682cd4', 229, 2496);
insert into Split (id, amount, uuid, envelope_id, transaction_id) values(2724, 25.00, 'bf4a991f-05e7-35cc-9174-5cf246509510', 277, 2723);
insert into Transaction (DTYPE, id, amount, balance, checkNo, date, description, externalId, initialBalance, memo, ref, status, type, uuid, account_id, transfer_id) values('InternalTransaction', 2727, -5.82, 2426.45, '', '2010-03-19', 'Transfer to Fast Food', 'null', false, '', '', 2, 1, '082876a6-4a5a-382b-ab36-3b8b8e57b41f', 229, 1446);
insert into Split (id, amount, uuid, envelope_id, transaction_id) values(2728, -5.82, 'ba42aff4-d94f-3981-82dd-34c39b584577', 292, 2727);
insert into Transaction (DTYPE, id, amount, balance, checkNo, date, description, externalId, initialBalance, memo, ref, status, type, uuid, account_id, transfer_id) values('InternalTransaction', 2729, -14.29, 949.67, '', '2010-03-03', 'Transfer to State Farm Insurance', 'null', false, '', '', 2, 1, 'ca2267a1-00ac-3e43-9c5e-5144db10ba8d', 229, 2947);
insert into Split (id, amount, uuid, envelope_id, transaction_id) values(2730, -14.29, '052ae710-bc80-3ec5-99ce-8b625f11f7fd', 292, 2729);
insert into Transaction (DTYPE, id, amount, balance, checkNo, date, description, externalId, initialBalance, memo, ref, status, type, uuid, account_id, transfer_id) values('InternalTransaction', 2731, 2.11, 2.11, '', '2010-04-21', 'Transfer from Coffee', 'null', false, '', '', 2, 0, '9a3b111a-2491-3cbf-84a6-729acd377df9', 228, 332);
insert into Split (id, amount, uuid, envelope_id, transaction_id) values(2732, 2.11, 'ccf822b1-54ec-3ac8-977e-d9f1bcfe68a2', 292, 2731);
insert into Transaction (DTYPE, id, amount, balance, checkNo, date, description, externalId, initialBalance, memo, ref, status, type, uuid, account_id, transfer_id) values('InternalTransaction', 2733, -9.95, 3117.64, '', '2010-02-22', 'Financial Management Software:', '201002220', false, 'Monthly Service Fee', '', 2, 1, '2e9a9437-3306-3bfc-8477-ed58aa9ae79e', 229, null);
insert into Split (id, amount, uuid, envelope_id, transaction_id) values(2734, -9.95, '91693d5f-6b58-33c0-a89b-92cce941e341', 232, 2733);
insert into Transaction (DTYPE, id, amount, balance, checkNo, date, description, externalId, initialBalance, memo, ref, status, type, uuid, account_id, transfer_id) values('InternalTransaction', 2735, -292.74, 5154.62, '', '2010-02-16', 'Transfer to Books', 'null', false, '', '', 0, 1, 'bdaad675-9316-38b9-9324-a3a96bcdd61c', 229, 2396);
insert into Split (id, amount, uuid, envelope_id, transaction_id) values(2736, -292.74, '42d54c4f-6885-39f7-b289-24891faf1a6a', 292, 2735);
insert into Transaction (DTYPE, id, amount, balance, checkNo, date, description, externalId, initialBalance, memo, ref, status, type, uuid, account_id, transfer_id) values('InternalTransaction', 2737, -21.65, 851.28, '', '2010-03-04', 'Transfer to Pet', 'null', false, '', '', 2, 1, '5589f90d-caaa-3928-8899-fc19cd8c90be', 229, 2526);
insert into Split (id, amount, uuid, envelope_id, transaction_id) values(2738, -21.65, 'e0e235f9-2566-38ca-9eb2-d2498b367f40', 292, 2737);
insert into Transaction (DTYPE, id, amount, balance, checkNo, date, description, externalId, initialBalance, memo, ref, status, type, uuid, account_id, transfer_id) values('InternalTransaction', 2739, 395.00, 2679.33, '', '2010-02-26', 'AZ DEPT OF REV DIR.DEP.', '201002260', false, 'PPD ID: 1866004799', '', 1, 0, '4c5ad4e7-d923-33d7-87f2-21a983fb70fb', 229, null);
insert into Split (id, amount, uuid, envelope_id, transaction_id) values(2740, 395.00, 'c82612a8-6180-33f0-92e2-48e9fec5cbf9', 292, 2739);
insert into Transaction (DTYPE, id, amount, balance, checkNo, date, description, externalId, initialBalance, memo, ref, status, type, uuid, account_id, transfer_id) values('InternalTransaction', 2741, -80.00, 4067.90, '', '2010-02-19', 'Transfer to Housekeeping', 'null', false, '', '', 2, 1, '0b3916ea-df2c-3ff8-922d-53736a7859d6', 229, 1930);
insert into Split (id, amount, uuid, envelope_id, transaction_id) values(2742, -80.00, 'e2d41fc3-3522-30f4-b36a-44cbf3e938b6', 292, 2741);
insert into Transaction (DTYPE, id, amount, balance, checkNo, date, description, externalId, initialBalance, memo, ref, status, type, uuid, account_id, transfer_id) values('InternalTransaction', 2743, -113.15, 0.00, '', '2010-02-18', 'Transfer to Available', 'null', false, '', '', 2, 1, 'c12b029f-9ad2-3c94-9dce-ed7623572c3e', 228, 1772);
insert into Split (id, amount, uuid, envelope_id, transaction_id) values(2744, -113.15, '7eae7d88-c89e-3154-83dc-7b663341dcb1', 253, 2743);
insert into Transaction (DTYPE, id, amount, balance, checkNo, date, description, externalId, initialBalance, memo, ref, status, type, uuid, account_id, transfer_id) values('InternalTransaction', 2745, -8.54, 0.00, '', '2010-03-09', 'Transfer to Fast Food', 'null', false, '', '', 2, 1, '14ce3162-9df7-3995-ad17-b713ed469838', 228, 1336);
insert into Split (id, amount, uuid, envelope_id, transaction_id) values(2746, -8.54, 'dec5bd14-6e31-3713-ba91-0894f4c87374', 252, 2745);
insert into Transaction (DTYPE, id, amount, balance, checkNo, date, description, externalId, initialBalance, memo, ref, status, type, uuid, account_id, transfer_id) values('InternalTransaction', 2747, 0.00, 3776.46, '', '2010-04-02', 'Transfer from Available', 'null', false, '', '', 2, 1, '3fbd7eaf-e735-3b3a-a407-6b37ab8cb83c', 229, 2516);
insert into Split (id, amount, uuid, envelope_id, transaction_id) values(2748, 0.00, '38769317-9345-33e6-8777-391d8432a885', 254, 2747);
insert into Transaction (DTYPE, id, amount, balance, checkNo, date, description, externalId, initialBalance, memo, ref, status, type, uuid, account_id, transfer_id) values('InternalTransaction', 2749, -0.00, 2024.23, '', '2010-04-02', 'Transfer to Verizon Wireless', 'null', false, '', '', 2, 1, '9c8c579d-c2d2-3c0a-8f27-c0eeef4d78bd', 229, 2913);
insert into Split (id, amount, uuid, envelope_id, transaction_id) values(2750, -0.00, '58a8410f-663d-3a59-8c3c-887ddbc2f9cc', 292, 2749);
insert into Transaction (DTYPE, id, amount, balance, checkNo, date, description, externalId, initialBalance, memo, ref, status, type, uuid, account_id, transfer_id) values('InternalTransaction', 2753, -15.16, 1351.69, '', '2009-12-18', 'BUFFALO EXCHANGE AZ04 PH322690', '200912184', false, '12/17BUFFALO E', '', 2, 1, '18d7ddea-a9da-3fe1-87d4-4f67e9478c62', 229, null);
insert into Split (id, amount, uuid, envelope_id, transaction_id) values(2754, -15.16, '233671cd-0849-3ef9-a7eb-3600d1792e62', 285, 2753);
insert into Transaction (DTYPE, id, amount, balance, checkNo, date, description, externalId, initialBalance, memo, ref, status, type, uuid, account_id, transfer_id) values('InternalTransaction', 2751, -7.21, 1337.81, '', '2010-04-22', 'Transfer to Fast Food', 'null', false, '', '', 2, 1, 'b13505aa-8be8-34f2-a39a-12cce728d72f', 229, 980);
insert into Split (id, amount, uuid, envelope_id, transaction_id) values(2752, -7.21, '28665840-6b4f-3cb8-9685-da86fd642c98', 292, 2751);
insert into Transaction (DTYPE, id, amount, balance, checkNo, date, description, externalId, initialBalance, memo, ref, status, type, uuid, account_id, transfer_id) values('InternalTransaction', 2759, -77.73, 4359.46, '', '2010-03-29', 'BEDBATH&BEYOND# BEDB 202935517', '201003291', false, '03/26BEDBATH&B', '', 1, 1, 'ccdb2f59-070d-3aa4-8e73-c8b5ac93850d', 229, null);
insert into Split (id, amount, uuid, envelope_id, transaction_id) values(2760, -77.73, '799969b0-ffaa-3e0d-9613-12b57ca56a27', 248, 2759);
insert into Transaction (DTYPE, id, amount, balance, checkNo, date, description, externalId, initialBalance, memo, ref, status, type, uuid, account_id, transfer_id) values('InternalTransaction', 2757, 5.00, 5.00, '', '2010-03-13', 'Transfer from Spending', 'null', false, '', '', 2, 0, 'bfbc2da6-6046-3abb-822a-bc74f12357ed', 228, 348);
insert into Split (id, amount, uuid, envelope_id, transaction_id) values(2758, 5.00, '86c89822-38f7-36cb-8b72-f2766c1f7991', 286, 2757);
insert into Transaction (DTYPE, id, amount, balance, checkNo, date, description, externalId, initialBalance, memo, ref, status, type, uuid, account_id, transfer_id) values('InternalTransaction', 2755, -163.00, 3904.90, '', '2010-02-19', 'Transfer to Lofts @ Arcadia', 'null', false, '', '', 2, 1, 'db03fc69-0567-31b8-8011-2a2bdef29777', 229, 1712);
insert into Split (id, amount, uuid, envelope_id, transaction_id) values(2756, -163.00, 'c287567d-eec1-320a-a76c-b8d23a5075b2', 292, 2755);
insert into Transaction (DTYPE, id, amount, balance, checkNo, date, description, externalId, initialBalance, memo, ref, status, type, uuid, account_id, transfer_id) values('InternalTransaction', 2763, -73.45, 655.53, '', '2010-04-15', 'BEDBATH&BEYOND# BEDB 202837614', '201004150', false, '04/14BEDBATH&B', '', 1, 1, '3c011ea7-a9e9-3b0a-9908-413dac84cb43', 229, null);
insert into Split (id, amount, uuid, envelope_id, transaction_id) values(2764, -73.45, 'd9e020ad-4187-3928-8d4b-fb1eb43fe4b2', 239, 2763);
insert into Transaction (DTYPE, id, amount, balance, checkNo, date, description, externalId, initialBalance, memo, ref, status, type, uuid, account_id, transfer_id) values('InternalTransaction', 2761, 77.05, 4349.50, '', '2010-02-19', 'Transfer from Available', 'null', false, '', '', 2, 0, '5c2e96d0-7072-383d-8b0e-c40ad10721d9', 229, 1038);
insert into Split (id, amount, uuid, envelope_id, transaction_id) values(2762, 77.05, 'fe8bc4e0-8a2d-30c8-979d-006785a42ea5', 290, 2761);
insert into Transaction (DTYPE, id, amount, balance, checkNo, date, description, externalId, initialBalance, memo, ref, status, type, uuid, account_id, transfer_id) values('InternalTransaction', 2765, -175.00, 1517.15, '', '2010-04-05', 'IRS USATAXPYMT 2700', '201004059', false, '49500919957 WEB ID: 3387702000', '', 1, 1, 'bb0d0a10-9203-3da0-817c-7629264c83d8', 229, null);
insert into Split (id, amount, uuid, envelope_id, transaction_id) values(2766, -175.00, '88059e06-72f4-30cb-b547-2184b5696581', 275, 2765);
insert into Transaction (DTYPE, id, amount, balance, checkNo, date, description, externalId, initialBalance, memo, ref, status, type, uuid, account_id, transfer_id) values('InternalTransaction', 2767, -9.95, 4693.11, '', '2010-03-22', 'Financial Management Software:', '201003220', false, 'Monthly Service Fee', '', 1, 1, '9d6bc9f9-1e3d-3c80-9680-7d2a64711706', 229, null);
insert into Split (id, amount, uuid, envelope_id, transaction_id) values(2768, -9.95, 'd28e0d62-2fc0-3b6f-9bab-af4f24f72e17', 232, 2767);
insert into Transaction (DTYPE, id, amount, balance, checkNo, date, description, externalId, initialBalance, memo, ref, status, type, uuid, account_id, transfer_id) values('InternalTransaction', 2771, 100.49, 4005.35, '', '2010-03-30', 'Transfer from Available', 'null', false, '', '', 2, 0, '96392536-2cad-3b46-ac98-b82068a0469a', 229, 588);
insert into Split (id, amount, uuid, envelope_id, transaction_id) values(2772, 100.49, 'c00f8b61-edaf-34e6-a0ed-0af666848383', 239, 2771);
insert into Transaction (DTYPE, id, amount, balance, checkNo, date, description, externalId, initialBalance, memo, ref, status, type, uuid, account_id, transfer_id) values('InternalTransaction', 2769, -100.00, 6978.71, '', '2010-03-20', 'SHADETREE', '201003227', false, '', '', 1, 1, '8fb15685-3e7e-38d7-89f9-1674d54cde7a', 229, null);
insert into Split (id, amount, uuid, envelope_id, transaction_id) values(2770, -100.00, '4d522566-6e9a-3195-a6cd-22281db7965b', 248, 2769);
insert into Transaction (DTYPE, id, amount, balance, checkNo, date, description, externalId, initialBalance, memo, ref, status, type, uuid, account_id, transfer_id) values('InternalTransaction', 2775, -5.81, 2978.53, '', '2010-01-25', 'DUNKIN #304847 Q35 P', '2010012512', false, '01/22DUNKIN #3', '', 2, 1, '9727813d-bc62-35db-bd3f-413fdefe93e5', 229, null);
insert into Split (id, amount, uuid, envelope_id, transaction_id) values(2776, -5.81, 'd65d0d75-cc73-34ef-b3b3-ebfdda723cfe', 246, 2775);
insert into Transaction (DTYPE, id, amount, balance, checkNo, date, description, externalId, initialBalance, memo, ref, status, type, uuid, account_id, transfer_id) values('InternalTransaction', 2773, -34.62, 2088.87, '', '2009-11-04', 'QT 425 PHOENIX AZ 923857', '200911042', false, '11/03QT 425 PH', '', 2, 1, '0f3f37e8-4b02-36ae-8a27-bcabe56560a4', 229, null);
insert into Split (id, amount, uuid, envelope_id, transaction_id) values(2774, -34.62, '07b0a0de-8f4d-3207-876a-8d6017d700b5', 252, 2773);
insert into Transaction (DTYPE, id, amount, balance, checkNo, date, description, externalId, initialBalance, memo, ref, status, type, uuid, account_id, transfer_id) values('InternalTransaction', 2777, -15.95, 5128.56, '', '2010-03-19', 'Transfer to Sirius', 'null', false, '', '', 2, 1, 'd417e83e-04af-3256-972b-a54791f28e60', 229, 2280);
insert into Split (id, amount, uuid, envelope_id, transaction_id) values(2778, -15.95, '1be94f43-eb3d-3ba4-a30e-63cf37a41981', 292, 2777);
insert into Transaction (DTYPE, id, amount, balance, checkNo, date, description, externalId, initialBalance, memo, ref, status, type, uuid, account_id, transfer_id) values('InternalTransaction', 2779, -23.18, 5205.02, '', '2010-03-19', 'Transfer to Medical', 'null', false, '', '', 2, 1, 'b4bc1974-2770-3bbf-8a70-203eaa764c99', 229, 2484);
insert into Split (id, amount, uuid, envelope_id, transaction_id) values(2780, -23.18, 'f4a9bcd8-b25b-3d4b-9967-3d234e53215d', 292, 2779);
insert into Transaction (DTYPE, id, amount, balance, checkNo, date, description, externalId, initialBalance, memo, ref, status, type, uuid, account_id, transfer_id) values('InternalTransaction', 2781, -17.50, 0.00, '', '2010-03-30', 'Transfer to Credit Cards', 'null', false, '', '', 2, 1, 'b798dd73-fb9f-3e37-ba07-05031c5337de', 228, 2168);
insert into Split (id, amount, uuid, envelope_id, transaction_id) values(2782, -17.50, 'f1a54f3b-4079-3673-8a18-07f5cdba311e', 271, 2781);
insert into Transaction (DTYPE, id, amount, balance, checkNo, date, description, externalId, initialBalance, memo, ref, status, type, uuid, account_id, transfer_id) values('InternalTransaction', 2783, 160.00, 160.00, '', '2010-03-05', 'Transfer from Available', 'null', false, '', '', 2, 0, 'cf87d59f-32cd-3fdd-8881-26b9062459cc', 228, 2114);
insert into Split (id, amount, uuid, envelope_id, transaction_id) values(2784, 160.00, '7cb7441b-b8b5-331a-8d2d-aebb1e417740', 239, 2783);
insert into Transaction (DTYPE, id, amount, balance, checkNo, date, description, externalId, initialBalance, memo, ref, status, type, uuid, account_id, transfer_id) values('InternalTransaction', 2785, -395.45, 5702.02, '', '2010-03-19', 'Transfer to GMAC Mortgage', 'null', false, '', '', 2, 1, '7a35bdc0-7463-33a6-8381-acff7b669144', 229, 2306);
insert into Split (id, amount, uuid, envelope_id, transaction_id) values(2786, -395.45, 'e2abdba0-03ef-3352-bee1-3b670b6779b1', 292, 2785);
insert into Transaction (DTYPE, id, amount, balance, checkNo, date, description, externalId, initialBalance, memo, ref, status, type, uuid, account_id, transfer_id) values('InternalTransaction', 2787, 395.46, 5554.05, '', '2010-03-05', 'Transfer from Available', 'null', false, '', '', 2, 0, 'ee3e5d89-82c7-34f1-8f97-4f19a406cbbf', 229, 1134);
insert into Split (id, amount, uuid, envelope_id, transaction_id) values(2788, 395.46, 'dbd12562-1e49-3448-96e8-75ccc2834af1', 231, 2787);
insert into Transaction (DTYPE, id, amount, balance, checkNo, date, description, externalId, initialBalance, memo, ref, status, type, uuid, account_id, transfer_id) values('InternalTransaction', 2789, 27.19, 6181.80, '', '2010-03-19', 'Transfer from Available', 'null', false, '', '', 2, 0, '13b64461-ae60-3db8-a455-f56b099b60f0', 229, 1308);
insert into Split (id, amount, uuid, envelope_id, transaction_id) values(2790, 27.19, '8c7bdb7d-0d43-3ee8-b27b-36f58eeead78', 259, 2789);
insert into Transaction (DTYPE, id, amount, balance, checkNo, date, description, externalId, initialBalance, memo, ref, status, type, uuid, account_id, transfer_id) values('InternalTransaction', 2791, 44.00, 1345.02, '', '2010-04-22', 'Transfer from Available', 'null', false, '', '', 2, 0, 'f8261f2c-053f-3897-955a-d80e766689fb', 229, 2552);
insert into Split (id, amount, uuid, envelope_id, transaction_id) values(2792, 44.00, '735ff24d-281c-3945-9f8a-ea7ce57529b2', 264, 2791);
insert into Transaction (DTYPE, id, amount, balance, checkNo, date, description, externalId, initialBalance, memo, ref, status, type, uuid, account_id, transfer_id) values('InternalTransaction', 2793, -81.98, 1286.09, '', '2010-02-15', 'DIRECTV', '201002160', false, '', '', 2, 1, 'b6cf34b5-affa-3535-8345-29d5939ce5c3', 229, null);
insert into Split (id, amount, uuid, envelope_id, transaction_id) values(2794, -81.98, 'e5fd5a39-61bd-314a-a6f7-07fa6b9bc2aa', 273, 2793);
insert into Transaction (DTYPE, id, amount, balance, checkNo, date, description, externalId, initialBalance, memo, ref, status, type, uuid, account_id, transfer_id) values('InternalTransaction', 2797, 154.66, 5708.71, '', '2010-03-05', 'Transfer from Available', 'null', false, '', '', 2, 0, 'e316c28d-a079-3963-ba75-c3810569f40b', 229, 2008);
insert into Split (id, amount, uuid, envelope_id, transaction_id) values(2798, 154.66, 'e760c9b9-312f-3f18-a757-96c06e029be5', 267, 2797);
insert into Transaction (DTYPE, id, amount, balance, checkNo, date, description, externalId, initialBalance, memo, ref, status, type, uuid, account_id, transfer_id) values('InternalTransaction', 2795, 11.46, 11.46, '', '2010-03-16', 'Transfer from Household', 'null', false, '', '', 2, 0, '6d4e82e4-a7fd-3ef9-8d8d-d99875bec1d8', 228, 2300);
insert into Split (id, amount, uuid, envelope_id, transaction_id) values(2796, 11.46, 'e9525120-f0e7-35af-b2cd-3e388457a6df', 260, 2795);
insert into Transaction (DTYPE, id, amount, balance, checkNo, date, description, externalId, initialBalance, memo, ref, status, type, uuid, account_id, transfer_id) values('InternalTransaction', 2799, -10.26, 2180.43, '', '2010-03-10', 'MY BIG FAT GREEK REST TE', '201003100', false, '03/09MY BIG FA', '', 1, 1, '2bf4fe92-9975-3a40-8a16-970ecd0bdbfe', 229, null);
insert into Split (id, amount, uuid, envelope_id, transaction_id) values(2800, -10.26, '848f7dd3-22a3-3439-abd2-3d03fe09b456', 295, 2799);
insert into Transaction (DTYPE, id, amount, balance, checkNo, date, description, externalId, initialBalance, memo, ref, status, type, uuid, account_id, transfer_id) values('InternalTransaction', 2801, -12.49, 1977.24, '', '2010-01-04', 'EINSTEIN BROS #2021 PHOE', '201001046', false, '12/30EINSTEIN', '', 2, 1, '6ca5a822-6d6b-3d65-b1c9-a84a3e47970c', 229, null);
insert into Split (id, amount, uuid, envelope_id, transaction_id) values(2802, -12.49, '738ebae5-955a-3d66-ac50-13d85cec90e5', 295, 2801);
insert into Transaction (DTYPE, id, amount, balance, checkNo, date, description, externalId, initialBalance, memo, ref, status, type, uuid, account_id, transfer_id) values('InternalTransaction', 2803, 17.50, 4367.00, '', '2010-02-19', 'Transfer from Available', 'null', false, '', '', 2, 0, '4a59028d-7fb3-3d4c-8b81-fa884315e955', 229, 554);
insert into Split (id, amount, uuid, envelope_id, transaction_id) values(2804, 17.50, 'e79b8f87-d630-390a-8c43-48b538296d2d', 271, 2803);
insert into Transaction (DTYPE, id, amount, balance, checkNo, date, description, externalId, initialBalance, memo, ref, status, type, uuid, account_id, transfer_id) values('InternalTransaction', 2805, -2472.97, 0.00, '', '2010-04-16', 'Transfer to Available', 'null', false, '', '', 2, 1, '8500ee61-37eb-374c-8329-9d910e13d78b', 228, 454);
insert into Split (id, amount, uuid, envelope_id, transaction_id) values(2806, -2472.97, '348d7dcc-b77a-391c-9c45-3c7fc33ba73c', 264, 2805);
insert into Transaction (DTYPE, id, amount, balance, checkNo, date, description, externalId, initialBalance, memo, ref, status, type, uuid, account_id, transfer_id) values('InternalTransaction', 2811, -17.50, 1610.66, '', '2010-01-12', 'AMC DEER VALLE04001020 P', '201001121', false, '01/10AMC DEER', '', 2, 1, '23e3983c-7265-3914-bb3c-8e4091d56b87', 229, null);
insert into Split (id, amount, uuid, envelope_id, transaction_id) values(2812, -17.50, '542b536c-92b8-3835-b014-c8c62c7f051d', 284, 2811);
insert into Transaction (DTYPE, id, amount, balance, checkNo, date, description, externalId, initialBalance, memo, ref, status, type, uuid, account_id, transfer_id) values('InternalTransaction', 2809, -49.00, 4390.15, '', '2009-11-18', 'MASSAGE ENVY 0011 480-83', '200911180', false, '11/16MASSAGE E', '', 2, 1, '1334c443-ce80-3e7e-8715-2b2981c26b40', 229, null);
insert into Split (id, amount, uuid, envelope_id, transaction_id) values(2810, -49.00, '9ed2d67e-ab33-3bc4-b871-7711dc932f73', 279, 2809);
insert into Transaction (DTYPE, id, amount, balance, checkNo, date, description, externalId, initialBalance, memo, ref, status, type, uuid, account_id, transfer_id) values('InternalTransaction', 2807, -35.00, 1807.66, '', '2009-11-06', 'JOSEPH SCOTT SALON LLC P185216', '200911062', false, '11/05JOSEPH SC', '', 2, 1, '2ddda1fc-2811-3a3a-a099-5eba225c33c6', 229, null);
insert into Split (id, amount, uuid, envelope_id, transaction_id) values(2808, -35.00, '9005f8e0-bf29-3752-9995-962210a68717', 260, 2807);
insert into Transaction (DTYPE, id, amount, balance, checkNo, date, description, externalId, initialBalance, memo, ref, status, type, uuid, account_id, transfer_id) values('InternalTransaction', 2817, -20.00, 4115.33, '', '2009-11-20', 'WITHDRAWAL', '200911200', false, '', '', 2, 1, 'f053682c-60b2-3434-b917-027e6d6fe22f', 229, null);
insert into Split (id, amount, uuid, envelope_id, transaction_id) values(2818, -20.00, '382e40e3-672a-3ed8-8675-2f5695298028', 252, 2817);
insert into Transaction (DTYPE, id, amount, balance, checkNo, date, description, externalId, initialBalance, memo, ref, status, type, uuid, account_id, transfer_id) values('InternalTransaction', 2815, -28.75, 2014.63, '', '2010-01-04', 'SPROUTS FARMERS MKT #7 P590160', '201001044', false, '01/02SPROUTS F', '', 2, 1, 'c2c39f06-9509-3ce7-ae7c-ff5f1406c315', 229, null);
insert into Split (id, amount, uuid, envelope_id, transaction_id) values(2816, -28.75, '1c1cf85f-9178-3662-81a9-ddf8dcb24f95', 238, 2815);
insert into Transaction (DTYPE, id, amount, balance, checkNo, date, description, externalId, initialBalance, memo, ref, status, type, uuid, account_id, transfer_id) values('InternalTransaction', 2813, 0.00, 5708.71, '', '2010-03-05', 'Transfer from Available', 'null', false, '', '', 2, 1, '7e55b68d-bd76-3e14-af3b-768afa1d2deb', 229, 2987);
insert into Split (id, amount, uuid, envelope_id, transaction_id) values(2814, 0.00, '68afba0d-0598-3acd-b081-91e20dcd43b4', 268, 2813);
insert into Transaction (DTYPE, id, amount, balance, checkNo, date, description, externalId, initialBalance, memo, ref, status, type, uuid, account_id, transfer_id) values('InternalTransaction', 2819, -25.00, 4635.31, '', '2010-03-05', 'Transfer to Medical', 'null', false, '', '', 2, 1, 'e2927dbf-6922-3f85-91b5-ab1558eb77d5', 229, 2673);
insert into Split (id, amount, uuid, envelope_id, transaction_id) values(2820, -25.00, '503d6e66-000f-3663-b4b7-33581e84effd', 292, 2819);
insert into Transaction (DTYPE, id, amount, balance, checkNo, date, description, externalId, initialBalance, memo, ref, status, type, uuid, account_id, transfer_id) values('InternalTransaction', 2823, 9.98, 9.98, '', '2010-03-16', 'Transfer from Spending', 'null', false, '', '', 2, 0, 'c05cfb53-2472-3e25-a15a-f286d11f8bbf', 228, 1800);
insert into Split (id, amount, uuid, envelope_id, transaction_id) values(2824, 9.98, '2a93ce38-ea4d-3799-88ab-f244004986e8', 254, 2823);
insert into Transaction (DTYPE, id, amount, balance, checkNo, date, description, externalId, initialBalance, memo, ref, status, type, uuid, account_id, transfer_id) values('InternalTransaction', 2821, 5.77, 6187.57, '', '2010-03-19', 'Transfer from Available', 'null', false, '', '', 2, 0, '9695776e-5757-3cb4-9421-d314cee71b10', 229, 1598);
insert into Split (id, amount, uuid, envelope_id, transaction_id) values(2822, 5.77, '53d489ae-c4a9-3c14-a38f-224742193727', 293, 2821);
insert into Transaction (DTYPE, id, amount, balance, checkNo, date, description, externalId, initialBalance, memo, ref, status, type, uuid, account_id, transfer_id) values('InternalTransaction', 2825, 14.50, 14.50, '', '2010-03-27', 'Transfer from Spending', 'null', false, '', '', 2, 0, '42cf278f-1462-3ad3-a948-15e7d76a51b3', 228, 386);
insert into Split (id, amount, uuid, envelope_id, transaction_id) values(2826, 14.50, '3d347b93-1cba-3fba-94e4-219d9b89f802', 270, 2825);
insert into Transaction (DTYPE, id, amount, balance, checkNo, date, description, externalId, initialBalance, memo, ref, status, type, uuid, account_id, transfer_id) values('InternalTransaction', 2827, 6.18, 2432.63, '', '2010-03-19', 'Transfer from Available', 'null', false, '', '', 2, 0, 'd06569e3-43a0-3933-80d4-5536a2b50ee1', 229, 744);
insert into Split (id, amount, uuid, envelope_id, transaction_id) values(2828, 6.18, 'e34196e4-96eb-369c-89b4-70c98cd793cd', 238, 2827);
insert into Transaction (DTYPE, id, amount, balance, checkNo, date, description, externalId, initialBalance, memo, ref, status, type, uuid, account_id, transfer_id) values('InternalTransaction', 2829, -19.40, 3127.59, '', '2010-02-20', 'Transfer to Household', 'null', false, '', '', 2, 1, 'f1b89995-987e-3a8a-879f-aa87cd640fb3', 229, 504);
insert into Split (id, amount, uuid, envelope_id, transaction_id) values(2830, -19.40, '3eb3958f-c8b9-3e16-8651-5a91f5f78660', 292, 2829);
insert into Transaction (DTYPE, id, amount, balance, checkNo, date, description, externalId, initialBalance, memo, ref, status, type, uuid, account_id, transfer_id) values('InternalTransaction', 2831, -625.00, 0.00, '', '2010-03-19', 'Transfer to Moving', 'null', false, '', '', 2, 1, '12317833-41a3-3517-bcd5-826ba1bbe053', 228, 304);
insert into Split (id, amount, uuid, envelope_id, transaction_id) values(2832, -625.00, 'd014aec3-f591-3946-a8dd-5865368be77b', 292, 2831);
insert into Transaction (DTYPE, id, amount, balance, checkNo, date, description, externalId, initialBalance, memo, ref, status, type, uuid, account_id, transfer_id) values('InternalTransaction', 2833, -77.06, 1135.04, '', '2010-02-16', 'Transfer to State Farm Insurance', 'null', false, '', '', 0, 1, '9dc0674a-4c6c-3f05-855d-ad3a243d3acd', 229, 1528);
insert into Split (id, amount, uuid, envelope_id, transaction_id) values(2834, -77.06, '9715227a-0656-3128-b324-2144888b408f', 292, 2833);
insert into Transaction (DTYPE, id, amount, balance, checkNo, date, description, externalId, initialBalance, memo, ref, status, type, uuid, account_id, transfer_id) values('InternalTransaction', 2835, 23.57, 1581.91, '', '2010-04-21', 'Transfer from Available', 'null', false, '', '', 2, 0, '14a89329-77bc-3474-8021-320b59dee7d3', 229, 958);
insert into Split (id, amount, uuid, envelope_id, transaction_id) values(2836, 23.57, 'f0f317d5-3006-3472-9670-a8b407468c74', 295, 2835);
insert into Transaction (DTYPE, id, amount, balance, checkNo, date, description, externalId, initialBalance, memo, ref, status, type, uuid, account_id, transfer_id) values('InternalTransaction', 2841, 917.31, 18653.80, '', '2010-02-16', 'Transfer from Available', 'null', false, '', '', 0, 0, '1b0bccb9-5060-3831-b5ec-c14f2612bd77', 229, 1148);
insert into Split (id, amount, uuid, envelope_id, transaction_id) values(2842, 917.31, '555c8f45-9f82-3da7-8048-ff2e966ed2e9', 295, 2841);
insert into Transaction (DTYPE, id, amount, balance, checkNo, date, description, externalId, initialBalance, memo, ref, status, type, uuid, account_id, transfer_id) values('InternalTransaction', 2839, 175.00, 4542.00, '', '2010-02-19', 'Transfer from Available', 'null', false, '', '', 2, 0, '24dc2b2f-9a6b-313b-90ad-10993e260d41', 229, 1790);
insert into Split (id, amount, uuid, envelope_id, transaction_id) values(2840, 175.00, '7c1d434e-8f91-3407-81e6-e53112d936a6', 275, 2839);
insert into Transaction (DTYPE, id, amount, balance, checkNo, date, description, externalId, initialBalance, memo, ref, status, type, uuid, account_id, transfer_id) values('InternalTransaction', 2837, -168.40, null, '', '2010-04-02', 'STATE FARM RO 27 SFPP', '201004027', false, 'PPD ID: 9000307001', '', 1, 1, '7c7562d4-5f70-385e-b34b-838ec1142ec2', 229, null);
insert into Split (id, amount, uuid, envelope_id, transaction_id) values(2838, -168.40, '2edb2807-4145-3c6f-81c8-4eedce73a8bf', 290, 2837);
insert into Transaction (DTYPE, id, amount, balance, checkNo, date, description, externalId, initialBalance, memo, ref, status, type, uuid, account_id, transfer_id) values('InternalTransaction', 2843, -2.81, 1290.60, '', '2010-04-07', 'CVS 09205 09205--802 SO 403966', '201004073', false, '04/06CVS 09205', '', 1, 1, 'e5b18e3d-1c23-3189-bb88-95dcb0f964c1', 229, null);
insert into Split (id, amount, uuid, envelope_id, transaction_id) values(2844, -2.81, 'b59075ef-528e-34f1-8824-c78a016a04e4', 286, 2843);
insert into Transaction (DTYPE, id, amount, balance, checkNo, date, description, externalId, initialBalance, memo, ref, status, type, uuid, account_id, transfer_id) values('InternalTransaction', 2847, -149.43, 1986.45, '', '2010-01-11', 'SOU JCPENNEY STORE 3328 556722', '201001114', false, '01/09SOU JCPEN', '', 2, 1, '3e2f5afa-5db5-3f1a-8bca-28d5edaaef49', 229, null);
insert into Split (id, amount, uuid, envelope_id, transaction_id) values(2848, -149.43, 'b48a1fd5-4f6f-32ba-8228-b1cd5ea6c148', 239, 2847);
insert into Transaction (DTYPE, id, amount, balance, checkNo, date, description, externalId, initialBalance, memo, ref, status, type, uuid, account_id, transfer_id) values('InternalTransaction', 2845, -5.67, 983.99, '', '2010-03-03', 'Transfer to Fast Food', 'null', false, '', '', 2, 1, '5a603c25-4344-3d5d-9050-53d5d6172ad0', 229, 2238);
insert into Split (id, amount, uuid, envelope_id, transaction_id) values(2846, -5.67, '66126b47-087f-36ab-b2b3-ffde8791354d', 292, 2845);
insert into Transaction (DTYPE, id, amount, balance, checkNo, date, description, externalId, initialBalance, memo, ref, status, type, uuid, account_id, transfer_id) values('InternalTransaction', 2853, -32.25, 1254.13, '', '2010-04-08', 'Transfer to Medical', 'null', false, '', '', 2, 1, '80d9b659-c87e-3dcf-969d-c6f2762e6ccf', 229, 1414);
insert into Split (id, amount, uuid, envelope_id, transaction_id) values(2854, -32.25, 'dcacbd4f-c1b6-35a8-b46a-e429f90ab40a', 292, 2853);
insert into Transaction (DTYPE, id, amount, balance, checkNo, date, description, externalId, initialBalance, memo, ref, status, type, uuid, account_id, transfer_id) values('InternalTransaction', 2851, -48.68, 4191.31, '', '2009-11-30', 'SPROUTS FARMERS MKT #7 P085284', '200911304', false, '11/27SPROUTS F', '', 2, 1, 'd9b0ff76-a094-36eb-84e0-a8fd895da2f4', 229, null);
insert into Split (id, amount, uuid, envelope_id, transaction_id) values(2852, -48.68, 'f2e69fd3-438c-3ad9-8536-acfdce8414d2', 238, 2851);
insert into Transaction (DTYPE, id, amount, balance, checkNo, date, description, externalId, initialBalance, memo, ref, status, type, uuid, account_id, transfer_id) values('InternalTransaction', 2849, -0.25, 2237.95, '', '2010-03-01', 'PETCO ANIMAL SUPPLIES PH661669', '201003016', false, '02/28PETCO ANI', '', 1, 1, '8b048cd6-911a-3f5f-86b8-55bdd8f7d086', 229, null);
insert into Split (id, amount, uuid, envelope_id, transaction_id) values(2850, -0.25, '1162d0f3-ce8e-358b-b434-215a42ea301f', 244, 2849);
insert into Transaction (DTYPE, id, amount, balance, checkNo, date, description, externalId, initialBalance, memo, ref, status, type, uuid, account_id, transfer_id) values('InternalTransaction', 2855, -65.00, 2674.28, '', '2010-04-16', 'Transfer to Verizon Wireless', 'null', false, '', '', 2, 1, '76ed5ee2-9d0e-3f77-8b92-a0218a553961', 229, 2176);
insert into Split (id, amount, uuid, envelope_id, transaction_id) values(2856, -65.00, '41b89300-1790-3b8b-871b-749d5ded7f25', 292, 2855);
insert into Transaction (DTYPE, id, amount, balance, checkNo, date, description, externalId, initialBalance, memo, ref, status, type, uuid, account_id, transfer_id) values('InternalTransaction', 2857, 10.81, 2907.74, '', '2009-12-04', 'VERIZON WRLS 40000-50 FO', '200912040', false, '12/02VERIZON W', '', 2, 0, 'af37b4cd-51a0-3539-a718-bec1bf5b69f6', 229, null);
insert into Split (id, amount, uuid, envelope_id, transaction_id) values(2858, 10.81, 'cdd9d545-dc60-3309-a7d8-f785751b0b3c', 236, 2857);
insert into Transaction (DTYPE, id, amount, balance, checkNo, date, description, externalId, initialBalance, memo, ref, status, type, uuid, account_id, transfer_id) values('InternalTransaction', 2859, -7.90, 4439.15, '', '2009-11-17', 'BOSTON MARKET #525 PHOEN', '200911171', false, '11/16BOSTON MA', '', 2, 1, 'cc949b5e-533f-33a4-94b2-fd29ee9c3a67', 229, null);
insert into Split (id, amount, uuid, envelope_id, transaction_id) values(2860, -7.90, '15f3df7f-98ce-3d58-95fa-f184ba830303', 295, 2859);
insert into Transaction (DTYPE, id, amount, balance, checkNo, date, description, externalId, initialBalance, memo, ref, status, type, uuid, account_id, transfer_id) values('InternalTransaction', 2863, -37.06, 1012.13, '', '2010-02-18', 'CIRCLE K 01618 PHOENIX A123913', '201002181', false, '02/17CIRCLE K', '', 2, 1, '0bdc019a-74c4-3880-a318-c2dd11937967', 229, null);
insert into Split (id, amount, uuid, envelope_id, transaction_id) values(2864, -37.06, 'e5f1e084-5f2e-3e30-835a-99264d84a51f', 253, 2863);
insert into Transaction (DTYPE, id, amount, balance, checkNo, date, description, externalId, initialBalance, memo, ref, status, type, uuid, account_id, transfer_id) values('InternalTransaction', 2861, -5.00, 0.00, '', '2010-04-08', 'Transfer to Spending', 'null', false, '', '', 2, 1, '123c6ca8-8116-3c9b-99d7-0adff3357a98', 228, 858);
insert into Split (id, amount, uuid, envelope_id, transaction_id) values(2862, -5.00, '8fa992f3-67ff-3751-baea-6e8db931a8a5', 277, 2861);
insert into Transaction (DTYPE, id, amount, balance, checkNo, date, description, externalId, initialBalance, memo, ref, status, type, uuid, account_id, transfer_id) values('InternalTransaction', 2867, 6.17, 6.17, '', '2010-03-16', 'Transfer from Personal Care', 'null', false, '', '', 2, 0, '0074876c-cc87-3313-8006-d8eb7380e98e', 228, 382);
insert into Split (id, amount, uuid, envelope_id, transaction_id) values(2868, 6.17, 'b7cded5c-af5b-3d06-81c7-67b08b58735b', 292, 2867);
insert into Transaction (DTYPE, id, amount, balance, checkNo, date, description, externalId, initialBalance, memo, ref, status, type, uuid, account_id, transfer_id) values('InternalTransaction', 2865, -49.00, 1135.04, '', '2010-02-16', 'Transfer to Massage Envy', 'null', false, '', '', 0, 1, 'fcdabe5d-1f33-3749-916e-a30a4910516f', 229, 2182);
insert into Split (id, amount, uuid, envelope_id, transaction_id) values(2866, -49.00, 'e3cad0e2-463a-3284-b5f9-549022389a50', 292, 2865);
insert into Transaction (DTYPE, id, amount, balance, checkNo, date, description, externalId, initialBalance, memo, ref, status, type, uuid, account_id, transfer_id) values('InternalTransaction', 2871, -0.00, 2851.96, '', '2010-04-02', 'Transfer to Cox Communications', 'null', false, '', '', 2, 1, '60e3977d-f791-3498-9443-afbf2f22020f', 229, 2715);
insert into Split (id, amount, uuid, envelope_id, transaction_id) values(2872, -0.00, 'e08b3085-9279-34de-b7f7-3dd76a58b69e', 292, 2871);
insert into Transaction (DTYPE, id, amount, balance, checkNo, date, description, externalId, initialBalance, memo, ref, status, type, uuid, account_id, transfer_id) values('InternalTransaction', 2869, -64.32, 1842.66, '', '2009-11-06', 'LEVIS STORE 01001668 J', '200911061', false, '11/04LEVIS STO', '', 2, 1, 'd02f6e6c-b002-37a5-bffe-3f3cefd6306a', 229, null);
insert into Split (id, amount, uuid, envelope_id, transaction_id) values(2870, -64.32, '32718525-c8bb-3285-944d-2e561b77006f', 285, 2869);
insert into Transaction (DTYPE, id, amount, balance, checkNo, date, description, externalId, initialBalance, memo, ref, status, type, uuid, account_id, transfer_id) values('InternalTransaction', 2873, -98.81, 3461.32, '', '2009-11-23', 'FRYS FOOD & DRUG 1815 G', '200911232', false, '11/22FRYS FOOD Purcha', '', 2, 1, 'c5be23f0-e261-3bbd-86a6-14c28202f40a', 229, null);
insert into Split (id, amount, uuid, envelope_id, transaction_id) values(2874, -98.81, '636e3fc3-6288-3faf-85c2-55d1b8aed8ca', 238, 2873);
insert into Transaction (DTYPE, id, amount, balance, checkNo, date, description, externalId, initialBalance, memo, ref, status, type, uuid, account_id, transfer_id) values('InternalTransaction', 2877, -5.48, 650.05, '', '2010-04-15', 'PAYPAL INST XFER 4E82', '201004151', false, '247FNW6J6 WEB ID: PAYPALSI66', '', 1, 1, 'e3a0b710-a06f-3df5-aae2-44c3e0e11feb', 229, null);
insert into Split (id, amount, uuid, envelope_id, transaction_id) values(2878, -5.48, '2ffcca49-c33f-3afd-ada2-84dd5d56612f', 252, 2877);
insert into Transaction (DTYPE, id, amount, balance, checkNo, date, description, externalId, initialBalance, memo, ref, status, type, uuid, account_id, transfer_id) values('InternalTransaction', 2875, -165.38, 0.00, '', '2010-02-28', 'Transfer to Hardware', 'null', false, '', '', 2, 1, '25906134-3c53-3202-a343-3f2024ceb4c4', 228, 2378);
insert into Split (id, amount, uuid, envelope_id, transaction_id) values(2876, -165.38, 'c27794f0-9ee1-397a-b3db-2d679e2160a2', 264, 2875);
insert into Transaction (DTYPE, id, amount, balance, checkNo, date, description, externalId, initialBalance, memo, ref, status, type, uuid, account_id, transfer_id) values('InternalTransaction', 2879, -8.54, 2208.80, '', '2010-03-08', 'CARLS JR 829 Q53 TEMPE A', '201003088', false, '03/04CARLS JR', '', 1, 1, 'fbab3877-70d4-3a2e-a6a1-1d45df89e62c', 229, null);
insert into Split (id, amount, uuid, envelope_id, transaction_id) values(2880, -8.54, '79be64dc-e0dc-3634-80ab-887dc9c731d1', 246, 2879);
insert into Transaction (DTYPE, id, amount, balance, checkNo, date, description, externalId, initialBalance, memo, ref, status, type, uuid, account_id, transfer_id) values('InternalTransaction', 2885, -100.00, 1552.34, '', '2009-12-17', 'HSBC CARD SRVCS Online Pmt 0000', '200912172', false, '00516073196 WEB ID: 2000000510', '', 2, 1, '4ea65b93-73e1-35d4-9167-c87c657366ed', 229, null);
insert into Split (id, amount, uuid, envelope_id, transaction_id) values(2886, -100.00, '223c4778-8dc9-393a-9f0d-12c55a7f06d1', 242, 2885);
insert into Transaction (DTYPE, id, amount, balance, checkNo, date, description, externalId, initialBalance, memo, ref, status, type, uuid, account_id, transfer_id) values('InternalTransaction', 2883, -4.70, 5002.61, '', '2009-11-27', 'WAL-MART #5330 PHOENIX (679065', '200911277', false, '11/26WAL-MART', '', 2, 1, '87fe5cb0-4795-3c08-a550-31d4b550365f', 229, null);
insert into Split (id, amount, uuid, envelope_id, transaction_id) values(2884, -4.70, 'e004e518-43d4-387d-bd20-75084c57a059', 239, 2883);
insert into Transaction (DTYPE, id, amount, balance, checkNo, date, description, externalId, initialBalance, memo, ref, status, type, uuid, account_id, transfer_id) values('InternalTransaction', 2881, -4.97, 5032.52, '', '2010-04-16', 'Transfer to Chase Bank', 'null', false, '', '', 2, 1, 'f60a62ea-320c-3bcf-b153-c07d59dfe489', 229, 674);
insert into Split (id, amount, uuid, envelope_id, transaction_id) values(2882, -4.97, 'f54174f4-f634-3ea1-a1ed-ebdc3aeae597', 292, 2881);
insert into Transaction (DTYPE, id, amount, balance, checkNo, date, description, externalId, initialBalance, memo, ref, status, type, uuid, account_id, transfer_id) values('InternalTransaction', 2887, -25.00, 2532.32, '', '2010-04-02', 'Transfer to Personal Care', 'null', false, '', '', 2, 1, '1f82429e-8acb-37a0-a10c-e7b9ec9ee5bc', 229, 2028);
insert into Split (id, amount, uuid, envelope_id, transaction_id) values(2888, -25.00, '3bd53b34-592a-3ec3-b9b0-6866874a32ca', 292, 2887);
insert into Transaction (DTYPE, id, amount, balance, checkNo, date, description, externalId, initialBalance, memo, ref, status, type, uuid, account_id, transfer_id) values('InternalTransaction', 2895, -118.84, 3098.91, '', '2010-02-08', 'BARCLAYCARD US CREDITCARD 8295', '201002083', false, '2753 WEB ID: 2510407970', '', 2, 1, '2b3907f7-5d96-3434-81f4-a57479ac362e', 229, null);
insert into Split (id, amount, uuid, envelope_id, transaction_id) values(2896, -118.84, '29ba1e17-785a-39f2-ac36-f70b10c0157d', 242, 2895);
insert into Transaction (DTYPE, id, amount, balance, checkNo, date, description, externalId, initialBalance, memo, ref, status, type, uuid, account_id, transfer_id) values('InternalTransaction', 2893, -1492.12, 2834.94, '', '2010-02-16', 'Transfer to Taxes', 'null', false, '', '', 0, 1, '810fb3f1-a944-3df6-be6c-1716ad8a67d5', 229, 1806);
insert into Split (id, amount, uuid, envelope_id, transaction_id) values(2894, -1492.12, '3a27e986-8060-3b17-8e14-ee0ead3f2722', 292, 2893);
insert into Transaction (DTYPE, id, amount, balance, checkNo, date, description, externalId, initialBalance, memo, ref, status, type, uuid, account_id, transfer_id) values('InternalTransaction', 2891, 154.67, 6342.24, '', '2010-03-19', 'Transfer from Available', 'null', false, '', '', 2, 0, '72017ca2-5792-3be1-a587-3088be5df74c', 229, 1406);
insert into Split (id, amount, uuid, envelope_id, transaction_id) values(2892, 154.67, '44e5d5d9-a516-34e6-94f3-34e810dde0c2', 267, 2891);
insert into Transaction (DTYPE, id, amount, balance, checkNo, date, description, externalId, initialBalance, memo, ref, status, type, uuid, account_id, transfer_id) values('InternalTransaction', 2889, -13.21, 0.00, '', '2010-04-06', 'Transfer to Eating Out', 'null', false, '', '', 2, 1, 'a768073c-aa68-3947-8dcf-8fbb660b9d8a', 228, 1706);
insert into Split (id, amount, uuid, envelope_id, transaction_id) values(2890, -13.21, 'd011782b-f574-3576-84c9-f842dea36b26', 252, 2889);
insert into Transaction (DTYPE, id, amount, balance, checkNo, date, description, externalId, initialBalance, memo, ref, status, type, uuid, account_id, transfer_id) values('InternalTransaction', 2897, -23.13, 0.00, '', '2010-03-16', 'Transfer to Groceries', 'null', false, '', '', 2, 1, '7cd937d3-fff7-3995-a3d8-a46a22cc02a7', 228, 1896);
insert into Split (id, amount, uuid, envelope_id, transaction_id) values(2898, -23.13, '42ead2da-47c5-30b6-9001-f2f131036e1b', 252, 2897);
insert into Transaction (DTYPE, id, amount, balance, checkNo, date, description, externalId, initialBalance, memo, ref, status, type, uuid, account_id, transfer_id) values('InternalTransaction', 2899, -35.25, 4052.90, '', '2010-03-29', 'CASEY MOORES TEMPE AZ', '201003292', false, '03/26CASEY MOO', '', 1, 1, '9514a32d-eb50-3f49-b636-44b2514a54ee', 229, null);
insert into Split (id, amount, uuid, envelope_id, transaction_id) values(2900, -35.25, 'cbee275b-a64d-3c3c-9781-9829f0be75c5', 295, 2899);
insert into Transaction (DTYPE, id, amount, balance, checkNo, date, description, externalId, initialBalance, memo, ref, status, type, uuid, account_id, transfer_id) values('InternalTransaction', 2903, 40.79, 40.79, '', '2010-03-30', 'Transfer from Directv', 'null', false, '', '', 2, 0, '07365704-5b7f-3b4e-9ef6-3765048c68ff', 228, 2100);
insert into Split (id, amount, uuid, envelope_id, transaction_id) values(2904, 40.79, '85844aab-5e50-3d33-b330-e48c62d82ca0', 242, 2903);
insert into Transaction (DTYPE, id, amount, balance, checkNo, date, description, externalId, initialBalance, memo, ref, status, type, uuid, account_id, transfer_id) values('InternalTransaction', 2901, 63.12, 3967.98, '', '2010-03-30', 'Transfer from Available', 'null', false, '', '', 2, 0, 'cf752685-b963-329c-b995-1b7f14fa03ec', 229, 1114);
insert into Split (id, amount, uuid, envelope_id, transaction_id) values(2902, 63.12, '104b6e8e-0101-32c1-b4bf-1e23db7b34b1', 264, 2901);
insert into Transaction (DTYPE, id, amount, balance, checkNo, date, description, externalId, initialBalance, memo, ref, status, type, uuid, account_id, transfer_id) values('InternalTransaction', 2907, -0.00, 4574.80, '', '2010-03-05', 'Transfer to Rent', 'null', false, '', '', 2, 1, '285f13ee-23fe-3d9f-ac6e-bf376ae0f34a', 229, 902);
insert into Split (id, amount, uuid, envelope_id, transaction_id) values(2908, -0.00, '4f9f3b10-184a-3725-b62a-1c6f64e0e24d', 292, 2907);
insert into Transaction (DTYPE, id, amount, balance, checkNo, date, description, externalId, initialBalance, memo, ref, status, type, uuid, account_id, transfer_id) values('InternalTransaction', 2905, 21.95, 18713.16, '', '2010-02-16', 'Transfer from Available', 'null', false, '', '', 0, 0, 'a1a962b0-4dc3-3869-93db-d6d5bf68dcbc', 229, 526);
insert into Split (id, amount, uuid, envelope_id, transaction_id) values(2906, 21.95, 'b0c8d4ec-05e8-32ed-ad54-8a6623273b1b', 274, 2905);
insert into Transaction (DTYPE, id, amount, balance, checkNo, date, description, externalId, initialBalance, memo, ref, status, type, uuid, account_id, transfer_id) values('InternalTransaction', 2913, 0.00, 3776.46, '', '2010-04-02', 'Transfer from Available', 'null', false, '', '', 2, 1, 'd36c1294-f99b-3721-ac04-28d7d14a25a5', 229, 2749);
insert into Split (id, amount, uuid, envelope_id, transaction_id) values(2914, 0.00, '5ca6004d-b2df-3151-8970-387bab88b3fc', 236, 2913);
insert into Transaction (DTYPE, id, amount, balance, checkNo, date, description, externalId, initialBalance, memo, ref, status, type, uuid, account_id, transfer_id) values('InternalTransaction', 2911, 17.50, 1337.92, '', '2010-02-16', 'Transfer from Available', 'null', false, '', '', 0, 0, '18a3d6aa-3257-3885-964c-74b634ed0cb8', 229, 782);
insert into Split (id, amount, uuid, envelope_id, transaction_id) values(2912, 17.50, '8f44db3f-8767-3f66-81b0-24266d27f4f1', 284, 2911);
insert into Transaction (DTYPE, id, amount, balance, checkNo, date, description, externalId, initialBalance, memo, ref, status, type, uuid, account_id, transfer_id) values('InternalTransaction', 2909, -40.00, 0.00, '', '2010-03-09', 'Transfer to PS', 'null', false, '', '', 2, 1, '0877a27c-dedb-38cc-b22f-b9432afdf4d5', 228, 2340);
insert into Split (id, amount, uuid, envelope_id, transaction_id) values(2910, -40.00, '40e00c7e-83a9-3303-8d4e-9deff02d64c6', 252, 2909);
insert into Transaction (DTYPE, id, amount, balance, checkNo, date, description, externalId, initialBalance, memo, ref, status, type, uuid, account_id, transfer_id) values('InternalTransaction', 2917, -1441.12, 15313.46, '', '2010-02-16', 'Transfer to Credit Cards', 'null', false, '', '', 0, 1, 'b22115cf-05d8-39f3-868f-66a6ceda3a45', 229, 1988);
insert into Split (id, amount, uuid, envelope_id, transaction_id) values(2918, -1441.12, '607b6289-4547-380f-9e51-bc0500c65726', 292, 2917);
insert into Transaction (DTYPE, id, amount, balance, checkNo, date, description, externalId, initialBalance, memo, ref, status, type, uuid, account_id, transfer_id) values('InternalTransaction', 2915, 150.00, 5899.50, '', '2010-03-05', 'Transfer from Available', 'null', false, '', '', 2, 0, '7ec032bb-4f90-3c79-988b-210cfc248909', 229, 2476);
insert into Split (id, amount, uuid, envelope_id, transaction_id) values(2916, 150.00, '3cd36310-23a5-33ec-bdbf-c49d9cb50eda', 238, 2915);
insert into Transaction (DTYPE, id, amount, balance, checkNo, date, description, externalId, initialBalance, memo, ref, status, type, uuid, account_id, transfer_id) values('InternalTransaction', 2923, 49.80, 49.80, '', '2010-03-30', 'Transfer from Available', 'null', false, '', '', 2, 0, 'cb21650c-782b-3b1c-9ed7-38a54398eaa8', 228, 2082);
insert into Split (id, amount, uuid, envelope_id, transaction_id) values(2924, 49.80, '745abcb1-d108-3736-86b5-e8c6b9161f3a', 242, 2923);
insert into Transaction (DTYPE, id, amount, balance, checkNo, date, description, externalId, initialBalance, memo, ref, status, type, uuid, account_id, transfer_id) values('InternalTransaction', 2921, -10.66, 3860.79, '', '2009-12-10', 'ARROWHEAD WATER 800-950-', '200912101', false, '12/09ARROWHEAD', '', 2, 1, 'bf871607-3101-3818-ad05-1745a613c84f', 229, null);
insert into Split (id, amount, uuid, envelope_id, transaction_id) values(2922, -10.66, '78e31b49-5c42-3f53-9d05-d23e764678cd', 266, 2921);
insert into Transaction (DTYPE, id, amount, balance, checkNo, date, description, externalId, initialBalance, memo, ref, status, type, uuid, account_id, transfer_id) values('InternalTransaction', 2919, -37.50, 6143.25, '', '2010-03-19', 'Transfer to Cox Communications', 'null', false, '', '', 2, 1, '87e2e032-bcc2-34bc-9734-bac97242d4d6', 229, 380);
insert into Split (id, amount, uuid, envelope_id, transaction_id) values(2920, -37.50, '6107d1b3-f23a-3537-94c4-786bfed3b772', 292, 2919);
insert into Transaction (DTYPE, id, amount, balance, checkNo, date, description, externalId, initialBalance, memo, ref, status, type, uuid, account_id, transfer_id) values('InternalTransaction', 2925, -33.89, 1594.08, '', '2010-02-03', 'THAI ELEPHANT BISTRO TEM', '201002031', false, '02/01THAI ELEP', '', 2, 1, '1a928595-97b9-3cb2-b88b-659463b0ae0b', 229, null);
insert into Split (id, amount, uuid, envelope_id, transaction_id) values(2926, -33.89, 'a12be6fd-3d6e-38dc-8a9f-a7dec8f28323', 295, 2925);
insert into Transaction (DTYPE, id, amount, balance, checkNo, date, description, externalId, initialBalance, memo, ref, status, type, uuid, account_id, transfer_id) values('InternalTransaction', 2931, 0.32, 0.32, '', '2010-04-07', 'Transfer from Spending', 'null', false, '', '', 2, 0, '67a5a9ce-9fc4-3d28-90bc-9543b7cfccc0', 228, 1688);
insert into Split (id, amount, uuid, envelope_id, transaction_id) values(2932, 0.32, '748ee9de-855d-35b6-9427-7a7f74efd699', 292, 2931);
insert into Transaction (DTYPE, id, amount, balance, checkNo, date, description, externalId, initialBalance, memo, ref, status, type, uuid, account_id, transfer_id) values('InternalTransaction', 2929, -23.68, 1264.51, '', '2009-12-23', 'LOWE''S #1850 SCOTTSDALE 506253', '200912230', false, '12/22LOWE''S #1', '', 2, 1, '8f11ad45-a755-3e34-87a3-ceab21e1c542', 229, null);
insert into Split (id, amount, uuid, envelope_id, transaction_id) values(2930, -23.68, '53fec551-debe-3a1b-873b-a53664ac4a0f', 239, 2929);
insert into Transaction (DTYPE, id, amount, balance, checkNo, date, description, externalId, initialBalance, memo, ref, status, type, uuid, account_id, transfer_id) values('InternalTransaction', 2927, 150.00, 4692.00, '', '2010-02-19', 'Transfer from Available', 'null', false, '', '', 2, 0, '0ae7465a-d6d1-36e0-aab0-f6cd57177992', 229, 538);
insert into Split (id, amount, uuid, envelope_id, transaction_id) values(2928, 150.00, '354a13c7-4dbb-3082-b896-7d34d18a5688', 238, 2927);
insert into Transaction (DTYPE, id, amount, balance, checkNo, date, description, externalId, initialBalance, memo, ref, status, type, uuid, account_id, transfer_id) values('InternalTransaction', 2937, -65.00, 3879.99, '', '2010-03-05', 'Transfer to Verizon Wireless', 'null', false, '', '', 2, 1, '969c0612-83c7-3683-98d6-1da99eae3ebc', 229, 872);
insert into Split (id, amount, uuid, envelope_id, transaction_id) values(2938, -65.00, '9675aa63-892e-34b9-889f-1faae7598944', 292, 2937);
insert into Transaction (DTYPE, id, amount, balance, checkNo, date, description, externalId, initialBalance, memo, ref, status, type, uuid, account_id, transfer_id) values('InternalTransaction', 2935, 4.99, 6347.23, '', '2010-03-19', 'Transfer from Available', 'null', false, '', '', 2, 0, '8d086275-0dcb-3e31-b0a6-ee2110216932', 229, 1456);
insert into Split (id, amount, uuid, envelope_id, transaction_id) values(2936, 4.99, 'ad90b6bd-c231-3b41-b5c2-a6a702dc55b6', 254, 2935);
insert into Transaction (DTYPE, id, amount, balance, checkNo, date, description, externalId, initialBalance, memo, ref, status, type, uuid, account_id, transfer_id) values('InternalTransaction', 2933, -5.42, 4440.33, '', '2010-03-27', 'Transfer to Fast Food', 'null', false, '', '', 2, 1, 'db71ebf6-76ce-3395-ac70-661d942c4485', 229, 1326);
insert into Split (id, amount, uuid, envelope_id, transaction_id) values(2934, -5.42, '7b7038d3-2afb-3a40-a50b-5d7cd8314e76', 292, 2933);
insert into Transaction (DTYPE, id, amount, balance, checkNo, date, description, externalId, initialBalance, memo, ref, status, type, uuid, account_id, transfer_id) values('InternalTransaction', 2939, -36.37, 4584.85, '', '2009-11-16', 'QT 405 PHOENIX AZ 078234', '200911163', false, '11/14QT 405 PH', '', 2, 1, '1e0f1bf7-71a0-3160-aee7-fb961a21b260', 229, null);
insert into Split (id, amount, uuid, envelope_id, transaction_id) values(2940, -36.37, '7126a633-c038-3fc4-9b14-b419f787184f', 252, 2939);
insert into Transaction (DTYPE, id, amount, balance, checkNo, date, description, externalId, initialBalance, memo, ref, status, type, uuid, account_id, transfer_id) values('InternalTransaction', 2941, -24.25, 4054.25, '', '2009-11-30', 'ROSITA''S PLACE PHOENIX A', '200911308', false, '11/29ROSITA''S', '', 2, 1, 'd9865598-42d6-35b3-bf70-d70c14151754', 229, null);
insert into Split (id, amount, uuid, envelope_id, transaction_id) values(2942, -24.25, '4e9c9ec1-8a2e-3eb5-917c-2648acd7396a', 295, 2941);
insert into Transaction (DTYPE, id, amount, balance, checkNo, date, description, externalId, initialBalance, memo, ref, status, type, uuid, account_id, transfer_id) values('InternalTransaction', 2943, -6.85, 0.00, '', '2010-02-18', 'Transfer to Groceries', 'null', false, '', '', 2, 1, '643c32ed-f729-3b93-9333-be0b207793e3', 228, 1024);
insert into Split (id, amount, uuid, envelope_id, transaction_id) values(2944, -6.85, '15da8ecb-ddda-39f5-acdf-16278850fb1b', 253, 2943);
insert into Transaction (DTYPE, id, amount, balance, checkNo, date, description, externalId, initialBalance, memo, ref, status, type, uuid, account_id, transfer_id) values('InternalTransaction', 2945, -3.38, 1582.85, '', '2010-03-15', 'FRYS FOOD & DRUG 1815 G 313554', '2010031513', false, '03/13FRYS FOOD', '', 1, 1, 'e2eb2c3a-6b4c-3893-8e73-e23c7910da74', 229, null);
insert into Split (id, amount, uuid, envelope_id, transaction_id) values(2946, -3.38, '638d9863-494d-39c5-9fc7-e30b9f09eb76', 238, 2945);
insert into Transaction (DTYPE, id, amount, balance, checkNo, date, description, externalId, initialBalance, memo, ref, status, type, uuid, account_id, transfer_id) values('InternalTransaction', 2947, 14.29, 999.71, '', '2010-03-03', 'Transfer from Available', 'null', false, '', '', 2, 0, '5f73f1eb-8ef4-33cf-a5bb-846909f90c9e', 229, 2729);
insert into Split (id, amount, uuid, envelope_id, transaction_id) values(2948, 14.29, '9288fed5-088b-39ec-aead-39eeacd028e4', 290, 2947);
insert into Transaction (DTYPE, id, amount, balance, checkNo, date, description, externalId, initialBalance, memo, ref, status, type, uuid, account_id, transfer_id) values('InternalTransaction', 2949, -25.00, 650.05, '', '2010-04-16', 'Transfer to Unassigned', 'null', false, '', '', 2, 1, 'a8e50d7b-eaf4-3873-8cbe-aa9bb3ff3a75', 229, 630);
insert into Split (id, amount, uuid, envelope_id, transaction_id) values(2950, -25.00, '7d9d07c1-32b4-3635-83e7-366ad909b936', 292, 2949);
insert into Transaction (DTYPE, id, amount, balance, checkNo, date, description, externalId, initialBalance, memo, ref, status, type, uuid, account_id, transfer_id) values('InternalTransaction', 2955, -48.21, 0.00, '', '2010-03-30', 'Transfer to Eating Out', 'null', false, '', '', 2, 1, '15f903ab-47b0-3e32-9ee0-6bc4915a5298', 228, 1334);
insert into Split (id, amount, uuid, envelope_id, transaction_id) values(2956, -48.21, '510b85c1-cda9-319b-9c75-93c290da7167', 292, 2955);
insert into Transaction (DTYPE, id, amount, balance, checkNo, date, description, externalId, initialBalance, memo, ref, status, type, uuid, account_id, transfer_id) values('InternalTransaction', 2953, -1497.31, 2033.42, '', '2010-02-16', 'Transfer to Rental', 'null', false, '', '', 0, 1, 'd16bcd94-b26a-3e35-891a-01b1877560ea', 229, 1614);
insert into Split (id, amount, uuid, envelope_id, transaction_id) values(2954, -1497.31, 'b255a7f0-784b-3c74-90a6-f6760862a0d9', 292, 2953);
insert into Transaction (DTYPE, id, amount, balance, checkNo, date, description, externalId, initialBalance, memo, ref, status, type, uuid, account_id, transfer_id) values('InternalTransaction', 2951, 13.99, 6361.22, '', '2010-03-19', 'Transfer from Available', 'null', false, '', '', 2, 0, 'bedb8974-5a0c-3895-b41e-b5735d7c5a31', 229, 1260);
insert into Split (id, amount, uuid, envelope_id, transaction_id) values(2952, 13.99, '9ac9cb42-e987-3a71-b234-7b6fa7f10d98', 266, 2951);
insert into Transaction (DTYPE, id, amount, balance, checkNo, date, description, externalId, initialBalance, memo, ref, status, type, uuid, account_id, transfer_id) values('InternalTransaction', 2957, -0.00, 2360.37, '', '2010-04-02', 'Transfer to State Farm Insurance', 'null', false, '', '', 2, 1, 'd806f991-ce0e-3ce2-b367-b9a5f3911abc', 229, 1304);
insert into Split (id, amount, uuid, envelope_id, transaction_id) values(2958, -0.00, '335f82aa-b586-37f2-bdbf-cc5d86d56e8a', 292, 2957);
insert into Transaction (DTYPE, id, amount, balance, checkNo, date, description, externalId, initialBalance, memo, ref, status, type, uuid, account_id, transfer_id) values('InternalTransaction', 2959, 20.20, 5329.17, '', '2009-12-14', 'PNCBANK_XTRANSFR TRANSFER', '200912140', false, 'PPD ID: 1770527921', '', 2, 0, '4e831d77-86a0-3db7-9321-670fddd6f4ff', 229, null);
insert into Split (id, amount, uuid, envelope_id, transaction_id) values(2960, 20.20, '35e0bf50-353a-385b-b931-70f07dda12fc', 292, 2959);
insert into Transaction (DTYPE, id, amount, balance, checkNo, date, description, externalId, initialBalance, memo, ref, status, type, uuid, account_id, transfer_id) values('InternalTransaction', 2965, -35.79, 1732.53, '', '2009-12-16', 'TAYLOR''S ON GLENDALE PHO063871', '200912162', false, '12/15TAYLOR''S', '', 2, 1, 'fc856f05-09da-383a-8b92-860aa8c16a91', 229, null);
insert into Split (id, amount, uuid, envelope_id, transaction_id) values(2966, -35.79, '5881ea89-8631-3eec-836f-e784a6b79de0', 252, 2965);
insert into Transaction (DTYPE, id, amount, balance, checkNo, date, description, externalId, initialBalance, memo, ref, status, type, uuid, account_id, transfer_id) values('InternalTransaction', 2963, 663.49, 5147.25, '', '2010-04-16', 'Transfer from Available', 'null', false, '', '', 2, 0, '5f79c507-34b7-344a-9fed-2237aa2a1d52', 229, 700);
insert into Split (id, amount, uuid, envelope_id, transaction_id) values(2964, 663.49, 'e3daad8e-9904-329a-8393-3fd2239f0ca0', 275, 2963);
insert into Transaction (DTYPE, id, amount, balance, checkNo, date, description, externalId, initialBalance, memo, ref, status, type, uuid, account_id, transfer_id) values('InternalTransaction', 2961, 44.00, 44.00, '', '2010-04-22', 'Transfer from Unassigned', 'null', false, '', '', 2, 0, '909e159c-5ab0-31af-a408-c45d9dafb145', 228, 1358);
insert into Split (id, amount, uuid, envelope_id, transaction_id) values(2962, 44.00, '7e438810-f3e6-337b-8f60-9b283d717132', 292, 2961);
insert into Transaction (DTYPE, id, amount, balance, checkNo, date, description, externalId, initialBalance, memo, ref, status, type, uuid, account_id, transfer_id) values('InternalTransaction', 2973, 200.00, 5287.45, '', '2010-02-19', 'Transfer from Available', 'null', false, '', '', 2, 0, '0a51f12b-ea39-39b2-9d07-810cd78542f2', 229, 2322);
insert into Split (id, amount, uuid, envelope_id, transaction_id) values(2974, 200.00, '72b86a66-5727-38b7-a525-35169c1290c4', 252, 2973);
insert into Transaction (DTYPE, id, amount, balance, checkNo, date, description, externalId, initialBalance, memo, ref, status, type, uuid, account_id, transfer_id) values('InternalTransaction', 2971, -218.40, 3176.12, '', '2010-01-25', 'INTOWN SUITES MCDOWELL P', '201001250', false, '01/22INTOWN SU', '', 2, 1, '744cbbcc-db04-3abb-ae42-930ec2ea55df', 229, null);
insert into Split (id, amount, uuid, envelope_id, transaction_id) values(2972, -218.40, 'edb19841-98fa-3f2a-95bd-0dae9432ceda', 252, 2971);
insert into Transaction (DTYPE, id, amount, balance, checkNo, date, description, externalId, initialBalance, memo, ref, status, type, uuid, account_id, transfer_id) values('InternalTransaction', 2969, 113.69, 6474.91, '', '2010-03-19', 'Transfer from Available', 'null', false, '', '', 2, 0, 'e9646d9c-39db-3f0b-90ae-35a4f3d5c310', 229, 1920);
insert into Split (id, amount, uuid, envelope_id, transaction_id) values(2970, 113.69, '2d9fa9d8-6f08-3417-a15a-52aa12aee73b', 253, 2969);
insert into Transaction (DTYPE, id, amount, balance, checkNo, date, description, externalId, initialBalance, memo, ref, status, type, uuid, account_id, transfer_id) values('InternalTransaction', 2967, -250.00, 0.00, '', '2010-03-31', 'Transfer to Moving', 'null', false, '', '', 2, 1, 'a0d6db6c-8da8-39de-bae5-623b83bd9c5e', 228, 1230);
insert into Split (id, amount, uuid, envelope_id, transaction_id) values(2968, -250.00, '61d1adac-5550-33ea-922c-79fe288e7c43', 292, 2967);
insert into Transaction (DTYPE, id, amount, balance, checkNo, date, description, externalId, initialBalance, memo, ref, status, type, uuid, account_id, transfer_id) values('InternalTransaction', 2975, 149.72, 18862.88, '', '2010-02-16', 'Transfer from Available', 'null', false, '', '', 0, 0, 'e3254440-845e-3a3f-9074-53292c017612', 229, 632);
insert into Split (id, amount, uuid, envelope_id, transaction_id) values(2976, 149.72, '70a56465-7bae-3796-aa31-a5ec0ab023b6', 262, 2975);
insert into Transaction (DTYPE, id, amount, balance, checkNo, date, description, externalId, initialBalance, memo, ref, status, type, uuid, account_id, transfer_id) values('InternalTransaction', 2977, -29.85, 17033.20, '', '2010-02-16', 'Transfer to Chase Bank', 'null', false, '', '', 0, 1, 'bed77a4c-9e17-3b32-938e-32e663b4e713', 229, 320);
insert into Split (id, amount, uuid, envelope_id, transaction_id) values(2978, -29.85, 'ba794821-59ca-3934-85a1-6f7787f1997d', 292, 2977);
insert into Transaction (DTYPE, id, amount, balance, checkNo, date, description, externalId, initialBalance, memo, ref, status, type, uuid, account_id, transfer_id) values('InternalTransaction', 2981, 863.53, 863.53, '', '2010-04-02', 'Transfer from Available', 'null', false, '', '', 2, 0, '65580ade-ebcf-3350-aa24-db1054142bda', 228, 2586);
insert into Split (id, amount, uuid, envelope_id, transaction_id) values(2982, 863.53, 'f487a65c-41c7-34fc-9d8b-7d504472e3f8', 242, 2981);
insert into Transaction (DTYPE, id, amount, balance, checkNo, date, description, externalId, initialBalance, memo, ref, status, type, uuid, account_id, transfer_id) values('InternalTransaction', 2979, -15.82, 0.00, '', '2010-03-09', 'Transfer to Movie Rental', 'null', false, '', '', 2, 1, '4973a849-c51f-36ea-a2a7-036516e92a48', 228, 418);
insert into Split (id, amount, uuid, envelope_id, transaction_id) values(2980, -15.82, '33276e2c-6557-3528-bba5-6f0790193ce0', 252, 2979);
insert into Transaction (DTYPE, id, amount, balance, checkNo, date, description, externalId, initialBalance, memo, ref, status, type, uuid, account_id, transfer_id) values('InternalTransaction', 2983, -84.20, 3738.91, '', '2010-04-16', 'Transfer to State Farm Insurance', 'null', false, '', '', 2, 1, '64be1b5e-95bc-3bf4-9858-dc577ee45dcc', 229, 2659);
insert into Split (id, amount, uuid, envelope_id, transaction_id) values(2984, -84.20, '50eeec0c-e183-3d0d-a5dd-cb7b25343fba', 292, 2983);
insert into Transaction (DTYPE, id, amount, balance, checkNo, date, description, externalId, initialBalance, memo, ref, status, type, uuid, account_id, transfer_id) values('InternalTransaction', 2987, -0.00, 5810.95, '', '2010-03-05', 'Transfer to Cox Communications', 'null', false, '', '', 2, 1, '6397d7da-a8e5-3d2f-8006-3dc74d8a6206', 229, 2813);
insert into Split (id, amount, uuid, envelope_id, transaction_id) values(2988, -0.00, 'fd2aa0cd-41cd-3ced-b0e3-e79f03bd447c', 292, 2987);
insert into Transaction (DTYPE, id, amount, balance, checkNo, date, description, externalId, initialBalance, memo, ref, status, type, uuid, account_id, transfer_id) values('InternalTransaction', 2985, 18.14, 1376.47, '', '2010-02-16', 'Transfer from Available', 'null', false, '', '', 0, 0, '1c82b6bc-b0be-3f26-8ec5-92f800d3cfc7', 229, 796);
insert into Split (id, amount, uuid, envelope_id, transaction_id) values(2986, 18.14, 'ffdb344d-3c6f-3a60-b3ed-f3ce9c287d1f', 295, 2985);
insert into Transaction (DTYPE, id, amount, balance, checkNo, date, description, externalId, initialBalance, memo, ref, status, type, uuid, account_id, transfer_id) values('InternalTransaction', 2989, 0.00, 5287.45, '', '2010-02-19', 'Transfer from Available', 'null', false, '', '', 2, 1, '6469f1e2-445d-3871-b762-a74c8e2a0c81', 229, 550);
insert into Split (id, amount, uuid, envelope_id, transaction_id) values(2990, 0.00, '74024a01-dc2b-3085-a3e7-071a3646cc62', 294, 2989);
insert into Transaction (DTYPE, id, amount, balance, checkNo, date, description, externalId, initialBalance, memo, ref, status, type, uuid, account_id, transfer_id) values('InternalTransaction', 2991, 507.26, 2962.98, '', '2010-01-11', 'ATM CHECK DEPOSIT', '201001110', false, '', '', 2, 0, '2054e30f-a0bc-3936-a012-a8b65d327662', 229, null);
insert into Split (id, amount, uuid, envelope_id, transaction_id) values(2992, 507.26, '35012e24-9fe4-38d1-9b4d-7c913ffdccea', 292, 2991);
insert into Transaction (DTYPE, id, amount, balance, checkNo, date, description, externalId, initialBalance, memo, ref, status, type, uuid, account_id, transfer_id) values('InternalTransaction', 2993, 84.20, 5983.70, '', '2010-03-05', 'Transfer from Available', 'null', false, '', '', 2, 0, 'ef6ce737-6b90-3edf-b27a-3612902fff41', 229, 2282);
insert into Split (id, amount, uuid, envelope_id, transaction_id) values(2994, 84.20, '7013248b-dba8-3cf2-af98-54f8460e0a6a', 290, 2993);
insert into Transaction (DTYPE, id, amount, balance, checkNo, date, description, externalId, initialBalance, memo, ref, status, type, uuid, account_id, transfer_id) values('InternalTransaction', 2995, -28.12, 1055.88, '', '2009-11-09', 'THE GOOD EGG PARK CENTR', '200911093', false, '11/08THE GOOD', '', 2, 1, 'da71ff0e-4ae1-3e60-824a-80263b2872f1', 229, null);
insert into Split (id, amount, uuid, envelope_id, transaction_id) values(2996, -28.12, '9b6ef7e9-1f76-3db6-8643-e1cd304ecbe4', 295, 2995);
insert into Rule (id, amount, cond, conversion, enabled, expression, uuid, envelope_id) values(2997, null, 0, '', true, 'usps', '1b713147-8d14-3468-8110-2faf7ee9f8a0', 252);
insert into Rule (id, amount, cond, conversion, enabled, expression, uuid, envelope_id) values(2998, null, 0, '', true, 'OFFICE MAX', '385eafd3-2985-350e-968c-1c47121dc230', 239);
insert into Rule (id, amount, cond, conversion, enabled, expression, uuid, envelope_id) values(2999, null, 0, '', true, 'ROSITA''S', 'b15e4871-8ffa-3326-8848-d1f3e5f32d74', 295);
insert into Rule (id, amount, cond, conversion, enabled, expression, uuid, envelope_id) values(3001, null, 0, '', true, '24HR FITNESS', 'dbd37c8f-475f-3347-81ac-caf68594c6b5', 271);
insert into Rule (id, amount, cond, conversion, enabled, expression, uuid, envelope_id) values(3000, null, 0, '', true, 'cox', '51a2c7d5-8006-33ee-ad70-c93a8480a4ea', 268);
insert into Rule (id, amount, cond, conversion, enabled, expression, uuid, envelope_id) values(3003, null, 0, '', true, 'barclaycard', 'f795e97c-a801-3d65-a917-c2ac99c57f67', 242);
insert into Rule (id, amount, cond, conversion, enabled, expression, uuid, envelope_id) values(3002, null, 0, '', true, 'BAJA FRESH', 'ee45c259-a2b5-304b-a737-aea894663f6b', 295);
insert into Rule (id, amount, cond, conversion, enabled, expression, uuid, envelope_id) values(3004, null, 0, '', true, 'walgreen', '9c2f3ac0-95d3-3f6d-922b-27073331a883', 277);
insert into Rule (id, amount, cond, conversion, enabled, expression, uuid, envelope_id) values(3005, null, 0, '', true, 'trader joe', '6aa676cb-cbc4-378d-9f20-bdc250d44115', 238);
insert into Rule (id, amount, cond, conversion, enabled, expression, uuid, envelope_id) values(3007, null, 0, '', true, 'easynews', '800aad40-ceb7-3877-8e5d-f51464ec2424', 254);
insert into Rule (id, amount, cond, conversion, enabled, expression, uuid, envelope_id) values(3006, null, 0, '', true, 'BLOCKBUSTER', '749fa671-767c-3648-bf7b-2cd82c11c63f', 265);
insert into Rule (id, amount, cond, conversion, enabled, expression, uuid, envelope_id) values(3009, null, 0, '', true, 'QDOBA', 'b56a4ac5-47d8-3748-bb84-bae40959aefe', 295);
insert into Rule (id, amount, cond, conversion, enabled, expression, uuid, envelope_id) values(3008, null, 0, '', true, 'HONEY BEARS', '52a98276-10a3-3941-8e64-29b784280156', 295);
insert into Rule (id, amount, cond, conversion, enabled, expression, uuid, envelope_id) values(3010, null, 0, '', true, 'HSBC CARD', '58accddb-e7b3-34d1-a2b8-ba5f064346ba', 242);
insert into Rule (id, amount, cond, conversion, enabled, expression, uuid, envelope_id) values(3011, null, 0, '', true, 'FRYS FOOD', 'a2a3e7b7-1db1-3ddf-842c-8e728bb7942d', 238);
insert into Rule (id, amount, cond, conversion, enabled, expression, uuid, envelope_id) values(3012, null, 0, '', true, 'BORDERS', '02759aed-c397-34e6-963e-f484594b82ef', 280);
insert into Rule (id, amount, cond, conversion, enabled, expression, uuid, envelope_id) values(3013, null, 0, '', true, 'TIV*TIVO', 'ac20d542-0d66-3c7b-8198-9fab6de627bf', 272);
insert into Rule (id, amount, cond, conversion, enabled, expression, uuid, envelope_id) values(3014, null, 0, '', true, 'STATE FARM', 'ad443320-a90d-3b5c-98e5-4c76fbd24bc3', 290);
insert into Rule (id, amount, cond, conversion, enabled, expression, uuid, envelope_id) values(3015, null, 0, '', true, 'HARKINS', 'c296966f-8ba5-39c8-af57-db811fd604ec', 284);
insert into Rule (id, amount, cond, conversion, enabled, expression, uuid, envelope_id) values(3016, null, 0, '', true, 'ATOMIC COMICS', '634b392e-b8f0-3aff-887e-23c6ec95a504', 241);
insert into Rule (id, amount, cond, conversion, enabled, expression, uuid, envelope_id) values(3017, null, 0, '', true, 'ORIGINAL WINEBURGER', '0b702387-5bfe-32fc-b032-cd03aff2e9ad', 295);
insert into Rule (id, amount, cond, conversion, enabled, expression, uuid, envelope_id) values(3018, null, 0, '', true, 'LDW GROUP', '3de83588-0ac0-3bf1-9397-e5317015666b', 247);
insert into Rule (id, amount, cond, conversion, enabled, expression, uuid, envelope_id) values(3019, null, 0, '', true, 'HARD ROCK', '0f496cd3-41f9-370c-8925-c908f763bcfd', 295);
insert into Rule (id, amount, cond, conversion, enabled, expression, uuid, envelope_id) values(3020, null, 0, '', true, 'REUNION.COM', 'a9d454d0-3360-363d-86e3-36bde52501e9', 281);
insert into Rule (id, amount, cond, conversion, enabled, expression, uuid, envelope_id) values(3021, null, 0, '', true, 'THAI RAMA', '198c21de-b445-35b8-991f-afb86ed0b347', 295);
insert into Rule (id, amount, cond, conversion, enabled, expression, uuid, envelope_id) values(3022, null, 0, '', true, 'DELHI PALACE', 'b111ca62-3c9d-3895-9983-546fdf34ebb8', 295);
insert into Rule (id, amount, cond, conversion, enabled, expression, uuid, envelope_id) values(3023, null, 0, '', true, 'SPINATOS', 'ca0eeb67-8fa6-3d7f-a60c-45b5c84a9968', 295);
insert into Rule (id, amount, cond, conversion, enabled, expression, uuid, envelope_id) values(3025, null, 0, '', true, 'SUBWAY', 'd85e7fa2-ac64-3394-b4a9-0eff4c7f57af', 246);
insert into Rule (id, amount, cond, conversion, enabled, expression, uuid, envelope_id) values(3024, null, 1, '', true, '24 ?HOUR', '4c999dcc-421b-35b1-88b9-b637ea637c78', 271);
insert into Rule (id, amount, cond, conversion, enabled, expression, uuid, envelope_id) values(3026, null, 0, '', true, 'WHATABURGER', '3c878fa0-19cf-371f-be64-510bfcd1756f', 246);
insert into Rule (id, amount, cond, conversion, enabled, expression, uuid, envelope_id) values(3027, null, 0, '', true, 'JACK IN THE', 'ccf0a379-55be-3033-9523-4fbb42af3cd2', 246);
insert into Rule (id, amount, cond, conversion, enabled, expression, uuid, envelope_id) values(3028, null, 0, '', true, 'GAMEFLY', '8201be32-a9ca-3af1-a0e5-f8fabf4fda75', 281);
insert into Rule (id, amount, cond, conversion, enabled, expression, uuid, envelope_id) values(3029, null, 0, '', true, 'ALBERTSONS', '27667fce-c86b-3261-8d64-afbf3e3a652c', 238);
insert into Rule (id, amount, cond, conversion, enabled, expression, uuid, envelope_id) values(3030, null, 0, '', true, 'IHOP', 'c742e5d4-ed4a-376a-8286-300d6d4a5625', 295);
insert into Rule (id, amount, cond, conversion, enabled, expression, uuid, envelope_id) values(3032, null, 0, '', true, '7-ELEVEN', '05e02e47-fbc3-3172-a2db-fca6c955d3e7', 252);
insert into Rule (id, amount, cond, conversion, enabled, expression, uuid, envelope_id) values(3031, null, 0, '', true, 'BAJA FRESH', '8f34252a-20bf-3bf9-aac1-2ae36a4e7b33', 238);
insert into Rule (id, amount, cond, conversion, enabled, expression, uuid, envelope_id) values(3034, null, 0, '', true, 'Amazon.com', '0fe2b426-ba8b-3448-81d9-1ec8cd80fe0b', 252);
insert into Rule (id, amount, cond, conversion, enabled, expression, uuid, envelope_id) values(3033, null, 0, '', true, 'THAI ELEPHANT', 'a7b49d64-de9c-3c74-928c-fa16266bafc9', 295);
insert into Rule (id, amount, cond, conversion, enabled, expression, uuid, envelope_id) values(3035, null, 0, '', true, 'BLIMPIE', '93d91b10-f99b-3d1a-b865-1d9da68d6e0d', 246);
insert into Rule (id, amount, cond, conversion, enabled, expression, uuid, envelope_id) values(3036, null, 0, '', true, 'COLDSTN', 'f95fb346-d675-3e91-8c76-f34a6b7d5755', 295);
insert into Rule (id, amount, cond, conversion, enabled, expression, uuid, envelope_id) values(3037, null, 0, '', true, 'BEACON CREDIT', 'a559f646-a5c7-3658-ad32-7bfa7db1b16d', 252);
insert into Rule (id, amount, cond, conversion, enabled, expression, uuid, envelope_id) values(3038, null, 1, '', true, 'RUBIO''?S', 'e12a903b-49a2-3873-a48d-aa756f41a377', 295);
insert into Rule (id, amount, cond, conversion, enabled, expression, uuid, envelope_id) values(3039, null, 0, '', true, 'PIZZA HUT', 'ede5ede3-b346-342e-a132-6e40bdd0d708', 246);
insert into Rule (id, amount, cond, conversion, enabled, expression, uuid, envelope_id) values(3042, null, 0, '', true, 'WENDYS', '540adc84-ccb9-3c8e-956d-868735237116', 246);
insert into Rule (id, amount, cond, conversion, enabled, expression, uuid, envelope_id) values(3041, null, 0, '', true, 'AJ''S', 'f1110bc6-7220-305e-830f-b8ac2e5e0b07', 238);
insert into Rule (id, amount, cond, conversion, enabled, expression, uuid, envelope_id) values(3040, null, 0, '', true, 'SAFEWAY', '9bc239f0-25cb-3719-bbc2-a358ada032ed', 238);
insert into Rule (id, amount, cond, conversion, enabled, expression, uuid, envelope_id) values(3043, null, 0, '', true, 'Camden', '41f2b289-c47e-3cb1-a630-a57ec0d192de', 294);
insert into Rule (id, amount, cond, conversion, enabled, expression, uuid, envelope_id) values(3044, null, 0, '', true, 'LIDS', 'c0d40b73-ce07-3202-a211-c0dc8978724c', 285);
insert into Rule (id, amount, cond, conversion, enabled, expression, uuid, envelope_id) values(3045, null, 0, '', true, 'SHELL Service', 'e9630f78-f6fc-3537-a188-a49c847c110e', 253);
insert into Rule (id, amount, cond, conversion, enabled, expression, uuid, envelope_id) values(3046, null, 0, '', true, 'MARY COYLE', '6e2ac883-c40b-394b-901c-65628ed7115a', 295);
insert into Rule (id, amount, cond, conversion, enabled, expression, uuid, envelope_id) values(3047, null, 0, '', true, 'BIG TIGER', '8d13b43e-ce38-3906-89c8-fbfb4e30ac0d', 253);
insert into Rule (id, amount, cond, conversion, enabled, expression, uuid, envelope_id) values(3048, null, 0, '', true, 'SHELL OIL', '3b26c537-7b7a-374b-8de3-67e76961b15a', 253);
insert into Rule (id, amount, cond, conversion, enabled, expression, uuid, envelope_id) values(3049, null, 0, '', true, 'MOVIETICKETS', '779f6db6-2dce-37fa-adbc-86256829792f', 284);
insert into Rule (id, amount, cond, conversion, enabled, expression, uuid, envelope_id) values(3050, null, 0, '', true, 'PIHMA', 'a5ddd8cc-bcab-3a77-9e44-b43ce8a50fdd', 286);
insert into Rule (id, amount, cond, conversion, enabled, expression, uuid, envelope_id) values(3051, null, 0, '', true, 'CHEVON', '90461100-3b0d-368e-b8b0-3236b70290a4', 253);
insert into Rule (id, amount, cond, conversion, enabled, expression, uuid, envelope_id) values(3052, -80.00, 0, 'Annette Trijillo', true, 'check', '9d397e1d-c375-33da-95b2-392f8684dfc1', 261);
insert into Rule (id, amount, cond, conversion, enabled, expression, uuid, envelope_id) values(3053, null, 0, '', true, 'SKIN AND CANCER', '4cdb75d9-1111-38de-85da-44065dbcc553', 286);
insert into Rule (id, amount, cond, conversion, enabled, expression, uuid, envelope_id) values(3054, null, 0, '', true, 'CONTAINERSTORE', '94d8e217-5606-3707-8df0-e7655fc6303e', 239);
insert into Rule (id, amount, cond, conversion, enabled, expression, uuid, envelope_id) values(3055, null, 0, '', true, 'PIE ZANOS', 'a08fa0b2-c379-3ceb-8770-557906d1ff50', 295);
insert into Rule (id, amount, cond, conversion, enabled, expression, uuid, envelope_id) values(3056, null, 0, '', true, 'CHIPOTLE', 'a1d95a7a-9944-342d-a4b3-4dfd5e61f820', 295);
insert into Rule (id, amount, cond, conversion, enabled, expression, uuid, envelope_id) values(3057, null, 0, '', true, 'BEDBATH', 'f89be182-56a3-3265-8880-08d82e92fdb9', 239);
insert into Rule (id, amount, cond, conversion, enabled, expression, uuid, envelope_id) values(3058, null, 0, '', true, 'CHINA CHILI', '807b5414-e171-35ec-b109-817252f43614', 295);
insert into Rule (id, amount, cond, conversion, enabled, expression, uuid, envelope_id) values(3059, null, 0, '', true, 'WWW.ME.COM', 'b6d5a657-eaf1-34a4-840a-77f9061e9672', 263);
insert into Rule (id, amount, cond, conversion, enabled, expression, uuid, envelope_id) values(3060, null, 0, '', true, 'LEVIS', 'd7334898-cb63-3edc-ad42-a5edccb56004', 285);
insert into Rule (id, amount, cond, conversion, enabled, expression, uuid, envelope_id) values(3061, null, 0, '', true, 'QWEST', '1669eea7-b0fe-3f67-bc5e-cad614f7b53d', 262);
insert into Rule (id, amount, cond, conversion, enabled, expression, uuid, envelope_id) values(3062, null, 0, '', true, 'AGAVE CHIRO', 'f3fcc6bd-269f-3ca5-914a-a53c9ff0ac5d', 286);
insert into Rule (id, amount, cond, conversion, enabled, expression, uuid, envelope_id) values(3063, null, 0, '', true, 'MACY''S', 'a8118d6f-d219-358b-94dc-47d0c613f2cb', 285);
insert into Rule (id, amount, cond, conversion, enabled, expression, uuid, envelope_id) values(3064, null, 0, '', true, 'STARBUCKS', '26b498a0-1bd9-3aed-8c61-20616a11ca3f', 270);
insert into Rule (id, amount, cond, conversion, enabled, expression, uuid, envelope_id) values(3065, null, 0, '', true, 'NORDSTROM', 'de368866-2024-34da-91c8-bbbde1c5c9b7', 285);
insert into Rule (id, amount, cond, conversion, enabled, expression, uuid, envelope_id) values(3066, null, 0, '', true, 'qt', '0625495a-1799-3c83-84de-41ebd77d202f', 252);
insert into Rule (id, amount, cond, conversion, enabled, expression, uuid, envelope_id) values(3067, null, 0, '', true, 'circle k', '3797cfb5-ef7b-3609-9948-925388068b95', 252);
insert into Rule (id, amount, cond, conversion, enabled, expression, uuid, envelope_id) values(3068, null, 0, '', true, 'USATAX', 'ab54df26-fcb8-31c3-be02-16ebcf148e28', 275);
insert into Rule (id, amount, cond, conversion, enabled, expression, uuid, envelope_id) values(3069, null, 0, '', true, 'ACTINODERMATOLOGY', '9fc4f299-38a9-3fb5-927d-7bb417379a9a', 286);
insert into Rule (id, amount, cond, conversion, enabled, expression, uuid, envelope_id) values(3070, null, 0, '', true, 'Financial Management Software', '4bf76022-1bc5-3081-ac23-72dee5e0e8c2', 232);
insert into Rule (id, amount, cond, conversion, enabled, expression, uuid, envelope_id) values(3071, null, 0, '', true, 'ATM WITHDRAWAL', 'e1113004-472f-3468-baf3-7982112f8a10', 276);
insert into Rule (id, amount, cond, conversion, enabled, expression, uuid, envelope_id) values(3072, null, 0, '', true, 'QUICK MART', 'eac2aae7-025a-3b75-8341-ef54696b4c87', 252);
insert into Rule (id, amount, cond, conversion, enabled, expression, uuid, envelope_id) values(3073, null, 0, '', true, 'whole foods', '4a5c5e9c-25d1-3a05-9ff4-8b7dd83c1384', 238);
insert into Rule (id, amount, cond, conversion, enabled, expression, uuid, envelope_id) values(3074, null, 0, '', true, 'REI', 'eaa9d42a-d5df-3314-bb79-10143d8e83d7', 285);
insert into Rule (id, amount, cond, conversion, enabled, expression, uuid, envelope_id) values(3075, null, 0, '', true, 'sprouts', 'af629d98-22b9-3e0f-a5db-086486ef2c9f', 238);
insert into Rule (id, amount, cond, conversion, enabled, expression, uuid, envelope_id) values(3076, null, 0, '', true, 'VZWRLSS', '7c0a7728-c592-3f28-bf1e-6b8e0818c2c9', 236);
insert into Rule (id, amount, cond, conversion, enabled, expression, uuid, envelope_id) values(3077, null, 0, '', true, 'AMC', '03d3581c-d940-3907-89aa-245e72a453d2', 284);
insert into Rule (id, amount, cond, conversion, enabled, expression, uuid, envelope_id) values(3078, null, 0, '', true, 'vw credit', 'e1cdb034-772e-3ede-9e56-4f7d300d77db', 267);
insert into Rule (id, amount, cond, conversion, enabled, expression, uuid, envelope_id) values(3079, null, 0, '', true, 'Gluten Free Creations', '359cb331-e893-338e-a297-b0b86b8d01e9', 238);
insert into Rule (id, amount, cond, conversion, enabled, expression, uuid, envelope_id) values(3080, null, 0, '', true, 'Joseph Scott Salon', 'e0348522-0b51-33e3-9ab2-e13a1d265504', 260);
insert into Rule (id, amount, cond, conversion, enabled, expression, uuid, envelope_id) values(3081, null, 0, '', true, 'PETSMART', '16a426a9-07ed-375a-a751-ccd490888b5f', 244);
insert into Rule (id, amount, cond, conversion, enabled, expression, uuid, envelope_id) values(3082, null, 0, '', true, 'ARROWHEAD WATER', '2f7807de-8c1e-33b6-aa43-364aa3dd45c1', 266);
insert into Rule (id, amount, cond, conversion, enabled, expression, uuid, envelope_id) values(3083, null, 0, '', true, 'SRR*SIRIUS', '74fa8167-fa77-32c4-87a3-c8d01e821686', 233);
insert into Rule (id, amount, cond, conversion, enabled, expression, uuid, envelope_id) values(3084, null, 0, '', true, 'Rossmar & Graham', 'a06ed6f8-3729-3af3-a16a-208944b4f2e7', 258);
insert into Rule (id, amount, cond, conversion, enabled, expression, uuid, envelope_id) values(3085, null, 0, '', true, 'Wal-Mart', '2501ae58-b658-35f3-89b9-e4906437046a', 239);
insert into Rule (id, amount, cond, conversion, enabled, expression, uuid, envelope_id) values(3086, null, 0, '', true, 'APPLE STORE', '189f4ba6-2e3d-3dfa-9005-51ad95502fe6', 249);
insert into Rule (id, amount, cond, conversion, enabled, expression, uuid, envelope_id) values(3087, null, 0, '', true, 'PAYPAL', '5eb1965c-d8a1-3d93-a90f-ff044ec26043', 252);
insert into Rule (id, amount, cond, conversion, enabled, expression, uuid, envelope_id) values(3088, null, 0, '', true, 'COSTCO', '931a1577-9b8c-3f3f-af8b-c51a9bee5147', 252);
insert into Rule (id, amount, cond, conversion, enabled, expression, uuid, envelope_id) values(3089, null, 0, '', true, 'GOOD EGG', '7f00c3bb-e245-39d3-9e7f-ca0c60c80ec6', 295);
insert into Rule (id, amount, cond, conversion, enabled, expression, uuid, envelope_id) values(3090, null, 0, '', true, 'DIRECTV', '0cb0b3bb-be82-3096-9c2f-01d1c3cc1dcc', 273);
insert into Rule (id, amount, cond, conversion, enabled, expression, uuid, envelope_id) values(3091, null, 0, '', true, 'CVSPHARMACY', '097f9ddb-5d05-37ef-a1d0-3739b7d3b5a6', 286);
insert into Rule (id, amount, cond, conversion, enabled, expression, uuid, envelope_id) values(3092, null, 0, '', true, 'PEI WEI', '561a280c-875d-389c-a0e8-a475718630fd', 295);
insert into Rule (id, amount, cond, conversion, enabled, expression, uuid, envelope_id) values(3093, null, 0, '', true, 'El Pollo Loco', '9776140e-09b6-3a8d-8a2f-98de96c04527', 246);
insert into Rule (id, amount, cond, conversion, enabled, expression, uuid, envelope_id) values(3094, null, 0, '', true, 'MYLIFE/REUNION', 'f35d528a-0a81-30f0-9186-bfa82161d501', 281);
insert into Rule (id, amount, cond, conversion, enabled, expression, uuid, envelope_id) values(3095, null, 0, '', true, 'AZ MOTOR VEHICLE', 'fc4a717e-4180-33e8-a554-a9e5d71a9ef3', 293);
insert into Rule (id, amount, cond, conversion, enabled, expression, uuid, envelope_id) values(3097, null, 0, '', true, 'ikea', 'fc312e03-2ea5-34ae-bfcf-02e65e8e5742', 235);
insert into Rule (id, amount, cond, conversion, enabled, expression, uuid, envelope_id) values(3096, null, 0, '', true, 'BURGER KING', '2d9136a2-dd6b-3a2d-a6a5-5b05ab9f3ee1', 246);
insert into Rule (id, amount, cond, conversion, enabled, expression, uuid, envelope_id) values(3099, null, 0, '', true, 'TACOBELL', '453c1a47-0819-34c0-b591-869267020ceb', 246);
insert into Rule (id, amount, cond, conversion, enabled, expression, uuid, envelope_id) values(3098, null, 0, '', true, 'VERIZON', 'aa9610bf-b23b-3606-a0e3-9989bf2cdbfa', 236);
insert into Rule (id, amount, cond, conversion, enabled, expression, uuid, envelope_id) values(3100, null, 1, '', true, 'MCDONALD''?S', 'fc88b808-62b5-303d-ac92-bfafaea41d1c', 246);
insert into Rule (id, amount, cond, conversion, enabled, expression, uuid, envelope_id) values(3101, null, 0, '', true, 'SYLVIA''S LA CANASTA', '60326151-70e5-3e34-913c-eead9433315e', 295);
insert into Rule (id, amount, cond, conversion, enabled, expression, uuid, envelope_id) values(3102, null, 0, '', true, 'TACO BELL', '29caf8bb-b644-3d66-a246-91c4d5431bb3', 246);
insert into Rule (id, amount, cond, conversion, enabled, expression, uuid, envelope_id) values(3103, null, 0, '', true, 'CARLS JR', '2266f1d9-404d-3e2a-b8f8-0e6b88cfdf61', 246);
insert into Rule (id, amount, cond, conversion, enabled, expression, uuid, envelope_id) values(3104, null, 0, '', true, 'LOS DIOS MOLINOS', 'c9c6f416-115f-3872-af1e-faad0628b94f', 295);
insert into Rule (id, amount, cond, conversion, enabled, expression, uuid, envelope_id) values(3105, null, 0, '', true, 'TURF IRISH PUB', 'b3de5bce-b79c-30b5-8667-8c5774e70188', 295);
insert into Rule (id, amount, cond, conversion, enabled, expression, uuid, envelope_id) values(3106, null, 0, '', true, 'OFFICIAL CHECKS CHARGE', '45e63f10-1c04-37ca-88a5-c9f2be97293a', 232);
insert into Rule (id, amount, cond, conversion, enabled, expression, uuid, envelope_id) values(3107, null, 0, '', true, 'SONIC DRIVE IN', 'aaccce2e-8180-38d3-a1c2-c4fe473c779f', 246);
insert into Rule (id, amount, cond, conversion, enabled, expression, uuid, envelope_id) values(3108, null, 0, '', true, 'SLOTEN', 'c7a2648d-8de3-3559-87d1-7956721b827f', 286);
insert into Rule (id, amount, cond, conversion, enabled, expression, uuid, envelope_id) values(3109, null, 0, '', true, 'C AND C THERAPEUTIC', '0c31fa01-544e-37e4-9910-a6a94f4dab19', 286);
insert into Rule (id, amount, cond, conversion, enabled, expression, uuid, envelope_id) values(3110, null, 0, '', true, 'BUMBLE AND BUMBLE', 'de5ed812-d19b-3de0-876b-8741c4064d1f', 277);
insert into Rule (id, amount, cond, conversion, enabled, expression, uuid, envelope_id) values(3111, null, 0, '', true, 'BOSTON MARKET', 'cdd2ace1-1703-3fa8-bd49-fc8b638f6886', 295);
insert into Rule (id, amount, cond, conversion, enabled, expression, uuid, envelope_id) values(3112, null, 0, '', true, 'MY BIG FAT GREEK', '4be07a2d-5bfd-338d-bd46-21bc1261427b', 295);
insert into Rule (id, amount, cond, conversion, enabled, expression, uuid, envelope_id) values(3113, null, 0, '', true, 'FRESH & EASY', '509bb62e-501d-3170-bc51-10ba66b3300d', 238);
insert into Rule (id, amount, cond, conversion, enabled, expression, uuid, envelope_id) values(3115, null, 0, '', true, 'GYROS HOUSE', 'ff805dc2-40bf-36ee-9d06-34d77072c315', 295);
insert into Rule (id, amount, cond, conversion, enabled, expression, uuid, envelope_id) values(3114, null, 0, '', true, 'ON-LINE COMMUNICATIO', '4f915c5e-1c7e-3f59-afa1-65c30ee834b0', 247);
insert into Rule (id, amount, cond, conversion, enabled, expression, uuid, envelope_id) values(3117, null, 0, '', true, 'BANNER', 'ff6a453b-f016-317b-b028-80c06a56a21b', 286);
insert into Rule (id, amount, cond, conversion, enabled, expression, uuid, envelope_id) values(3116, null, 0, '', true, 'IN-N-OUT', '5b0689bb-0138-3707-a44a-0425910994b0', 246);
insert into Rule (id, amount, cond, conversion, enabled, expression, uuid, envelope_id) values(3119, null, 0, '', true, 'EINSTEIN BROS', '2934a1dd-fdbd-3f76-9ae8-916e4ecd948d', 295);
insert into Rule (id, amount, cond, conversion, enabled, expression, uuid, envelope_id) values(3118, null, 0, '', true, 'CVS', 'ab96fc38-f502-344a-a776-5c8dcfe79389', 286);
insert into Rule (id, amount, cond, conversion, enabled, expression, uuid, envelope_id) values(3120, null, 1, '', true, 'Lowe''?s', '94d0cc55-2a98-3d99-8745-1154d3d12b6a', 239);
insert into Rule (id, amount, cond, conversion, enabled, expression, uuid, envelope_id) values(3121, null, 0, '', true, 'HOME DEPOT', '38ac6ffa-d72d-30c1-9423-6a660147119e', 239);
insert into Rule (id, amount, cond, conversion, enabled, expression, uuid, envelope_id) values(3122, null, 0, '', true, 'FAST EDDIE''S DINER', '6ebca9aa-d85a-37b3-8be5-8ec08a4413f6', 295);
insert into Rule (id, amount, cond, conversion, enabled, expression, uuid, envelope_id) values(3123, null, 0, '', true, 'LINDSTROMS FAM', '29408110-832f-35a2-af03-f0df208d5c4d', 274);
insert into Rule (id, amount, cond, conversion, enabled, expression, uuid, envelope_id) values(3125, null, 1, '', true, 'LOANSERVICING.*AUTOMATIC', 'b289f58a-2e0d-36c6-a48b-510bcd9d13e9', 231);
insert into Rule (id, amount, cond, conversion, enabled, expression, uuid, envelope_id) values(3124, null, 0, '', true, 'FUDDRUCKERS', '8bbafc0f-2424-3ce7-a9c7-031861f1af1a', 295);
insert into Rule (id, amount, cond, conversion, enabled, expression, uuid, envelope_id) values(3127, null, 0, '', true, 'MASSAGE ENVY', '4b0854bc-9ca6-3ebb-9fb7-77b208e3dd43', 279);
insert into Rule (id, amount, cond, conversion, enabled, expression, uuid, envelope_id) values(3126, null, 0, '', true, 'PITA JUNGLE', 'a1807700-afba-3522-8c76-77054c6e0d75', 295);
insert into Rule (id, amount, cond, conversion, enabled, expression, uuid, envelope_id) values(3128, null, 0, '', true, 'WHOLEFDS', 'f0d2f69b-6153-3b30-a8c0-5fb8166c4c26', 238);
insert into Rule (id, amount, cond, conversion, enabled, expression, uuid, envelope_id) values(3129, null, 0, '', true, 'CHEVRON', 'f0f530cb-fcf5-3e3b-bd70-da7f0994a12c', 253);
insert into AllocationSet (id, uuid, name, income_id) values (3130, 'aa7adcdf-5034-32a5-bc21-f4c1824703cd', 'meltmedia', 230);
insert into Allocation (id, uuid, amount, amountType, enabled, idx, _limit, limitType, proposed, remainder, set_id, envelope_id) values (3131, '6dd6963f-f3a4-38c7-af45-4ceab5f7066b', 13.99, 0, true, 1, 27.98, 3, 0.00, 0.00, 3130, 266);
insert into Allocation (id, uuid, amount, amountType, enabled, idx, _limit, limitType, proposed, remainder, set_id, envelope_id) values (3132, 'f659d63a-900f-35aa-bb35-30da51d61bfd', 80.00, 0, true, 2, 80.00, 3, 0.00, 0.00, 3130, 253);
insert into Allocation (id, uuid, amount, amountType, enabled, idx, _limit, limitType, proposed, remainder, set_id, envelope_id) values (3133, '8b488b80-b519-300f-9e33-f8bb5800d2bc', 10.00, 0, true, 3, 500.00, 3, 0.00, 0.00, 3130, 234);
insert into Allocation (id, uuid, amount, amountType, enabled, idx, _limit, limitType, proposed, remainder, set_id, envelope_id) values (3134, 'a39ffe13-e61a-3ede-a8db-c6e1ee2ffe39', 13.46, 0, true, 4, 350.00, 3, 0.00, 0.00, 3130, 293);
insert into Allocation (id, uuid, amount, amountType, enabled, idx, _limit, limitType, proposed, remainder, set_id, envelope_id) values (3135, '3a11e8f2-6e69-335b-a690-c1d929c2c731', 10.98, 0, true, 5, 21.95, 3, 0.00, 0.00, 3130, 274);
insert into Allocation (id, uuid, amount, amountType, enabled, idx, _limit, limitType, proposed, remainder, set_id, envelope_id) values (3136, '18dfacb4-09e1-356b-b13d-f41c8d1c152c', 4.98, 0, true, 6, 9.95, 3, 0.00, 0.00, 3130, 232);
insert into Allocation (id, uuid, amount, amountType, enabled, idx, _limit, limitType, proposed, remainder, set_id, envelope_id) values (3137, '7e816f9f-d0fa-3206-9c7b-b88e80b532c2', 65.00, 0, true, 7, 130.00, 3, 0.00, 0.00, 3130, 268);
insert into Allocation (id, uuid, amount, amountType, enabled, idx, _limit, limitType, proposed, remainder, set_id, envelope_id) values (3138, '8f950939-07d0-3631-8570-bba1fd12f321', 4.99, 0, true, 9, 9.98, 3, 0.00, 0.00, 3130, 254);
insert into Allocation (id, uuid, amount, amountType, enabled, idx, _limit, limitType, proposed, remainder, set_id, envelope_id) values (3139, '940484ca-542f-3774-b6ca-4da1bf397aab', 395.46, 0, true, 11, 790.91, 3, 0.00, 0.00, 3130, 231);
insert into Allocation (id, uuid, amount, amountType, enabled, idx, _limit, limitType, proposed, remainder, set_id, envelope_id) values (3140, 'f5afab1f-0400-39e3-b252-cd6a3f9cc012', 150.00, 0, true, 12, 150.00, 3, 0.00, 0.00, 3130, 238);
insert into Allocation (id, uuid, amount, amountType, enabled, idx, _limit, limitType, proposed, remainder, set_id, envelope_id) values (3141, '12fe2b6e-e9d4-39b5-92aa-10ee306c2996', 25.00, 0, true, 14, 50.00, 3, 0.00, 0.00, 3130, 239);
insert into Allocation (id, uuid, amount, amountType, enabled, idx, _limit, limitType, proposed, remainder, set_id, envelope_id) values (3142, 'b5b1caae-71c8-3b70-82dc-0ee398e23794', 80.00, 0, true, 15, 80.00, 3, 0.00, 0.00, 3130, 261);
insert into Allocation (id, uuid, amount, amountType, enabled, idx, _limit, limitType, proposed, remainder, set_id, envelope_id) values (3143, '518f8522-0d0a-369c-b9a4-0988fe01b65f', 163.00, 0, true, 16, 326.00, 3, 0.00, 0.00, 3130, 258);
insert into Allocation (id, uuid, amount, amountType, enabled, idx, _limit, limitType, proposed, remainder, set_id, envelope_id) values (3144, '4f5cac94-2d87-3f7c-8cd3-7040aee339c6', 24.50, 0, true, 17, 49.00, 3, 0.00, 0.00, 3130, 279);
insert into Allocation (id, uuid, amount, amountType, enabled, idx, _limit, limitType, proposed, remainder, set_id, envelope_id) values (3145, '3fde8c93-2102-31a8-961c-d60b9318d8db', 25.00, 0, true, 19, 50.00, 3, 0.00, 0.00, 3130, 286);
insert into Allocation (id, uuid, amount, amountType, enabled, idx, _limit, limitType, proposed, remainder, set_id, envelope_id) values (3146, 'bda4e322-fd5b-3d27-84ea-0a9a1629d14a', 25.00, 0, true, 20, 3000.00, 3, 0.00, 0.00, 3130, 245);
insert into Allocation (id, uuid, amount, amountType, enabled, idx, _limit, limitType, proposed, remainder, set_id, envelope_id) values (3147, 'dbb5211a-b66b-3a2b-99d7-48bd02576850', 25.00, 0, true, 21, 50.00, 3, 0.00, 0.00, 3130, 277);
insert into Allocation (id, uuid, amount, amountType, enabled, idx, _limit, limitType, proposed, remainder, set_id, envelope_id) values (3148, 'a21efd3a-2271-3806-a49c-e0193f487622', 10.97, 0, true, 22, 21.94, 3, 0.00, 0.00, 3130, 233);
insert into Allocation (id, uuid, amount, amountType, enabled, idx, _limit, limitType, proposed, remainder, set_id, envelope_id) values (3149, '114364fc-c291-3f33-80cd-0f1e5b437569', 200.00, 0, true, 23, 200.00, 3, 0.00, 0.00, 3130, 252);
insert into Allocation (id, uuid, amount, amountType, enabled, idx, _limit, limitType, proposed, remainder, set_id, envelope_id) values (3150, '1829b17b-f998-3bba-8335-775778edae69', 70.69, 0, true, 24, 141.38, 3, 0.00, 0.00, 3130, 290);
insert into Allocation (id, uuid, amount, amountType, enabled, idx, _limit, limitType, proposed, remainder, set_id, envelope_id) values (3151, '9118c2ad-413f-3e2e-97ca-72e11fb60490', 175.00, 0, false, 25, 175.00, 3, 0.00, 0.00, 3130, 275);
insert into Allocation (id, uuid, amount, amountType, enabled, idx, _limit, limitType, proposed, remainder, set_id, envelope_id) values (3152, '8083796f-20a5-392d-974f-0b9256b9af3f', 6.48, 0, true, 26, 12.95, 3, 0.00, 0.00, 3130, 272);
insert into Allocation (id, uuid, amount, amountType, enabled, idx, _limit, limitType, proposed, remainder, set_id, envelope_id) values (3153, '6d4e4104-de62-3722-b407-692fd2756842', 2.74, 0, true, 26, 5.48, 3, 0.00, 0.00, 3130, 243);
insert into Allocation (id, uuid, amount, amountType, enabled, idx, _limit, limitType, proposed, remainder, set_id, envelope_id) values (3154, '614f335b-e1a3-3d7d-8b4e-197e4fcb9452', 181.39, 0, false, 27, 362.78, 3, 0.00, 0.00, 3130, 267);
insert into Allocation (id, uuid, amount, amountType, enabled, idx, _limit, limitType, proposed, remainder, set_id, envelope_id) values (3155, 'aef045f3-604c-3cae-81cf-a71b66358639', 65.00, 0, true, 28, 130.00, 3, 0.00, 0.00, 3130, 236);
insert into Allocation (id, uuid, amount, amountType, enabled, idx, _limit, limitType, proposed, remainder, set_id, envelope_id) values (3156, '3c104543-c606-374a-8958-f23651c5c373', 250.00, 0, false, 29, 500.00, 3, 0.00, 0.00, 3130, 294);
insert into Allocation (id, uuid, amount, amountType, enabled, idx, _limit, limitType, proposed, remainder, set_id, envelope_id) values (3157, 'ab60b765-6167-3cda-98cc-ab0a1ec130fe', 0.00, 1, true, 30, 0.00, 0, 0.00, 0.00, 3130, 275);

