insert into User (id, uuid, username, password) values (-1, '83d7132b-3af7-3b69-bf5b-715df990', 'template', '');
insert into User (id, uuid, username, password) values (1, '83d7142b-3af7-3b69-bf5b-715df990', 'default', '');

insert into FinancialInstitution (id, financialInstitutionId, name, organization, url, uuid) values(182, '5575', 'ShareBuilder', 'ShareBuilder', 'https://ofx.sharebuilder.com', 'eed41eef-0d44-38f2-b4b6-77962d5d87f3');
insert into FinancialInstitution (id, financialInstitutionId, name, organization, url, uuid) values(193, '1001', 'TD Banknorth', 'Banknorth', 'https://secure.tdbanknorth.com/scripts/serverext.dll', '6abfa595-643d-324b-9955-cd42e568ae71');
insert into FinancialInstitution (id, financialInstitutionId, name, organization, url, uuid) values(125, '5012', 'IronStone Bank', 'Atlantic States Bank', 'https://www.oasis.cfree.com/5012.ofxgp', '9970f665-0a56-3b1c-8fb8-99145b93bd38');
insert into FinancialInstitution (id, financialInstitutionId, name, organization, url, uuid) values(118, '321379070', 'Hawaiian Tel Federal Credit Union', 'Hawaiian Tel FCU', 'https://htl.usersonlnet.com/scripts/isaofx.dll', '01f5ae20-2115-3537-b973-0f08bab1a638');
insert into FinancialInstitution (id, financialInstitutionId, name, organization, url, uuid) values(183, '321174770', 'Sierra Central Credit Union', 'Sierra Central Credit Union', 'https://www.sierracpu.com/scripts/isaofx.dll', '694b9452-4441-3644-bc28-2a85190538de');
insert into FinancialInstitution (id, financialInstitutionId, name, organization, url, uuid) values(117, '321379041', 'Hawaii State FCU', 'Hawaii State FCU', 'https://hse.usersonlnet.com/scripts/isaofx.dll', '7f85c570-b90c-3102-83ad-fbc648ff7c72');
insert into FinancialInstitution (id, financialInstitutionId, name, organization, url, uuid) values(87, '251483311', 'DuPont Community Credit Union', 'DuPont Community Credit Union', 'https://pcu.mydccu.com/scripts/isaofx.dll', '02852b21-3d30-388e-a482-17dfe789efb2');
insert into FinancialInstitution (id, financialInstitutionId, name, organization, url, uuid) values(179, '777', 'Scottrade, Inc.', 'Scottrade', 'https://ofxstl.scottsave.com', 'dab59b1f-5eaa-3091-b2f0-c61e001ad101');
insert into FinancialInstitution (id, financialInstitutionId, name, organization, url, uuid) values(140, '011', 'Mercantile Brokerage Services', 'Mercantile Brokerage', 'https://ofx.netxclient.com/cgi/OFXNetx', '3a03048f-7aee-3db2-9a77-4d4f4fdb8fc3');
insert into FinancialInstitution (id, financialInstitutionId, name, organization, url, uuid) values(156, '5804', 'Northern Trust - Banking', 'ORG', 'https://www3883.ntrs.com/nta/ofxservlet', 'e740ee86-8a8e-38a4-8438-e834383b4153');
insert into FinancialInstitution (id, financialInstitutionId, name, organization, url, uuid) values(38, '6805', 'Bank of America (California)', 'HAN', 'https://ofx.bankofamerica.com/cgi-forte/ofx?servicename=ofx_2-3&pagename=bofa', '4a6eb3f4-cfea-3843-9a21-fdda5980a390');
insert into FinancialInstitution (id, financialInstitutionId, name, organization, url, uuid) values(79, '271188081', 'Credit Union 1 - IL', 'Credit Union 1', 'https://pcu.creditunion1.org/scripts/isaofx.dll', '2c002e53-9dcd-351e-b3f3-01b7c5ac0013');
insert into FinancialInstitution (id, financialInstitutionId, name, organization, url, uuid) values(119, '271979193', 'Hawthorne Credit Union', 'Hawthorne Credit Union', 'https://hwt.usersonlnet.com/scripts/isaofx.dll', '19f2e660-7484-3f01-bb32-1cd637810ff1');
insert into FinancialInstitution (id, financialInstitutionId, name, organization, url, uuid) values(72, '1001', 'Commerce Bank NJ, PA, NY&DE', 'CommerceBank', 'https://www.commerceonlinebanking.com/scripts/serverext.dll', 'ac164779-a75b-3236-bb51-d28281389b2b');
insert into FinancialInstitution (id, financialInstitutionId, name, organization, url, uuid) values(93, '263182558', 'Envision Credit Union', 'Envision Credit Union', 'https://pcu.envisioncu.com/scripts/isaofx.dll', '6e2c4b5c-62a2-37e8-8bfd-548176d914e8');
insert into FinancialInstitution (id, financialInstitutionId, name, organization, url, uuid) values(80, '14412', 'Credit Union ONE', 'Credit Union ONE', 'https://cuhome.cuone.org/ofx/ofx.dll', '94f1bff3-2324-32dc-8dd1-68b083d6a981');
insert into FinancialInstitution (id, financialInstitutionId, name, organization, url, uuid) values(163, '322281963', 'Patriots Federal Credit Union', 'PAT FCU', 'https://pat.usersonlnet.com/scripts/isaofx.dll', 'e187d297-6541-3881-85f4-ed2d542ec93c');
insert into FinancialInstitution (id, financialInstitutionId, name, organization, url, uuid) values(52, '1001', 'Capital One Bank', 'Hibernia', 'https://onlinebanking.capitalone.com/scripts/serverext.dll', 'd06293d5-7d72-3df9-9e02-d6375f51ff78');
insert into FinancialInstitution (id, financialInstitutionId, name, organization, url, uuid) values(60, '10898', 'Chase (credit card)', 'B1', 'https://ofx.chase.com', '281f5b66-df4a-30a8-a7c7-908e8e55c61b');
insert into FinancialInstitution (id, financialInstitutionId, name, organization, url, uuid) values(27, '54324', 'America First Credit Union', 'America First Credit Union', 'https://ofx.americafirst.com', 'b863dbe0-1dc9-3ee9-a3ef-953a47d3e820');
insert into FinancialInstitution (id, financialInstitutionId, name, organization, url, uuid) values(98, '5829', 'Fifth Third Bancorp', 'Fifth Third Bank', 'https://banking.53.com/ofx/OFXServlet', '1677a0c9-f122-347b-8be3-6ffad56c2df7');
insert into FinancialInstitution (id, financialInstitutionId, name, organization, url, uuid) values(77, '255074988', 'COMSTAR FCU', 'Comstar Federal Credit Union', 'https://pcu.comstarfcu.org/scripts/isaofx.dll', 'c4899fd2-eeb1-3115-9db9-412c46ef33c6');
insert into FinancialInstitution (id, financialInstitutionId, name, organization, url, uuid) values(144, '271984311', 'Motorola Employees Credit Union', 'Motorola Employees CU', 'https://mecuofx.mecunet.org/scripts/isaofx.dll', '0c4960ac-be65-3a1d-85df-c10acf92605d');
insert into FinancialInstitution (id, financialInstitutionId, name, organization, url, uuid) values(44, '265473333', 'Baton Rouge City Parish Emp FCU', 'Baton Rouge City Parish EFCU', 'https://bat.usersonlnet.com/scripts/isaofx.dll', 'f807ec23-bd74-341f-aaaa-f318720bc8b4');
insert into FinancialInstitution (id, financialInstitutionId, name, organization, url, uuid) values(48, '5006', 'California Bank&Trust', '401', 'https://pfm.metavante.com/ofx/OFXServlet', '65b1f9cd-960f-38ce-9350-7d7d48314280');
insert into FinancialInstitution (id, financialInstitutionId, name, organization, url, uuid) values(215, '10942', 'VISA Information Source', 'VISA', 'https://vis.informationmanagement.visa.com/eftxweb/access.ofx', '6df340ad-5834-3f6b-84f4-a9ff8bb6be6d');
insert into FinancialInstitution (id, financialInstitutionId, name, organization, url, uuid) values(207, '267077850', 'University Credit Union', 'University Credit Union', 'https://umc.usersonlnet.com/scripts/isaofx.dll', 'b2261805-2fd0-3f3c-a62c-afdafb611402');
insert into FinancialInstitution (id, financialInstitutionId, name, organization, url, uuid) values(152, '10888', 'Nevada Federal Credit Union', 'PSI', 'https://ssl4.nevadafederal.org/ofxdirect/ofxrqst.aspx', 'b1bfd8ed-ad55-3d7d-be50-d30b5385ab8f');
insert into FinancialInstitution (id, financialInstitutionId, name, organization, url, uuid) values(135, '6501', 'LaSalle Bank NA', 'LaSalle Bank NA', 'https://www.oasis.cfree.com/6501.ofxgp', '164e1228-0148-32ee-bf3f-bb1c3bfd1ba5');
insert into FinancialInstitution (id, financialInstitutionId, name, organization, url, uuid) values(89, '6201', 'Eastern Bank', 'Eastern Bank', 'https://www.oasis.cfree.com/6201.ofxgp', '8b1282f6-d627-3bca-a5de-1e3c8b7e91a3');
insert into FinancialInstitution (id, financialInstitutionId, name, organization, url, uuid) values(63, 'citadel', 'Citadel FCU', 'CitadelFCU', 'https://pcu.citadelfcu.org/scripts/isaofx.dll', '3feff918-994a-3aca-aebc-97c69f91f6db');
insert into FinancialInstitution (id, financialInstitutionId, name, organization, url, uuid) values(147, '7784', 'myStreetscape', 'Fidelity', 'https://ofx.ibgstreetscape.com:443', '61f67454-4636-33ad-8060-9f3e9e6cf2d9');
insert into FinancialInstitution (id, financialInstitutionId, name, organization, url, uuid) values(173, '222382438', 'Reliant Community Credit Union', 'W.C.T.A Federal Credit Union', 'https://wct.usersonlnet.com/scripts/isaofx.dll', 'acc89d0e-d695-3785-a476-916995594971');
insert into FinancialInstitution (id, financialInstitutionId, name, organization, url, uuid) values(105, '263079014', 'First Florida Credit Union', 'First Llorida Credit Union', 'https://pcu2.gecuf.org/scripts/isaofx.dll', '64d9c956-df2e-363f-b27a-3555a4c9ea9c');
insert into FinancialInstitution (id, financialInstitutionId, name, organization, url, uuid) values(120, '242', 'Hewitt Associates LLC', 'hewitt.com', 'https://seven.was.hewitt.com/eftxweb/access.ofx', '772d6b6d-f353-3dee-8ca1-4d797daa2abb');
insert into FinancialInstitution (id, financialInstitutionId, name, organization, url, uuid) values(155, '221982130', 'NorthEast Alliance FCU', 'NorthEast Alliance FCU', 'https://nea.usersonlnet.com/scripts/isaofx.dll', 'a097e601-3e5b-33b4-b749-dcdd0b1e82eb');
insert into FinancialInstitution (id, financialInstitutionId, name, organization, url, uuid) values(84, '1001', 'Desert Schools Federal Credit Union', 'DSFCU', 'https://epal.desertschools.org/scripts/serverext.dll', '3a9a00ec-0c5c-31cd-9f34-86b1a29bfa5e');
insert into FinancialInstitution (id, financialInstitutionId, name, organization, url, uuid) values(107, '7048', 'First Southwest Company', 'AFS', 'https://fswofx.automatedfinancial.com', '1a554c71-e77f-3958-910b-260f02ad8472');
insert into FinancialInstitution (id, financialInstitutionId, name, organization, url, uuid) values(110, 'FirstBank', 'FirstBank of Colorado', 'FBDC', 'https://www.efirstbankpfm.com/ofx/OFXServlet', '948dd760-2ac3-30a8-acb5-58f354b01b75');
insert into FinancialInstitution (id, financialInstitutionId, name, organization, url, uuid) values(160, '17600', 'OCTFCU', 'OCTFCU', 'https://ofx.octfcu.org', 'f1946990-3793-3ee9-8747-269c8a508099');
insert into FinancialInstitution (id, financialInstitutionId, name, organization, url, uuid) values(53, '255077736', 'Cedar Point Federal Credit Union', 'Cedar Point Federal Credit Union', 'https://pcu.cpfcu.com/scripts/isaofx.dll', '23714800-c9cc-3f2f-be83-87094c13fa5f');
insert into FinancialInstitution (id, financialInstitutionId, name, organization, url, uuid) values(141, '231386645', 'Merck Sharp&Dohme FCU', 'MERCK, SHARPE&DOHME FCU', 'https://msd.usersonlnet.com/scripts/isaofx.dll', '96edecce-5167-3425-b679-72f172234789');
insert into FinancialInstitution (id, financialInstitutionId, name, organization, url, uuid) values(127, '5301', 'JPMorgan Chase Bank (Texas)', 'Chase Bank of Texas', 'https://www.oasis.cfree.com/5301.ofxgp', '9f73788c-81ca-36a9-91a5-8ae2056fc5c1');
insert into FinancialInstitution (id, financialInstitutionId, name, organization, url, uuid) values(90, '311079474', 'EDS Credit Union', 'EDS CU', 'https://eds.usersonlnet.com/scripts/isaofx.dll', '785f95ca-9c77-3749-9a85-882abf9612f0');
insert into FinancialInstitution (id, financialInstitutionId, name, organization, url, uuid) values(133, '311080573', 'Las Colinas FCU', 'Las Colinas Federal CU', 'https://las.usersonlnet.com/scripts/isaofx.dll', 'e5fb983b-50d1-3ab4-a5a3-1124b11d1ae9');
insert into FinancialInstitution (id, financialInstitutionId, name, organization, url, uuid) values(151, '111904503', 'Navy Army Federal Credit Union', 'Navy Army Federal Credit Union', 'https://mybranch.navyarmyfcu.com/scripts/isaofx.dll', 'fc6011d6-a833-3fd1-9748-1e4636b243f0');
insert into FinancialInstitution (id, financialInstitutionId, name, organization, url, uuid) values(57, '1901', 'Centura Bank', 'Centura Bank', 'https://www.oasis.cfree.com/1901.ofxgp', 'a01e710b-ad93-3b9f-9dd3-4e60f5f14031');
insert into FinancialInstitution (id, financialInstitutionId, name, organization, url, uuid) values(112, 'FTCU', 'Florida Telco CU', 'FloridaTelcoCU', 'https://ppc.floridatelco.org/scripts/isaofx.dll', '5186cd7c-89a1-3f87-9a33-61f902a09f40');
insert into FinancialInstitution (id, financialInstitutionId, name, organization, url, uuid) values(56, '211287926', 'Central Maine FCU', 'Central Maine FCU', 'https://cro.usersonlnet.com/scripts/isaofx.dll', 'e24f921c-7d85-3328-a1e7-63da3cd74fd9');
insert into FinancialInstitution (id, financialInstitutionId, name, organization, url, uuid) values(42, '5811', 'Bank One', 'B1', 'https://onlineofx.chase.com/chase.ofx', '64cfa58b-a78e-39fe-a6d8-fe5ab2eb54e6');
insert into FinancialInstitution (id, financialInstitutionId, name, organization, url, uuid) values(99, '274073876', 'Finance Center FCU (IN)', 'Finance Center FCU', 'https://sec.fcfcu.com/scripts/isaofx.dll', '17ba5fe9-ad2b-3d94-88ce-bffd8ed323bb');
insert into FinancialInstitution (id, financialInstitutionId, name, organization, url, uuid) values(217, 'weitz.com', 'Weitz Funds', 'weitz.com', 'https://www3.financialtrans.com/tf/OFXServer?tx=OFXController&cz=702110804131918&cl=52204081925', '89beb243-6f9a-332f-9524-86f7d6a6b892');
insert into FinancialInstitution (id, financialInstitutionId, name, organization, url, uuid) values(159, '323076575', 'NW Preferred Federal Credit Union', 'NW Preferred FCU', 'https://nwf.usersonlnet.com/scripts/isaofx.dll', '6ac6fa61-ec85-3ad1-825d-5384fb64e488');
insert into FinancialInstitution (id, financialInstitutionId, name, organization, url, uuid) values(169, '54354', 'PSECU', 'Teknowledge', 'https://ofx.psecu.com/servlet/OFXServlet', '3e690ba0-b81e-3e0c-8eeb-5d91b540ce37');
insert into FinancialInstitution (id, financialInstitutionId, name, organization, url, uuid) values(137, '291975478', 'Mayo Employees Federal Credit Union', 'Mayo Employees FCU', 'https://homebank.mayocreditunion.org/ofx/ofx.dll', 'b2438f28-c314-3401-9910-cf31034690e9');
insert into FinancialInstitution (id, financialInstitutionId, name, organization, url, uuid) values(220, '10762', 'Wells Fargo Investments, LLC', 'wellsfargo.com', 'https://invmnt.wellsfargo.com/inv/directConnect', '77c09e09-6d9c-3cdd-8ed0-a4228a40f9dc');
insert into FinancialInstitution (id, financialInstitutionId, name, organization, url, uuid) values(226, '1115', 'Zions Bank', '244-3', 'https://quicken.metavante.com/ofx/OFXServlet', 'e787e334-3f0e-34c2-b3c8-3b9b8ad43040');
insert into FinancialInstitution (id, financialInstitutionId, name, organization, url, uuid) values(34, '221277007', 'B-M S Federal Credit Union', 'B-M S Federal Credit Union', 'https://bms.usersonlnet.com/scripts/isaofx.dll', 'dce842f5-ef13-3e91-964f-e46f05935046');
insert into FinancialInstitution (id, financialInstitutionId, name, organization, url, uuid) values(32, '273973456', 'Ascentra Credit Union', 'Alcoa Employees&Community CU', 'https://alc.usersonlnet.com/scripts/isaofx.dll', '6bf9f433-2216-37dd-9e78-54b550e98806');
insert into FinancialInstitution (id, financialInstitutionId, name, organization, url, uuid) values(31, '322172797', 'Arizona Federal Credit Union', 'DI', 'https://ofxdi.diginsite.com/cmr/cmr.ofx', '65c9d415-a667-3703-9a68-7930a35632be');
insert into FinancialInstitution (id, financialInstitutionId, name, organization, url, uuid) values(145, '053285173', 'MTC Federal Credit Union', 'MTC Federal Credit Union', 'https://mic.usersonlnet.com/scripts/isaofx.dll', '2b6ea9d7-9593-33fe-82bf-fc12e230902b');
insert into FinancialInstitution (id, financialInstitutionId, name, organization, url, uuid) values(162, '2000', 'Patelco CU', 'Patelco Credit Union', 'https://ofx.patelco.org', '03b75e19-dded-339f-b517-4ff6054d393b');
insert into FinancialInstitution (id, financialInstitutionId, name, organization, url, uuid) values(51, '1001', 'Capital One', 'Hibernia', 'https://onlinebanking.capitalone.com/scripts/serverext.dll', 'b8163be7-a22e-3b5f-b37f-bbf8471d64b0');
insert into FinancialInstitution (id, financialInstitutionId, name, organization, url, uuid) values(176, '321171757', 'SafeAmerica Credit Union', 'SafeAmerica Credit Union', 'https://saf.usersonlnet.com/scripts/isaofx.dll', 'e24d24ef-5993-3002-b293-3bc063049bfd');
insert into FinancialInstitution (id, financialInstitutionId, name, organization, url, uuid) values(138, '263179956', 'McCoy Federal Credit Union', 'McCoy Federal Credit Union', 'https://www.mccoydirect.org/scripts/isaofx.dll', '7d1cb43d-7923-34ec-86b2-c8b9356aa326');
insert into FinancialInstitution (id, financialInstitutionId, name, organization, url, uuid) values(54, '274972883', 'Centra Credit Union', 'Centra CU', 'https://centralink.org/scripts/isaofx.dll', '0ab4e611-587a-3902-b316-6f65dd95b3d2');
insert into FinancialInstitution (id, financialInstitutionId, name, organization, url, uuid) values(26, '322274462', 'AltaOne Federal Credit Union', 'AltaOneFCU', 'https://pcu.altaone.org/scripts/isaofx.dll', '67a61786-1dd7-30a7-8706-6aef2ed78f6c');
insert into FinancialInstitution (id, financialInstitutionId, name, organization, url, uuid) values(106, '074014187', 'First Internet Bank of Indiana', 'DI', 'https://ofxdi.diginsite.com/cmr/cmr.ofx', '2886ab43-4701-3aad-8910-c048ba8af531');
insert into FinancialInstitution (id, financialInstitutionId, name, organization, url, uuid) values(129, '263179532', 'Kennedy Space Center FCU', 'Kennedy Space Center FCU', 'https://www.pcu.kscfcu.org/scripts/isaofx.dll', '745dd89c-d91f-38ed-83dd-e6d0c7ba4298');
insert into FinancialInstitution (id, financialInstitutionId, name, organization, url, uuid) values(131, '322278073', 'Kinecta Federal Credit Union', 'KINECTA', 'https://ofx.kinecta.org/OFXServer/ofxsrvr.dll', 'ed207573-9146-3f71-9bab-5068d7a308db');
insert into FinancialInstitution (id, financialInstitutionId, name, organization, url, uuid) values(100, '321177803', 'Financial Center CU', 'Fincancial Center Credit Union', 'https://fin.usersonlnet.com/scripts/isaofx.dll', '4e515e3a-c0cf-3586-9306-125a1ad73b77');
insert into FinancialInstitution (id, financialInstitutionId, name, organization, url, uuid) values(104, '272483633', 'First Community FCU', 'FirstCommunityFCU', 'https://pcu.1stcomm.org/scripts/isaofx.dll', '4e063436-3436-35a0-a6d8-f986d8bea4ab');
insert into FinancialInstitution (id, financialInstitutionId, name, organization, url, uuid) values(67, '243083237', 'Clearview Federal Credit Union', 'Clearview Federal Credit Union', 'https://www.pcu.clearviewfcu.org/scripts/isaofx.dll', '0a760cd0-4c06-34f4-a17e-74f3f13fabab');
insert into FinancialInstitution (id, financialInstitutionId, name, organization, url, uuid) values(213, '281081479', 'Vantage Credit Union', 'EECU-St. Louis', 'https://secure2.eecu.com/scripts/isaofx.dll', 'b3a67e9c-421a-3411-9ca8-e378f1640c0d');
insert into FinancialInstitution (id, financialInstitutionId, name, organization, url, uuid) values(97, '8288', 'Fidelity NetBenefits', 'nbofx.fidelity.com', 'https://nbofx.fidelity.com/netbenefits/ofx/download', '6c982376-f9a5-3220-97a5-5bd752975be7');
insert into FinancialInstitution (id, financialInstitutionId, name, organization, url, uuid) values(62, '271078146', 'Chicago Patrolmens FCU', 'Chicago Patrolmens CU', 'https://chp.usersonlnet.com/scripts/isaofx.dll', 'abcc500f-076b-329f-8f3a-71ec5ac85f07');
insert into FinancialInstitution (id, financialInstitutionId, name, organization, url, uuid) values(66, 'CTZBK', 'Citizens Bank - Consumer', 'CheckFree OFX', 'https://www.oasis.cfree.com/0CTZBK.ofxgp', '757f9e22-9966-34a6-8774-5a90db420f03');
insert into FinancialInstitution (id, financialInstitutionId, name, organization, url, uuid) values(178, '90001', 'Schools Financial Credit Union', 'Teknowledge', 'https://ofx.schools.org/TekPortalOFX/servlet/TP_OFX_Controller', '5d361862-c389-3eea-b351-9d0b90fd63b6');
insert into FinancialInstitution (id, financialInstitutionId, name, organization, url, uuid) values(225, '325183796', 'Yakima Valley Credit Union', 'Yakima Valley Credit Union', 'https://secure1.yvcu.org/scripts/isaofx.dll', 'd42751d4-456b-3bcf-9d3a-b025c598dd3f');
insert into FinancialInstitution (id, financialInstitutionId, name, organization, url, uuid) values(75, '275982801', 'Community First Credit Union', 'Community First Credit Union', 'https://pcu.communityfirstcu.org/scripts/isaofx.dll', 'c60faf00-9688-37c5-87b7-3edf29029c55');
insert into FinancialInstitution (id, financialInstitutionId, name, organization, url, uuid) values(73, '4001', 'Commerce Bank, NA', 'Commerce Bank NA', 'https://www.oasis.cfree.com/4001.ofxgp', 'b4217a1f-53e1-3b39-b1c4-f2c99b11a8e0');
insert into FinancialInstitution (id, financialInstitutionId, name, organization, url, uuid) values(21, '43-0895447', 'A. G. Edwards and Sons, Inc.', 'A.G. Edwards', 'https://ofx.agedwards.com', '83d7142b-3af7-3b69-bf8b-715df9908d58');
insert into FinancialInstitution (id, financialInstitutionId, name, organization, url, uuid) values(65, '4639', 'Citizens Bank - Business', 'CheckFree OFX', 'https://www.oasis.cfree.com/04639.ofxgp', 'd5fba9b2-aa64-3583-97a7-c2b42ce0a1cc');
insert into FinancialInstitution (id, financialInstitutionId, name, organization, url, uuid) values(186, '304982235', 'Siouxland Federal Credit Union', 'SIOUXLAND FCU', 'https://sio.usersonlnet.com/scripts/isaofx.dll', '82158bad-d70b-3cb6-8c26-3dc5f5a5c374');
insert into FinancialInstitution (id, financialInstitutionId, name, organization, url, uuid) values(28, '3101', 'American Express Card', 'AMEX', 'https://www99.americanexpress.com/myca/ofxdl/us/download?request_type=nl_desktopdownload', 'b9a6294a-70d5-37e2-a9f1-5e54cf689a12');
insert into FinancialInstitution (id, financialInstitutionId, name, organization, url, uuid) values(206, '221276011', 'United Teletech Financial', 'DI', 'https://ofxcore.digitalinsight.com:443/servlet/OFXCoreServlet', '9c568d73-b711-324d-803d-1a1eb8fb766b');
insert into FinancialInstitution (id, financialInstitutionId, name, organization, url, uuid) values(197, '121102036', 'The Mechanics Bank', 'TMB', 'https://ofx.mechbank.com/OFXServer/ofxsrvr.dll', '27778af7-0df7-39c5-928f-3ba87558400e');
insert into FinancialInstitution (id, financialInstitutionId, name, organization, url, uuid) values(201, '253177832', 'Truliant FCU', 'DI', 'https://ofxdi.diginsite.com/cmr/cmr.ofx', '40c1d4bd-25ae-3475-bdf5-fea35a7c98f1');
insert into FinancialInstitution (id, financialInstitutionId, name, organization, url, uuid) values(123, '3701', 'Huntington National Bank', 'Huntington', 'https://onlinebanking.huntington.com/scripts/serverext.dll', '4b0784c4-6c30-33d2-9f48-554d2ad9a2fd');
insert into FinancialInstitution (id, financialInstitutionId, name, organization, url, uuid) values(212, '1001', 'UW Credit Union', 'UWCU', 'https://ofx.uwcu.org/serverext.dll', '20816a6f-8aad-3dd0-8cc6-c0223ec91429');
insert into FinancialInstitution (id, financialInstitutionId, name, organization, url, uuid) values(190, '6510', 'Spectrum Connect/Reich&Tang', 'SpectrumConnect', 'https://www.oasis.cfree.com/6510.ofxgp', '137d82ed-bf28-37c3-970d-3c2867d21d6b');
insert into FinancialInstitution (id, financialInstitutionId, name, organization, url, uuid) values(195, '313185515', 'Texas Dow Employees Credit Union', 'TexasDow', 'https://allthetime.tdecu.org/scripts/isaofx.dll', 'd23c4296-88d2-3443-b1b1-7e2136684afc');
insert into FinancialInstitution (id, financialInstitutionId, name, organization, url, uuid) values(134, '1101', 'LaSalle Bank Midwest', 'LaSalleBankMidwest', 'https://www.oasis.cfree.com/1101.ofxgp', 'c5111400-3f84-3adc-874f-bc579849bf54');
insert into FinancialInstitution (id, financialInstitutionId, name, organization, url, uuid) values(214, '251481355', 'Virginia Educators Credit Union', 'Virginia Educators CU', 'https://www.vecumoneylink.org/scripts/isaofx.dll', '6d73f382-1669-359d-8911-975ddfe86306');
insert into FinancialInstitution (id, financialInstitutionId, name, organization, url, uuid) values(224, '325181028', 'WSECU', 'WSECU', 'https://ssl3.wsecu.org/ofxserver/ofxsrvr.dll', 'e5cf254c-7a57-3e2e-9075-1c3aca8dd548');
insert into FinancialInstitution (id, financialInstitutionId, name, organization, url, uuid) values(132, '307070050', 'Kirtland Federal Credit Union', 'Kirtland Federal Credit Union', 'https://pcu.kirtlandfcu.org/scripts/isaofx.dll', '71d289b2-64ad-3131-8f53-127a28c257bc');
insert into FinancialInstitution (id, financialInstitutionId, name, organization, url, uuid) values(175, '321173742', 'Safe Credit Union - OFX Beta', 'DI', 'https://ofxcert.diginsite.com/cmr/cmr.ofx', '8358a138-90f9-3a65-9d63-5f299474fc00');
insert into FinancialInstitution (id, financialInstitutionId, name, organization, url, uuid) values(166, '221275216', 'Picatinny Federal Credit Union', 'Picatinny Federal Credit Union', 'https://banking.picacreditunion.com/scripts/isaofx.dll', '348652d5-fc58-37b0-8adf-3bde26337fd5');
insert into FinancialInstitution (id, financialInstitutionId, name, organization, url, uuid) values(85, '7101', 'Discover Card', 'Discover Financial Services', 'https://ofx.discovercard.com', 'ee32d885-f61f-3e7c-86f8-3dddfa5af67f');
insert into FinancialInstitution (id, financialInstitutionId, name, organization, url, uuid) values(205, '2901', 'Union Bank of California', 'Union Bank of California', 'https://www.oasis.cfree.com/2901.ofxgp', '807fe433-faa2-3f5a-9e5a-265cc41e3c0e');
insert into FinancialInstitution (id, financialInstitutionId, name, organization, url, uuid) values(222, '321380315', 'Windward Community FCU', 'Windward Community FCU', 'https://wwc.usersonlnet.com/scripts/isaofx.dll', '896f8f2a-eca6-3012-b306-cb0dacb695cd');
insert into FinancialInstitution (id, financialInstitutionId, name, organization, url, uuid) values(203, '7772', 'UBS Financial Services Inc.', 'Intuit', 'https://ofx1.ubs.com/eftxweb/access.ofx', '6f101c7e-d11d-3c48-b205-9ca25cc6b2f1');
insert into FinancialInstitution (id, financialInstitutionId, name, organization, url, uuid) values(23, '11288', 'Addison Avenue Federal Credit Union', 'hpcu', 'https://ofx.addisonavenue.com', 'd6c23cac-bb18-3217-8fa0-40c00a279fc8');
insert into FinancialInstitution (id, financialInstitutionId, name, organization, url, uuid) values(59, '101', 'Charles Schwab Bank, N.A.', 'ISC', 'https://ofx.schwab.com/bankcgi_dev/ofx_server', 'f42b9a25-5ade-3472-b9e4-fe877c2c7532');
insert into FinancialInstitution (id, financialInstitutionId, name, organization, url, uuid) values(167, '4501', 'PNC Bank', 'ISC', 'https://www.oasis.cfree.com/4501.ofxgp', 'f27781a2-00fd-3b55-aef8-8ed010ddbdd4');
insert into FinancialInstitution (id, financialInstitutionId, name, organization, url, uuid) values(103, '231379199', 'First Commonwealth FCU', 'FirstCommonwealthFCU', 'https://pcu.firstcomcu.org/scripts/isaofx.dll', '99e5d0bd-1936-31fe-85bf-98dd84573604');
insert into FinancialInstitution (id, financialInstitutionId, name, organization, url, uuid) values(61, '251480327', 'Chesterfield Federal Credit Union', 'Chesterfield Employees FCU', 'https://chf.usersonlnet.com/scripts/isaofx.dll', 'dc1371a2-09e7-3f82-aca2-6b44b47144cb');
insert into FinancialInstitution (id, financialInstitutionId, name, organization, url, uuid) values(153, '1121', 'Nevada State Bank - New', '295-3', 'https://quicken.metavante.com/ofx/OFXServlet', '4e031c1a-5c0c-3f25-87d1-a473ea855b62');
insert into FinancialInstitution (id, financialInstitutionId, name, organization, url, uuid) values(94, '231277440', 'FAA Technical Center FCU', 'FAA Technical Center FCU', 'https://ftc.usersonlnet.com/scripts/isaofx.dll', 'c4012516-503a-3836-9cbb-02c0d3f7e109');
insert into FinancialInstitution (id, financialInstitutionId, name, organization, url, uuid) values(161, '11638', 'Old National Bank', 'ONB', 'https://www.ofx.oldnational.com/ofxpreprocess.asp', 'e7971f81-4a37-3f93-bfe2-cf75a505e2d7');
insert into FinancialInstitution (id, financialInstitutionId, name, organization, url, uuid) values(69, '1046', 'Colonial Bank', 'Colonial Banc Group', 'https://www.oasis.cfree.com/1046.ofxgp', '7dea4577-bff8-387b-b4f8-2df4cd49a5ee');
insert into FinancialInstitution (id, financialInstitutionId, name, organization, url, uuid) values(30, '262087609', 'APCO EMPLOYEES CREDIT UNION', 'APCO Employees Credit Union', 'https://apc.usersonlnet.com/scripts/isaofx.dll', '913e5f8e-a337-37a9-b445-5f8e40ccab84');
insert into FinancialInstitution (id, financialInstitutionId, name, organization, url, uuid) values(114, '261271364', 'Fort Stewart GeorgiaFCU', 'Fort Stewart FCU', 'https://fsg.usersonlnet.com/scripts/isaofx.dll', '0fdc7ba0-0db1-38e2-8082-88049881fee5');
insert into FinancialInstitution (id, financialInstitutionId, name, organization, url, uuid) values(33, '24909', 'AT&T Universal Card', 'Citigroup', 'https://secureofx2.bankhost.com/citi/cgi-forte/ofx_rt?servicename=ofx_rt&pagename=ofx', 'd8ec5224-b08c-3a5d-8776-82feaf5e485e');
insert into FinancialInstitution (id, financialInstitutionId, name, organization, url, uuid) values(111, '313187571', 'FivePoint Credit Union', 'FivePoint Credit Union', 'https://tfcu-nfuse01.texacocommunity.org/internetconnector/isaofx.dll', '318b6bb5-8aad-3036-a134-7a47851e8f3a');
insert into FinancialInstitution (id, financialInstitutionId, name, organization, url, uuid) values(149, '5860', 'National City', 'NATIONAL CITY', 'https://ofx.nationalcity.com/ofx/OFXConsumer.aspx', 'd21dd115-0f81-39b0-8d0d-0f99582f63f6');
insert into FinancialInstitution (id, financialInstitutionId, name, organization, url, uuid) values(126, '1601', 'JPMorgan Chase Bank', 'Chase Bank', 'https://www.oasis.cfree.com/1601.ofxgp', '3ab4a3c2-4462-35d1-873c-3a4a528fee81');
insert into FinancialInstitution (id, financialInstitutionId, name, organization, url, uuid) values(45, 'BBT', 'BB&T', 'BBT', 'https://eftx.bbt.com/eftxweb/access.ofx', '352f91cc-18c6-3f7f-b67a-d9f28351c57a');
insert into FinancialInstitution (id, financialInstitutionId, name, organization, url, uuid) values(130, '5901', 'KeyBank', 'KeyBank', 'https://www.oasis.cfree.com/KeyBank.ofxgp', '6a2164ce-2831-3810-8487-6893c3f5221b');
insert into FinancialInstitution (id, financialInstitutionId, name, organization, url, uuid) values(188, '261271500', 'Southeastern CU', 'Southeastern FCU', 'https://moo.usersonlnet.com/scripts/isaofx.dll', '368e7835-3cdd-38ab-9902-0b1588720580');
insert into FinancialInstitution (id, financialInstitutionId, name, organization, url, uuid) values(95, '211382591', 'Fall River Municipal CU', 'Fall River Municipal CU', 'https://fal.usersonlnet.com/scripts/isaofx.dll', 'e84836f5-4194-3e4a-ae12-e7b4cafafe5f');
insert into FinancialInstitution (id, financialInstitutionId, name, organization, url, uuid) values(209, '1401', 'US Bank', 'US Bank', 'https://www.oasis.cfree.com/1401.ofxgp', '36ffc790-47a0-33ce-a814-a58f53133c53');
insert into FinancialInstitution (id, financialInstitutionId, name, organization, url, uuid) values(41, '4751', 'Bank of the Cascades', 'JackHenry', 'https://directline.netteller.com', 'ac56c704-0d66-3c9f-bf42-42bdfcb82115');
insert into FinancialInstitution (id, financialInstitutionId, name, organization, url, uuid) values(192, '2801', 'SunTrust', 'SunTrust PC Banking', 'https://www.oasis.cfree.com/2801.ofxgp', '6c02781c-8ac2-3347-91ae-bc2758639fda');
insert into FinancialInstitution (id, financialInstitutionId, name, organization, url, uuid) values(170, '303986148', 'Red Crown Federal Credit Union', 'Red Crown FCU', 'https://cre.usersonlnet.com/scripts/isaofx.dll', '902b3cce-03b0-3e79-8fc1-bc1ac8c8e25f');
insert into FinancialInstitution (id, financialInstitutionId, name, organization, url, uuid) values(139, '1226', 'Mellon Bank', 'Mellon Bank', 'https://www.oasis.cfree.com/1226.ofxgp', '3fb1d822-a35d-3e5e-a05a-84c7d829f944');
insert into FinancialInstitution (id, financialInstitutionId, name, organization, url, uuid) values(29, '3102', 'Ameriprise Financial Services, Inc.', 'AMPF', 'https://www25.ameriprise.com/AMPFWeb/ofxdl/us/download?request_type=nl_desktopdownload', '34dfc3ed-dc83-3d31-bce6-e86d269461ae');
insert into FinancialInstitution (id, financialInstitutionId, name, organization, url, uuid) values(39, '3901', 'Bank of Stockton', 'BOS', 'https://internetbanking.bankofstockton.com/scripts/serverext.dll', 'b63ba646-bf0a-3e1f-b9fa-3e56d5f272cd');
insert into FinancialInstitution (id, financialInstitutionId, name, organization, url, uuid) values(136, '107001012', 'Los Alamos National Bank', 'LANB', 'https://www.lanb.com/ofx/ofxrelay.dll', '97723bae-dd6b-318f-94a0-585524c99d04');
insert into FinancialInstitution (id, financialInstitutionId, name, organization, url, uuid) values(142, '5550', 'Merrill Lynch&Co., Inc.', 'Merrill Lynch&Co., Inc.', 'https://taxcert.mlol.ml.com/eftxweb/access.ofx', 'af32bac8-8d0c-36cc-809f-df8ec6aa8e63');
insert into FinancialInstitution (id, financialInstitutionId, name, organization, url, uuid) values(43, '2', 'Bank-Fund Staff FCU', 'Bank Fund Staff FCU', 'https://secure.bfsfcu.org/ofx/ofx.dll', '4b9c775c-fa65-3097-b5a4-8bd212aed6c3');
insert into FinancialInstitution (id, financialInstitutionId, name, organization, url, uuid) values(180, '7784', 'Securities America', 'Fidelity', 'https://ofx.ibgstreetscape.com:443', 'f36b780e-669d-37fc-8d5d-5f4d776f5b04');
insert into FinancialInstitution (id, financialInstitutionId, name, organization, url, uuid) values(198, '321379504', 'The Queen''s Federal Credit Union', 'The Queens Federal Credit Union', 'https://que.usersonlnet.com/scripts/isaofx.dll', '77abc458-3d7d-3e1c-b9f8-9fd3a2f56b52');
insert into FinancialInstitution (id, financialInstitutionId, name, organization, url, uuid) values(71, '5601', 'Comerica Bank', 'Comerica', 'https://www.oasis.cfree.com/5601.ofxgp', 'e0b37919-0c52-3805-b5ac-c2274be52adc');
insert into FinancialInstitution (id, financialInstitutionId, name, organization, url, uuid) values(102, '5013', 'First Citizens Bank - NC, VA, WV', 'First Citizens Bank NC, VA, WV', 'https://www.oasis.cfree.com/5013.ofxgp', '08c0d37c-add8-3c95-b58b-bd20974fdbb6');
insert into FinancialInstitution (id, financialInstitutionId, name, organization, url, uuid) values(187, '3201', 'Smith Barney - Transactions', 'SmithBarney', 'https://www.oasis.cfree.com/3201.ofxgp', '4ddfda01-6a04-396c-bd83-74d19c4d0810');
insert into FinancialInstitution (id, financialInstitutionId, name, organization, url, uuid) values(157, '6028', 'Northern Trust - Investments', 'Northern Trust Investments', 'https://www3883.ntrs.com/nta/ofxservlet?accounttypegroup=INV', '878935dc-3896-3d56-806b-a76bcc866ecf');
insert into FinancialInstitution (id, financialInstitutionId, name, organization, url, uuid) values(116, '281076853', 'GCS Federal Credit Union', 'Granite City Steel cu', 'https://pcu.mygcscu.com/scripts/isaofx.dll', '7616dccc-1bfa-3319-a7c1-e0fd2473d05f');
insert into FinancialInstitution (id, financialInstitutionId, name, organization, url, uuid) values(121, '321378660', 'HFS Federal Credit Union', 'HFS Federal Credit Union', 'https://hfs.usersonlnet.com/scripts/isaofx.dll', '39ddc7a9-4a71-3663-a830-b86b2971df0a');
insert into FinancialInstitution (id, financialInstitutionId, name, organization, url, uuid) values(174, '091901480', 'SAC FEDERAL CREDIT UNION', 'SAC Federal CU', 'https://pcu.sacfcu.com/scripts/isaofx.dll', '28ee0ee9-8416-3307-8040-2ae691a9164e');
insert into FinancialInstitution (id, financialInstitutionId, name, organization, url, uuid) values(35, '103003632', 'BancFirst', 'DI', 'https://ofxdi.diginsite.com/cmr/cmr.ofx', '8ae3863a-22a3-3719-b7cd-f5248110fa0b');
insert into FinancialInstitution (id, financialInstitutionId, name, organization, url, uuid) values(49, '322279975', 'Camino FCU', 'Camino FCU', 'https://homebanking.caminofcu.org/isaofx/isaofx.dll', 'e3f1d63f-94bc-3f95-9af0-bd41bffcd24a');
insert into FinancialInstitution (id, financialInstitutionId, name, organization, url, uuid) values(22, '251481627', 'ABNB Federal Credit Union', 'ABNB Federal Credit Union', 'https://cuathome.abnbfcu.org/scripts/isaofx.dll', '7d685e7c-87a8-3efb-893b-82c8a51e74d0');
insert into FinancialInstitution (id, financialInstitutionId, name, organization, url, uuid) values(25, '1451', 'Alpine Banks of Colorado', 'JackHenry', 'https://directline.netteller.com', '49c334ba-ca56-3f80-ad7d-4bc4796e9e17');
insert into FinancialInstitution (id, financialInstitutionId, name, organization, url, uuid) values(216, '4309', 'Wachovia Bank', 'Wachovia', 'https://pfmpw.wachovia.com/cgi-forte/fortecgi?servicename=ofx&pagename=PFM', '922bd953-ddfd-3250-8fb6-beb5b25d951d');
insert into FinancialInstitution (id, financialInstitutionId, name, organization, url, uuid) values(46, '6217', 'Billings Federal Credit Union', 'Billings Federal Credit Union', 'https://bfcuonline.billingsfcu.org/ofx/ofx.dll', '109b1598-5070-3845-914b-8c9f5894c116');
insert into FinancialInstitution (id, financialInstitutionId, name, organization, url, uuid) values(108, '2243', 'First Tech Credit Union', 'First Tech Credit Union', 'https://ofx.firsttechcu.com', '7e30c0bd-51ee-3270-a963-228923f993b0');
insert into FinancialInstitution (id, financialInstitutionId, name, organization, url, uuid) values(211, '324377820', 'Utah Community Credit Union', 'Utah Community Credit Union', 'https://ofx.uccu.com/scripts/isaofx.dll', 'adacb72c-f2af-3e86-9922-e31ff9cc708d');
insert into FinancialInstitution (id, financialInstitutionId, name, organization, url, uuid) values(172, '243', 'Regions Bank', 'regions.com', 'https://ofx.morgankeegan.com/begasp/directtocore.asp', '33369b98-f936-376b-8098-c348be81d6b3');
insert into FinancialInstitution (id, financialInstitutionId, name, organization, url, uuid) values(218, '3001', 'Wells Fargo', 'Wells Fargo', 'https://www.oasis.cfree.com/3001.ofxgp', 'df5d2d71-7775-3931-a162-4abcd102f41d');
insert into FinancialInstitution (id, financialInstitutionId, name, organization, url, uuid) values(113, '283978425', 'Fort Knox Federal Credit Union', 'Fort Knox Federal Credit Union', 'https://fcs1.fkfcu.org/scripts/isaofx.dll', '83d2e9bc-e3ee-35fd-be5a-b2ddc13af6d3');
insert into FinancialInstitution (id, financialInstitutionId, name, organization, url, uuid) values(70, '323383349', 'Columbia Credit Union', 'Columbia Credit Union', 'https://ofx.columbiacu.org/scripts/isaofx.dll', '01a79fc1-20f7-31b8-b6ae-182c8298a0f6');
insert into FinancialInstitution (id, financialInstitutionId, name, organization, url, uuid) values(143, '1235', 'Morgan Stanley ClientServ', 'msdw.com', 'https://ofx.morganstanleyclientserv.com/ofx/ProfileMSMoney.ofx', 'd8996867-da00-34e3-999d-4d304ff21675');
insert into FinancialInstitution (id, financialInstitutionId, name, organization, url, uuid) values(171, '2143', 'Redstone Federal Credit Union', 'Harland Financial Solutions', 'https://remotebanking.redfcu.org/ofx/ofx.dll', '9b7e96d9-7225-3bf4-a0f1-8aca22b1919a');
insert into FinancialInstitution (id, financialInstitutionId, name, organization, url, uuid) values(20, '289', '66 Federal Credit Union', 'SixySix', 'https://ofx.cuonlineaccounts.org', 'aa738057-50cc-3743-8e00-3153204574e7');
insert into FinancialInstitution (id, financialInstitutionId, name, organization, url, uuid) values(47, '311175129', 'Bossier Federal Credit Union', 'Bossier Federal Credit Union', 'https://bos.usersonlnet.com/scripts/isaofx.dll', 'b227ef93-36a0-347c-a2ad-cbc5ac328d58');
insert into FinancialInstitution (id, financialInstitutionId, name, organization, url, uuid) values(202, '321076289', 'U.S. First FCU', 'US First FCU', 'https://uff.usersonlnet.com/scripts/isaofx.dll', '20f5314d-6c2f-3cb1-8223-d6aebc16e708');
insert into FinancialInstitution (id, financialInstitutionId, name, organization, url, uuid) values(64, '24909', 'Citi Credit Card', 'Citigroup', 'https://secureofx2.bankhost.com/citi/cgi-forte/ofx_rt?servicename=ofx_rt&pagename=ofx', '11508aea-2580-37fb-9f24-20612d99b114');
insert into FinancialInstitution (id, financialInstitutionId, name, organization, url, uuid) values(82, '3328', 'Delta Community Credit Union', 'decu.org', 'https://appweb.deltacommunitycu.com/ofxroot/directtocore.asp', '1b4b30ae-d3e4-373b-9922-57491a1f1896');
insert into FinancialInstitution (id, financialInstitutionId, name, organization, url, uuid) values(168, '1271', 'Prudential Retirement', 'Prudential Retirement Services', 'https://ofx.prudential.com/eftxweb/EFTXWebRedirector', 'fe9be80d-1d99-3553-8a1c-65bebb76aa04');
insert into FinancialInstitution (id, financialInstitutionId, name, organization, url, uuid) values(184, '255075495', 'Signal Financial Federal Credit Union', 'Washington Telephone FCU', 'https://webpb.sfonline.org/scripts/isaofx.dll', 'ec3150b4-8ebd-3373-a26b-5ba09d2ef7b1');
insert into FinancialInstitution (id, financialInstitutionId, name, organization, url, uuid) values(199, '291975465', 'Think Federal Credit Union', 'IBMCU', 'https://ofx.ibmcu.com', 'e7e4c9cd-74b9-3e61-8ce3-b97176e358be');
insert into FinancialInstitution (id, financialInstitutionId, name, organization, url, uuid) values(24, '303085230', 'Allegiance Credit Union', 'Federal Employees CU', 'https://fed.usersonlnet.com/scripts/isaofx.dll', '12ab8bbb-72e2-3313-b190-00f1d891db8e');
insert into FinancialInstitution (id, financialInstitutionId, name, organization, url, uuid) values(109, '1255', 'Firstar', 'Firstar', 'https://www.oasis.cfree.com/1255.ofxgp', '11e462c7-0c7d-3eda-8354-2a797ab714b9');
insert into FinancialInstitution (id, financialInstitutionId, name, organization, url, uuid) values(68, '35GFA', 'Collegedale Credit Union', 'CollegedaleCU', 'https://www.netit.financial-net.com/ofx', '00bfb117-091e-3873-a0a7-b8965d1c0799');
insert into FinancialInstitution (id, financialInstitutionId, name, organization, url, uuid) values(194, '11257', 'Technology Credit Union - CA', 'Tech CU', 'https://webbranchofx.techcu.com/TekPortalOFX/servlet/TP_OFX_Controller', 'd231d3b3-9ff8-3835-a0b7-188ac8161933');
insert into FinancialInstitution (id, financialInstitutionId, name, organization, url, uuid) values(200, '243382747', 'Tri Boro Federal Credit Union', 'Tri Boro Federal Credit Union', 'https://tri.usersonlnet.com/scripts/isaofx.dll', 'a9a235f5-9ccf-351d-b324-defdbb8be7c4');
insert into FinancialInstitution (id, financialInstitutionId, name, organization, url, uuid) values(181, '314986292', 'Security 1st FCU', 'Security 1st FCU', 'https://sec.usersonlnet.com/scripts/isaofx.dll', 'e2cccf5e-ee2c-3b75-9ce3-49c6b7cb6955');
insert into FinancialInstitution (id, financialInstitutionId, name, organization, url, uuid) values(50, '263178478', 'Campus USA Credit Union', 'Campus USA Credit Union', 'https://que.campuscu.com/scripts/isaofx.dll', 'a34b183c-75c2-3d05-807c-0902087f7949');
insert into FinancialInstitution (id, financialInstitutionId, name, organization, url, uuid) values(164, '325182344', 'Peninsula Community Federal Credit Union', 'Peninsula Credit Union', 'https://mas.usersonlnet.com/scripts/isaofx.dll', '390aa36e-6622-33b2-9761-9580ed9ed845');
insert into FinancialInstitution (id, financialInstitutionId, name, organization, url, uuid) values(148, '466', 'Nantucket Bank', 'Nantucket', 'https://ofx.onlinencr.com/scripts/serverext.dll', '2f5e6e73-4462-3a2f-9941-a9e505eb5648');
insert into FinancialInstitution (id, financialInstitutionId, name, organization, url, uuid) values(223, '254074345', 'Wright Patman Congressional FCU', 'Wright Patman Congressional FCU', 'https://www.congressionalonline.org/scripts/isaofx.dll', 'bd2b30f8-9486-3411-a9e6-695c6e3e0ed0');
insert into FinancialInstitution (id, financialInstitutionId, name, organization, url, uuid) values(221, '6955', 'Wells Fargo Trust-Investment Mgt', 'Wells Fargo Trust', 'https://trust.wellsfargo.com/trust/directConnect', 'a459140c-b2fe-3bf4-924f-7b4ae72859a3');
insert into FinancialInstitution (id, financialInstitutionId, name, organization, url, uuid) values(158, '221278556', 'Novartis Federal Credit Union', 'Novartis FCU', 'https://cib.usersonlnet.com/scripts/isaofx.dll', 'cf5e47d8-b3c8-38ab-863a-5c511d51188e');
insert into FinancialInstitution (id, financialInstitutionId, name, organization, url, uuid) values(115, '121107882', 'Fremont Bank', 'Fremont Bank', 'https://ofx.fremontbank.com/OFXServer/FBOFXSrvr.dll', '8eacc7d1-9c1b-3fef-b03d-4dd1d24a80b8');
insert into FinancialInstitution (id, financialInstitutionId, name, organization, url, uuid) values(83, '1', 'Denali Alaskan FCU', 'Denali Alaskan FCU', 'https://remotebanking.denalifcu.com/ofx/ofx.dll', '3ea18604-202b-3213-871f-f140ad25c7b7');
insert into FinancialInstitution (id, financialInstitutionId, name, organization, url, uuid) values(19, '251480563', '1st Advantage FCU', '1st Advantage FCU', 'https://members.1stadvantage.org/scripts/isaofx.dll', '2e1f38dc-c424-32c9-a3d0-28b0e222f001');
insert into FinancialInstitution (id, financialInstitutionId, name, organization, url, uuid) values(227, '4301', 'zWachovia', 'Wachovia', 'https://www.oasis.cfree.com/4301.ofxgp', '914f3b1c-ce4b-3430-9351-60c1f20388a7');
insert into FinancialInstitution (id, financialInstitutionId, name, organization, url, uuid) values(208, '314977405', 'University Federal Credit Union', 'Univerisity FCU', 'https://OnDemand.ufcu.org/scripts/isaofx.dll', 'f05494e2-8379-360d-8724-30ff681f207b');
insert into FinancialInstitution (id, financialInstitutionId, name, organization, url, uuid) values(191, '275979034', 'Summit Credit Union (WI)', 'Summit Credit Union', 'https://branch.summitcreditunion.com/scripts/isaofx.dll', '1fcf9afb-c3ae-38db-b466-43a8888e258f');
insert into FinancialInstitution (id, financialInstitutionId, name, organization, url, uuid) values(36, '6805', 'Bank of America', 'HAN', 'https://ofx.bankofamerica.com/cgi-forte/ofx?servicename=ofx_2-3&pagename=bofa', '68ea0da2-b191-3af0-bc25-46ad6d96757a');
insert into FinancialInstitution (id, financialInstitutionId, name, organization, url, uuid) values(165, '10780', 'Penson Financial Services', 'Penson Financial Services Inc', 'https://ofx.penson.com', '7e0df776-db02-3dae-bc54-528f924fcc0c');
insert into FinancialInstitution (id, financialInstitutionId, name, organization, url, uuid) values(91, '321172594', 'Educational Employees CU Fresno', 'Educational Employees C U', 'https://www.eecuonline.org/scripts/isaofx.dll', 'f1fa042f-3a77-3c58-8354-a09939f4fb03');
insert into FinancialInstitution (id, financialInstitutionId, name, organization, url, uuid) values(74, '4801', 'Commercial Federal Bank', 'CommercialFederalBank', 'https://www.oasis.cfree.com/4801.ofxgp', '48b02dda-3193-38c1-9a65-6050ecd0a75b');
insert into FinancialInstitution (id, financialInstitutionId, name, organization, url, uuid) values(196, '114909013', 'Texas State Bank - McAllen', 'Texas State Bank', 'https://www.tsb-a.com/OFXServer/ofxsrvr.dll', '1ec7e66a-66a7-305e-8154-c34e4392447c');
insert into FinancialInstitution (id, financialInstitutionId, name, organization, url, uuid) values(150, '6301', 'National Penn Bank', 'National Penn Bank', 'https://www.oasis.cfree.com/6301.ofxgp', '711c67e1-4593-31ed-bbde-b5063780c3c0');
insert into FinancialInstitution (id, financialInstitutionId, name, organization, url, uuid) values(101, '291975481', 'First Alliance Credit Union', 'First Alliance Credit Union', 'https://fia.usersonlnet.com/scripts/isaofx.dll', '7e10ad39-234d-38a8-92ce-257e44c34bdc');
insert into FinancialInstitution (id, financialInstitutionId, name, organization, url, uuid) values(146, '252076468', 'Municipal Employees Credit Union of Baltimore, Inc.', 'Municipal ECU of Baltimore,Inc.', 'https://mec.usersonlnet.com/scripts/isaofx.dll', '3812eed4-94fb-33ec-b6fb-474af62e54aa');
insert into FinancialInstitution (id, financialInstitutionId, name, organization, url, uuid) values(40, '063108680', 'Bank of Tampa, The', 'BOT', 'https://OFX.Bankoftampa.com/OFXServer/ofxsrvr.dll', '05f3dba1-841d-35b9-b6ba-8418a1cab412');
insert into FinancialInstitution (id, financialInstitutionId, name, organization, url, uuid) values(177, '324079186', 'Salt Lake City Credit Union', 'Salt Lake City Credit Union', 'https://slc.usersonlnet.com/scripts/isaofx.dll', 'a56b941e-e42b-378e-aa8d-81aee6a5f4ac');
insert into FinancialInstitution (id, financialInstitutionId, name, organization, url, uuid) values(124, '061400152', 'ING DIRECT (Canada)', 'INGDirectCanada', 'https://ofx.ingdirect.ca', 'e4773f06-af62-3183-a138-b2eba1c7a73a');
insert into FinancialInstitution (id, financialInstitutionId, name, organization, url, uuid) values(86, '251082644', 'Dominion Credit Union', 'Dominion Credit Union', 'https://dom.usersonlnet.com/scripts/isaofx.dll', '0711af37-a8d4-3e87-9c43-7508f16401bf');
insert into FinancialInstitution (id, financialInstitutionId, name, organization, url, uuid) values(76, '091917160', 'Community Resource Bank', 'CNB', 'https://www.cnbinternet.com/OFXServer/ofxsrvr.dll', 'fb684fe2-2a29-31e0-a33c-afc181d93632');
insert into FinancialInstitution (id, financialInstitutionId, name, organization, url, uuid) values(189, '311090673', 'Southwest Airlines FCU', 'Southwest Airlines EFCU', 'https://www.swacuflashbp.org/scripts/isaofx.dll', 'ad4e5286-d023-3143-8bc0-4a59d909c588');
insert into FinancialInstitution (id, financialInstitutionId, name, organization, url, uuid) values(88, 'fldProv_mProvBankId', 'E*TRADE', 'fldProv_mId', 'https://ofx.etrade.com/cgi-ofx/etradeofx', 'd0d98aab-9ddf-3648-9aa1-024ce55cb585');
insert into FinancialInstitution (id, financialInstitutionId, name, organization, url, uuid) values(128, '6313', 'JPMorgan Retirement Plan Services', 'JPMORGAN', 'https://ofx.retireonline.com/eftxweb/access.ofx', '7435e543-d41e-3c39-a537-4a65b13e458f');
insert into FinancialInstitution (id, financialInstitutionId, name, organization, url, uuid) values(185, '322484265', 'Silver State Schools CU', 'SSSCU', 'https://www.silverstatecu.com/OFXServer/ofxsrvr.dll', '3272def7-4af2-37fd-99c3-204760adb032');
insert into FinancialInstitution (id, financialInstitutionId, name, organization, url, uuid) values(92, '823', 'Edward Jones', 'Edward Jones', 'https://ofx.edwardjones.com', '5523ffc9-be92-3699-ab1a-24e3180d98c0');
insert into FinancialInstitution (id, financialInstitutionId, name, organization, url, uuid) values(37, '6812', 'Bank of America (All except CA, WA,&ID)', 'HAN', 'https://ofx.bankofamerica.com/cgi-forte/fortecgi?servicename=ofx_2-3&pagename=ofx', 'cc31f27b-cd8a-3615-8b14-7d42c56c718d');
insert into FinancialInstitution (id, financialInstitutionId, name, organization, url, uuid) values(96, '7776', 'Fidelity Investments', 'fidelity.com', 'https://ofx.fidelity.com/ftgw/OFX/clients/download', 'eaca1eb3-cead-30e3-9c57-b0f4ab4705e4');
insert into FinancialInstitution (id, financialInstitutionId, name, organization, url, uuid) values(210, '24591', 'USAA Federal Savings Bank', 'USAA', 'https://service2.usaa.com/ofx/OFXServlet', 'c8b5524b-4d33-36ef-a025-a6ce91bf2f12');
insert into FinancialInstitution (id, financialInstitutionId, name, organization, url, uuid) values(55, '590678236', 'Central Florida Educators FCU', 'CentralFloridaEduc', 'https://www.mattweb.cfefcu.com/scripts/isaofx.dll', 'd854d2b1-852b-31f4-aa2a-a20f256cd217');
insert into FinancialInstitution (id, financialInstitutionId, name, organization, url, uuid) values(154, '1001', 'North Carolina State Employees'' Credit Union', 'SECU', 'https://onlineaccess.ncsecu.org/secuofx/secu.ofx', '30a1a27d-7795-3d68-974e-0f6309108b92');
insert into FinancialInstitution (id, financialInstitutionId, name, organization, url, uuid) values(122, '291270050', 'Home Federal Savings Bank(MN/IA)', 'VOneTwentySevenG', 'https://ofx1.evault.ws/ofxserver/ofxsrvr.dll', '68498bb9-7c70-3fde-9329-784bd0729772');
insert into FinancialInstitution (id, financialInstitutionId, name, organization, url, uuid) values(204, '0', 'UMB Bank', 'UMB', 'https://pcbanking.umb.com/hs_ofx/hsofx.dll', 'da66ef2c-182b-30a3-8dfe-e59e80439ff8');
insert into FinancialInstitution (id, financialInstitutionId, name, organization, url, uuid) values(81, '242277808', 'Day Air Credit Union', 'Day Air Credit Union', 'https://pcu.dayair.org/scripts/isaofx.dll', 'e8a65fdd-3a84-311a-a8b6-952b0b5717a4');
insert into FinancialInstitution (id, financialInstitutionId, name, organization, url, uuid) values(58, '241075056', 'Century Federal Credit Union', 'CenturyFederalCU', 'https://pcu.cenfedcu.org/scripts/isaofx.dll', '6b7877aa-079e-3e72-a462-e47827e60ebe');
insert into FinancialInstitution (id, financialInstitutionId, name, organization, url, uuid) values(219, '1030', 'Wells Fargo Advisor', 'strong.com', 'https://ofx.wellsfargoadvantagefunds.com/eftxWeb/Access.ofx', 'b382aa4b-4e27-3fea-8f8f-6dff672f3fb8');
insert into FinancialInstitution (id, financialInstitutionId, name, organization, url, uuid) values(78, '322077559', 'Continental Federal Credit Union', 'Continenetal FCU', 'https://cnt.usersonlnet.com/scripts/isaofx.dll', '4e451b62-41a9-361b-a0fc-22c800a83b3f');
insert into Account (id, uuid, user_id, fi_id, selected, bankId, accountId, username, password, nickname, balance, onlineBalance, status, supportsDownloading, initialBalance, lastDownloadDate, lastReconciledDate, lastReconciledEndingBalance) values(228, 'b18a445d-6b91-32c2-9cbc-86eafce597d0', 1, null, true, '', '', '', '', 'Cash', 0.00, 0.00, 2, false, 0.00, null, null, 0.00);
insert into Account (id, uuid, user_id, fi_id, selected, bankId, accountId, username, password, nickname, balance, onlineBalance, status, supportsDownloading, initialBalance, lastDownloadDate, lastReconciledDate, lastReconciledEndingBalance) values(229, 'b5111398-4b3f-3f29-aeaa-c744be68a3a9', 1, 60, true, '122100024', '721051696', 'fruptichase', 'cqopklm7', 'Checking', 2589.50, 736.54, 2, false, 1504.76, '2010-04-30', '2010-04-29', 1945.65);
insert into Income (id, user_id, amount, enabled, frequency, name, nextPayday, uuid) values(230, 1, 2159.00, true, 2, 'meltmedia', '2010-05-14', '6a11b737-fedb-310e-88cd-be4ac97f765c');
insert into Envelope (user_id, id, amount, available, balance, budget, dueDay, editable, enabled, expanded, frequency, idx, monthly, name, root, savingsGoalDate, savingsGoalOverrideAmount, savingsGoals, selected, unassigned, uuid, parent_id) values(1, 231, 790.91, false, 790.91, 790.91, 1, false, true, true, 3, 1, false, 'GMAC Mortgage', false, null, null, false, false, false, '6144e826-0d4c-343d-8e54-578d7f443b36', 292);
insert into Envelope (user_id, id, amount, available, balance, budget, dueDay, editable, enabled, expanded, frequency, idx, monthly, name, root, savingsGoalDate, savingsGoalOverrideAmount, savingsGoals, selected, unassigned, uuid, parent_id) values(1, 232, 9.95, false, 4.98, 9.95, 22, false, true, true, 3, 35, false, 'Chase Bank', false, null, null, false, false, false, '0e140000-75d5-32cf-9bc0-47723d8d1ea1', 292);
insert into Envelope (user_id, id, amount, available, balance, budget, dueDay, editable, enabled, expanded, frequency, idx, monthly, name, root, savingsGoalDate, savingsGoalOverrideAmount, savingsGoals, selected, unassigned, uuid, parent_id) values(1, 233, 31.90, false, 21.94, 31.90, 11, false, true, true, 3, 3, false, 'Sirius', false, null, null, false, false, false, '7d796168-8fd8-3152-bbde-3af220a50a06', 292);
insert into Envelope (user_id, id, amount, available, balance, budget, dueDay, editable, enabled, expanded, frequency, idx, monthly, name, root, savingsGoalDate, savingsGoalOverrideAmount, savingsGoals, selected, unassigned, uuid, parent_id) values(1, 234, 260.00, false, 10.00, 260.00, 0, true, true, true, 7, 2, false, 'Auto Maintenance', false, null, null, false, false, false, 'af5b4f64-44d9-3d57-9f22-f23ae73af939', 278);
insert into Envelope (user_id, id, amount, available, balance, budget, dueDay, editable, enabled, expanded, frequency, idx, monthly, name, root, savingsGoalDate, savingsGoalOverrideAmount, savingsGoals, selected, unassigned, uuid, parent_id) values(1, 235, 0.00, false, 0.00, 0.00, 0, true, true, true, 3, 10, false, 'Furniture', false, null, null, false, false, false, '95164987-03ec-3fea-9bd8-4e60006a5e9f', 278);
insert into Envelope (user_id, id, amount, available, balance, budget, dueDay, editable, enabled, expanded, frequency, idx, monthly, name, root, savingsGoalDate, savingsGoalOverrideAmount, savingsGoals, selected, unassigned, uuid, parent_id) values(1, 236, 130.00, false, 130.00, 130.00, 6, false, true, true, 3, 7, false, 'Verizon Wireless', false, null, null, false, false, false, '0c70e9da-f7da-3270-a7aa-6bb798a81eba', 292);
insert into Envelope (user_id, id, amount, available, balance, budget, dueDay, editable, enabled, expanded, frequency, idx, monthly, name, root, savingsGoalDate, savingsGoalOverrideAmount, savingsGoals, selected, unassigned, uuid, parent_id) values(1, 237, 0.00, false, 25.00, 0.00, 0, false, true, true, 0, 35, false, 'Savings Goals', false, null, null, true, false, false, 'e7cd2398-1a02-3928-aa39-5fe9ca739463', 288);
insert into Envelope (user_id, id, amount, available, balance, budget, dueDay, editable, enabled, expanded, frequency, idx, monthly, name, root, savingsGoalDate, savingsGoalOverrideAmount, savingsGoals, selected, unassigned, uuid, parent_id) values(1, 238, 150.00, false, 150.00, 150.00, 0, true, true, true, 2, 13, false, 'Groceries', false, null, null, false, false, false, 'b23f80a6-2918-3b6c-86f4-20270dc0a171', 290);
insert into Envelope (user_id, id, amount, available, balance, budget, dueDay, editable, enabled, expanded, frequency, idx, monthly, name, root, savingsGoalDate, savingsGoalOverrideAmount, savingsGoals, selected, unassigned, uuid, parent_id) values(1, 239, 50.00, false, 25.00, 50.00, 0, true, true, true, 3, 14, false, 'Household', false, null, null, false, false, false, 'b603a5c1-2875-3196-a787-881bac2ee77d', 292);
insert into Envelope (user_id, id, amount, available, balance, budget, dueDay, editable, enabled, expanded, frequency, idx, monthly, name, root, savingsGoalDate, savingsGoalOverrideAmount, savingsGoals, selected, unassigned, uuid, parent_id) values(1, 240, 0.00, false, 0.00, 0.00, 0, true, true, true, 3, 7, false, 'Financial Services', false, null, null, false, false, false, '6306dc22-f2e7-3099-ad2d-fa5cf01ed857', 292);
insert into Envelope (user_id, id, amount, available, balance, budget, dueDay, editable, enabled, expanded, frequency, idx, monthly, name, root, savingsGoalDate, savingsGoalOverrideAmount, savingsGoals, selected, unassigned, uuid, parent_id) values(1, 241, 0.00, false, 0.00, 0.00, 0, true, true, true, 3, 1, false, 'Comics', false, null, null, false, false, false, 'ae6e0502-7ff4-3c24-a2ce-f15a7c9a9480', 289);
insert into Envelope (user_id, id, amount, available, balance, budget, dueDay, editable, enabled, expanded, frequency, idx, monthly, name, root, savingsGoalDate, savingsGoalOverrideAmount, savingsGoals, selected, unassigned, uuid, parent_id) values(1, 242, 0.00, false, 195.43, 0.00, 0, false, true, true, 3, 16, false, 'Credit Cards', false, null, null, false, false, false, '5cf6fa8e-5edd-305a-a431-3b3909e47725', 292);
insert into Envelope (user_id, id, amount, available, balance, budget, dueDay, editable, enabled, expanded, frequency, idx, monthly, name, root, savingsGoalDate, savingsGoalOverrideAmount, savingsGoals, selected, unassigned, uuid, parent_id) values(1, 243, 5.48, false, 5.48, 5.48, 15, true, true, true, 3, 1, false, 'Kelly Letter', false, null, null, false, false, false, '9fb3afa5-e41d-35ba-9ba9-49099f8c0149', 292);
insert into Envelope (user_id, id, amount, available, balance, budget, dueDay, editable, enabled, expanded, frequency, idx, monthly, name, root, savingsGoalDate, savingsGoalOverrideAmount, savingsGoals, selected, unassigned, uuid, parent_id) values(1, 245, 3000.00, false, 25.00, 3000.00, 0, true, true, true, 2, 22, false, 'New Car', false, '2010-12-01', 25.00, false, false, false, '715e5c3d-84e2-34fd-a8e6-59ceb33444d9', 237);
insert into Envelope (user_id, id, amount, available, balance, budget, dueDay, editable, enabled, expanded, frequency, idx, monthly, name, root, savingsGoalDate, savingsGoalOverrideAmount, savingsGoals, selected, unassigned, uuid, parent_id) values(1, 244, 0.00, false, 0.00, 0.00, 0, true, true, true, 3, 1, false, 'Pet', false, null, null, false, false, false, '849f9e5a-0be9-3cc9-a860-f17c1c56fe17', 278);
insert into Envelope (user_id, id, amount, available, balance, budget, dueDay, editable, enabled, expanded, frequency, idx, monthly, name, root, savingsGoalDate, savingsGoalOverrideAmount, savingsGoals, selected, unassigned, uuid, parent_id) values(1, 246, 0.00, false, 0.00, 0.00, 0, true, true, true, 3, 3, false, 'Fast Food', false, null, null, false, false, false, '7f589b67-5a4f-32db-b5c6-484f09b6fa61', 269);
insert into Envelope (user_id, id, amount, available, balance, budget, dueDay, editable, enabled, expanded, frequency, idx, monthly, name, root, savingsGoalDate, savingsGoalOverrideAmount, savingsGoals, selected, unassigned, uuid, parent_id) values(1, 247, 0.00, false, 0.00, 0.00, 0, true, true, true, 3, 4, false, 'PS', false, null, null, false, false, false, 'e28a652e-8e3c-3771-a84e-ee703c3408fe', 292);
insert into Envelope (user_id, id, amount, available, balance, budget, dueDay, editable, enabled, expanded, frequency, idx, monthly, name, root, savingsGoalDate, savingsGoalOverrideAmount, savingsGoals, selected, unassigned, uuid, parent_id) values(1, 248, 0.00, false, 0.00, 0.00, 0, true, true, true, 3, 11, false, 'Moving', false, null, null, false, false, false, '3a7e8654-eec9-3bf6-9a61-462f0ab25c7d', 278);
insert into Envelope (user_id, id, amount, available, balance, budget, dueDay, editable, enabled, expanded, frequency, idx, monthly, name, root, savingsGoalDate, savingsGoalOverrideAmount, savingsGoals, selected, unassigned, uuid, parent_id) values(1, 249, 0.00, false, 0.00, 0.00, 0, true, true, true, 3, 3, false, 'Hardware', false, null, null, false, false, false, '9203632c-469f-3328-b6d5-142dace5488b', 255);
insert into Envelope (user_id, id, amount, available, balance, budget, dueDay, editable, enabled, expanded, frequency, idx, monthly, name, root, savingsGoalDate, savingsGoalOverrideAmount, savingsGoals, selected, unassigned, uuid, parent_id) values(1, 251, 0.00, false, 0.00, 0.00, 0, true, true, true, 3, 1, false, 'Rental', false, null, null, false, false, false, 'ea58498e-c1b3-3e65-a1a2-b4ed1df98c62', 278);
insert into Envelope (user_id, id, amount, available, balance, budget, dueDay, editable, enabled, expanded, frequency, idx, monthly, name, root, savingsGoalDate, savingsGoalOverrideAmount, savingsGoals, selected, unassigned, uuid, parent_id) values(1, 250, 0.00, false, 0.00, 0.00, 0, true, true, true, 3, 9, false, 'Lotto', false, null, null, false, false, false, '1e7cf6dd-59e1-3081-8239-53e7697001e9', 292);
insert into Envelope (user_id, id, amount, available, balance, budget, dueDay, editable, enabled, expanded, frequency, idx, monthly, name, root, savingsGoalDate, savingsGoalOverrideAmount, savingsGoals, selected, unassigned, uuid, parent_id) values(1, 252, 200.00, false, 200.00, 200.00, 0, false, true, true, 2, 24, false, 'Spending', false, null, null, false, false, false, 'e047e972-c543-3bec-a788-c8f139e36d1e', 290);
insert into Envelope (user_id, id, amount, available, balance, budget, dueDay, editable, enabled, expanded, frequency, idx, monthly, name, root, savingsGoalDate, savingsGoalOverrideAmount, savingsGoals, selected, unassigned, uuid, parent_id) values(1, 255, 0.00, false, 0.00, 0.00, 0, true, true, true, 3, 2, false, 'Computer', false, null, null, false, false, false, '3aa58a31-2485-36ae-a278-620b9852c675', 292);
insert into Envelope (user_id, id, amount, available, balance, budget, dueDay, editable, enabled, expanded, frequency, idx, monthly, name, root, savingsGoalDate, savingsGoalOverrideAmount, savingsGoals, selected, unassigned, uuid, parent_id) values(1, 254, 9.98, false, 9.98, 9.98, 10, true, true, true, 3, 1, false, 'Easynews.com', false, null, null, false, false, false, '9b05b51d-437c-33c0-a9de-5b517ac535f4', 292);
insert into Envelope (user_id, id, amount, available, balance, budget, dueDay, editable, enabled, expanded, frequency, idx, monthly, name, root, savingsGoalDate, savingsGoalOverrideAmount, savingsGoals, selected, unassigned, uuid, parent_id) values(1, 253, 120.00, false, 80.00, 120.00, 0, true, true, true, 2, 27, false, 'Auto Fuel', false, null, null, false, false, false, '937e343b-8760-3030-9e5b-c947471e3672', 290);
insert into Envelope (user_id, id, amount, available, balance, budget, dueDay, editable, enabled, expanded, frequency, idx, monthly, name, root, savingsGoalDate, savingsGoalOverrideAmount, savingsGoals, selected, unassigned, uuid, parent_id) values(1, 256, 0.00, false, 0.00, 0.00, 0, true, true, true, 3, 5, false, 'Massage', false, null, null, false, false, false, '1c3e998d-e546-32d0-a2b8-af5063189a3a', 277);
insert into Envelope (user_id, id, amount, available, balance, budget, dueDay, editable, enabled, expanded, frequency, idx, monthly, name, root, savingsGoalDate, savingsGoalOverrideAmount, savingsGoals, selected, unassigned, uuid, parent_id) values(1, 257, 9500.00, false, 0.00, 9500.00, 1, true, true, true, 3, 1, false, 'Debt', false, '2011-02-07', null, false, false, false, 'da74da90-779a-345c-8957-7dbb0691d974', 237);
insert into Envelope (user_id, id, amount, available, balance, budget, dueDay, editable, enabled, expanded, frequency, idx, monthly, name, root, savingsGoalDate, savingsGoalOverrideAmount, savingsGoals, selected, unassigned, uuid, parent_id) values(1, 258, 326.00, false, 326.00, 326.00, 1, false, true, true, 3, 34, false, 'Lofts @ Arcadia', false, null, null, false, false, false, '547219dc-5e75-3dd5-887c-009788ceecc3', 292);
insert into Envelope (user_id, id, amount, available, balance, budget, dueDay, editable, enabled, expanded, frequency, idx, monthly, name, root, savingsGoalDate, savingsGoalOverrideAmount, savingsGoals, selected, unassigned, uuid, parent_id) values(1, 259, 54.38, false, 0.00, 54.38, 20, true, true, true, 3, 1, false, 'GRAND & CAMELBACK SELF', false, null, null, false, false, false, '21b383da-f64e-393d-908e-b302c184e443', 292);
insert into Envelope (user_id, id, amount, available, balance, budget, dueDay, editable, enabled, expanded, frequency, idx, monthly, name, root, savingsGoalDate, savingsGoalOverrideAmount, savingsGoals, selected, unassigned, uuid, parent_id) values(1, 260, 0.00, false, 0.00, 0.00, 0, true, true, true, 3, 13, false, 'Hair Services', false, null, null, false, false, false, '2d345d05-cdd7-3c85-85c6-e9ff4eb2263b', 277);
insert into Envelope (user_id, id, amount, available, balance, budget, dueDay, editable, enabled, expanded, frequency, idx, monthly, name, root, savingsGoalDate, savingsGoalOverrideAmount, savingsGoals, selected, unassigned, uuid, parent_id) values(1, 261, 80.00, false, 80.00, 80.00, 0, false, true, true, 2, 4, false, 'Housekeeping', false, null, null, false, false, false, '3dfe8dae-8ee1-3621-8b07-7f0b1347d2e1', 290);
insert into Envelope (user_id, id, amount, available, balance, budget, dueDay, editable, enabled, expanded, frequency, idx, monthly, name, root, savingsGoalDate, savingsGoalOverrideAmount, savingsGoals, selected, unassigned, uuid, parent_id) values(1, 262, 0.00, false, 0.00, 0.00, 0, true, true, true, 3, 15, false, 'Qwest', false, null, null, false, false, false, '40be58ec-a46d-340a-8613-930b37641652', 292);
insert into Envelope (user_id, id, amount, available, balance, budget, dueDay, editable, enabled, expanded, frequency, idx, monthly, name, root, savingsGoalDate, savingsGoalOverrideAmount, savingsGoals, selected, unassigned, uuid, parent_id) values(1, 263, 99.00, false, 0.00, 99.00, 1, false, true, true, 7, 6, false, 'Me.com', false, null, null, false, false, false, '823d719d-c465-3181-a7a7-45104aa0479f', 278);
insert into Envelope (user_id, id, amount, available, balance, budget, dueDay, editable, enabled, expanded, frequency, idx, monthly, name, root, savingsGoalDate, savingsGoalOverrideAmount, savingsGoals, selected, unassigned, uuid, parent_id) values(1, 264, 0.00, false, 0.00, 0.00, 0, false, true, true, 0, 5, false, 'Unassigned', false, null, null, false, false, true, 'b1b440f0-ca34-36af-b024-491fac0779e3', 288);
insert into Envelope (user_id, id, amount, available, balance, budget, dueDay, editable, enabled, expanded, frequency, idx, monthly, name, root, savingsGoalDate, savingsGoalOverrideAmount, savingsGoals, selected, unassigned, uuid, parent_id) values(1, 265, 0.00, false, 0.00, 0.00, 0, true, true, true, 3, 14, false, 'Movie Rental', false, null, null, false, false, false, 'b1c463a5-27fa-3543-94f1-b06b753e331f', 289);
insert into Envelope (user_id, id, amount, available, balance, budget, dueDay, editable, enabled, expanded, frequency, idx, monthly, name, root, savingsGoalDate, savingsGoalOverrideAmount, savingsGoals, selected, unassigned, uuid, parent_id) values(1, 266, 27.98, false, -8.66, 27.98, 9, false, true, true, 3, 9, false, 'Arrowhead Water', false, null, null, false, false, false, 'e6201511-8cd6-3894-89ed-f33b305cec8e', 292);
insert into Envelope (user_id, id, amount, available, balance, budget, dueDay, editable, enabled, expanded, frequency, idx, monthly, name, root, savingsGoalDate, savingsGoalOverrideAmount, savingsGoals, selected, unassigned, uuid, parent_id) values(1, 267, 309.33, false, 0.00, 309.33, 11, false, true, true, 3, 11, false, 'VW Credit', false, null, null, false, false, false, 'f5131258-b2da-3bff-8947-f630a39e5761', 292);
insert into Envelope (user_id, id, amount, available, balance, budget, dueDay, editable, enabled, expanded, frequency, idx, monthly, name, root, savingsGoalDate, savingsGoalOverrideAmount, savingsGoals, selected, unassigned, uuid, parent_id) values(1, 268, 106.58, false, 65.00, 106.58, 20, false, true, true, 3, 10, false, 'Cox Communications', false, null, null, false, false, false, '790bb2df-d163-3f08-8ce7-fcbc380c7703', 292);
insert into Envelope (user_id, id, amount, available, balance, budget, dueDay, editable, enabled, expanded, frequency, idx, monthly, name, root, savingsGoalDate, savingsGoalOverrideAmount, savingsGoals, selected, unassigned, uuid, parent_id) values(1, 269, 0.00, false, 0.00, 0.00, 0, true, true, true, 3, 2, false, 'Food', false, null, null, false, false, false, '2851c900-99cd-3e66-9fb4-ac57f48dfdf5', 292);
insert into Envelope (user_id, id, amount, available, balance, budget, dueDay, editable, enabled, expanded, frequency, idx, monthly, name, root, savingsGoalDate, savingsGoalOverrideAmount, savingsGoals, selected, unassigned, uuid, parent_id) values(1, 270, 0.00, false, 0.00, 0.00, 0, true, true, true, 3, 1, false, 'Coffee', false, null, null, false, false, false, '158d8d6c-be69-3d51-a6a4-6a41f78ae454', 269);
insert into Envelope (user_id, id, amount, available, balance, budget, dueDay, editable, enabled, expanded, frequency, idx, monthly, name, root, savingsGoalDate, savingsGoalOverrideAmount, savingsGoals, selected, unassigned, uuid, parent_id) values(1, 271, 34.99, false, 0.00, 34.99, 28, false, true, true, 3, 15, false, '24 Hour Fitness', false, null, null, false, false, false, 'c2cbabfa-2e96-33f7-bc45-867854469791', 292);
insert into Envelope (user_id, id, amount, available, balance, budget, dueDay, editable, enabled, expanded, frequency, idx, monthly, name, root, savingsGoalDate, savingsGoalOverrideAmount, savingsGoals, selected, unassigned, uuid, parent_id) values(1, 272, 12.95, false, 12.95, 12.95, 28, true, true, true, 3, 1, false, 'Tivo', false, null, null, false, false, false, '021c3cd9-18b8-3dc0-968d-0c031cf1d78c', 292);
insert into Envelope (user_id, id, amount, available, balance, budget, dueDay, editable, enabled, expanded, frequency, idx, monthly, name, root, savingsGoalDate, savingsGoalOverrideAmount, savingsGoals, selected, unassigned, uuid, parent_id) values(1, 273, 81.58, false, 0.00, 81.58, 7, false, true, true, 3, 18, false, 'Directv', false, null, null, false, false, false, '3cc01561-0f21-3cce-a1d4-315d3dde0326', 292);
insert into Envelope (user_id, id, amount, available, balance, budget, dueDay, editable, enabled, expanded, frequency, idx, monthly, name, root, savingsGoalDate, savingsGoalOverrideAmount, savingsGoals, selected, unassigned, uuid, parent_id) values(1, 274, 21.95, false, 10.98, 21.95, 0, false, true, true, 3, 17, false, 'Car Wash', false, null, null, false, false, false, 'd2f21497-e5bc-3d95-8c75-f0d79721336c', 292);
insert into Envelope (user_id, id, amount, available, balance, budget, dueDay, editable, enabled, expanded, frequency, idx, monthly, name, root, savingsGoalDate, savingsGoalOverrideAmount, savingsGoals, selected, unassigned, uuid, parent_id) values(1, 275, 0.00, false, 0.00, 0.00, 0, true, true, true, 2, 19, false, 'Taxes', false, null, null, false, false, false, 'b00eba29-39a4-34d4-acc1-d8ea44376ab7', 290);
insert into Envelope (user_id, id, amount, available, balance, budget, dueDay, editable, enabled, expanded, frequency, idx, monthly, name, root, savingsGoalDate, savingsGoalOverrideAmount, savingsGoals, selected, unassigned, uuid, parent_id) values(1, 276, 0.00, false, 0.00, 0.00, 0, true, true, true, 3, 1, false, 'ATM Withdrawls', false, null, null, false, false, false, '5fd11a9d-19ba-3153-b004-b798707e4b77', 292);
insert into Envelope (user_id, id, amount, available, balance, budget, dueDay, editable, enabled, expanded, frequency, idx, monthly, name, root, savingsGoalDate, savingsGoalOverrideAmount, savingsGoals, selected, unassigned, uuid, parent_id) values(1, 277, 50.00, false, 25.00, 50.00, 0, true, true, true, 3, 21, false, 'Personal Care', false, null, null, false, false, false, 'c9755f1a-75b2-3a7e-9309-9bb03273a6d5', 292);
insert into Envelope (user_id, id, amount, available, balance, budget, dueDay, editable, enabled, expanded, frequency, idx, monthly, name, root, savingsGoalDate, savingsGoalOverrideAmount, savingsGoals, selected, unassigned, uuid, parent_id) values(1, 278, 0.00, false, 23.46, 0.00, 0, true, true, true, 0, 20, false, 'Periodic Expenses', false, null, null, false, false, false, '56267224-9ff1-326a-a62d-8d5b8b7f76da', 288);
insert into Envelope (user_id, id, amount, available, balance, budget, dueDay, editable, enabled, expanded, frequency, idx, monthly, name, root, savingsGoalDate, savingsGoalOverrideAmount, savingsGoals, selected, unassigned, uuid, parent_id) values(1, 279, 49.00, false, 24.50, 49.00, 19, false, true, true, 3, 23, false, 'Massage Envy', false, null, null, false, false, false, 'd57bdfb6-d630-34a6-a3e6-88629da25863', 292);
insert into Envelope (user_id, id, amount, available, balance, budget, dueDay, editable, enabled, expanded, frequency, idx, monthly, name, root, savingsGoalDate, savingsGoalOverrideAmount, savingsGoals, selected, unassigned, uuid, parent_id) values(1, 280, 0.00, false, 0.00, 0.00, 0, true, true, true, 3, 2, false, 'Books', false, null, null, false, false, false, '3f11e874-4492-3b7c-b265-c3134919bdf2', 292);
insert into Envelope (user_id, id, amount, available, balance, budget, dueDay, editable, enabled, expanded, frequency, idx, monthly, name, root, savingsGoalDate, savingsGoalOverrideAmount, savingsGoals, selected, unassigned, uuid, parent_id) values(1, 281, 0.00, false, 0.00, 0.00, 0, true, true, true, 3, 8, false, 'Internet Services', false, null, null, false, false, false, '75266b0b-3614-3cc6-aada-f57c8e0e39a3', 292);
insert into Envelope (user_id, id, amount, available, balance, budget, dueDay, editable, enabled, expanded, frequency, idx, monthly, name, root, savingsGoalDate, savingsGoalOverrideAmount, savingsGoals, selected, unassigned, uuid, parent_id) values(1, 283, 0.00, false, 668.51, 0.00, 0, true, true, true, 3, 1, false, 'IRA', false, null, null, false, false, false, '85b1f6a0-d320-3db7-b1b5-8b67f2304cbb', 290);
insert into Envelope (user_id, id, amount, available, balance, budget, dueDay, editable, enabled, expanded, frequency, idx, monthly, name, root, savingsGoalDate, savingsGoalOverrideAmount, savingsGoals, selected, unassigned, uuid, parent_id) values(1, 282, 0.00, false, 0.00, 0.00, 0, true, true, true, 3, 4, false, 'Software', false, null, null, false, false, false, '524bede7-53cf-3311-a4ee-e92e8259b00b', 255);
insert into Envelope (user_id, id, amount, available, balance, budget, dueDay, editable, enabled, expanded, frequency, idx, monthly, name, root, savingsGoalDate, savingsGoalOverrideAmount, savingsGoals, selected, unassigned, uuid, parent_id) values(1, 284, 0.00, false, 0.00, 0.00, 0, true, true, true, 3, 3, false, 'Flowers', false, null, null, false, false, false, 'e49d05b6-eb1b-30cb-9b5f-082702f1a35b', 289);
insert into Envelope (user_id, id, amount, available, balance, budget, dueDay, editable, enabled, expanded, frequency, idx, monthly, name, root, savingsGoalDate, savingsGoalOverrideAmount, savingsGoals, selected, unassigned, uuid, parent_id) values(1, 285, 0.00, false, 0.00, 0.00, 0, true, true, true, 3, 6, false, 'Movie Theatre', false, null, null, false, false, false, 'a91fa96d-3b55-3c3d-afe3-d380ac0995ef', 289);
insert into Envelope (user_id, id, amount, available, balance, budget, dueDay, editable, enabled, expanded, frequency, idx, monthly, name, root, savingsGoalDate, savingsGoalOverrideAmount, savingsGoals, selected, unassigned, uuid, parent_id) values(1, 286, 0.00, false, 0.00, 0.00, 0, true, true, true, 3, 12, false, 'Clothing', false, null, null, false, false, false, 'b47c0b41-f74d-31b8-869f-e2d33cdde980', 292);
insert into Envelope (user_id, id, amount, available, balance, budget, dueDay, editable, enabled, expanded, frequency, idx, monthly, name, root, savingsGoalDate, savingsGoalOverrideAmount, savingsGoals, selected, unassigned, uuid, parent_id) values(1, 288, 0.00, false, 3032.84, 0.00, 0, false, true, true, 0, 26, false, 'Envelopes', true, null, null, false, false, false, '7535ece0-3111-3ed6-b77f-a031b675075e', null);
insert into Envelope (user_id, id, amount, available, balance, budget, dueDay, editable, enabled, expanded, frequency, idx, monthly, name, root, savingsGoalDate, savingsGoalOverrideAmount, savingsGoals, selected, unassigned, uuid, parent_id) values(1, 287, 50.00, false, 25.00, 50.00, 0, true, true, true, 3, 25, false, 'Medical', false, null, null, false, false, false, '7ddf67e2-363a-388c-add2-914ab1391ddd', 292);
insert into Envelope (user_id, id, amount, available, balance, budget, dueDay, editable, enabled, expanded, frequency, idx, monthly, name, root, savingsGoalDate, savingsGoalOverrideAmount, savingsGoals, selected, unassigned, uuid, parent_id) values(1, 289, 0.00, false, 0.00, 0.00, 0, true, true, true, 3, 5, false, 'Entertainment', false, null, null, false, false, false, '80e64f41-f71f-3155-ac32-9df4d60c6bec', 292);
insert into Envelope (user_id, id, amount, available, balance, budget, dueDay, editable, enabled, expanded, frequency, idx, monthly, name, root, savingsGoalDate, savingsGoalOverrideAmount, savingsGoals, selected, unassigned, uuid, parent_id) values(1, 291, 154.11, false, 141.38, 154.11, 1, false, true, true, 3, 29, false, 'State Farm Insurance', false, null, null, false, false, false, 'd16c04f8-8e8b-36b7-9898-38a83da46541', 292);
insert into Envelope (user_id, id, amount, available, balance, budget, dueDay, editable, enabled, expanded, frequency, idx, monthly, name, root, savingsGoalDate, savingsGoalOverrideAmount, savingsGoals, selected, unassigned, uuid, parent_id) values(1, 290, 0.00, false, 1178.51, 0.00, 0, true, true, true, 0, 28, false, 'Bi-Weekly', false, null, null, false, false, false, '13205683-872d-34d5-9135-a107c09a222b', 288);
insert into Envelope (user_id, id, amount, available, balance, budget, dueDay, editable, enabled, expanded, frequency, idx, monthly, name, root, savingsGoalDate, savingsGoalOverrideAmount, savingsGoals, selected, unassigned, uuid, parent_id) values(1, 293, 0.00, true, 0.00, 0.00, 0, false, true, true, 0, 30, false, 'Available', false, null, null, false, false, false, '081ec426-978b-3a18-a3ef-b3ebe4f6e1ae', 288);
insert into Envelope (user_id, id, amount, available, balance, budget, dueDay, editable, enabled, expanded, frequency, idx, monthly, name, root, savingsGoalDate, savingsGoalOverrideAmount, savingsGoals, selected, unassigned, uuid, parent_id) values(1, 292, 0.00, false, 1805.87, 0.00, 0, false, true, true, 3, 31, true, 'Monthly', false, null, null, false, false, false, 'afb1b796-4a2c-3072-8f1b-c7ecd33e5992', 288);
insert into Envelope (user_id, id, amount, available, balance, budget, dueDay, editable, enabled, expanded, frequency, idx, monthly, name, root, savingsGoalDate, savingsGoalOverrideAmount, savingsGoals, selected, unassigned, uuid, parent_id) values(1, 295, 500.00, false, 0.00, 500.00, 1, false, true, true, 3, 33, false, 'Rent', false, null, null, false, false, false, '701fe580-ec25-38e5-9ba5-0dbc1aaa3bf0', 292);
insert into Envelope (user_id, id, amount, available, balance, budget, dueDay, editable, enabled, expanded, frequency, idx, monthly, name, root, savingsGoalDate, savingsGoalOverrideAmount, savingsGoals, selected, unassigned, uuid, parent_id) values(1, 294, 250.00, false, 13.46, 250.00, 0, true, true, true, 7, 32, false, 'Auto Registration', false, null, null, false, false, false, '127d6420-af71-3ff9-812d-71204d2b828f', 278);
insert into Envelope (user_id, id, amount, available, balance, budget, dueDay, editable, enabled, expanded, frequency, idx, monthly, name, root, savingsGoalDate, savingsGoalOverrideAmount, savingsGoals, selected, unassigned, uuid, parent_id) values(1, 296, 0.00, false, 0.00, 0.00, 0, true, true, true, 3, 4, false, 'Eating Out', false, null, null, false, false, false, 'c9d488fa-953e-384f-b98c-4897895e5335', 269);
insert into Transaction (DTYPE, id, amount, balance, checkNo, date, description, externalId, initialBalance, memo, ref, status, type, uuid, account_id, transfer_id, custom) values('InternalTransaction', 297, -75.76, 2047.88, '', '2009-12-15', 'FRY''S ELECTRONICS #0 020030', '200912152', false, '12/15FRY''S ELE', '', 2, 1, '447700d0-dbbd-3bfa-b7b9-6dfdb7ce4b25', 229, null, false);
insert into Split (id, amount, uuid, envelope_id, transaction_id) values(298, -75.76, '12ba0755-8582-33d9-8a73-8185331a435e', 252, 297);
insert into Transaction (DTYPE, id, amount, balance, checkNo, date, description, externalId, initialBalance, memo, ref, status, type, uuid, account_id, transfer_id, custom) values('InternalTransaction', 299, -40.04, 3864.82, '', '2010-03-30', 'ARCO PAYPOINT', '201003302', false, '', '', 2, 1, 'c99951ef-4df9-3c10-a7c9-31edf9f77cf3', 229, null, false);
insert into Split (id, amount, uuid, envelope_id, transaction_id) values(300, -40.04, '06c473a3-0eee-3c13-bfad-a144be290c60', 253, 299);
insert into Transaction (DTYPE, id, amount, balance, checkNo, date, description, externalId, initialBalance, memo, ref, status, type, uuid, account_id, transfer_id, custom) values('InternalTransaction', 301, -26.82, 2426.45, '', '2010-03-19', 'Transfer to Medical', 'null', false, '', '', 2, 1, 'b0e4a350-6d0e-30dd-ba8b-dd3812332a64', 229, 1273, false);
insert into Split (id, amount, uuid, envelope_id, transaction_id) values(302, -26.82, 'd2925d32-0323-3ff0-82a2-6526fa72369f', 293, 301);
insert into Transaction (DTYPE, id, amount, balance, checkNo, date, description, externalId, initialBalance, memo, ref, status, type, uuid, account_id, transfer_id, custom) values('InternalTransaction', 303, -40.00, 0.00, '', '2010-02-23', 'Transfer to ATM Withdrawls', 'null', false, '', '', 2, 1, 'c0bc7b1a-709f-3b2d-be6b-df78bcbb039a', 228, 2799, false);
insert into Split (id, amount, uuid, envelope_id, transaction_id) values(304, -40.00, '21de4b6b-232d-3aa7-b4b2-7e0483a87db0', 252, 303);
insert into Transaction (DTYPE, id, amount, balance, checkNo, date, description, externalId, initialBalance, memo, ref, status, type, uuid, account_id, transfer_id, custom) values('InternalTransaction', 305, 625.00, 625.00, '', '2010-03-19', 'Transfer from Available', 'null', false, '', '', 2, 0, '4ab3058f-8d15-3e5d-8ed3-83963c21fb96', 228, 3064, false);
insert into Split (id, amount, uuid, envelope_id, transaction_id) values(306, 625.00, '70a33529-6644-3549-92f7-3ee19e02520b', 248, 305);
insert into Transaction (DTYPE, id, amount, balance, checkNo, date, description, externalId, initialBalance, memo, ref, status, type, uuid, account_id, transfer_id, custom) values('InternalTransaction', 307, -1.10, 0.00, '', '2010-03-16', 'Transfer to Easynews.com', 'null', false, '', '', 2, 1, '533df59e-a467-3576-be49-b41fc6d017e9', 228, 1281, false);
insert into Split (id, amount, uuid, envelope_id, transaction_id) values(308, -1.10, '9f1738af-92cf-3507-81f8-ae5391f2d71d', 252, 307);
insert into Transaction (DTYPE, id, amount, balance, checkNo, date, description, externalId, initialBalance, memo, ref, status, type, uuid, account_id, transfer_id, custom) values('InternalTransaction', 309, -19.50, 2769.14, '', '2010-02-08', 'Rossmar & Graham RESIDENT', '201002089', false, 'WEB ID: W050568743', '', 2, 1, 'd8c19552-ce95-328f-b4b9-537f793cf8a3', 229, null, false);
insert into Split (id, amount, uuid, envelope_id, transaction_id) values(310, -19.50, '51502015-ba00-3329-b97f-62e280dd418d', 258, 309);
insert into Transaction (DTYPE, id, amount, balance, checkNo, date, description, externalId, initialBalance, memo, ref, status, type, uuid, account_id, transfer_id, custom) values('InternalTransaction', 311, 16.22, 1151.26, '', '2010-02-16', 'Transfer from Available', 'null', false, '', '', 0, 0, '6f68363f-a5eb-3158-8279-5b231db93401', 229, 1657, false);
insert into Split (id, amount, uuid, envelope_id, transaction_id) values(312, 16.22, '9b3b5777-cbe9-3407-bd2f-4d868b82e4ef', 246, 311);
insert into Transaction (DTYPE, id, amount, balance, checkNo, date, description, externalId, initialBalance, memo, ref, status, type, uuid, account_id, transfer_id, custom) values('InternalTransaction', 313, 13.99, 2688.27, '', '2010-04-16', 'Transfer from Available', 'null', false, '', '', 2, 0, 'b7de1a35-5d51-3206-8bc2-36b91ac7050f', 229, 1399, false);
insert into Split (id, amount, uuid, envelope_id, transaction_id) values(314, 13.99, '35af118e-cc04-33dc-ada5-bd778762b0a7', 266, 313);
insert into Transaction (DTYPE, id, amount, balance, checkNo, date, description, externalId, initialBalance, memo, ref, status, type, uuid, account_id, transfer_id, custom) values('InternalTransaction', 315, -31.90, 1122.58, '', '2010-04-12', 'SRR*SIRIUS RADIO 888-539', '201004126', false, '04/11SRR*SIRIU', '', 2, 1, '5881991b-4caf-38ad-9851-e7bac319d9ab', 229, null, false);
insert into Split (id, amount, uuid, envelope_id, transaction_id) values(316, -31.90, '73ec0994-0f9d-3fe4-bc75-4ee353fb73f4', 233, 315);
insert into Transaction (DTYPE, id, amount, balance, checkNo, date, description, externalId, initialBalance, memo, ref, status, type, uuid, account_id, transfer_id, custom) values('InternalTransaction', 317, 30.00, 1181.26, '', '2010-02-16', 'Transfer from Available', 'null', false, '', '', 0, 0, '068d5e0d-3bad-325d-aef3-fa3ce7d00d07', 229, 1901, false);
insert into Split (id, amount, uuid, envelope_id, transaction_id) values(318, 30.00, '5ee0eacc-ee92-343a-9339-9f2464bc59c3', 287, 317);
insert into Transaction (DTYPE, id, amount, balance, checkNo, date, description, externalId, initialBalance, memo, ref, status, type, uuid, account_id, transfer_id, custom) values('InternalTransaction', 319, -27.19, 5106.94, '', '2010-03-05', 'Transfer to GRAND & CAMELBACK SELF', 'null', false, '', '', 2, 1, 'd2c807fc-a026-382d-be3e-5da5264b5638', 229, 851, false);
insert into Split (id, amount, uuid, envelope_id, transaction_id) values(320, -27.19, 'b021bb2d-4e03-3b8d-8b39-46b3509bb699', 293, 319);
insert into Transaction (DTYPE, id, amount, balance, checkNo, date, description, externalId, initialBalance, memo, ref, status, type, uuid, account_id, transfer_id, custom) values('InternalTransaction', 321, 29.85, 1164.89, '', '2010-02-16', 'Transfer from Available', 'null', false, '', '', 0, 0, '4c0aa872-f485-3191-bfb9-0f92af07336e', 229, 3214, false);
insert into Split (id, amount, uuid, envelope_id, transaction_id) values(322, 29.85, '38981a8a-635a-389b-8266-c944445ee725', 232, 321);
insert into Transaction (DTYPE, id, amount, balance, checkNo, date, description, externalId, initialBalance, memo, ref, status, type, uuid, account_id, transfer_id, custom) values('InternalTransaction', 323, 175.00, 2863.27, '', '2010-04-16', 'Transfer from Available', 'null', false, '', '', 2, 0, '7023c827-121b-3924-92c1-e0a60f2dbb7f', 229, 2181, false);
insert into Split (id, amount, uuid, envelope_id, transaction_id) values(324, 175.00, '224f9d8d-320d-3e67-86e7-09da2bd16887', 275, 323);
insert into Transaction (DTYPE, id, amount, balance, checkNo, date, description, externalId, initialBalance, memo, ref, status, type, uuid, account_id, transfer_id, custom) values('InternalTransaction', 327, 10.32, 10.32, '', '2010-03-16', 'Transfer from Household', 'null', false, '', '', 2, 0, '068cccdf-305c-397a-980a-825c266df092', 228, 1527, false);
insert into Split (id, amount, uuid, envelope_id, transaction_id) values(328, 10.32, 'e50178ee-a8fb-3703-95b3-a39ba49a86f2', 256, 327);
insert into Transaction (DTYPE, id, amount, balance, checkNo, date, description, externalId, initialBalance, memo, ref, status, type, uuid, account_id, transfer_id, custom) values('InternalTransaction', 325, 5.61, 5.61, '', '2010-03-16', 'Transfer from Spending', 'null', false, '', '', 2, 0, '728bd8df-22f3-3970-b7e0-a037c9ddf771', 228, 429, false);
insert into Split (id, amount, uuid, envelope_id, transaction_id) values(326, 5.61, '00392e8f-ad46-316b-aaef-80104375158e', 246, 325);
insert into Transaction (DTYPE, id, amount, balance, checkNo, date, description, externalId, initialBalance, memo, ref, status, type, uuid, account_id, transfer_id, custom) values('InternalTransaction', 329, -5.25, 4691.81, '', '2009-11-16', 'WAL-MART #2113 CHRISTOWN670091', '2009111612', false, '11/14WAL-MART', '', 2, 1, '238c8fe0-ae9e-34e6-a5db-24b88207247b', 229, null, false);
insert into Split (id, amount, uuid, envelope_id, transaction_id) values(330, -5.25, '8021fe1b-4a81-383b-adf0-a0a29553a69c', 239, 329);
insert into Transaction (DTYPE, id, amount, balance, checkNo, date, description, externalId, initialBalance, memo, ref, status, type, uuid, account_id, transfer_id, custom) values('InternalTransaction', 333, 10.27, 10.27, '', '2010-03-20', 'Transfer from Available', 'null', false, '', '', 2, 0, '0c53ace4-14c6-3fc3-8dc6-829862d787d7', 228, 1709, false);
insert into Split (id, amount, uuid, envelope_id, transaction_id) values(334, 10.27, 'bfcc16e2-f822-390b-8f68-f8258043aa77', 296, 333);
insert into Transaction (DTYPE, id, amount, balance, checkNo, date, description, externalId, initialBalance, memo, ref, status, type, uuid, account_id, transfer_id, custom) values('InternalTransaction', 331, -24.50, 2589.50, '', '2010-04-30', 'Transfer to Massage Envy', 'null', false, '', '', 2, 1, '7fa175b3-2040-3957-af88-f4a5ea44cbc6', 229, 2880, false);
insert into Split (id, amount, uuid, envelope_id, transaction_id) values(332, -24.50, '8a75c737-4d17-3800-ba31-ceae0cd7f7a7', 293, 331);
insert into Transaction (DTYPE, id, amount, balance, checkNo, date, description, externalId, initialBalance, memo, ref, status, type, uuid, account_id, transfer_id, custom) values('InternalTransaction', 335, -2.11, 0.00, '', '2010-04-21', 'Transfer to Available', 'null', false, '', '', 2, 1, 'c7bfcf0e-f21c-3a5e-a761-b464d9c6fbde', 228, 2950, false);
insert into Split (id, amount, uuid, envelope_id, transaction_id) values(336, -2.11, '4ce83912-d44c-3ae5-a781-af800617a5ce', 270, 335);
insert into Transaction (DTYPE, id, amount, balance, checkNo, date, description, externalId, initialBalance, memo, ref, status, type, uuid, account_id, transfer_id, custom) values('InternalTransaction', 339, -8.59, 1238.97, '', '2010-04-09', 'Z S GREEK PHOENIX AZ', '201004091', false, '04/08Z S GREEK', '', 2, 1, '3fb82c39-3aa6-3ce0-a94b-c3a39f35e0b8', 229, null, false);
insert into Split (id, amount, uuid, envelope_id, transaction_id) values(340, -8.59, 'c3475b8e-2414-3e50-beb9-56c67bc6d78a', 264, 339);
insert into Transaction (DTYPE, id, amount, balance, checkNo, date, description, externalId, initialBalance, memo, ref, status, type, uuid, account_id, transfer_id, custom) values('InternalTransaction', 337, -35.60, 2285.44, '', '2010-02-25', 'ARCO PAYPOINT 2942 605594', '201002250', false, '02/24ARCO PAYP', '', 2, 1, '02d25bd9-b00f-3809-8fad-f9ba4a90e5ba', 229, null, false);
insert into Split (id, amount, uuid, envelope_id, transaction_id) values(338, -35.60, '893f9f04-f1cf-3770-bbd0-1ea2c7b617ee', 253, 337);
insert into Transaction (DTYPE, id, amount, balance, checkNo, date, description, externalId, initialBalance, memo, ref, status, type, uuid, account_id, transfer_id, custom) values('InternalTransaction', 343, 4.99, 768.11, '', '2010-04-13', 'Transfer from Available', 'null', false, '', '', 2, 0, '10d166fe-aeef-3d04-9803-6317b82787bf', 229, 2019, false);
insert into Split (id, amount, uuid, envelope_id, transaction_id) values(344, 4.99, 'e00ba38a-f9d2-3f28-a62a-0330cb3b2813', 254, 343);
insert into Transaction (DTYPE, id, amount, balance, checkNo, date, description, externalId, initialBalance, memo, ref, status, type, uuid, account_id, transfer_id, custom) values('InternalTransaction', 341, -175.00, 1827.32, '', '2009-12-16', 'IRS USATAXPYMT 2709', '200912160', false, '75000625990 WEB ID: 3387702000', '', 2, 1, '3782a9eb-91b8-302b-9ee1-6d20522bc680', 229, null, false);
insert into Split (id, amount, uuid, envelope_id, transaction_id) values(342, -175.00, '5b63f01f-bafc-3ce8-8fef-8485c9ec7ab7', 275, 341);
insert into Transaction (DTYPE, id, amount, balance, checkNo, date, description, externalId, initialBalance, memo, ref, status, type, uuid, account_id, transfer_id, custom) values('InternalTransaction', 345, -6.15, 2091.61, '', '2010-02-01', 'TACO BELL 21245 Q53 T', '201002014', false, '01/29TACO BELL', '', 2, 1, 'ad060289-8f5c-380c-976b-733ca474c246', 229, null, false);
insert into Split (id, amount, uuid, envelope_id, transaction_id) values(346, -6.15, '1c872ae6-4153-393a-82d2-57e4e760b48c', 246, 345);
insert into Transaction (DTYPE, id, amount, balance, checkNo, date, description, externalId, initialBalance, memo, ref, status, type, uuid, account_id, transfer_id, custom) values('InternalTransaction', 347, -60.60, 928.52, '', '2009-11-10', 'WALGREEN COMPANY 4111 N 104064', '200911100', false, '11/09WALGREEN', '', 2, 1, '57f8d253-ed34-342a-b644-a026c5447f51', 229, null, false);
insert into Split (id, amount, uuid, envelope_id, transaction_id) values(348, -60.60, '2babdd4b-1c76-3d3b-b06c-abe89aa7a1fa', 277, 347);
insert into Transaction (DTYPE, id, amount, balance, checkNo, date, description, externalId, initialBalance, memo, ref, status, type, uuid, account_id, transfer_id, custom) values('InternalTransaction', 349, -15.00, 2807.49, '', '2010-02-22', 'CVS 09205 09205--802 SO 832499', '201002225', false, '02/19CVS 09205', '', 2, 1, 'fa94b77d-0ab2-3f94-bc4b-6b2b83698e32', 229, null, false);
insert into Split (id, amount, uuid, envelope_id, transaction_id) values(350, -15.00, '899ad40f-8879-3f14-b45e-416f21c1d982', 287, 349);
insert into Transaction (DTYPE, id, amount, balance, checkNo, date, description, externalId, initialBalance, memo, ref, status, type, uuid, account_id, transfer_id, custom) values('InternalTransaction', 351, -5.00, 0.00, '', '2010-03-13', 'Transfer to Medical', 'null', false, '', '', 2, 1, 'b6e56259-3392-3890-a2bb-19779c9d85df', 228, 2984, false);
insert into Split (id, amount, uuid, envelope_id, transaction_id) values(352, -5.00, 'b1b5e8b9-b03e-31ef-abcc-d213873a8314', 252, 351);
insert into Transaction (DTYPE, id, amount, balance, checkNo, date, description, externalId, initialBalance, memo, ref, status, type, uuid, account_id, transfer_id, custom) values('InternalTransaction', 353, -308.00, 3975.63, '', '2010-02-16', 'Transfer to Lofts @ Arcadia', 'null', false, '', '', 0, 1, '53daa62a-b4f3-3e39-928f-862b6991fd31', 229, 455, false);
insert into Split (id, amount, uuid, envelope_id, transaction_id) values(354, -308.00, '85eb6a51-dc14-3c38-a1b3-754aed0e0abc', 293, 353);
insert into Transaction (DTYPE, id, amount, balance, checkNo, date, description, externalId, initialBalance, memo, ref, status, type, uuid, account_id, transfer_id, custom) values('InternalTransaction', 355, -441.52, 4373.63, '', '2010-02-16', 'Transfer to Household', 'null', false, '', '', 0, 1, '9123b2e2-0332-3956-b975-c1a9c1d58603', 229, 2763, false);
insert into Split (id, amount, uuid, envelope_id, transaction_id) values(356, -441.52, 'a6034257-62f8-3b10-a276-b0b16cfe0faf', 293, 355);
insert into Transaction (DTYPE, id, amount, balance, checkNo, date, description, externalId, initialBalance, memo, ref, status, type, uuid, account_id, transfer_id, custom) values('InternalTransaction', 357, -25.00, 1486.90, '', '2010-02-04', 'ON-LINE COMMUNICATIO 770', '201002042', false, '02/04ON-LINE C', '', 2, 1, '7df7443d-7810-322d-87fb-9b457845a0ec', 229, null, false);
insert into Split (id, amount, uuid, envelope_id, transaction_id) values(358, -25.00, '41a4c0f2-bb13-39a1-bcb1-f28f10f54adb', 247, 357);
insert into Transaction (DTYPE, id, amount, balance, checkNo, date, description, externalId, initialBalance, memo, ref, status, type, uuid, account_id, transfer_id, custom) values('InternalTransaction', 359, 1200.00, 4035.07, '', '2009-12-07', 'ATM CASH DEPOSIT', '200912070', false, '', '', 2, 0, '5cd580ca-7226-3d7b-ab90-2de1ea0655f8', 229, null, false);
insert into Split (id, amount, uuid, envelope_id, transaction_id) values(360, 1200.00, '1284c999-1d0b-3a1d-a56c-2f6217adb639', 293, 359);
insert into Transaction (DTYPE, id, amount, balance, checkNo, date, description, externalId, initialBalance, memo, ref, status, type, uuid, account_id, transfer_id, custom) values('InternalTransaction', 361, 10.98, 3138.57, '', '2010-02-19', 'Transfer from Available', 'null', false, '', '', 2, 0, 'f58f32b3-c36f-3c8e-845c-df54448748e9', 229, 2233, false);
insert into Split (id, amount, uuid, envelope_id, transaction_id) values(362, 10.98, 'a98b464a-88ae-3e67-b960-0833f57c07e7', 274, 361);
insert into Transaction (DTYPE, id, amount, balance, checkNo, date, description, externalId, initialBalance, memo, ref, status, type, uuid, account_id, transfer_id, custom) values('InternalTransaction', 363, -2.50, 0.00, '', '2010-03-16', 'Transfer to Coffee', 'null', false, '', '', 2, 1, 'c05667e4-3600-33b5-bbc1-216fc06c9f87', 228, 825, false);
insert into Split (id, amount, uuid, envelope_id, transaction_id) values(364, -2.50, '4a94778a-fb5c-3281-a1fd-6747b8d424f3', 252, 363);
insert into Transaction (DTYPE, id, amount, balance, checkNo, date, description, externalId, initialBalance, memo, ref, status, type, uuid, account_id, transfer_id, custom) values('InternalTransaction', 365, -22.76, 2327.59, '', '2010-02-23', 'Transfer to Household', 'null', false, '', '', 2, 1, '97b0b862-90fd-39d7-a22a-9647c70b82b9', 229, 491, false);
insert into Split (id, amount, uuid, envelope_id, transaction_id) values(366, -22.76, 'e109d758-9d58-3d8f-a4e6-403d8976d025', 293, 365);
insert into Transaction (DTYPE, id, amount, balance, checkNo, date, description, externalId, initialBalance, memo, ref, status, type, uuid, account_id, transfer_id, custom) values('InternalTransaction', 367, -29.15, 4316.79, '', '2010-03-29', 'BEDBATH&BEYOND# BEDB 202321928', '2010032913', false, '03/28BEDBATH&B', '', 2, 1, 'caf06357-b0d9-3f5c-af0a-a34c2fb36e8f', 229, null, false);
insert into Split (id, amount, uuid, envelope_id, transaction_id) values(368, -29.15, '4389a0bd-34f9-35df-b82a-8e2b05c1bf39', 248, 367);
insert into Transaction (DTYPE, id, amount, balance, checkNo, date, description, externalId, initialBalance, memo, ref, status, type, uuid, account_id, transfer_id, custom) values('InternalTransaction', 369, 10.00, 1145.04, '', '2010-02-16', 'Transfer from Available', 'null', false, '', '', 0, 0, 'c68bf883-b35c-338f-81f1-4ed4d2024696', 229, 2455, false);
insert into Split (id, amount, uuid, envelope_id, transaction_id) values(370, 10.00, '7b296fcb-5974-366d-9eba-8c4381e4c290', 234, 369);
insert into Transaction (DTYPE, id, amount, balance, checkNo, date, description, externalId, initialBalance, memo, ref, status, type, uuid, account_id, transfer_id, custom) values('InternalTransaction', 371, -154.67, 2739.28, '', '2010-04-16', 'Transfer to VW Credit', 'null', false, '', '', 2, 1, '865e0b4b-786c-3395-b411-3dff6a820159', 229, 2833, false);
insert into Split (id, amount, uuid, envelope_id, transaction_id) values(372, -154.67, '44573d1c-ec8f-3e1d-88bb-7948bf874f6f', 293, 371);
insert into Transaction (DTYPE, id, amount, balance, checkNo, date, description, externalId, initialBalance, memo, ref, status, type, uuid, account_id, transfer_id, custom) values('InternalTransaction', 373, 152.21, 838.38, '', '2010-03-03', 'ATM CHECK DEPOSIT', '201003030', false, '', '', 2, 0, 'ae08df15-5578-3799-89b2-5dd0346411e3', 229, null, false);
insert into Split (id, amount, uuid, envelope_id, transaction_id) values(374, 152.21, '528b0e4c-c7c5-38b6-9e1b-bcd7ed9e3d69', 293, 373);
insert into Transaction (DTYPE, id, amount, balance, checkNo, date, description, externalId, initialBalance, memo, ref, status, type, uuid, account_id, transfer_id, custom) values('InternalTransaction', 375, -32.27, 2404.78, '', '2010-02-28', 'Transfer to Eating Out', 'null', false, '', '', 2, 1, 'fc2c577c-332d-30df-a717-abc36d2b6434', 229, 1257, false);
insert into Split (id, amount, uuid, envelope_id, transaction_id) values(376, -32.27, 'b2998892-45a4-30db-bdcf-161727b0a836', 293, 375);
insert into Transaction (DTYPE, id, amount, balance, checkNo, date, description, externalId, initialBalance, memo, ref, status, type, uuid, account_id, transfer_id, custom) values('InternalTransaction', 377, -74.99, 1426.70, '', '2009-12-21', 'QWEST 8004238994 AUTO PAY', '200912211', false, 'PPD ID: ATPPHX6005', '', 2, 1, 'ce692cbd-c8d5-35aa-b843-288f81680cf8', 229, null, false);
insert into Split (id, amount, uuid, envelope_id, transaction_id) values(378, -74.99, '8208abcc-ebdc-3547-b97c-816575eb5610', 262, 377);
insert into Transaction (DTYPE, id, amount, balance, checkNo, date, description, externalId, initialBalance, memo, ref, status, type, uuid, account_id, transfer_id, custom) values('InternalTransaction', 379, -142.12, 1135.04, '', '2010-02-16', 'Transfer to New Car', 'null', false, '', '', 0, 1, 'dd938d7b-921b-38b9-aba4-cd78ad58befd', 229, 2201, false);
insert into Split (id, amount, uuid, envelope_id, transaction_id) values(380, -142.12, 'c3dd3058-e845-3716-a069-545738fc83e5', 293, 379);
insert into Transaction (DTYPE, id, amount, balance, checkNo, date, description, externalId, initialBalance, memo, ref, status, type, uuid, account_id, transfer_id, custom) values('InternalTransaction', 381, -26.05, 2580.58, '', '2010-04-19', 'CALIFORNIA PIZZA 172 CHA', '201004195', false, '04/17CALIFORNI', '', 2, 1, '3261adf8-9931-328e-9611-21c3e6f1724c', 229, null, false);
insert into Split (id, amount, uuid, envelope_id, transaction_id) values(382, -26.05, '52e8db6c-9d1c-3b93-b660-c3bb984e4b14', 296, 381);
insert into Transaction (DTYPE, id, amount, balance, checkNo, date, description, externalId, initialBalance, memo, ref, status, type, uuid, account_id, transfer_id, custom) values('InternalTransaction', 383, 37.50, 4488.18, '', '2010-03-19', 'Transfer from Available', 'null', false, '', '', 2, 0, '3b783068-5321-376d-8eb9-eb1457f21966', 229, 3156, false);
insert into Split (id, amount, uuid, envelope_id, transaction_id) values(384, 37.50, 'de5b42d0-6842-3edd-954e-59f167482890', 268, 383);
insert into Transaction (DTYPE, id, amount, balance, checkNo, date, description, externalId, initialBalance, memo, ref, status, type, uuid, account_id, transfer_id, custom) values('InternalTransaction', 385, -6.17, 0.00, '', '2010-03-16', 'Transfer to Available', 'null', false, '', '', 2, 1, 'c106553d-f7c0-374e-8503-7a7c38c45dbe', 228, 3102, false);
insert into Split (id, amount, uuid, envelope_id, transaction_id) values(386, -6.17, '4f59e88f-3e92-3e73-ba71-439d81a3aeed', 277, 385);
insert into Transaction (DTYPE, id, amount, balance, checkNo, date, description, externalId, initialBalance, memo, ref, status, type, uuid, account_id, transfer_id, custom) values('InternalTransaction', 387, -40.79, 4718.35, '', '2010-02-19', 'Transfer to Directv', 'null', false, '', '', 2, 1, '207ffa48-8389-3c43-9044-54dae4994b50', 229, 2561, false);
insert into Split (id, amount, uuid, envelope_id, transaction_id) values(388, -40.79, '87878c42-6a1e-3854-9c09-8570524b88d9', 293, 387);
insert into Transaction (DTYPE, id, amount, balance, checkNo, date, description, externalId, initialBalance, memo, ref, status, type, uuid, account_id, transfer_id, custom) values('InternalTransaction', 389, -14.50, 0.00, '', '2010-03-27', 'Transfer to Coffee', 'null', false, '', '', 2, 1, '314ff84a-ccf4-3b72-ac8b-56a8231e0a86', 228, 3056, false);
insert into Split (id, amount, uuid, envelope_id, transaction_id) values(390, -14.50, 'f26b69c1-3c1c-31b1-b750-c39b0df24486', 252, 389);
insert into Transaction (DTYPE, id, amount, balance, checkNo, date, description, externalId, initialBalance, memo, ref, status, type, uuid, account_id, transfer_id, custom) values('InternalTransaction', 395, -9.81, 1957.14, '', '2010-01-04', 'QDOBA 428 11404282 P', '201001048', false, '01/02QDOBA 428', '', 2, 1, 'a8a2bb9b-21a5-378a-a36a-e41baa66a2f9', 229, null, false);
insert into Split (id, amount, uuid, envelope_id, transaction_id) values(396, -9.81, '97c744ad-533e-39b6-819e-ebfd93146007', 296, 395);
insert into Transaction (DTYPE, id, amount, balance, checkNo, date, description, externalId, initialBalance, memo, ref, status, type, uuid, account_id, transfer_id, custom) values('InternalTransaction', 391, 25.00, 2049.23, '', '2010-04-02', 'Transfer from Available', 'null', false, '', '', 2, 0, 'c4656076-7544-3c65-9f41-8568f2189c69', 229, 1241, false);
insert into Split (id, amount, uuid, envelope_id, transaction_id) values(392, 25.00, '9c5e6839-3b52-360f-a466-6ff4b1cf4507', 239, 391);
insert into Transaction (DTYPE, id, amount, balance, checkNo, date, description, externalId, initialBalance, memo, ref, status, type, uuid, account_id, transfer_id, custom) values('InternalTransaction', 393, -5.77, 5826.90, '', '2010-03-05', 'Transfer to Auto Registration', 'null', false, '', '', 2, 1, 'c50e2586-d8d7-34df-800a-ad985976d7dd', 229, 1885, false);
insert into Split (id, amount, uuid, envelope_id, transaction_id) values(394, -5.77, '2f431d44-d547-37c4-86b2-94af79415fbd', 293, 393);
insert into Transaction (DTYPE, id, amount, balance, checkNo, date, description, externalId, initialBalance, memo, ref, status, type, uuid, account_id, transfer_id, custom) values('InternalTransaction', 397, -3.68, 667.58, '', '2010-01-05', 'ARCO PAYPOINT 2942 128231', '201001054', false, '01/04ARCO PAYP', '', 2, 1, '616a842d-78e0-3a44-8db3-18f0fd4d0aa8', 229, null, false);
insert into Split (id, amount, uuid, envelope_id, transaction_id) values(398, -3.68, 'd8d2694a-ccf7-34dd-a381-96edd5366dad', 252, 397);
insert into Transaction (DTYPE, id, amount, balance, checkNo, date, description, externalId, initialBalance, memo, ref, status, type, uuid, account_id, transfer_id, custom) values('InternalTransaction', 399, -1.04, 0.00, '', '2010-03-16', 'Transfer to Hair Services', 'null', false, '', '', 2, 1, 'a24e64d1-6dfe-39e9-9668-9bf2297add35', 228, 721, false);
insert into Split (id, amount, uuid, envelope_id, transaction_id) values(400, -1.04, '835c484b-3753-3dc5-9540-f69817ad4eb9', 252, 399);
insert into Transaction (DTYPE, id, amount, balance, checkNo, date, description, externalId, initialBalance, memo, ref, status, type, uuid, account_id, transfer_id, custom) values('InternalTransaction', 401, -21.65, 879.26, '', '2010-03-03', 'PETSMART INC 1120 PHOENI354136', '201003033', false, '03/02PETSMART', '', 2, 1, 'c42e1ccb-f218-3719-b8d0-04aab99a7705', 229, null, false);
insert into Split (id, amount, uuid, envelope_id, transaction_id) values(402, -21.65, 'fc239f01-ea98-380b-8bf8-8d3bf1ee0149', 244, 401);
insert into Transaction (DTYPE, id, amount, balance, checkNo, date, description, externalId, initialBalance, memo, ref, status, type, uuid, account_id, transfer_id, custom) values('InternalTransaction', 403, 25.00, 318.20, '', '2010-04-29', 'Transfer from Available', 'null', false, '', '', 2, 0, 'aab09919-6061-3aa2-ad56-f7c6f11134e4', 229, 523, false);
insert into Split (id, amount, uuid, envelope_id, transaction_id) values(404, 25.00, '68c1cd1f-90f1-3888-ba7c-f834a14bbe2b', 287, 403);
insert into Transaction (DTYPE, id, amount, balance, checkNo, date, description, externalId, initialBalance, memo, ref, status, type, uuid, account_id, transfer_id, custom) values('InternalTransaction', 407, 111.32, 111.32, '', '2010-03-12', 'Transfer from Available', 'null', false, '', '', 2, 0, 'eb526cec-27d5-3a81-bee9-dbdeea63eddd', 228, 999, false);
insert into Split (id, amount, uuid, envelope_id, transaction_id) values(408, 111.32, 'c50acf93-b200-330e-bdc2-7fd2e4ce72cc', 252, 407);
insert into Transaction (DTYPE, id, amount, balance, checkNo, date, description, externalId, initialBalance, memo, ref, status, type, uuid, account_id, transfer_id, custom) values('InternalTransaction', 405, -275.00, 4107.60, '271', '2010-03-22', 'SRP', '201003224', false, '', '', 2, 1, '05a8a8f7-aea6-3ea5-953a-8325902218d0', 229, null, false);
insert into Split (id, amount, uuid, envelope_id, transaction_id) values(406, -275.00, '7c195188-7fdd-3c40-b7b9-f470833a4a71', 248, 405);
insert into Transaction (DTYPE, id, amount, balance, checkNo, date, description, externalId, initialBalance, memo, ref, status, type, uuid, account_id, transfer_id, custom) values('InternalTransaction', 411, -80.00, 4027.60, '270', '2010-03-22', 'Annette Trijillo', '201003228', false, '', '', 2, 1, 'c2ee8ea6-f8d0-3297-9af4-74f51c296fc0', 229, null, false);
insert into Split (id, amount, uuid, envelope_id, transaction_id) values(412, -80.00, '8db57325-c00b-31c4-902d-b2c80c4804ee', 261, 411);
insert into Transaction (DTYPE, id, amount, balance, checkNo, date, description, externalId, initialBalance, memo, ref, status, type, uuid, account_id, transfer_id, custom) values('InternalTransaction', 409, 4.98, 2594.48, '', '2010-04-30', 'Transfer from Available', 'null', false, '', '', 2, 0, '22efbc72-414d-3705-8da2-f72ef62c54c7', 229, 1737, false);
insert into Split (id, amount, uuid, envelope_id, transaction_id) values(410, 4.98, '76b35d4a-0710-381a-9394-09f2b0be60a0', 232, 409);
insert into Transaction (DTYPE, id, amount, balance, checkNo, date, description, externalId, initialBalance, memo, ref, status, type, uuid, account_id, transfer_id, custom) values('InternalTransaction', 413, -242.28, 2404.78, '', '2010-02-28', 'Transfer to Unassigned', 'null', false, '', '', 2, 1, '2e8a02c6-a235-358f-80d3-d44d7ed29aa8', 229, 1323, false);
insert into Split (id, amount, uuid, envelope_id, transaction_id) values(414, -242.28, '8c70131b-0359-344d-afea-13cc6f85e236', 293, 413);
insert into Transaction (DTYPE, id, amount, balance, checkNo, date, description, externalId, initialBalance, memo, ref, status, type, uuid, account_id, transfer_id, custom) values('InternalTransaction', 415, -601.56, 1954.12, '', '2010-04-05', 'HSBC CARD SRVCS Online Pmt 0000', '201004057', false, '00551258007 WEB ID: 2000000510', '', 2, 1, '8bc7cc08-60be-39d5-8452-785769f02f20', 229, null, false);
insert into Split (id, amount, uuid, envelope_id, transaction_id) values(416, -601.56, 'f619ca4e-ea7b-325e-b4db-eed45c65d7f2', 242, 415);
insert into Transaction (DTYPE, id, amount, balance, checkNo, date, description, externalId, initialBalance, memo, ref, status, type, uuid, account_id, transfer_id, custom) values('InternalTransaction', 417, 981.06, 981.06, '', '2010-03-05', 'Transfer from Available', 'null', false, '', '', 2, 0, '8a48aaa9-b4b7-3aab-8915-a61293c8d35b', 228, 2647, false);
insert into Split (id, amount, uuid, envelope_id, transaction_id) values(418, 981.06, '5f37c9dd-ee45-31da-909e-497db387fa93', 242, 417);
insert into Transaction (DTYPE, id, amount, balance, checkNo, date, description, externalId, initialBalance, memo, ref, status, type, uuid, account_id, transfer_id, custom) values('InternalTransaction', 419, -20.00, 2279.59, '', '2009-12-31', 'ATM WITHDRAWAL 004827', '200912310', false, '12/317801 N 19', '', 2, 1, '8b67ca16-382f-3503-a176-7046c6788842', 229, null, false);
insert into Split (id, amount, uuid, envelope_id, transaction_id) values(420, -20.00, '1ebda579-eca5-36a9-b135-95a5ba4a6c17', 276, 419);
insert into Transaction (DTYPE, id, amount, balance, checkNo, date, description, externalId, initialBalance, memo, ref, status, type, uuid, account_id, transfer_id, custom) values('InternalTransaction', 421, -38.17, 3292.48, '', '2009-11-23', 'CHEVRON 00210124 PHOENIX', '200911235', false, '11/19CHEVRON 0', '', 2, 1, '27483ee8-c15f-37b5-916c-a2f1f2952476', 229, null, false);
insert into Split (id, amount, uuid, envelope_id, transaction_id) values(422, -38.17, '5816fe8f-dac9-3e4a-a830-35d787168b60', 253, 421);
insert into Transaction (DTYPE, id, amount, balance, checkNo, date, description, externalId, initialBalance, memo, ref, status, type, uuid, account_id, transfer_id, custom) values('InternalTransaction', 425, 15.82, 15.82, '', '2010-03-09', 'Transfer from Spending', 'null', false, '', '', 2, 0, '5f893664-a2b5-3946-8f4b-5cb011c25192', 228, 3216, false);
insert into Split (id, amount, uuid, envelope_id, transaction_id) values(426, 15.82, '4679ff44-176d-3e0b-b17e-013b39a4fefb', 265, 425);
insert into Transaction (DTYPE, id, amount, balance, checkNo, date, description, externalId, initialBalance, memo, ref, status, type, uuid, account_id, transfer_id, custom) values('InternalTransaction', 423, -16.76, 4322.72, '', '2009-12-14', 'FRYS FOOD & DRUG 1815 G 464587', '2009121418', false, '12/12FRYS FOOD', '', 2, 1, 'db3cd748-cbd2-3e48-85ae-9d13f42fa529', 229, null, false);
insert into Split (id, amount, uuid, envelope_id, transaction_id) values(424, -16.76, 'ade19ef6-c588-3009-b843-a3a907b23244', 238, 423);
insert into Transaction (DTYPE, id, amount, balance, checkNo, date, description, externalId, initialBalance, memo, ref, status, type, uuid, account_id, transfer_id, custom) values('InternalTransaction', 427, -13.99, 5255.96, '', '2010-02-19', 'Transfer to Arrowhead Water', 'null', false, '', '', 2, 1, '3cf16e87-99a6-3bc7-a3d7-c1ec2adeb01f', 229, 805, false);
insert into Split (id, amount, uuid, envelope_id, transaction_id) values(428, -13.99, '44ac3f13-aa61-34d5-bd1a-57715da1d02e', 293, 427);
insert into Transaction (DTYPE, id, amount, balance, checkNo, date, description, externalId, initialBalance, memo, ref, status, type, uuid, account_id, transfer_id, custom) values('InternalTransaction', 429, -5.61, 0.00, '', '2010-03-16', 'Transfer to Fast Food', 'null', false, '', '', 2, 1, 'c3137f1c-7822-3cee-93af-dbd450f850f0', 228, 325, false);
insert into Split (id, amount, uuid, envelope_id, transaction_id) values(430, -5.61, 'db10b931-e0ef-3588-9b6d-10104c7eb123', 252, 429);
insert into Transaction (DTYPE, id, amount, balance, checkNo, date, description, externalId, initialBalance, memo, ref, status, type, uuid, account_id, transfer_id, custom) values('InternalTransaction', 431, -247.41, 6169.66, '', '2010-02-16', 'Transfer to Medical', 'null', false, '', '', 0, 1, '5dfaffb4-bbc2-3602-8f98-1381d9165eb8', 229, 2321, false);
insert into Split (id, amount, uuid, envelope_id, transaction_id) values(432, -247.41, '0c7e0bb5-7f53-33eb-8863-6949815ed317', 293, 431);
insert into Transaction (DTYPE, id, amount, balance, checkNo, date, description, externalId, initialBalance, memo, ref, status, type, uuid, account_id, transfer_id, custom) values('InternalTransaction', 433, -2.11, 2606.63, '', '2010-04-19', 'STARBUCKS USA 00119842 C', '201004194', false, '04/17STARBUCKS', '', 2, 1, 'e0e66a45-a0a3-3259-8a60-9c2b18f57bfe', 229, null, false);
insert into Split (id, amount, uuid, envelope_id, transaction_id) values(434, -2.11, 'a31aed15-1b34-3d49-8ff2-20bfab065364', 252, 433);
insert into Transaction (DTYPE, id, amount, balance, checkNo, date, description, externalId, initialBalance, memo, ref, status, type, uuid, account_id, transfer_id, custom) values('InternalTransaction', 435, 2000.00, 6450.68, '', '2010-03-20', 'Unicon', '201003260', false, '', '', 2, 0, '63eb20a8-c53d-364d-8446-3019c5582769', 229, null, false);
insert into Split (id, amount, uuid, envelope_id, transaction_id) values(436, 2000.00, '31ddb73d-fa3a-32bd-9991-a4dc7aeae9ab', 293, 435);
insert into Transaction (DTYPE, id, amount, balance, checkNo, date, description, externalId, initialBalance, memo, ref, status, type, uuid, account_id, transfer_id, custom) values('InternalTransaction', 437, -268.53, 2905.98, '', '2009-12-14', 'APPLE STORE #R031 PHOENI', '200912144', false, '12/12APPLE STO', '', 2, 1, 'ac653db4-d520-3f70-80f9-fa5a04c1123a', 229, null, false);
insert into Split (id, amount, uuid, envelope_id, transaction_id) values(438, -268.53, 'e89c54e6-2f90-31f8-af13-8332909ea1c5', 249, 437);
insert into Transaction (DTYPE, id, amount, balance, checkNo, date, description, externalId, initialBalance, memo, ref, status, type, uuid, account_id, transfer_id, custom) values('InternalTransaction', 439, -59.92, 2774.05, '', '2009-12-28', 'SPROUTS FARMERS MKT #7 P058032', '200912284', false, '12/26SPROUTS F', '', 2, 1, '37d27e53-7f10-3c01-809f-636554d60e56', 229, null, false);
insert into Split (id, amount, uuid, envelope_id, transaction_id) values(440, -59.92, '910ff2ca-ad2f-3a6b-94e8-26f19224e8d8', 238, 439);
insert into Transaction (DTYPE, id, amount, balance, checkNo, date, description, externalId, initialBalance, memo, ref, status, type, uuid, account_id, transfer_id, custom) values('InternalTransaction', 441, -80.00, 2342.59, '266', '2010-02-23', 'Annette Trijillo', '201002231', false, '', '', 2, 1, '33d37297-bc05-3c0b-8084-e6ad0c01b5ee', 229, null, false);
insert into Split (id, amount, uuid, envelope_id, transaction_id) values(442, -80.00, '5d2758d8-3cd9-3c33-890b-67ad814d8219', 261, 441);
insert into Transaction (DTYPE, id, amount, balance, checkNo, date, description, externalId, initialBalance, memo, ref, status, type, uuid, account_id, transfer_id, custom) values('InternalTransaction', 443, 4.84, 4.84, '', '2010-03-20', 'Transfer from Available', 'null', false, '', '', 2, 0, '7a0c5138-5a16-375f-8846-70cf22c31685', 228, 2273, false);
insert into Split (id, amount, uuid, envelope_id, transaction_id) values(444, 4.84, '3801d638-61bf-3d87-a87b-3c0504e477f8', 246, 443);
insert into Transaction (DTYPE, id, amount, balance, checkNo, date, description, externalId, initialBalance, memo, ref, status, type, uuid, account_id, transfer_id, custom) values('InternalTransaction', 449, -7.87, 2609.85, '', '2010-04-19', 'HAP''S BBQ QPS P', '201004192', false, '04/16HAP''S BBQ', '', 2, 1, 'c9840d85-74f9-320a-a3e1-c3277cf25128', 229, null, false);
insert into Split (id, amount, uuid, envelope_id, transaction_id) values(450, -7.87, '8974565f-ccc3-3bc8-b177-2e594928669e', 296, 449);
insert into Transaction (DTYPE, id, amount, balance, checkNo, date, description, externalId, initialBalance, memo, ref, status, type, uuid, account_id, transfer_id, custom) values('InternalTransaction', 447, 154.66, 2203.89, '', '2010-04-02', 'Transfer from Available', 'null', false, '', '', 2, 0, 'ddfd5ada-9a1a-31ae-9787-50e74aad3864', 229, 2115, false);
insert into Split (id, amount, uuid, envelope_id, transaction_id) values(448, 154.66, '48d5dd73-7a2b-3752-8a0a-353823d9fcac', 267, 447);
insert into Transaction (DTYPE, id, amount, balance, checkNo, date, description, externalId, initialBalance, memo, ref, status, type, uuid, account_id, transfer_id, custom) values('InternalTransaction', 445, -17.50, 1248.18, '', '2010-02-15', 'DEER VALLEY 30', '201002171', false, '', '', 2, 1, '67d64c0b-a94f-3c90-b1b5-3017c5ca0863', 229, null, false);
insert into Split (id, amount, uuid, envelope_id, transaction_id) values(446, -17.50, '1caaa982-7dca-3028-bc67-0a1c2403d463', 285, 445);
insert into Transaction (DTYPE, id, amount, balance, checkNo, date, description, externalId, initialBalance, memo, ref, status, type, uuid, account_id, transfer_id, custom) values('InternalTransaction', 451, -20.00, 0.00, '', '2010-03-13', 'Transfer to Rental', 'null', false, '', '', 2, 1, '22d3714f-081c-3af6-8152-68db2ac2082f', 228, 2231, false);
insert into Split (id, amount, uuid, envelope_id, transaction_id) values(452, -20.00, '07898dab-5a71-33e5-a645-1f646f8ebc33', 252, 451);
insert into Transaction (DTYPE, id, amount, balance, checkNo, date, description, externalId, initialBalance, memo, ref, status, type, uuid, account_id, transfer_id, custom) values('InternalTransaction', 453, 1.25, 1214.85, '', '2010-02-16', 'Transfer from Available', 'null', false, '', '', 0, 0, '487c1842-4ab8-3645-adf6-2d67a63d83b4', 229, 2279, false);
insert into Split (id, amount, uuid, envelope_id, transaction_id) values(454, 1.25, 'e2bdd03c-9a30-3b0a-844d-d74fcbc331cb', 270, 453);
insert into Transaction (DTYPE, id, amount, balance, checkNo, date, description, externalId, initialBalance, memo, ref, status, type, uuid, account_id, transfer_id, custom) values('InternalTransaction', 455, 308.00, 1522.85, '', '2010-02-16', 'Transfer from Available', 'null', false, '', '', 0, 0, '58ec0b4e-82a6-39d9-b9c2-63b7479fe0cd', 229, 353, false);
insert into Split (id, amount, uuid, envelope_id, transaction_id) values(456, 308.00, '09897b8f-8abc-3470-a173-40cfd35b52b9', 258, 455);
insert into Transaction (DTYPE, id, amount, balance, checkNo, date, description, externalId, initialBalance, memo, ref, status, type, uuid, account_id, transfer_id, custom) values('InternalTransaction', 457, -20.41, 1265.68, '', '2010-02-15', 'QMG GLENDALE', '201002164', false, '', '', 2, 1, '0461b615-3de8-329c-96c4-a3a3916be869', 229, null, false);
insert into Split (id, amount, uuid, envelope_id, transaction_id) values(458, -20.41, '4af67661-2dd0-3e01-9169-0bc27d8d4148', 252, 457);
insert into Transaction (DTYPE, id, amount, balance, checkNo, date, description, externalId, initialBalance, memo, ref, status, type, uuid, account_id, transfer_id, custom) values('InternalTransaction', 459, -23.57, null, '', '2010-04-16', 'THAI ELEPHANT BISTRO TEM', '201004161', false, '04/15THAI ELEP', '', 2, 1, '69ca8a61-73aa-3a37-9f3b-0f4c0d2bd401', 229, null, false);
insert into Split (id, amount, uuid, envelope_id, transaction_id) values(460, -23.57, '82cd2fe3-edec-3a01-b52c-090d6affe5e7', 296, 459);
insert into Transaction (DTYPE, id, amount, balance, checkNo, date, description, externalId, initialBalance, memo, ref, status, type, uuid, account_id, transfer_id, custom) values('InternalTransaction', 463, -2.04, 4345.94, '', '2010-03-29', 'DUNKIN #347629 Q35 T', '2010032912', false, '03/27DUNKIN #3', '', 2, 1, 'e7013370-0349-36c8-a902-c869386934df', 229, null, false);
insert into Split (id, amount, uuid, envelope_id, transaction_id) values(464, -2.04, '8d0ec495-f1d1-30d4-b4cf-1a22a3b00a82', 270, 463);
insert into Transaction (DTYPE, id, amount, balance, checkNo, date, description, externalId, initialBalance, memo, ref, status, type, uuid, account_id, transfer_id, custom) values('InternalTransaction', 461, 2472.97, 2472.97, '', '2010-04-16', 'Transfer from Unassigned', 'null', false, '', '', 2, 0, 'e837d382-74e1-3e3d-8bc0-cbb12b483e9d', 228, 3036, false);
insert into Split (id, amount, uuid, envelope_id, transaction_id) values(462, 2472.97, '436eae5f-dc86-31a8-b34f-9cc77dd588c6', 293, 461);
insert into Transaction (DTYPE, id, amount, balance, checkNo, date, description, externalId, initialBalance, memo, ref, status, type, uuid, account_id, transfer_id, custom) values('InternalTransaction', 465, -13.61, 3398.23, '', '2010-02-08', 'BOSTON MARKET #272 PHOEN', '2010020810', false, '02/05BOSTON MA', '', 2, 1, 'd74cca7a-7eae-329f-aa3d-9a3dc846d96d', 229, null, false);
insert into Split (id, amount, uuid, envelope_id, transaction_id) values(466, -13.61, '3360dce7-2107-3f3e-a59a-d74601044d7c', 296, 465);
insert into Transaction (DTYPE, id, amount, balance, checkNo, date, description, externalId, initialBalance, memo, ref, status, type, uuid, account_id, transfer_id, custom) values('InternalTransaction', 473, 40.00, 2243.89, '', '2010-04-02', 'Transfer from Available', 'null', false, '', '', 2, 0, '759b234c-94b8-3712-9f9b-5121cb18553c', 229, 2393, false);
insert into Split (id, amount, uuid, envelope_id, transaction_id) values(474, 40.00, 'f767a998-7a3f-3bfd-a8ad-1411c7bcab1d', 253, 473);
insert into Transaction (DTYPE, id, amount, balance, checkNo, date, description, externalId, initialBalance, memo, ref, status, type, uuid, account_id, transfer_id, custom) values('InternalTransaction', 471, -158.09, 1068.41, '', '2009-12-24', 'EMPIRE PLUMBING PHOENIX', '200912240', false, '12/23EMPIRE PL', '', 2, 1, '8baaa1ad-b241-3cdc-b188-dae9da5bebed', 229, null, false);
insert into Split (id, amount, uuid, envelope_id, transaction_id) values(472, -158.09, 'cf2df204-1e1d-3fb0-9ce9-4b9d606a729c', 239, 471);
insert into Transaction (DTYPE, id, amount, balance, checkNo, date, description, externalId, initialBalance, memo, ref, status, type, uuid, account_id, transfer_id, custom) values('InternalTransaction', 469, 35.97, 1171.01, '', '2010-02-16', 'Transfer from Available', 'null', false, '', '', 0, 0, '87698d32-d698-324d-9240-0a9e0d1a6b42', 229, 481, false);
insert into Split (id, amount, uuid, envelope_id, transaction_id) values(470, 35.97, '5eaeb0c4-b40d-3f02-b434-ccef87304817', 263, 469);
insert into Transaction (DTYPE, id, amount, balance, checkNo, date, description, externalId, initialBalance, memo, ref, status, type, uuid, account_id, transfer_id, custom) values('InternalTransaction', 467, 14.99, 14.99, '', '2010-04-13', 'Transfer from Spending', 'null', false, '', '', 2, 0, '8541ac69-896a-302d-9bd6-f67773573974', 228, 1805, false);
insert into Split (id, amount, uuid, envelope_id, transaction_id) values(468, 14.99, 'ddfb9902-0ba7-3850-99e4-7691a10f0932', 293, 467);
insert into Transaction (DTYPE, id, amount, balance, checkNo, date, description, externalId, initialBalance, memo, ref, status, type, uuid, account_id, transfer_id, custom) values('InternalTransaction', 475, 10.00, 2599.50, '', '2010-04-30', 'Transfer from Available', 'null', false, '', '', 2, 0, 'ced0ec8f-8bc2-37f0-91d4-a539eb87eed1', 229, 1449, false);
insert into Split (id, amount, uuid, envelope_id, transaction_id) values(476, 10.00, '541ea6d4-42de-3fae-958d-7f39e4d8dd05', 234, 475);
insert into Transaction (DTYPE, id, amount, balance, checkNo, date, description, externalId, initialBalance, memo, ref, status, type, uuid, account_id, transfer_id, custom) values('InternalTransaction', 479, 21.51, 21.51, '', '2010-03-03', 'Transfer from Unassigned', 'null', false, '', '', 2, 0, 'cfcfea2e-e211-3a38-908b-f487eb1e78e4', 228, 2105, false);
insert into Split (id, amount, uuid, envelope_id, transaction_id) values(480, 21.51, '80d577be-6e2e-39d1-a1ee-4358e4babed1', 293, 479);
insert into Transaction (DTYPE, id, amount, balance, checkNo, date, description, externalId, initialBalance, memo, ref, status, type, uuid, account_id, transfer_id, custom) values('InternalTransaction', 477, 3163.64, 4328.53, '', '2010-02-16', 'Transfer from Available', 'null', false, '', '', 0, 0, '73b85c71-cd56-3d03-a570-929d1aef7383', 229, 2725, false);
insert into Split (id, amount, uuid, envelope_id, transaction_id) values(478, 3163.64, '46f3d4ca-ca6f-3a55-891c-4457bb5170ec', 231, 477);
insert into Transaction (DTYPE, id, amount, balance, checkNo, date, description, externalId, initialBalance, memo, ref, status, type, uuid, account_id, transfer_id, custom) values('InternalTransaction', 481, -35.97, 1135.04, '', '2010-02-16', 'Transfer to Me.com', 'null', false, '', '', 0, 1, '2eff2fd3-56b6-3c82-9ca8-8a1b31cf8458', 229, 469, false);
insert into Split (id, amount, uuid, envelope_id, transaction_id) values(482, -35.97, 'b0a56d79-058c-3399-a735-00165d7b928a', 293, 481);
insert into Transaction (DTYPE, id, amount, balance, checkNo, date, description, externalId, initialBalance, memo, ref, status, type, uuid, account_id, transfer_id, custom) values('InternalTransaction', 483, -3.04, 1425.41, '', '2010-02-11', 'QT 400 TEMPE AZ 069918', '201002114', false, '02/10QT 400 TE', '', 2, 1, '66b66886-cd05-312a-996f-141869d47960', 229, null, false);
insert into Split (id, amount, uuid, envelope_id, transaction_id) values(484, -3.04, '744d4d7f-b38c-3742-93e6-801757d8b0a0', 252, 483);
insert into Transaction (DTYPE, id, amount, balance, checkNo, date, description, externalId, initialBalance, memo, ref, status, type, uuid, account_id, transfer_id, custom) values('InternalTransaction', 487, -3.73, 989.12, '', '2009-11-09', 'SPROUTS FARMERS MKT # 0 862544', '200911099', false, '11/07SPROUTS F', '', 2, 1, '55d604bf-7cdb-3926-a8da-7adfc06971a7', 229, null, false);
insert into Split (id, amount, uuid, envelope_id, transaction_id) values(488, -3.73, '87bdee25-48ae-3d0c-a3a9-239c157a6c13', 238, 487);
insert into Transaction (DTYPE, id, amount, balance, checkNo, date, description, externalId, initialBalance, memo, ref, status, type, uuid, account_id, transfer_id, custom) values('InternalTransaction', 485, -180.25, 5968.44, '', '2010-02-16', 'Transfer to Movie Theatre', 'null', false, '', '', 0, 1, '42bc531d-fcec-378b-85cd-3fcf19919a7d', 229, 2267, false);
insert into Split (id, amount, uuid, envelope_id, transaction_id) values(486, -180.25, 'db998dc3-8bb0-3bb7-b2b3-7b094ced5688', 293, 485);
insert into Transaction (DTYPE, id, amount, balance, checkNo, date, description, externalId, initialBalance, memo, ref, status, type, uuid, account_id, transfer_id, custom) values('InternalTransaction', 489, -10.57, 3239.24, '', '2009-11-23', 'QDOBA 428 11404282 P', '200911239', false, '11/21QDOBA 428', '', 2, 1, 'f2c3f433-f7f2-30d1-b74a-51b38baf8a3a', 229, null, false);
insert into Split (id, amount, uuid, envelope_id, transaction_id) values(490, -10.57, '15c82681-9555-3b89-84d3-27fa397696ad', 296, 489);
insert into Transaction (DTYPE, id, amount, balance, checkNo, date, description, externalId, initialBalance, memo, ref, status, type, uuid, account_id, transfer_id, custom) values('InternalTransaction', 491, 22.76, 2350.35, '', '2010-02-23', 'Transfer from Available', 'null', false, '', '', 2, 0, '17f0a19d-ed97-3f34-a206-058cb808ade1', 229, 365, false);
insert into Split (id, amount, uuid, envelope_id, transaction_id) values(492, 22.76, 'af55073a-0e91-314e-aac8-336177e6583a', 239, 491);
insert into Transaction (DTYPE, id, amount, balance, checkNo, date, description, externalId, initialBalance, memo, ref, status, type, uuid, account_id, transfer_id, custom) values('InternalTransaction', 493, 25.00, 2888.27, '', '2010-04-16', 'Transfer from Available', 'null', false, '', '', 2, 0, 'a40bea26-6215-37dd-9a73-3260f3574ade', 229, 2509, false);
insert into Split (id, amount, uuid, envelope_id, transaction_id) values(494, 25.00, '3452db09-20d8-3f9d-be74-87b864f2f2ef', 287, 493);
insert into Transaction (DTYPE, id, amount, balance, checkNo, date, description, externalId, initialBalance, memo, ref, status, type, uuid, account_id, transfer_id, custom) values('InternalTransaction', 495, -5.13, 1211.15, '', '2010-04-26', 'IN-N-OUT BURGERS TEMPE A', '201004265', false, '04/24IN-N-OUT', '', 1, 1, '4522946a-07a7-368f-848b-98753d79d82c', 229, null, false);
insert into Split (id, amount, uuid, envelope_id, transaction_id) values(496, -5.13, '982d69fd-f344-33df-8bf9-f97cc2afe684', 246, 495);
insert into Transaction (DTYPE, id, amount, balance, checkNo, date, description, externalId, initialBalance, memo, ref, status, type, uuid, account_id, transfer_id, custom) values('InternalTransaction', 497, -7.30, 1813.82, '', '2010-03-11', 'Transfer to Fast Food', 'null', false, '', '', 2, 1, 'a4119044-86e7-3bed-8587-c2541011f3f3', 229, 2055, false);
insert into Split (id, amount, uuid, envelope_id, transaction_id) values(498, -7.30, '6ee3b619-f98d-305e-ac2e-35c8bcedd0e0', 293, 497);
insert into Transaction (DTYPE, id, amount, balance, checkNo, date, description, externalId, initialBalance, memo, ref, status, type, uuid, account_id, transfer_id, custom) values('InternalTransaction', 499, -260.00, 2310.88, '', '2010-01-11', 'ATM WITHDRAWAL 001807', '201001112', false, '01/093150 E IN', '', 2, 1, 'e10c928a-1f63-3799-919a-870680f69c34', 229, null, false);
insert into Split (id, amount, uuid, envelope_id, transaction_id) values(500, -260.00, 'f6cc38c2-db4e-3d7e-bfdb-593f7c565213', 276, 499);
insert into Transaction (DTYPE, id, amount, balance, checkNo, date, description, externalId, initialBalance, memo, ref, status, type, uuid, account_id, transfer_id, custom) values('InternalTransaction', 501, -75.30, 1906.98, '', '2009-11-06', 'WAL-MART #2113 CHRISTOWN872646', '200911060', false, '11/05WAL-MART', '', 2, 1, 'b0a68e34-1622-3cf8-8748-4be089f4d012', 229, null, false);
insert into Split (id, amount, uuid, envelope_id, transaction_id) values(502, -75.30, '857250e8-1e6d-379f-a954-110170348435', 239, 501);
insert into Transaction (DTYPE, id, amount, balance, checkNo, date, description, externalId, initialBalance, memo, ref, status, type, uuid, account_id, transfer_id, custom) values('InternalTransaction', 503, -56.51, 650.05, '', '2010-04-16', 'Transfer to Household', 'null', false, '', '', 2, 1, '2c09931f-a026-360c-a6bc-b88a6182cb19', 229, 2041, false);
insert into Split (id, amount, uuid, envelope_id, transaction_id) values(504, -56.51, 'f5180054-fd23-3891-a9af-f528ef6b419d', 293, 503);
insert into Transaction (DTYPE, id, amount, balance, checkNo, date, description, externalId, initialBalance, memo, ref, status, type, uuid, account_id, transfer_id, custom) values('InternalTransaction', 505, -2.70, 1123.35, '', '2009-11-09', 'EINSTEIN BROS #2021 PHOE', '2009110910', false, '11/07EINSTEIN', '', 2, 1, 'ec4600e2-b56f-3e98-a792-0d6ab6cd8d0a', 229, null, false);
insert into Split (id, amount, uuid, envelope_id, transaction_id) values(506, -2.70, '96e0e78d-90f7-3a3f-8961-627221f3ef58', 296, 505);
insert into Transaction (DTYPE, id, amount, balance, checkNo, date, description, externalId, initialBalance, memo, ref, status, type, uuid, account_id, transfer_id, custom) values('InternalTransaction', 507, 240.57, 4161.84, '', '2010-03-05', 'Transfer from Available', 'null', false, '', '', 2, 0, 'a73b0284-9940-3325-b49d-ecaa2681b346', 229, 2325, false);
insert into Split (id, amount, uuid, envelope_id, transaction_id) values(508, 240.57, '1a856a11-5622-30ee-a841-fa61ef927925', 242, 507);
insert into Transaction (DTYPE, id, amount, balance, checkNo, date, description, externalId, initialBalance, memo, ref, status, type, uuid, account_id, transfer_id, custom) values('InternalTransaction', 509, -34.92, 3611.83, '', '2010-02-05', 'QT 440 PHOENIX AZ 148215', '201002051', false, '02/04QT 440 PH', '', 2, 1, '584a5fe3-7da7-345b-a699-87ef3d491df8', 229, null, false);
insert into Split (id, amount, uuid, envelope_id, transaction_id) values(510, -34.92, 'd390af59-6ed0-337b-b062-afe04d8d5fcb', 252, 509);
insert into Transaction (DTYPE, id, amount, balance, checkNo, date, description, externalId, initialBalance, memo, ref, status, type, uuid, account_id, transfer_id, custom) values('InternalTransaction', 511, -56.23, 2152.73, '', '2010-02-01', 'SPROUTS FARMERS MKT #7 P074710', '201002011', false, '01/31SPROUTS F', '', 2, 1, '5cad3bab-fb5f-3808-aebc-6c69a8f018be', 229, null, false);
insert into Split (id, amount, uuid, envelope_id, transaction_id) values(512, -56.23, 'c844859c-f07e-348c-bde4-46ce758010a0', 238, 511);
insert into Transaction (DTYPE, id, amount, balance, checkNo, date, description, externalId, initialBalance, memo, ref, status, type, uuid, account_id, transfer_id, custom) values('InternalTransaction', 513, -10.41, 2600.26, '', '2010-01-11', 'PAPA JOHN''S #1507 TEMPE', '2010011112', false, '01/08PAPA JOHN', '', 2, 1, 'a6e42512-e202-3019-b17d-25bf175857d5', 229, null, false);
insert into Split (id, amount, uuid, envelope_id, transaction_id) values(514, -10.41, 'e5be8147-739b-3943-98e5-cc796c40d992', 246, 513);
insert into Transaction (DTYPE, id, amount, balance, checkNo, date, description, externalId, initialBalance, memo, ref, status, type, uuid, account_id, transfer_id, custom) values('InternalTransaction', 515, 19.40, 3146.99, '', '2010-02-20', 'Transfer from Available', 'null', false, '', '', 2, 0, '6fc565f7-5117-3a48-acd5-47b14845218d', 229, 3062, false);
insert into Split (id, amount, uuid, envelope_id, transaction_id) values(516, 19.40, '981d3102-f495-3cc2-9f00-4ec3a938274c', 239, 515);
insert into Transaction (DTYPE, id, amount, balance, checkNo, date, description, externalId, initialBalance, memo, ref, status, type, uuid, account_id, transfer_id, custom) values('InternalTransaction', 517, -11.64, 2415.94, '', '2009-12-29', 'SPROUTS FARMERS MKT #7 P469290', '200912294', false, '12/28SPROUTS F', '', 2, 1, '9aa60952-5ce2-3e86-a2e9-244324423927', 229, null, false);
insert into Split (id, amount, uuid, envelope_id, transaction_id) values(518, -11.64, '12c3bf2f-0dc0-3ff1-9b1a-aeaa2ede9063', 238, 517);
insert into Transaction (DTYPE, id, amount, balance, checkNo, date, description, externalId, initialBalance, memo, ref, status, type, uuid, account_id, transfer_id, custom) values('InternalTransaction', 519, -34.99, 2818.64, '', '2010-02-08', '24HR FITNESS DUES 800-43', '201002087', false, '02/0524HR FITN', '', 2, 1, '1773fd90-c44f-33db-b412-f6feb2352589', 229, null, false);
insert into Split (id, amount, uuid, envelope_id, transaction_id) values(520, -34.99, '8d14073c-1f63-3a34-8bd2-a37afc0f157d', 271, 519);
insert into Transaction (DTYPE, id, amount, balance, checkNo, date, description, externalId, initialBalance, memo, ref, status, type, uuid, account_id, transfer_id, custom) values('InternalTransaction', 521, 462.58, 6283.23, '', '2010-02-16', 'Transfer from Available', 'null', false, '', '', 0, 0, 'dc57837f-393a-36b7-8766-c57ac4694c95', 229, 1807, false);
insert into Split (id, amount, uuid, envelope_id, transaction_id) values(522, 462.58, '942b7c3c-aa7a-366d-b014-b2a8dab3c97e', 236, 521);
insert into Transaction (DTYPE, id, amount, balance, checkNo, date, description, externalId, initialBalance, memo, ref, status, type, uuid, account_id, transfer_id, custom) values('InternalTransaction', 523, -25.00, 358.93, '', '2010-04-29', 'Transfer to Medical', 'null', false, '', '', 2, 1, 'ec8280dd-bc7f-3d23-b87b-38e7fe4f321a', 229, 403, false);
insert into Split (id, amount, uuid, envelope_id, transaction_id) values(524, -25.00, 'df0766bd-ab25-363c-b4cc-b1ad90c1955a', 293, 523);
insert into Transaction (DTYPE, id, amount, balance, checkNo, date, description, externalId, initialBalance, memo, ref, status, type, uuid, account_id, transfer_id, custom) values('InternalTransaction', 525, 15.95, 2259.84, '', '2010-04-02', 'Transfer from Available', 'null', false, '', '', 2, 0, '22286522-f836-3576-80ed-41072715bd33', 229, 561, false);
insert into Split (id, amount, uuid, envelope_id, transaction_id) values(526, 15.95, '02f6665a-7fc7-3943-8d80-34c5924eae5a', 233, 525);
insert into Transaction (DTYPE, id, amount, balance, checkNo, date, description, externalId, initialBalance, memo, ref, status, type, uuid, account_id, transfer_id, custom) values('InternalTransaction', 527, -80.00, 1583.02, '275', '2010-04-19', 'Annette Trijillo', '201004199', false, '', '', 2, 1, '93f290ed-bcec-371b-ade7-57fdf9158c1e', 229, null, false);
insert into Split (id, amount, uuid, envelope_id, transaction_id) values(528, -80.00, 'adf50ee0-4414-36c6-a7bc-1213eea3df30', 261, 527);
insert into Transaction (DTYPE, id, amount, balance, checkNo, date, description, externalId, initialBalance, memo, ref, status, type, uuid, account_id, transfer_id, custom) values('InternalTransaction', 529, -96.28, 4292.69, '', '2009-11-30', 'PETSMART INC 1120 PHOENI', '200911302', false, '11/27PETSMART Purcha', '', 2, 1, '70ce501c-483c-382f-8fe9-71cf50b8ae76', 229, null, false);
insert into Split (id, amount, uuid, envelope_id, transaction_id) values(530, -96.28, '26ab64b0-b279-3b2e-b657-59ce889fd026', 244, 529);
insert into Transaction (DTYPE, id, amount, balance, checkNo, date, description, externalId, initialBalance, memo, ref, status, type, uuid, account_id, transfer_id, custom) values('InternalTransaction', 531, -960.74, 4976.55, '', '2010-03-20', 'STAGE 1 FURNITURE', '201003222', false, '', '', 2, 1, '5595dbdc-718c-3540-bd6a-82f28b97422e', 229, null, false);
insert into Split (id, amount, uuid, envelope_id, transaction_id) values(532, -960.74, '78886bf1-0332-3949-9a91-c51681e50a70', 248, 531);
insert into Transaction (DTYPE, id, amount, balance, checkNo, date, description, externalId, initialBalance, memo, ref, status, type, uuid, account_id, transfer_id, custom) values('InternalTransaction', 533, -160.00, 0.00, '', '2010-03-05', 'Transfer to Rental', 'null', false, '', '', 2, 1, 'a3fd029e-f96f-3237-bdfb-b4b9afa78972', 228, 1825, false);
insert into Split (id, amount, uuid, envelope_id, transaction_id) values(534, -160.00, '52a91c53-0e56-3905-8050-c81ecd156a23', 239, 533);
insert into Transaction (DTYPE, id, amount, balance, checkNo, date, description, externalId, initialBalance, memo, ref, status, type, uuid, account_id, transfer_id, custom) values('InternalTransaction', 535, -76.90, 2447.87, '268', '2010-02-26', 'Dr Bowley', '201002262', false, '', '', 2, 1, '839fb6a4-1d61-3356-8539-a22a820802bd', 229, null, false);
insert into Split (id, amount, uuid, envelope_id, transaction_id) values(536, -76.90, '4f06b3f7-9edc-30b5-b8a5-62fd73cbfcc2', 287, 535);
insert into Transaction (DTYPE, id, amount, balance, checkNo, date, description, externalId, initialBalance, memo, ref, status, type, uuid, account_id, transfer_id, custom) values('InternalTransaction', 537, -4.13, 5228.20, '', '2010-03-19', 'Transfer to Me.com', 'null', false, '', '', 2, 1, 'b158e4f1-fd1d-314e-9c72-88b58afb7fa9', 229, 2203, false);
insert into Split (id, amount, uuid, envelope_id, transaction_id) values(538, -4.13, '669b733a-2d55-338b-b7fc-3e08064ce4d2', 293, 537);
insert into Transaction (DTYPE, id, amount, balance, checkNo, date, description, externalId, initialBalance, memo, ref, status, type, uuid, account_id, transfer_id, custom) values('InternalTransaction', 539, -9.45, 0.00, '', '2010-04-30', 'Transfer to Eating Out', 'null', false, '', '', 2, 1, '33f2475b-799a-3b1b-93cf-92d49d28d154', 228, 1099, false);
insert into Split (id, amount, uuid, envelope_id, transaction_id) values(540, -9.45, '30cbab36-ec5e-3196-8298-2325bd8b767b', 242, 539);
insert into Transaction (DTYPE, id, amount, balance, checkNo, date, description, externalId, initialBalance, memo, ref, status, type, uuid, account_id, transfer_id, custom) values('InternalTransaction', 541, -21.95, 17063.05, '', '2010-02-16', 'Transfer to Car Wash', 'null', false, '', '', 0, 1, 'da388fca-96da-37e8-8e7d-c1a2242b8bed', 229, 3142, false);
insert into Split (id, amount, uuid, envelope_id, transaction_id) values(542, -21.95, '79dcec5b-8f61-34a4-bae9-be222eed468d', 293, 541);
insert into Transaction (DTYPE, id, amount, balance, checkNo, date, description, externalId, initialBalance, memo, ref, status, type, uuid, account_id, transfer_id, custom) values('InternalTransaction', 543, 0.22, 0.22, '', '2010-04-02', 'Transfer from Available', 'null', false, '', '', 2, 0, 'dd72dbb1-79e3-3c48-a25f-a9b39404db22', 228, 1507, false);
insert into Split (id, amount, uuid, envelope_id, transaction_id) values(544, 0.22, 'fdc98a60-af02-36b8-aa38-8ed7e6f6a259', 238, 543);
insert into Transaction (DTYPE, id, amount, balance, checkNo, date, description, externalId, initialBalance, memo, ref, status, type, uuid, account_id, transfer_id, custom) values('InternalTransaction', 545, -43.83, 1606.71, '', '2010-03-15', 'WALGREEN COMPANY SEC OF 722642', '201003151', false, '03/13WALGREEN', '', 2, 1, '6bee7162-2e5f-384a-9a5f-2611e099ab8a', 229, null, false);
insert into Split (id, amount, uuid, envelope_id, transaction_id) values(546, -43.83, '40ae58f1-4c02-3565-aad5-cf7ad685187c', 277, 545);
insert into Transaction (DTYPE, id, amount, balance, checkNo, date, description, externalId, initialBalance, memo, ref, status, type, uuid, account_id, transfer_id, custom) values('InternalTransaction', 547, 54.38, 54.38, '', '2010-03-27', 'Transfer from Unassigned', 'null', false, '', '', 2, 0, 'e6334591-65ec-3c06-b333-485953729dfa', 228, 2699, false);
insert into Split (id, amount, uuid, envelope_id, transaction_id) values(548, 54.38, '27f8ae38-052e-36e7-9bf7-36c114492be3', 293, 547);
insert into Transaction (DTYPE, id, amount, balance, checkNo, date, description, externalId, initialBalance, memo, ref, status, type, uuid, account_id, transfer_id, custom) values('InternalTransaction', 549, 10.85, 10.85, '', '2010-04-29', 'Transfer from VW Credit', 'null', false, '', '', 2, 0, 'e3751458-2119-37a2-af9e-8f678cbddc06', 228, 1339, false);
insert into Split (id, amount, uuid, envelope_id, transaction_id) values(550, 10.85, '8c906484-67a9-38bb-9a3c-ab01e4124458', 239, 549);
insert into Transaction (DTYPE, id, amount, balance, checkNo, date, description, externalId, initialBalance, memo, ref, status, type, uuid, account_id, transfer_id, custom) values('InternalTransaction', 551, 6.47, 2894.74, '', '2010-04-16', 'Transfer from Available', 'null', false, '', '', 2, 0, '73197e67-0bff-3aec-8048-ab769795a210', 229, 853, false);
insert into Split (id, amount, uuid, envelope_id, transaction_id) values(552, 6.47, 'c8043db1-a936-32e5-aefe-c9e2131d3ee3', 272, 551);
insert into Transaction (DTYPE, id, amount, balance, checkNo, date, description, externalId, initialBalance, memo, ref, status, type, uuid, account_id, transfer_id, custom) values('InternalTransaction', 553, -0.29, 1255.82, '', '2010-04-26', 'TD AMERITRADE ACH RECAPT aZ9P', '2010042611', false, 'TQCCTR WEB ID: W470533629', '', 1, 1, '606b8465-6475-3e97-b68f-6c013f124645', 229, null, false);
insert into Split (id, amount, uuid, envelope_id, transaction_id) values(554, -0.29, 'b00ed202-459c-3d39-8ba9-e3554d48655d', 252, 553);
insert into Transaction (DTYPE, id, amount, balance, checkNo, date, description, externalId, initialBalance, memo, ref, status, type, uuid, account_id, transfer_id, custom) values('InternalTransaction', 555, -128.89, 2521.48, '', '2009-12-29', 'WALGREENS #6400 PHOENIX', '200912290', false, '12/28WALGREENS', '', 2, 1, '4d0f6b7e-3e6d-3f19-b774-61d5ee4d9b67', 229, null, false);
insert into Split (id, amount, uuid, envelope_id, transaction_id) values(556, -128.89, '073d7389-70fc-3338-989b-320f023f651e', 277, 555);
insert into Transaction (DTYPE, id, amount, balance, checkNo, date, description, externalId, initialBalance, memo, ref, status, type, uuid, account_id, transfer_id, custom) values('InternalTransaction', 557, -150.00, 4172.90, '', '2010-02-19', 'Transfer to Groceries', 'null', false, '', '', 2, 1, 'a7dd0afa-a8dc-3093-bca9-4995754fa517', 229, 3164, false);
insert into Split (id, amount, uuid, envelope_id, transaction_id) values(558, -150.00, '2ef33a08-abd2-3cb3-806f-cf5364d6dd61', 293, 557);
insert into Transaction (DTYPE, id, amount, balance, checkNo, date, description, externalId, initialBalance, memo, ref, status, type, uuid, account_id, transfer_id, custom) values('InternalTransaction', 559, 2.74, 2.74, '', '2010-04-16', 'Transfer from Taxes', 'null', false, '', '', 2, 0, '70535660-2020-39f9-a52f-4030a028ff03', 228, 1059, false);
insert into Split (id, amount, uuid, envelope_id, transaction_id) values(560, 2.74, '7532d0a6-f168-3411-90cc-e6db1b98054c', 243, 559);
insert into Transaction (DTYPE, id, amount, balance, checkNo, date, description, externalId, initialBalance, memo, ref, status, type, uuid, account_id, transfer_id, custom) values('InternalTransaction', 561, -15.95, 2516.37, '', '2010-04-02', 'Transfer to Sirius', 'null', false, '', '', 2, 1, '598fbe1b-20f4-3033-9f92-a4215a14b1b7', 229, 525, false);
insert into Split (id, amount, uuid, envelope_id, transaction_id) values(562, -15.95, '64f7b60c-754f-3bf4-a2a6-c4853cf0ce2b', 293, 561);
insert into Transaction (DTYPE, id, amount, balance, checkNo, date, description, externalId, initialBalance, memo, ref, status, type, uuid, account_id, transfer_id, custom) values('InternalTransaction', 563, -325.00, 4677.61, '', '2009-11-30', 'A SMOOTH MOVE PEORIA AZ', '200911300', false, '11/28A SMOOTH', '', 2, 1, '49f753a8-4813-3b09-a374-b247afd9b5b7', 229, null, false);
insert into Split (id, amount, uuid, envelope_id, transaction_id) values(564, -325.00, '635ca980-aa71-34d1-9f69-d829230ad2d0', 248, 563);
insert into Transaction (DTYPE, id, amount, balance, checkNo, date, description, externalId, initialBalance, memo, ref, status, type, uuid, account_id, transfer_id, custom) values('InternalTransaction', 565, 53.92, 53.92, '', '2010-04-21', 'Transfer from Unassigned', 'null', false, '', '', 2, 0, '4b2be3b9-0985-3899-8964-3e43ca06e84f', 228, 2093, false);
insert into Split (id, amount, uuid, envelope_id, transaction_id) values(566, 53.92, '1ad0bd24-f47e-31cb-9724-60e3b335e994', 293, 565);
insert into Transaction (DTYPE, id, amount, balance, checkNo, date, description, externalId, initialBalance, memo, ref, status, type, uuid, account_id, transfer_id, custom) values('InternalTransaction', 567, -6.99, 2201.81, '', '2010-03-08', 'GOLDEN RICE EXPRESS PHOE', '201003089', false, '03/07GOLDEN RI', '', 2, 1, 'c150e155-0f7e-3ef2-a2b4-3277c0018fdb', 229, null, false);
insert into Split (id, amount, uuid, envelope_id, transaction_id) values(568, -6.99, '262112f8-2afe-30b7-b598-1500afb62ac1', 296, 567);
insert into Transaction (DTYPE, id, amount, balance, checkNo, date, description, externalId, initialBalance, memo, ref, status, type, uuid, account_id, transfer_id, custom) values('InternalTransaction', 569, -64.01, 2589.50, '', '2010-04-30', 'Transfer to Verizon Wireless', 'null', false, '', '', 2, 1, 'eeeae951-9655-3e28-b1fa-eda2a07f7955', 229, 783, false);
insert into Split (id, amount, uuid, envelope_id, transaction_id) values(570, -64.01, '0825b9b7-b416-3678-98af-0efb8ad1a09d', 293, 569);
insert into Transaction (DTYPE, id, amount, balance, checkNo, date, description, externalId, initialBalance, memo, ref, status, type, uuid, account_id, transfer_id, custom) values('InternalTransaction', 571, -0.00, 3815.26, '', '2010-02-19', 'Transfer to Rent', 'null', false, '', '', 2, 1, '02fe4a46-5380-3ee8-ab53-83022c1765e2', 229, 3228, false);
insert into Split (id, amount, uuid, envelope_id, transaction_id) values(572, -0.00, '21d4d043-32a8-36c2-81a7-821cc8b78971', 293, 571);
insert into Transaction (DTYPE, id, amount, balance, checkNo, date, description, externalId, initialBalance, memo, ref, status, type, uuid, account_id, transfer_id, custom) values('InternalTransaction', 573, -21.00, 4460.51, '', '2009-11-30', 'MOVIETICKETS COM 888-440', '2009113011', false, '11/27MOVIETICK', '', 2, 1, '7e31d6d0-a6de-375c-bf3e-93fea57cea9b', 229, null, false);
insert into Split (id, amount, uuid, envelope_id, transaction_id) values(574, -21.00, 'b03fbb57-c829-3c4f-bc8e-355273588ba0', 285, 573);
insert into Transaction (DTYPE, id, amount, balance, checkNo, date, description, externalId, initialBalance, memo, ref, status, type, uuid, account_id, transfer_id, custom) values('InternalTransaction', 575, -17.50, 5269.95, '', '2010-02-19', 'Transfer to 24 Hour Fitness', 'null', false, '', '', 2, 1, '04be4a2c-0be9-3d69-8de8-e88b6a878cc5', 229, 3032, false);
insert into Split (id, amount, uuid, envelope_id, transaction_id) values(576, -17.50, '361dbe2b-260e-338a-a7c9-39b094c3b209', 293, 575);
insert into Transaction (DTYPE, id, amount, balance, checkNo, date, description, externalId, initialBalance, memo, ref, status, type, uuid, account_id, transfer_id, custom) values('InternalTransaction', 577, 54.48, 54.48, '', '2010-03-23', 'Transfer from Available', 'null', false, '', '', 2, 0, 'fbb5d012-555b-3cb6-8d32-5693fdd150b7', 228, 1953, false);
insert into Split (id, amount, uuid, envelope_id, transaction_id) values(578, 54.48, '2bedfd20-ba95-39d7-827a-6c78f6b1ddd4', 296, 577);
insert into Transaction (DTYPE, id, amount, balance, checkNo, date, description, externalId, initialBalance, memo, ref, status, type, uuid, account_id, transfer_id, custom) values('InternalTransaction', 579, -12.00, 4339.06, '', '2009-11-18', 'MASSAGE ENVY 0020 602-22', '200911182', false, '11/16MASSAGE E', '', 2, 1, '8989713e-adaa-3909-837e-9391d504dcf4', 229, null, false);
insert into Split (id, amount, uuid, envelope_id, transaction_id) values(580, -12.00, 'cd61ce42-acd7-3952-888b-a4a13ec52520', 279, 579);
insert into Transaction (DTYPE, id, amount, balance, checkNo, date, description, externalId, initialBalance, memo, ref, status, type, uuid, account_id, transfer_id, custom) values('InternalTransaction', 581, -21.82, 0.00, '', '2010-03-16', 'Transfer to Eating Out', 'null', false, '', '', 2, 1, '43f322ab-aa3f-3341-85e0-14c80e81b233', 228, 1773, false);
insert into Split (id, amount, uuid, envelope_id, transaction_id) values(582, -21.82, '50eb071d-715c-3ae4-9349-afdcdc613e33', 252, 581);
insert into Transaction (DTYPE, id, amount, balance, checkNo, date, description, externalId, initialBalance, memo, ref, status, type, uuid, account_id, transfer_id, custom) values('InternalTransaction', 583, -19.44, 1293.41, '', '2010-04-07', 'CVS 09205 09205--802 SO 402547', '201004072', false, '04/06CVS 09205', '', 2, 1, 'd561b7e7-e875-3a86-b254-fc9c7ed73464', 229, null, false);
insert into Split (id, amount, uuid, envelope_id, transaction_id) values(584, -19.44, '8d38dd03-a2a3-3f4a-8266-a83bc97155d8', 287, 583);
insert into Transaction (DTYPE, id, amount, balance, checkNo, date, description, externalId, initialBalance, memo, ref, status, type, uuid, account_id, transfer_id, custom) values('InternalTransaction', 585, -31.10, 1435.04, '', '2010-04-06', 'Transfer to Groceries', 'null', false, '', '', 2, 1, 'e2abc76f-3a4a-3b4e-bc95-1aeb2aa619ba', 229, 2549, false);
insert into Split (id, amount, uuid, envelope_id, transaction_id) values(586, -31.10, 'edc55e24-45ba-34db-b38a-912efed1c122', 293, 585);
insert into Transaction (DTYPE, id, amount, balance, checkNo, date, description, externalId, initialBalance, memo, ref, status, type, uuid, account_id, transfer_id, custom) values('InternalTransaction', 587, -3.89, 0.00, '', '2010-04-13', 'Transfer to Available', 'null', false, '', '', 2, 1, '95778d36-6fb4-32ef-8058-29c302302e62', 228, 985, false);
insert into Split (id, amount, uuid, envelope_id, transaction_id) values(588, -3.89, '1f839990-1bc7-34f9-af3d-3a31942f4c67', 231, 587);
insert into Transaction (DTYPE, id, amount, balance, checkNo, date, description, externalId, initialBalance, memo, ref, status, type, uuid, account_id, transfer_id, custom) values('InternalTransaction', 589, -21.39, 548.63, '', '2009-11-12', 'GYROS HOUSE PHOENIX AZ', '200911122', false, '11/09GYROS HOU', '', 2, 1, '04474457-2609-321c-a417-5df8c360a1cf', 229, null, false);
insert into Split (id, amount, uuid, envelope_id, transaction_id) values(590, -21.39, '94d8c243-ab0c-3607-970d-c1aa3468ab45', 296, 589);
insert into Transaction (DTYPE, id, amount, balance, checkNo, date, description, externalId, initialBalance, memo, ref, status, type, uuid, account_id, transfer_id, custom) values('InternalTransaction', 591, 2.74, 2592.24, '', '2010-04-30', 'Transfer from Available', 'null', false, '', '', 2, 0, '2c959de2-a0fe-3640-a8b0-dd7165c89007', 229, 1759, false);
insert into Split (id, amount, uuid, envelope_id, transaction_id) values(592, 2.74, '0ca44746-a8c6-3683-bf85-e80439496ec9', 243, 591);
insert into Transaction (DTYPE, id, amount, balance, checkNo, date, description, externalId, initialBalance, memo, ref, status, type, uuid, account_id, transfer_id, custom) values('InternalTransaction', 593, 14.95, 14.95, '', '2010-03-17', 'Transfer from Available', 'null', false, '', '', 2, 0, '0bdda44d-8f94-3a33-a55f-85f6d1be05c4', 228, 2367, false);
insert into Split (id, amount, uuid, envelope_id, transaction_id) values(594, 14.95, '8d745215-b2b6-3a3f-914c-ce066f40ce23', 273, 593);
insert into Transaction (DTYPE, id, amount, balance, checkNo, date, description, externalId, initialBalance, memo, ref, status, type, uuid, account_id, transfer_id, custom) values('InternalTransaction', 595, -30.00, 1438.43, '', '2010-02-11', 'BRENT D SLOTEN DO PLLC M', '201002112', false, '02/10BRENT D S', '', 2, 1, '2bfe4fdc-1d4d-32b0-9057-ad2eacb123a7', 229, null, false);
insert into Split (id, amount, uuid, envelope_id, transaction_id) values(596, -30.00, '236d6aa0-df5a-36fa-a3a9-6a6a0c2c5fc8', 287, 595);
insert into Transaction (DTYPE, id, amount, balance, checkNo, date, description, externalId, initialBalance, memo, ref, status, type, uuid, account_id, transfer_id, custom) values('InternalTransaction', 597, 2224.63, 3475.70, '', '2009-10-30', 'VILLAGE VOICE ME DIRECT DEP', '200910300', false, 'PPD ID: 9111111101', '', 2, 0, '78ede73d-b486-3445-9807-6b30d4cf6545', 229, null, false);
insert into Split (id, amount, uuid, envelope_id, transaction_id) values(598, 2224.63, '03516682-2a61-3b42-bfba-700476ca830e', 293, 597);
insert into Transaction (DTYPE, id, amount, balance, checkNo, date, description, externalId, initialBalance, memo, ref, status, type, uuid, account_id, transfer_id, custom) values('InternalTransaction', 599, -23.79, 4030.46, '', '2009-11-30', 'FRYS FOOD & DRUG 1815 G 425763', '200911309', false, '11/28FRYS FOOD', '', 2, 1, '952bd10b-4fe3-3f8f-8d45-c0fe7a4e1457', 229, null, false);
insert into Split (id, amount, uuid, envelope_id, transaction_id) values(600, -23.79, '891f8795-45f5-325d-b3d1-57729a596f23', 238, 599);
insert into Transaction (DTYPE, id, amount, balance, checkNo, date, description, externalId, initialBalance, memo, ref, status, type, uuid, account_id, transfer_id, custom) values('InternalTransaction', 601, 345.10, 3682.18, '', '2010-02-19', 'Transfer from Available', 'null', false, '', '', 2, 0, '9fd32b60-1895-3e3a-ada9-c46387218f51', 229, 1811, false);
insert into Split (id, amount, uuid, envelope_id, transaction_id) values(602, 345.10, '57655a6f-8161-3377-9ac9-d858fa63198f', 242, 601);
insert into Transaction (DTYPE, id, amount, balance, checkNo, date, description, externalId, initialBalance, memo, ref, status, type, uuid, account_id, transfer_id, custom) values('InternalTransaction', 603, -114.68, 5778.76, '', '2010-02-16', 'Transfer to Pet', 'null', false, '', '', 0, 1, 'fa0479ed-10b5-318e-ac7c-41f46825bd75', 229, 2483, false);
insert into Split (id, amount, uuid, envelope_id, transaction_id) values(604, -114.68, 'c0bd6fa4-cd86-300b-9178-161db2e7d723', 293, 603);
insert into Transaction (DTYPE, id, amount, balance, checkNo, date, description, externalId, initialBalance, memo, ref, status, type, uuid, account_id, transfer_id, custom) values('InternalTransaction', 605, -10.29, 1468.30, '', '2010-04-06', 'Transfer to Eating Out', 'null', false, '', '', 2, 1, '6221942f-d28d-3346-ada5-522d58db8d55', 229, 1175, false);
insert into Split (id, amount, uuid, envelope_id, transaction_id) values(606, -10.29, '53127227-45ac-3c3d-bd7c-befc39863299', 293, 605);
insert into Transaction (DTYPE, id, amount, balance, checkNo, date, description, externalId, initialBalance, memo, ref, status, type, uuid, account_id, transfer_id, custom) values('InternalTransaction', 607, -308.00, 4382.60, '', '2010-03-22', 'IRS USATAXPYMT 2700', '201003223', false, '48100303847 WEB ID: 3387702000', '', 2, 1, '2c4adf85-4d2c-387f-87f4-02b7f09a9678', 229, null, false);
insert into Split (id, amount, uuid, envelope_id, transaction_id) values(608, -308.00, 'fbff2ba7-aa10-394f-a8e1-3997fe6afa8f', 275, 607);
insert into Transaction (DTYPE, id, amount, balance, checkNo, date, description, externalId, initialBalance, memo, ref, status, type, uuid, account_id, transfer_id, custom) values('InternalTransaction', 609, -163.00, 4688.94, '', '2010-03-05', 'Transfer to Lofts @ Arcadia', 'null', false, '', '', 2, 1, '812797d7-c22e-3803-83ae-ab406d46fcee', 229, 2089, false);
insert into Split (id, amount, uuid, envelope_id, transaction_id) values(610, -163.00, '1d1ed2e7-78ce-31a9-9b0d-36517c845a8a', 293, 609);
insert into Transaction (DTYPE, id, amount, balance, checkNo, date, description, externalId, initialBalance, memo, ref, status, type, uuid, account_id, transfer_id, custom) values('InternalTransaction', 611, -100.49, 3904.86, '', '2010-03-30', 'Transfer to Household', 'null', false, '', '', 2, 1, 'ffa942e0-c131-37fc-a57a-1ce1c8ab0ee4', 229, 2998, false);
insert into Split (id, amount, uuid, envelope_id, transaction_id) values(612, -100.49, 'e3c2f438-aa81-3b60-8cb3-7f38c629e698', 293, 611);
insert into Transaction (DTYPE, id, amount, balance, checkNo, date, description, externalId, initialBalance, memo, ref, status, type, uuid, account_id, transfer_id, custom) values('InternalTransaction', 613, 306.49, 6589.72, '', '2010-02-16', 'Transfer from Available', 'null', false, '', '', 0, 0, 'a1ab906a-cb74-3dca-8498-625ef0f8b36c', 229, 1687, false);
insert into Split (id, amount, uuid, envelope_id, transaction_id) values(614, 306.49, '3196dd42-0acc-3f5d-902b-48ccee761ae4', 253, 613);
insert into Transaction (DTYPE, id, amount, balance, checkNo, date, description, externalId, initialBalance, memo, ref, status, type, uuid, account_id, transfer_id, custom) values('InternalTransaction', 615, -16.41, 2650.37, '', '2009-12-28', 'FAST EDDIE''S DINER PHOEN', '200912289', false, '12/24FAST EDDI', '', 2, 1, '9b5c97e5-1519-32d6-82b5-66cdc9ea472d', 229, null, false);
insert into Split (id, amount, uuid, envelope_id, transaction_id) values(616, -16.41, '8e446b9d-f622-3636-867c-32d7bb2b8ddd', 296, 615);
insert into Transaction (DTYPE, id, amount, balance, checkNo, date, description, externalId, initialBalance, memo, ref, status, type, uuid, account_id, transfer_id, custom) values('InternalTransaction', 617, 35.51, 2930.25, '', '2010-04-16', 'Transfer from Available', 'null', false, '', '', 2, 0, 'f65272cf-b94d-359e-b318-5dde44335387', 229, 2930, false);
insert into Split (id, amount, uuid, envelope_id, transaction_id) values(618, 35.51, '1e02ad11-8218-38b0-911e-8d9dacd89d1b', 245, 617);
insert into Transaction (DTYPE, id, amount, balance, checkNo, date, description, externalId, initialBalance, memo, ref, status, type, uuid, account_id, transfer_id, custom) values('InternalTransaction', 619, 640.00, 7229.72, '', '2010-02-16', 'Transfer from Available', 'null', false, '', '', 0, 0, '2c0cf281-9bdd-38eb-85dd-9bd213cc1795', 229, 2703, false);
insert into Split (id, amount, uuid, envelope_id, transaction_id) values(620, 640.00, 'dc5f1fe4-edde-3684-837d-952ba1154d45', 261, 619);
insert into Transaction (DTYPE, id, amount, balance, checkNo, date, description, externalId, initialBalance, memo, ref, status, type, uuid, account_id, transfer_id, custom) values('InternalTransaction', 621, -175.00, 3005.20, '', '2009-12-28', 'IRS USATAXPYMT 2709', '200912281', false, '76200168759 WEB ID: 3387702000', '', 2, 1, '9198e0ca-ae87-304c-a9d2-0a9fe2619eda', 229, null, false);
insert into Split (id, amount, uuid, envelope_id, transaction_id) values(622, -175.00, '2f71b309-e60b-3d9a-a75a-cace6b9d034a', 275, 621);
insert into Transaction (DTYPE, id, amount, balance, checkNo, date, description, externalId, initialBalance, memo, ref, status, type, uuid, account_id, transfer_id, custom) values('InternalTransaction', 623, 2024.23, 2024.23, '', '2010-04-02', 'Meltmedia', '201004020', false, '', '', 2, 0, '5db4e16e-143b-3629-8a13-d3abdf07f139', 229, null, false);
insert into Split (id, amount, uuid, envelope_id, transaction_id) values(624, 2024.23, 'c57da82a-0e89-3fa9-b280-afa1c9ea6ee7', 293, 623);
insert into Transaction (DTYPE, id, amount, balance, checkNo, date, description, externalId, initialBalance, memo, ref, status, type, uuid, account_id, transfer_id, custom) values('InternalTransaction', 625, -35.00, 1135.04, '', '2010-02-15', 'SPROUTS', '201002162', false, '', '', 2, 1, 'ef9d4b7a-c831-3c58-be55-7028ea3a0667', 229, null, false);
insert into Split (id, amount, uuid, envelope_id, transaction_id) values(626, -35.00, 'c495cd0c-ef9c-3162-bc11-5f6d28b72273', 238, 625);
insert into Transaction (DTYPE, id, amount, balance, checkNo, date, description, externalId, initialBalance, memo, ref, status, type, uuid, account_id, transfer_id, custom) values('InternalTransaction', 627, -17.80, 2324.11, '', '2009-12-30', 'QDOBA 428 11404282 P', '200912301', false, '12/28QDOBA 428', '', 2, 1, '363d9849-5043-396f-a2bc-54bf93dcae6b', 229, null, false);
insert into Split (id, amount, uuid, envelope_id, transaction_id) values(628, -17.80, '7f28937a-48f1-38ce-9cdb-272056c5a8e8', 296, 627);
insert into Transaction (DTYPE, id, amount, balance, checkNo, date, description, externalId, initialBalance, memo, ref, status, type, uuid, account_id, transfer_id, custom) values('InternalTransaction', 629, 953.45, 3542.95, '', '2010-04-30', 'Transfer from Available', 'null', false, '', '', 2, 0, '747556d9-7d20-3472-ac5d-65c2c38fe797', 229, 3000, false);
insert into Split (id, amount, uuid, envelope_id, transaction_id) values(630, 953.45, '9a5277ef-7d8a-3dfb-a9c3-fd2f6d863ab4', 242, 629);
insert into Transaction (DTYPE, id, amount, balance, checkNo, date, description, externalId, initialBalance, memo, ref, status, type, uuid, account_id, transfer_id, custom) values('InternalTransaction', 631, -0.00, 2596.96, '', '2010-04-02', 'Transfer to Massage Envy', 'null', false, '', '', 2, 1, '17fb5af5-01bf-3708-b9d3-6d078191a963', 229, 1129, false);
insert into Split (id, amount, uuid, envelope_id, transaction_id) values(632, -0.00, 'e208588a-593f-3c0d-bb7e-b6a2498b2c5f', 293, 631);
insert into Transaction (DTYPE, id, amount, balance, checkNo, date, description, externalId, initialBalance, memo, ref, status, type, uuid, account_id, transfer_id, custom) values('InternalTransaction', 633, -175.00, 3217.75, '', '2010-02-08', 'IRS USATAXPYMT 2700', '201002082', false, '43900902209 WEB ID: 3387702000', '', 2, 1, '6cbaa71f-5a9c-3262-a794-350777164849', 229, null, false);
insert into Split (id, amount, uuid, envelope_id, transaction_id) values(634, -175.00, '0194860a-6300-3755-ac9f-7337e60a2740', 275, 633);
insert into Transaction (DTYPE, id, amount, balance, checkNo, date, description, externalId, initialBalance, memo, ref, status, type, uuid, account_id, transfer_id, custom) values('InternalTransaction', 635, -4.05, 1204.99, '', '2010-03-17', 'Transfer to Directv', 'null', false, '', '', 2, 1, '8a2b74a7-4f2e-30fc-a028-721e4499bb25', 229, 1819, false);
insert into Split (id, amount, uuid, envelope_id, transaction_id) values(636, -4.05, '17cb716b-fb9f-307e-a7fb-093c25c17fbb', 293, 635);
insert into Transaction (DTYPE, id, amount, balance, checkNo, date, description, externalId, initialBalance, memo, ref, status, type, uuid, account_id, transfer_id, custom) values('InternalTransaction', 637, -12.95, 3499.60, '', '2010-03-30', 'TIV*TIVO', '201004021', false, '', '', 2, 1, '00e6ae71-4c2a-3e89-929f-f3144dff3ea8', 229, null, false);
insert into Split (id, amount, uuid, envelope_id, transaction_id) values(638, -12.95, '4d740dfb-c07c-38c3-8187-415b4fb39352', 272, 637);
insert into Transaction (DTYPE, id, amount, balance, checkNo, date, description, externalId, initialBalance, memo, ref, status, type, uuid, account_id, transfer_id, custom) values('InternalTransaction', 639, -2.03, null, '', '2010-04-16', 'QT 429 TEMPE AZ 787747', '201004162', false, '04/15QT 429 TE', '', 2, 1, '2759032f-564c-390e-acbd-ba9f4a15eff3', 229, null, false);
insert into Split (id, amount, uuid, envelope_id, transaction_id) values(640, -2.03, '38f0e1d2-ef7f-3c41-a239-0740627092e7', 252, 639);
insert into Transaction (DTYPE, id, amount, balance, checkNo, date, description, externalId, initialBalance, memo, ref, status, type, uuid, account_id, transfer_id, custom) values('InternalTransaction', 641, -10.29, 2635.56, '', '2010-04-05', 'PEI WEI #0002 Q02 P', '201004055', false, '04/03PEI WEI #', '', 2, 1, 'c088d699-6b21-3c5e-9288-94c07606adfe', 229, null, false);
insert into Split (id, amount, uuid, envelope_id, transaction_id) values(642, -10.29, '3679e4d7-45d7-3638-9dc3-6e28cbd663ce', 296, 641);
insert into Transaction (DTYPE, id, amount, balance, checkNo, date, description, externalId, initialBalance, memo, ref, status, type, uuid, account_id, transfer_id, custom) values('InternalTransaction', 643, -6.55, 0.00, '', '2010-02-25', 'Transfer to Fast Food', 'null', false, '', '', 2, 1, 'ad49f9e3-b0e9-35a2-8e09-2aea83217771', 228, 1601, false);
insert into Split (id, amount, uuid, envelope_id, transaction_id) values(644, -6.55, 'd35d9d5b-a559-31ed-af5b-4643eaa70817', 252, 643);
insert into Transaction (DTYPE, id, amount, balance, checkNo, date, description, externalId, initialBalance, memo, ref, status, type, uuid, account_id, transfer_id, custom) values('InternalTransaction', 645, -129.01, null, '', '2010-04-02', 'VZWRLSS*APOCC VISW 800-9', '201004024', false, '04/01VZWRLSS*A', '', 2, 1, 'c72923ed-d943-3282-9f46-825969d76098', 229, null, false);
insert into Split (id, amount, uuid, envelope_id, transaction_id) values(646, -129.01, '9b461763-a248-3c13-89ad-10be7d726b88', 236, 645);
insert into Transaction (DTYPE, id, amount, balance, checkNo, date, description, externalId, initialBalance, memo, ref, status, type, uuid, account_id, transfer_id, custom) values('InternalTransaction', 647, 492.22, 1627.26, '', '2010-02-16', 'Transfer from Available', 'null', false, '', '', 0, 0, 'a2747f43-5e82-3c6f-847f-1c4fce1c96ca', 229, 2363, false);
insert into Split (id, amount, uuid, envelope_id, transaction_id) values(648, 492.22, '32009714-9739-3c80-bbfd-b54659b4d760', 277, 647);
insert into Transaction (DTYPE, id, amount, balance, checkNo, date, description, externalId, initialBalance, memo, ref, status, type, uuid, account_id, transfer_id, custom) values('InternalTransaction', 649, -100.00, 5586.60, '', '2009-12-11', 'WITHDRAWAL', '200912112', false, '', '', 2, 1, '86c07a9a-1cf6-375d-bc6c-45d67d39dc04', 229, null, false);
insert into Split (id, amount, uuid, envelope_id, transaction_id) values(650, -100.00, 'f63fbcc1-a4dc-3ad2-b429-3878626bfd21', 252, 649);
insert into Transaction (DTYPE, id, amount, balance, checkNo, date, description, externalId, initialBalance, memo, ref, status, type, uuid, account_id, transfer_id, custom) values('InternalTransaction', 651, 0.00, 2259.84, '', '2010-04-02', 'Transfer from Available', 'null', false, '', '', 2, 1, '7de8aa03-74eb-3e3f-97f3-c1c22230303f', 229, 1025, false);
insert into Split (id, amount, uuid, envelope_id, transaction_id) values(652, 0.00, '65f7e3e6-2960-36d6-a6b4-ec58bca09c4d', 266, 651);
insert into Transaction (DTYPE, id, amount, balance, checkNo, date, description, externalId, initialBalance, memo, ref, status, type, uuid, account_id, transfer_id, custom) values('InternalTransaction', 653, -53.92, 1502.31, '', '2010-04-21', 'Transfer to Unassigned', 'null', false, '', '', 2, 1, '22f1635f-9815-3c66-bc31-66d520babccd', 229, 945, false);
insert into Split (id, amount, uuid, envelope_id, transaction_id) values(654, -53.92, 'ef1603c1-3189-35f4-9bf7-3946d4106546', 293, 653);
insert into Transaction (DTYPE, id, amount, balance, checkNo, date, description, externalId, initialBalance, memo, ref, status, type, uuid, account_id, transfer_id, custom) values('InternalTransaction', 655, 25.00, 675.05, '', '2010-04-16', 'Transfer from Available', 'null', false, '', '', 2, 0, 'c220afb1-0bf2-3aa2-aa57-0a020b2743be', 229, 3186, false);
insert into Split (id, amount, uuid, envelope_id, transaction_id) values(656, 25.00, '1f4f9d12-cc10-32da-9486-bcb743caaaee', 264, 655);
insert into Transaction (DTYPE, id, amount, balance, checkNo, date, description, externalId, initialBalance, memo, ref, status, type, uuid, account_id, transfer_id, custom) values('InternalTransaction', 657, -149.72, 5629.04, '', '2010-02-16', 'Transfer to Qwest', 'null', false, '', '', 0, 1, '5add9f09-7720-33b6-845c-047a8743deb2', 229, 3212, false);
insert into Split (id, amount, uuid, envelope_id, transaction_id) values(658, -149.72, '6eb368fa-4264-32f6-b8ec-9e7d2a9d47a5', 293, 657);
insert into Transaction (DTYPE, id, amount, balance, checkNo, date, description, externalId, initialBalance, memo, ref, status, type, uuid, account_id, transfer_id, custom) values('InternalTransaction', 659, -80.00, 4851.94, '', '2010-03-05', 'Transfer to Housekeeping', 'null', false, '', '', 2, 1, '9a6a5343-89b6-3172-abb8-b5d372be7a08', 229, 2751, false);
insert into Split (id, amount, uuid, envelope_id, transaction_id) values(660, -80.00, '4f0c77a4-3acd-3ad2-a022-d60a1c8f09e7', 293, 659);
insert into Transaction (DTYPE, id, amount, balance, checkNo, date, description, externalId, initialBalance, memo, ref, status, type, uuid, account_id, transfer_id, custom) values('InternalTransaction', 661, 863.75, 3123.59, '', '2010-04-02', 'Transfer from Available', 'null', false, '', '', 2, 0, '020ac57c-6c69-3402-b6ac-f4d262eeccb8', 229, 2884, false);
insert into Split (id, amount, uuid, envelope_id, transaction_id) values(662, 863.75, '84ee05ba-392e-34eb-812d-7a9d7534c36e', 293, 661);
insert into Transaction (DTYPE, id, amount, balance, checkNo, date, description, externalId, initialBalance, memo, ref, status, type, uuid, account_id, transfer_id, custom) values('InternalTransaction', 663, -6.18, 2432.27, '', '2010-03-18', 'FRYS FOOD & DRUG 1815 G 055476', '201003183', false, '03/17FRYS FOOD', '', 2, 1, '583f15c5-372c-3e84-8597-116e795726b0', 229, null, false);
insert into Split (id, amount, uuid, envelope_id, transaction_id) values(664, -6.18, '6e0bea13-c34b-3bb4-9efe-c1ab275062e6', 238, 663);
insert into Transaction (DTYPE, id, amount, balance, checkNo, date, description, externalId, initialBalance, memo, ref, status, type, uuid, account_id, transfer_id, custom) values('InternalTransaction', 665, -2.50, 1580.35, '', '2010-03-15', 'CARTEL COFFEE LAB TEMPE', '2010031514', false, '03/11CARTEL CO', '', 2, 1, 'b6a453f9-ccbf-3c46-bc0b-bdc7cb2c9f1b', 229, null, false);
insert into Split (id, amount, uuid, envelope_id, transaction_id) values(666, -2.50, 'fa1ba152-0501-317d-bb52-790779c9421a', 270, 665);
insert into Transaction (DTYPE, id, amount, balance, checkNo, date, description, externalId, initialBalance, memo, ref, status, type, uuid, account_id, transfer_id, custom) values('InternalTransaction', 667, -40.00, 1498.35, '', '2010-03-15', '7-ELEVEN PHOENIX AZ 184763', '201003153', false, '03/137-ELEVEN', '', 2, 1, 'bc2b2b21-57f2-39a5-bb8a-1787dcd8bc36', 229, null, false);
insert into Split (id, amount, uuid, envelope_id, transaction_id) values(668, -40.00, 'd9febda4-0fa1-3ba1-a911-fe6e5a998fe9', 252, 667);
insert into Transaction (DTYPE, id, amount, balance, checkNo, date, description, externalId, initialBalance, memo, ref, status, type, uuid, account_id, transfer_id, custom) values('InternalTransaction', 669, 175.00, 3298.59, '', '2010-04-02', 'Transfer from Available', 'null', false, '', '', 2, 0, '88bf56e9-6adc-3339-8250-0f50000fa1dd', 229, 1725, false);
insert into Split (id, amount, uuid, envelope_id, transaction_id) values(670, 175.00, 'd0eebdca-2148-341a-a26a-109753d5103a', 275, 669);
insert into Transaction (DTYPE, id, amount, balance, checkNo, date, description, externalId, initialBalance, memo, ref, status, type, uuid, account_id, transfer_id, custom) values('InternalTransaction', 671, 8.92, 8.92, '', '2010-03-16', 'Transfer from Available', 'null', false, '', '', 2, 0, '5a062873-9452-33cc-98c2-2c991accdda6', 228, 1995, false);
insert into Split (id, amount, uuid, envelope_id, transaction_id) values(672, 8.92, 'f7b3d925-5309-3161-b8a0-75996029b8a2', 254, 671);
insert into Transaction (DTYPE, id, amount, balance, checkNo, date, description, externalId, initialBalance, memo, ref, status, type, uuid, account_id, transfer_id, custom) values('InternalTransaction', 673, 5.77, 3767.95, '', '2010-02-19', 'Transfer from Available', 'null', false, '', '', 2, 0, 'a28105fc-d1cf-3b51-8624-7dd60c4ff290', 229, 2387, false);
insert into Split (id, amount, uuid, envelope_id, transaction_id) values(674, 5.77, '756a2b3a-a682-3fc5-a61d-309a96859b0a', 294, 673);
insert into Transaction (DTYPE, id, amount, balance, checkNo, date, description, externalId, initialBalance, memo, ref, status, type, uuid, account_id, transfer_id, custom) values('InternalTransaction', 675, -9.95, 3435.87, '', '2010-01-22', 'Financial Management Software:', '201001221', false, 'Monthly Service Fee', '', 2, 1, 'f52cff98-8ca3-3ae2-b74d-c874693596ff', 229, null, false);
insert into Split (id, amount, uuid, envelope_id, transaction_id) values(676, -9.95, '76fb3a1e-6bf4-3054-b043-930f6488f1eb', 232, 675);
insert into Transaction (DTYPE, id, amount, balance, checkNo, date, description, externalId, initialBalance, memo, ref, status, type, uuid, account_id, transfer_id, custom) values('InternalTransaction', 677, -75.00, 1135.04, '', '2010-02-16', 'Transfer to Cox Communications', 'null', false, '', '', 0, 1, '81ef4fdd-f19a-3657-b10a-39b2828777be', 229, 2219, false);
insert into Split (id, amount, uuid, envelope_id, transaction_id) values(678, -75.00, '7f2e3328-21e4-3932-b318-f08643a02987', 293, 677);
insert into Transaction (DTYPE, id, amount, balance, checkNo, date, description, externalId, initialBalance, memo, ref, status, type, uuid, account_id, transfer_id, custom) values('InternalTransaction', 679, -35.23, 2843.98, '', '2010-02-22', 'SPROUTS FARMERS MKT #7 P471226', '201002223', false, '02/21SPROUTS F', '', 2, 1, '61f312f5-df7a-3e4a-b6fc-6a5a9b5c52e4', 229, null, false);
insert into Split (id, amount, uuid, envelope_id, transaction_id) values(680, -35.23, '8b05a509-e5e1-3b75-9b82-81c08a1f619c', 238, 679);
insert into Transaction (DTYPE, id, amount, balance, checkNo, date, description, externalId, initialBalance, memo, ref, status, type, uuid, account_id, transfer_id, custom) values('InternalTransaction', 681, -18.16, 2455.72, '', '2010-01-08', 'TRADER JOE''S #282 PHOENI365500', '201001083', false, '01/07TRADER JO', '', 2, 1, '23f26fcb-042e-3d0c-ae63-a0542de22015', 229, null, false);
insert into Split (id, amount, uuid, envelope_id, transaction_id) values(682, -18.16, '2c195346-62b8-31dd-9f6d-8592f57ee150', 238, 681);
insert into Transaction (DTYPE, id, amount, balance, checkNo, date, description, externalId, initialBalance, memo, ref, status, type, uuid, account_id, transfer_id, custom) values('InternalTransaction', 683, -10.79, 3492.47, '', '2009-12-14', 'ATOMIC COMICS METRO C P', '2009121424', false, '12/12ATOMIC CO', '', 2, 1, '07e661a5-00fc-38d0-95bd-935d76beb887', 229, null, false);
insert into Split (id, amount, uuid, envelope_id, transaction_id) values(684, -10.79, '936bb660-e177-36f6-8a34-7e64297b44e7', 241, 683);
insert into Transaction (DTYPE, id, amount, balance, checkNo, date, description, externalId, initialBalance, memo, ref, status, type, uuid, account_id, transfer_id, custom) values('InternalTransaction', 685, 4.99, 2594.49, '', '2010-04-30', 'Transfer from Available', 'null', false, '', '', 2, 0, 'ff3461f6-b4b8-3385-8d4e-2a94546acb1a', 229, 813, false);
insert into Split (id, amount, uuid, envelope_id, transaction_id) values(686, 4.99, '3815fbda-83f6-3115-a027-5882195e3828', 254, 685);
insert into Transaction (DTYPE, id, amount, balance, checkNo, date, description, externalId, initialBalance, memo, ref, status, type, uuid, account_id, transfer_id, custom) values('InternalTransaction', 687, -21.38, 0.00, '', '2010-03-11', 'Transfer to Available', 'null', false, '', '', 2, 1, '3817ac4a-00e5-3004-96ff-686e6ba12e84', 228, 1669, false);
insert into Split (id, amount, uuid, envelope_id, transaction_id) values(688, -21.38, '5f268205-5509-3706-bd33-3bb05c83e745', 264, 687);
insert into Transaction (DTYPE, id, amount, balance, checkNo, date, description, externalId, initialBalance, memo, ref, status, type, uuid, account_id, transfer_id, custom) values('InternalTransaction', 689, -5.00, 0.00, '', '2010-02-25', 'Transfer to Medical', 'null', false, '', '', 2, 1, '320e1779-3c2c-3fe2-a41c-93ee32d05c83', 228, 2629, false);
insert into Split (id, amount, uuid, envelope_id, transaction_id) values(690, -5.00, '438e6227-7d83-3c75-9634-11665a334be5', 252, 689);
insert into Transaction (DTYPE, id, amount, balance, checkNo, date, description, externalId, initialBalance, memo, ref, status, type, uuid, account_id, transfer_id, custom) values('InternalTransaction', 693, -14.91, 913.61, '', '2009-11-10', 'QDOBA 428 11404282 P', '200911101', false, '11/08QDOBA 428', '', 2, 1, 'f76388af-6288-37a6-b860-62f5215a8f95', 229, null, false);
insert into Split (id, amount, uuid, envelope_id, transaction_id) values(694, -14.91, '798f619b-cd60-3e3f-9c25-ab3d4a968b25', 296, 693);
insert into Transaction (DTYPE, id, amount, balance, checkNo, date, description, externalId, initialBalance, memo, ref, status, type, uuid, account_id, transfer_id, custom) values('InternalTransaction', 691, -109.55, 5842.67, '', '2010-03-05', 'Transfer to Auto Fuel', 'null', false, '', '', 2, 1, '8c24d416-8502-3909-a353-aa623d53107e', 229, 955, false);
insert into Split (id, amount, uuid, envelope_id, transaction_id) values(692, -109.55, 'e975ded6-31da-3d44-a53a-8ef75a3f0789', 293, 691);
insert into Transaction (DTYPE, id, amount, balance, checkNo, date, description, externalId, initialBalance, memo, ref, status, type, uuid, account_id, transfer_id, custom) values('InternalTransaction', 699, -18.40, 4442.11, '', '2009-11-30', 'PETSMART INC 1120 PHOENI156477', '2009113012', false, '11/28PETSMART', '', 2, 1, '7b0fc01f-48a2-3b2c-98fb-1ac95a5c4e5e', 229, null, false);
insert into Split (id, amount, uuid, envelope_id, transaction_id) values(700, -18.40, '96355ae9-4bca-32d3-82d8-257ced9e470f', 244, 699);
insert into Transaction (DTYPE, id, amount, balance, checkNo, date, description, externalId, initialBalance, memo, ref, status, type, uuid, account_id, transfer_id, custom) values('InternalTransaction', 697, -1237.32, 1597.62, '', '2010-02-16', 'Transfer to VW Credit', 'null', false, '', '', 0, 1, '54f17d49-d047-39e7-b075-06ff708d73a5', 229, 1589, false);
insert into Split (id, amount, uuid, envelope_id, transaction_id) values(698, -1237.32, 'a537514e-8d3a-3789-9ca8-2aede27cc8e2', 293, 697);
insert into Transaction (DTYPE, id, amount, balance, checkNo, date, description, externalId, initialBalance, memo, ref, status, type, uuid, account_id, transfer_id, custom) values('InternalTransaction', 695, -27.00, 2286.89, '', '2010-03-01', 'DBMG TECHNOLOGIES 281-89', '201003011', false, '02/26DBMG TECH', '', 2, 1, '4af7890c-bdb6-3e55-b7b9-f9f88e32dd86', 229, null, false);
insert into Split (id, amount, uuid, envelope_id, transaction_id) values(696, -27.00, '35b54ebc-bd00-30f8-8127-6e22634957b3', 247, 695);
insert into Transaction (DTYPE, id, amount, balance, checkNo, date, description, externalId, initialBalance, memo, ref, status, type, uuid, account_id, transfer_id, custom) values('InternalTransaction', 701, 4.97, 2935.22, '', '2010-04-16', 'Transfer from Available', 'null', false, '', '', 2, 0, '1073ded5-8b85-3863-8648-caf2c434899b', 229, 3116, false);
insert into Split (id, amount, uuid, envelope_id, transaction_id) values(702, 4.97, '8a611dcd-7e42-3be5-b187-775d26504b43', 232, 701);
insert into Transaction (DTYPE, id, amount, balance, checkNo, date, description, externalId, initialBalance, memo, ref, status, type, uuid, account_id, transfer_id, custom) values('InternalTransaction', 703, -4.97, 6180.75, '', '2010-03-19', 'Transfer to Chase Bank', 'null', false, '', '', 2, 1, '6d2aba46-efb5-30ff-a59f-7123dd225f0e', 229, 2329, false);
insert into Split (id, amount, uuid, envelope_id, transaction_id) values(704, -4.97, 'a47da2e6-8ebb-3763-b970-bdd1ba2680f1', 293, 703);
insert into Transaction (DTYPE, id, amount, balance, checkNo, date, description, externalId, initialBalance, memo, ref, status, type, uuid, account_id, transfer_id, custom) values('InternalTransaction', 705, -25.00, 2589.50, '', '2010-04-30', 'Transfer to Medical', 'null', false, '', '', 2, 1, 'bfc39cc0-7d9d-3324-a92d-9340bc98ba18', 229, 3078, false);
insert into Split (id, amount, uuid, envelope_id, transaction_id) values(706, -25.00, '9df0e3b2-351e-3bef-b8df-a74b95396d8b', 293, 705);
insert into Transaction (DTYPE, id, amount, balance, checkNo, date, description, externalId, initialBalance, memo, ref, status, type, uuid, account_id, transfer_id, custom) values('InternalTransaction', 709, -2.11, 1579.80, '', '2010-04-21', 'Transfer to Coffee', 'null', false, '', '', 2, 1, 'af1179df-64cf-37d6-a4b9-ddd0b0291e19', 229, 1643, false);
insert into Split (id, amount, uuid, envelope_id, transaction_id) values(710, -2.11, '691a05d4-fb97-3421-8b43-879199c6500c', 293, 709);
insert into Transaction (DTYPE, id, amount, balance, checkNo, date, description, externalId, initialBalance, memo, ref, status, type, uuid, account_id, transfer_id, custom) values('InternalTransaction', 707, -5.82, 2426.45, '', '2010-03-18', 'TACO BELL #21245 TEMPE A', '201003184', false, '03/16TACO BELL', '', 2, 1, 'e1b3a1f5-9c3e-385f-8933-dd2c98acba80', 229, null, false);
insert into Split (id, amount, uuid, envelope_id, transaction_id) values(708, -5.82, '2950178a-8d5c-32e6-8538-600dff254902', 246, 707);
insert into Transaction (DTYPE, id, amount, balance, checkNo, date, description, externalId, initialBalance, memo, ref, status, type, uuid, account_id, transfer_id, custom) values('InternalTransaction', 711, 54.38, 3970.45, '', '2010-03-24', 'Transfer from Available', 'null', false, '', '', 2, 0, '5f95cc1d-6a07-3ff8-b25f-7f17e144a5be', 229, 2017, false);
insert into Split (id, amount, uuid, envelope_id, transaction_id) values(712, 54.38, 'cd559445-4165-350e-a094-7c8e90bffabd', 264, 711);
insert into Transaction (DTYPE, id, amount, balance, checkNo, date, description, externalId, initialBalance, memo, ref, status, type, uuid, account_id, transfer_id, custom) values('InternalTransaction', 713, -79.27, 14124.38, '', '2010-02-16', 'Transfer to Fast Food', 'null', false, '', '', 0, 1, '37812ce7-25bf-3869-9808-02ee5f526ce0', 229, 1333, false);
insert into Split (id, amount, uuid, envelope_id, transaction_id) values(714, -79.27, '76639b1b-1a4c-396c-83c8-7b9e448eb662', 293, 713);
insert into Transaction (DTYPE, id, amount, balance, checkNo, date, description, externalId, initialBalance, memo, ref, status, type, uuid, account_id, transfer_id, custom) values('InternalTransaction', 715, 30.00, 30.00, '', '2010-02-18', 'Transfer from Available', 'null', false, '', '', 2, 0, 'a852c5ee-62bb-3ede-ac6c-89a9111cee41', 228, 2759, false);
insert into Split (id, amount, uuid, envelope_id, transaction_id) values(716, 30.00, '61bfe040-bb4e-318a-ae93-00b0661d9153', 287, 715);
insert into Transaction (DTYPE, id, amount, balance, checkNo, date, description, externalId, initialBalance, memo, ref, status, type, uuid, account_id, transfer_id, custom) values('InternalTransaction', 717, -10.00, 650.05, '', '2010-04-16', 'Transfer to Eating Out', 'null', false, '', '', 2, 1, '9cecf009-c6e9-3279-9303-8fc29ef505e9', 229, 891, false);
insert into Split (id, amount, uuid, envelope_id, transaction_id) values(718, -10.00, '3ff940d7-c296-3437-9d9e-1e7ef5e7dbb5', 293, 717);
insert into Transaction (DTYPE, id, amount, balance, checkNo, date, description, externalId, initialBalance, memo, ref, status, type, uuid, account_id, transfer_id, custom) values('InternalTransaction', 721, 1.04, 1.04, '', '2010-03-16', 'Transfer from Spending', 'null', false, '', '', 2, 0, 'd7e877ad-dfd3-340a-b80c-ae7e0c771208', 228, 399, false);
insert into Split (id, amount, uuid, envelope_id, transaction_id) values(722, 1.04, '67fe6e9d-ca7c-3e46-93cc-9bb708eb22ee', 260, 721);
insert into Transaction (DTYPE, id, amount, balance, checkNo, date, description, externalId, initialBalance, memo, ref, status, type, uuid, account_id, transfer_id, custom) values('InternalTransaction', 719, -30.00, 2788.64, '264', '2010-02-08', 'Michael Conley', '201002088', false, '', '', 2, 1, 'cf59e647-f560-3155-856e-c03b017e8635', 229, null, false);
insert into Split (id, amount, uuid, envelope_id, transaction_id) values(720, -30.00, '77d805ac-5f0f-3e2a-ae9a-2c90d54a706b', 287, 719);
insert into Transaction (DTYPE, id, amount, balance, checkNo, date, description, externalId, initialBalance, memo, ref, status, type, uuid, account_id, transfer_id, custom) values('InternalTransaction', 723, -9.98, 1428.45, '', '2010-02-11', 'EASYNEWS.COM 866-396-397', '201002113', false, '02/10EASYNEWS.', '', 2, 1, 'ae872f12-46db-3da1-ada9-773717efa359', 229, null, false);
insert into Split (id, amount, uuid, envelope_id, transaction_id) values(724, -9.98, 'fb03f34e-7d6a-3878-942a-8d00ef95421d', 254, 723);
insert into Transaction (DTYPE, id, amount, balance, checkNo, date, description, externalId, initialBalance, memo, ref, status, type, uuid, account_id, transfer_id, custom) values('InternalTransaction', 725, -2.22, 4045.18, '', '2010-03-29', 'STARBUCKS USA 00096230 T', '201003294', false, '03/26STARBUCKS', '', 2, 1, '043d7423-2d19-30ca-acb3-b2c61f537cab', 229, null, false);
insert into Split (id, amount, uuid, envelope_id, transaction_id) values(726, -2.22, '21691af5-2105-30b9-a617-e6458e4b99e2', 270, 725);
insert into Transaction (DTYPE, id, amount, balance, checkNo, date, description, externalId, initialBalance, memo, ref, status, type, uuid, account_id, transfer_id, custom) values('InternalTransaction', 727, -10.00, 728.98, '', '2010-04-14', 'ROSITA''S PLACE PHOENIX A', '201004142', false, '04/13ROSITA''S', '', 2, 1, 'e46cd792-b44f-372d-baec-3fde0477f4c0', 229, null, false);
insert into Split (id, amount, uuid, envelope_id, transaction_id) values(728, -10.00, 'dd18e797-c9b4-3604-8dc5-7ad9372ccbe8', 296, 727);
insert into Transaction (DTYPE, id, amount, balance, checkNo, date, description, externalId, initialBalance, memo, ref, status, type, uuid, account_id, transfer_id, custom) values('InternalTransaction', 731, -5.61, 738.98, '', '2010-04-14', 'MCDONALD''S F12536 SCOTTS', '201004141', false, '04/12MCDONALD''', '', 2, 1, '19105c86-784d-3f77-8d8c-875c711af17f', 229, null, false);
insert into Split (id, amount, uuid, envelope_id, transaction_id) values(732, -5.61, '13cacdea-5b2e-3e20-8dd1-440e5b3161e7', 246, 731);
insert into Transaction (DTYPE, id, amount, balance, checkNo, date, description, externalId, initialBalance, memo, ref, status, type, uuid, account_id, transfer_id, custom) values('InternalTransaction', 729, -663.49, 3075.42, '', '2010-04-16', 'Transfer to Taxes', 'null', false, '', '', 2, 1, 'ae33903a-eecb-30c4-b513-45c8586dc8a6', 229, 3200, false);
insert into Split (id, amount, uuid, envelope_id, transaction_id) values(730, -663.49, '6a7f7da2-0107-36f6-b4fc-57e6343746f0', 293, 729);
insert into Transaction (DTYPE, id, amount, balance, checkNo, date, description, externalId, initialBalance, memo, ref, status, type, uuid, account_id, transfer_id, custom) values('InternalTransaction', 733, 0.00, 2589.50, '', '2010-04-30', 'Transfer from Available', 'null', false, '', '', 2, 1, '82b2349a-7971-3090-8d30-3e043f0e593b', 229, 2247, false);
insert into Split (id, amount, uuid, envelope_id, transaction_id) values(734, 0.00, 'c9e70b96-35ff-3df0-ab29-b424e2e6b0f8', 272, 733);
insert into Transaction (DTYPE, id, amount, balance, checkNo, date, description, externalId, initialBalance, memo, ref, status, type, uuid, account_id, transfer_id, custom) values('InternalTransaction', 739, -179.63, 2268.51, '', '2010-01-29', 'INTOWN SUITES MCDOWELL P', '201001290', false, '01/27INTOWN SU', '', 2, 1, '904d1c1d-0d9d-3c6f-a5bc-e4b132b0daf2', 229, null, false);
insert into Split (id, amount, uuid, envelope_id, transaction_id) values(740, -179.63, '45974dbe-93c1-3dfb-8b43-f03afc6f6f7c', 252, 739);
insert into Transaction (DTYPE, id, amount, balance, checkNo, date, description, externalId, initialBalance, memo, ref, status, type, uuid, account_id, transfer_id, custom) values('InternalTransaction', 737, -10.84, 4466.05, '', '2009-11-16', 'FAST EDDIE''S DINER PHOEN', '200911169', false, '11/14FAST EDDI', '', 2, 1, 'd3915f62-bbb2-33e1-8bef-310c4c27092c', 229, null, false);
insert into Split (id, amount, uuid, envelope_id, transaction_id) values(738, -10.84, '5a6ebb45-ff52-3204-b1d6-06ceceef2f7d', 296, 737);
insert into Transaction (DTYPE, id, amount, balance, checkNo, date, description, externalId, initialBalance, memo, ref, status, type, uuid, account_id, transfer_id, custom) values('InternalTransaction', 735, -59.44, 0.00, '', '2010-03-27', 'Transfer to Available', 'null', false, '', '', 2, 1, 'cb72caec-7dde-3397-975d-04f720cd49b6', 228, 2605, false);
insert into Split (id, amount, uuid, envelope_id, transaction_id) values(736, -59.44, '8edf89fd-3ab0-3b8f-b33f-299e8aab2b1b', 252, 735);
insert into Transaction (DTYPE, id, amount, balance, checkNo, date, description, externalId, initialBalance, memo, ref, status, type, uuid, account_id, transfer_id, custom) values('InternalTransaction', 741, -20.62, 1035.26, '', '2009-11-09', 'WALGREEN COMPANY NWC OF 105188', '200911094', false, '11/07WALGREEN', '', 2, 1, '8117785c-c367-3ac0-a129-7f4eb02238fb', 229, null, false);
insert into Split (id, amount, uuid, envelope_id, transaction_id) values(742, -20.62, '435185e6-1483-36bd-a643-d466247bcbc9', 277, 741);
insert into Transaction (DTYPE, id, amount, balance, checkNo, date, description, externalId, initialBalance, memo, ref, status, type, uuid, account_id, transfer_id, custom) values('InternalTransaction', 743, -99.95, 368.42, '', '2010-04-27', 'CAMEL VW SUBARU MAZDA PH', '201004272', false, '04/26CAMEL VW', '', 1, 1, '1c602b6b-e3a2-3e07-b603-2631472eff2a', 229, null, false);
insert into Split (id, amount, uuid, envelope_id, transaction_id) values(744, -99.95, '066101b1-fa9c-34bf-832e-a43bc0d4c5da', 252, 743);
insert into Transaction (DTYPE, id, amount, balance, checkNo, date, description, externalId, initialBalance, memo, ref, status, type, uuid, account_id, transfer_id, custom) values('InternalTransaction', 751, 19.98, 19.98, '', '2010-04-23', 'Transfer from Medical', 'null', false, '', '', 2, 0, 'c12f805e-90ad-3169-9f58-9a8f2394de3b', 228, 1367, false);
insert into Split (id, amount, uuid, envelope_id, transaction_id) values(752, 19.98, 'd8302496-e2b9-32c3-a955-2761b67dcb0c', 252, 751);
insert into Transaction (DTYPE, id, amount, balance, checkNo, date, description, externalId, initialBalance, memo, ref, status, type, uuid, account_id, transfer_id, custom) values('InternalTransaction', 749, -99.15, 2868.29, '', '2010-01-25', 'CARLY''S BISTRO PHOENIX A', '201001252', false, '01/23CARLY''S B', '', 2, 1, 'e59c90b7-e25e-3a6d-8c7b-62f4c3ff06f0', 229, null, false);
insert into Split (id, amount, uuid, envelope_id, transaction_id) values(750, -99.15, '441f2a57-cbd5-353e-a5c6-fa47cb084919', 296, 749);
insert into Transaction (DTYPE, id, amount, balance, checkNo, date, description, externalId, initialBalance, memo, ref, status, type, uuid, account_id, transfer_id, custom) values('InternalTransaction', 747, -49.00, 5423.46, '', '2009-12-11', 'MASSAGE ENVY 0020 602-22', '200912115', false, '12/09MASSAGE E', '', 2, 1, 'a3f3cafc-d383-3a03-9830-b146db49d6fa', 229, null, false);
insert into Split (id, amount, uuid, envelope_id, transaction_id) values(748, -49.00, '48b9950c-7eb2-379f-b70c-6c6d4d92929a', 279, 747);
insert into Transaction (DTYPE, id, amount, balance, checkNo, date, description, externalId, initialBalance, memo, ref, status, type, uuid, account_id, transfer_id, custom) values('InternalTransaction', 745, -80.00, 2589.50, '', '2010-04-30', 'Transfer to Housekeeping', 'null', false, '', '', 2, 1, '026a8fef-7d99-30f9-8a1b-aa398a49f019', 229, 2451, false);
insert into Split (id, amount, uuid, envelope_id, transaction_id) values(746, -80.00, 'f0488aa8-eab7-3022-a455-fda1c700bf4f', 293, 745);
insert into Transaction (DTYPE, id, amount, balance, checkNo, date, description, externalId, initialBalance, memo, ref, status, type, uuid, account_id, transfer_id, custom) values('InternalTransaction', 753, 8.95, 8.95, '', '2010-03-12', 'Transfer from Spending', 'null', false, '', '', 2, 0, '723dd143-6a29-3d14-b340-b8215146aa5e', 228, 1689, false);
insert into Split (id, amount, uuid, envelope_id, transaction_id) values(754, 8.95, 'e96eddc2-efda-3453-8ff0-8aef0f31bc20', 296, 753);
insert into Transaction (DTYPE, id, amount, balance, checkNo, date, description, externalId, initialBalance, memo, ref, status, type, uuid, account_id, transfer_id, custom) values('InternalTransaction', 755, 526.71, 9379.72, '', '2010-02-16', 'Transfer from Available', 'null', false, '', '', 0, 0, '43d90235-4faf-34b0-84c2-6d06d2394df9', 229, 929, false);
insert into Split (id, amount, uuid, envelope_id, transaction_id) values(756, 526.71, '339dc7b5-af6e-3c10-a423-ab860a8ad741', 291, 755);
insert into Transaction (DTYPE, id, amount, balance, checkNo, date, description, externalId, initialBalance, memo, ref, status, type, uuid, account_id, transfer_id, custom) values('InternalTransaction', 757, -747.30, 3558.71, '', '2009-12-14', 'FLOOR SOURCE LLC PHOENIX', '200912142', false, '12/10FLOOR SOU', '', 2, 1, '6396bedb-7a4b-3cf2-902a-c12dafffbe8a', 229, null, false);
insert into Split (id, amount, uuid, envelope_id, transaction_id) values(758, -747.30, '19a1baef-586f-349d-b3a7-17ac5c626d4e', 251, 757);
insert into Transaction (DTYPE, id, amount, balance, checkNo, date, description, externalId, initialBalance, memo, ref, status, type, uuid, account_id, transfer_id, custom) values('InternalTransaction', 759, -36.64, 293.20, '', '2010-04-29', 'ARROWHEAD WATER 800-950-', '201004291', false, '04/28ARROWHEAD', '', 1, 1, '49973c61-190c-350b-be37-b202fa6967bc', 229, null, false);
insert into Split (id, amount, uuid, envelope_id, transaction_id) values(760, -36.64, 'ba4f9072-de9a-3e59-b8ea-a17af8048b4f', 266, 759);
insert into Transaction (DTYPE, id, amount, balance, checkNo, date, description, externalId, initialBalance, memo, ref, status, type, uuid, account_id, transfer_id, custom) values('InternalTransaction', 761, -128.79, 2140.54, '', '2010-01-04', 'VZWRLSS-MYACCT VW 800-92', '201001040', false, '12/31VZWRLSS-M', '', 2, 1, '15d158e6-5327-36b6-9d2a-03f9db077716', 229, null, false);
insert into Split (id, amount, uuid, envelope_id, transaction_id) values(762, -128.79, '4c413c4b-2b7c-31f9-a94a-efc47083486f', 236, 761);
insert into Transaction (DTYPE, id, amount, balance, checkNo, date, description, externalId, initialBalance, memo, ref, status, type, uuid, account_id, transfer_id, custom) values('InternalTransaction', 765, -60.00, 1164.46, '', '2010-04-12', '7-ELEVEN TEMPE AZ 363194', '201004123', false, '04/107-ELEVEN', '', 2, 1, 'f5ecb25e-4940-3a43-896b-050248d38d83', 229, null, false);
insert into Split (id, amount, uuid, envelope_id, transaction_id) values(766, -60.00, 'b122d311-8307-31c1-a96e-fe7cb71073e8', 252, 765);
insert into Transaction (DTYPE, id, amount, balance, checkNo, date, description, externalId, initialBalance, memo, ref, status, type, uuid, account_id, transfer_id, custom) values('InternalTransaction', 763, -34.99, 2255.40, '', '2010-03-08', '24HR FITNESS DUES 800-43', '201003085', false, '03/0524HR FITN', '', 2, 1, 'e05ea60f-5c70-3bfd-87f8-3190f03468b0', 229, null, false);
insert into Split (id, amount, uuid, envelope_id, transaction_id) values(764, -34.99, '481bf631-9ef3-32a3-9155-bad8038fff9a', 271, 763);
insert into Transaction (DTYPE, id, amount, balance, checkNo, date, description, externalId, initialBalance, memo, ref, status, type, uuid, account_id, transfer_id, custom) values('InternalTransaction', 769, 2159.85, 3646.75, '', '2010-02-05', 'DIFFUSION GROUP PAYROLL', '201002050', false, 'PPD ID: 1860988050', '', 2, 0, '24d3ac63-40e1-3154-b4c0-21960b611484', 229, null, false);
insert into Split (id, amount, uuid, envelope_id, transaction_id) values(770, 2159.85, '8fa28d4d-d5f3-37eb-a609-290994034d8d', 293, 769);
insert into Transaction (DTYPE, id, amount, balance, checkNo, date, description, externalId, initialBalance, memo, ref, status, type, uuid, account_id, transfer_id, custom) values('InternalTransaction', 767, -22.63, 2485.58, '', '2010-01-25', 'THAI RAMA PHOENIX AZ', '201001259', false, '01/22THAI RAMA', '', 2, 1, 'bb87e720-1959-38e4-a92c-2f50fe07e5ee', 229, null, false);
insert into Split (id, amount, uuid, envelope_id, transaction_id) values(768, -22.63, '8ce5ddfe-cd59-3ae0-b066-573c186caa68', 296, 767);
insert into Transaction (DTYPE, id, amount, balance, checkNo, date, description, externalId, initialBalance, memo, ref, status, type, uuid, account_id, transfer_id, custom) values('InternalTransaction', 771, 94.60, 9474.32, '', '2010-02-16', 'Transfer from Available', 'null', false, '', '', 0, 0, '242fb39b-3c9e-3cfc-947e-aaf5cbbbcf20', 229, 2153, false);
insert into Split (id, amount, uuid, envelope_id, transaction_id) values(772, 94.60, '6ec72a38-353c-36c0-b3bb-46e33e53fb07', 266, 771);
insert into Transaction (DTYPE, id, amount, balance, checkNo, date, description, externalId, initialBalance, memo, ref, status, type, uuid, account_id, transfer_id, custom) values('InternalTransaction', 773, -34.99, 596.59, '', '2010-01-06', '24HR FITNESS DUES 800-43', '201001061', false, '01/0524HR FITN', '', 2, 1, '5a5292a8-0b22-3e71-bcd3-35d50aa3b711', 229, null, false);
insert into Split (id, amount, uuid, envelope_id, transaction_id) values(774, -34.99, '8c0dbecf-5b54-3499-95ce-2967422df489', 271, 773);
insert into Transaction (DTYPE, id, amount, balance, checkNo, date, description, externalId, initialBalance, memo, ref, status, type, uuid, account_id, transfer_id, custom) values('InternalTransaction', 777, -8.23, 2708.48, '', '2010-04-05', 'SPROUTS FARMERS MKT # 0 384770', '201004052', false, '04/02SPROUTS F', '', 2, 1, 'ea258a4b-d5dc-3ac1-ae9e-3b2be7a78571', 229, null, false);
insert into Split (id, amount, uuid, envelope_id, transaction_id) values(778, -8.23, '9eac783f-8b4e-365b-91e7-a0bcac78e8a7', 238, 777);
insert into Transaction (DTYPE, id, amount, balance, checkNo, date, description, externalId, initialBalance, memo, ref, status, type, uuid, account_id, transfer_id, custom) values('InternalTransaction', 775, -6.76, 2272.83, '', '2009-12-31', 'BLOCKBUSTER VIDEO #0400', '200912311', false, '12/29BLOCKBUST', '', 2, 1, '03158a68-e9a4-3b29-afe0-a3ea3ae91768', 229, null, false);
insert into Split (id, amount, uuid, envelope_id, transaction_id) values(776, -6.76, 'd43a9005-e394-3f38-b7bd-2459683a5364', 265, 775);
insert into Transaction (DTYPE, id, amount, balance, checkNo, date, description, externalId, initialBalance, memo, ref, status, type, uuid, account_id, transfer_id, custom) values('InternalTransaction', 781, -6.18, 2426.45, '', '2010-03-19', 'Transfer to Groceries', 'null', false, '', '', 2, 1, 'c01cbd52-f371-3f5b-8689-cf225a40b680', 229, 3060, false);
insert into Split (id, amount, uuid, envelope_id, transaction_id) values(782, -6.18, '18ca4128-57a0-36fe-ad52-79421f8c3787', 293, 781);
insert into Transaction (DTYPE, id, amount, balance, checkNo, date, description, externalId, initialBalance, memo, ref, status, type, uuid, account_id, transfer_id, custom) values('InternalTransaction', 779, -15.00, 1579.88, '', '2010-01-12', 'HSBC CARD SRVCS Online Pmt 0000', '201001123', false, '00523619767 WEB ID: 2000000510', '', 2, 1, '05c9f44c-c335-343d-9d38-b31eb16975bc', 229, null, false);
insert into Split (id, amount, uuid, envelope_id, transaction_id) values(780, -15.00, '54dbb90f-fcc0-3f89-921e-eadbcaadca59', 242, 779);
insert into Transaction (DTYPE, id, amount, balance, checkNo, date, description, externalId, initialBalance, memo, ref, status, type, uuid, account_id, transfer_id, custom) values('InternalTransaction', 785, -80.00, 3006.61, '254', '2009-12-03', 'Annette Trijillo', '200912030', false, '', '', 2, 1, 'd0818fc6-e812-36d7-9d99-2988b631cb98', 229, null, false);
insert into Split (id, amount, uuid, envelope_id, transaction_id) values(786, -80.00, 'd45c186a-a443-3f2a-adfa-1dcc5635f7f0', 261, 785);
insert into Transaction (DTYPE, id, amount, balance, checkNo, date, description, externalId, initialBalance, memo, ref, status, type, uuid, account_id, transfer_id, custom) values('InternalTransaction', 783, 64.01, 2653.51, '', '2010-04-30', 'Transfer from Available', 'null', false, '', '', 2, 0, '66f8cabb-f3be-3e9f-a8d2-1af287a59fac', 229, 569, false);
insert into Split (id, amount, uuid, envelope_id, transaction_id) values(784, 64.01, '0c9dfc32-47ce-32bc-9628-6f64eebfb8df', 236, 783);
insert into Transaction (DTYPE, id, amount, balance, checkNo, date, description, externalId, initialBalance, memo, ref, status, type, uuid, account_id, transfer_id, custom) values('InternalTransaction', 787, -395.45, 4322.90, '', '2010-02-19', 'Transfer to GMAC Mortgage', 'null', false, '', '', 2, 1, '6542bd82-4c59-3296-a59b-e771c32e58af', 229, 1739, false);
insert into Split (id, amount, uuid, envelope_id, transaction_id) values(788, -395.45, 'cc053991-6c53-3460-b687-8e73609e090e', 293, 787);
insert into Transaction (DTYPE, id, amount, balance, checkNo, date, description, externalId, initialBalance, memo, ref, status, type, uuid, account_id, transfer_id, custom) values('InternalTransaction', 791, 4.13, 3788.03, '', '2010-02-19', 'Transfer from Available', 'null', false, '', '', 2, 0, '912bc70e-7ca6-36f1-9312-8d27ba4acdab', 229, 2301, false);
insert into Split (id, amount, uuid, envelope_id, transaction_id) values(792, 4.13, '8b915668-421e-36b2-bbae-84d7280c406e', 263, 791);
insert into Transaction (DTYPE, id, amount, balance, checkNo, date, description, externalId, initialBalance, memo, ref, status, type, uuid, account_id, transfer_id, custom) values('InternalTransaction', 789, 11.12, 11.12, '', '2010-03-11', 'Transfer from Available', 'null', false, '', '', 2, 0, 'd1310b1f-3534-3671-9a57-9e32eddc8eeb', 228, 2015, false);
insert into Split (id, amount, uuid, envelope_id, transaction_id) values(790, 11.12, '48936add-d298-3d4b-83c8-d25015a010c2', 246, 789);
insert into Transaction (DTYPE, id, amount, balance, checkNo, date, description, externalId, initialBalance, memo, ref, status, type, uuid, account_id, transfer_id, custom) values('InternalTransaction', 793, 0.00, 3298.59, '', '2010-04-02', 'Transfer from Available', 'null', false, '', '', 2, 1, '3ba5283e-95bd-3dff-986f-f93d90a7c821', 229, 1853, false);
insert into Split (id, amount, uuid, envelope_id, transaction_id) values(794, 0.00, '0007d0a7-957e-3253-881f-cea7d78895ee', 295, 793);
insert into Transaction (DTYPE, id, amount, balance, checkNo, date, description, externalId, initialBalance, memo, ref, status, type, uuid, account_id, transfer_id, custom) values('InternalTransaction', 795, -21.00, 1357.14, '', '2010-01-19', 'HARKINS CHRISTOWN 14 PHO', '201001194', false, '01/17HARKINS C', '', 2, 1, 'e2c10eba-5e1e-387d-bef6-42921714e50b', 229, null, false);
insert into Split (id, amount, uuid, envelope_id, transaction_id) values(796, -21.00, '35f4f949-744c-3fca-a693-ce40a628041a', 285, 795);
insert into Transaction (DTYPE, id, amount, balance, checkNo, date, description, externalId, initialBalance, memo, ref, status, type, uuid, account_id, transfer_id, custom) values('InternalTransaction', 797, -20.41, 1135.04, '', '2010-02-16', 'Transfer to Spending', 'null', false, '', '', 0, 1, '2993aede-2c0c-3b2b-af6b-214cc5ca3038', 229, 1735, false);
insert into Split (id, amount, uuid, envelope_id, transaction_id) values(798, -20.41, 'dfe7fa1f-7f7f-3e17-ade6-d1f3d22b5809', 293, 797);
insert into Transaction (DTYPE, id, amount, balance, checkNo, date, description, externalId, initialBalance, memo, ref, status, type, uuid, account_id, transfer_id, custom) values('InternalTransaction', 801, -42.41, 1821.39, '', '2010-03-11', 'CHEVRON 00206657 PHOENIX', '201003111', false, '03/09CHEVRON 0', '', 2, 1, '9d0bf9e9-a52d-3206-a7ad-0c78ae14bea1', 229, null, false);
insert into Split (id, amount, uuid, envelope_id, transaction_id) values(802, -42.41, 'e0861cb1-3845-3fcb-bdf4-2ea1a74eb480', 253, 801);
insert into Transaction (DTYPE, id, amount, balance, checkNo, date, description, externalId, initialBalance, memo, ref, status, type, uuid, account_id, transfer_id, custom) values('InternalTransaction', 799, -5.25, 0.00, '', '2010-04-13', 'Transfer to Available', 'null', false, '', '', 2, 1, '2568f27e-76f8-31a1-a0ee-0364f2912dd5', 228, 1329, false);
insert into Split (id, amount, uuid, envelope_id, transaction_id) values(800, -5.25, '853bdb83-c7a8-3e54-8524-a43ca7c04fc5', 239, 799);
insert into Transaction (DTYPE, id, amount, balance, checkNo, date, description, externalId, initialBalance, memo, ref, status, type, uuid, account_id, transfer_id, custom) values('InternalTransaction', 803, -64.01, 4450.68, '', '2010-03-19', 'Transfer to Verizon Wireless', 'null', false, '', '', 2, 1, 'e7086b2f-406d-30f1-87ca-e6372216efe8', 229, 2677, false);
insert into Split (id, amount, uuid, envelope_id, transaction_id) values(804, -64.01, '006bc506-3734-33fb-999a-2bada6fdc4d9', 293, 803);
insert into Transaction (DTYPE, id, amount, balance, checkNo, date, description, externalId, initialBalance, memo, ref, status, type, uuid, account_id, transfer_id, custom) values('InternalTransaction', 805, 13.99, 3802.02, '', '2010-02-19', 'Transfer from Available', 'null', false, '', '', 2, 0, '1ac37c97-a9df-34bb-bd86-d49721b0d70f', 229, 427, false);
insert into Split (id, amount, uuid, envelope_id, transaction_id) values(806, 13.99, '7751a0e1-4515-36ac-9bbc-fc5c7da0ef96', 266, 805);
insert into Transaction (DTYPE, id, amount, balance, checkNo, date, description, externalId, initialBalance, memo, ref, status, type, uuid, account_id, transfer_id, custom) values('InternalTransaction', 807, -2.70, 2570.88, '', '2010-01-11', 'FEDEX KINKO''S #2306 PHOE', '2010011116', false, '01/08FEDEX KIN', '', 2, 1, 'e4905189-f438-32d1-afc2-2c664b516244', 229, null, false);
insert into Split (id, amount, uuid, envelope_id, transaction_id) values(808, -2.70, '7c7893b5-aec7-3572-a221-e33255763ec9', 251, 807);
insert into Transaction (DTYPE, id, amount, balance, checkNo, date, description, externalId, initialBalance, memo, ref, status, type, uuid, account_id, transfer_id, custom) values('InternalTransaction', 811, -0.00, 2856.94, '', '2010-04-02', 'Transfer to Car Wash', 'null', false, '', '', 2, 1, 'd2088277-c343-3e37-9ec8-bd42204d9f0f', 229, 1869, false);
insert into Split (id, amount, uuid, envelope_id, transaction_id) values(812, -0.00, '39020d4c-3938-337c-8c6d-f35789e3113f', 293, 811);
insert into Transaction (DTYPE, id, amount, balance, checkNo, date, description, externalId, initialBalance, memo, ref, status, type, uuid, account_id, transfer_id, custom) values('InternalTransaction', 809, -42.00, 1538.35, '', '2010-03-15', 'JUST RELAX PHOENIX AZ', '201003152', false, '03/14JUST RELA', '', 2, 1, 'eeeee9ba-0a23-3244-a885-a0e651f23d3f', 229, null, false);
insert into Split (id, amount, uuid, envelope_id, transaction_id) values(810, -42.00, 'e4a37e88-6bc9-33eb-9f12-b3bfc1aea176', 256, 809);
insert into Transaction (DTYPE, id, amount, balance, checkNo, date, description, externalId, initialBalance, memo, ref, status, type, uuid, account_id, transfer_id, custom) values('InternalTransaction', 817, -6.44, 1215.75, '', '2010-03-16', 'Fast Fix Jewelry Repair', '201003162', false, '03/14Fast Fix', '', 2, 1, 'f334bce0-3680-3437-93b0-a4f8ec0cfd30', 229, null, false);
insert into Split (id, amount, uuid, envelope_id, transaction_id) values(818, -6.44, 'e8d910f1-7ad7-304a-a51c-d967335ff1e6', 252, 817);
insert into Transaction (DTYPE, id, amount, balance, checkNo, date, description, externalId, initialBalance, memo, ref, status, type, uuid, account_id, transfer_id, custom) values('InternalTransaction', 815, -10.80, 4019.66, '', '2009-12-01', 'CVS 09205 09205--802 SO 219781', '200912010', false, '11/30CVS 09205', '', 2, 1, 'c5efd6e3-e2f0-3a86-bdb0-c8352c9bf6ea', 229, null, false);
insert into Split (id, amount, uuid, envelope_id, transaction_id) values(816, -10.80, 'e035adb5-1d92-33c2-97f6-f616709dc4b5', 287, 815);
insert into Transaction (DTYPE, id, amount, balance, checkNo, date, description, externalId, initialBalance, memo, ref, status, type, uuid, account_id, transfer_id, custom) values('InternalTransaction', 813, -4.99, 2589.50, '', '2010-04-30', 'Transfer to Easynews.com', 'null', false, '', '', 2, 1, 'd47ad313-6f64-3692-b6a0-0fa034e05ebc', 229, 685, false);
insert into Split (id, amount, uuid, envelope_id, transaction_id) values(814, -4.99, 'ae830977-f6b7-3f7b-86d4-eaecfec3a3a5', 293, 813);
insert into Transaction (DTYPE, id, amount, balance, checkNo, date, description, externalId, initialBalance, memo, ref, status, type, uuid, account_id, transfer_id, custom) values('InternalTransaction', 819, -20.43, 4339.48, '', '2009-12-14', 'FAST EDDIE''S DINER PHOEN', '2009121417', false, '12/13FAST EDDI', '', 2, 1, '264131a7-55e8-3c1e-b175-a43ec27aa854', 229, null, false);
insert into Split (id, amount, uuid, envelope_id, transaction_id) values(820, -20.43, 'be16666b-a76e-3dc7-8f7b-383d994b6a98', 296, 819);
insert into Transaction (DTYPE, id, amount, balance, checkNo, date, description, externalId, initialBalance, memo, ref, status, type, uuid, account_id, transfer_id, custom) values('InternalTransaction', 825, 2.50, 2.50, '', '2010-03-16', 'Transfer from Spending', 'null', false, '', '', 2, 0, '87ec7267-ed70-3f88-8367-888184652f01', 228, 363, false);
insert into Split (id, amount, uuid, envelope_id, transaction_id) values(826, 2.50, 'cdc7f410-4610-3a0a-bbea-cd2d1ae40fec', 270, 825);
insert into Transaction (DTYPE, id, amount, balance, checkNo, date, description, externalId, initialBalance, memo, ref, status, type, uuid, account_id, transfer_id, custom) values('InternalTransaction', 823, -17.50, 1155.45, '', '2010-02-16', 'Transfer to Movie Theatre', 'null', false, '', '', 0, 1, 'ad3fea56-e3a4-33a7-b6a0-727f1650c2e9', 229, 3148, false);
insert into Split (id, amount, uuid, envelope_id, transaction_id) values(824, -17.50, 'ce5bfea8-9e5a-3d08-a3c3-b7cb39a0283f', 293, 823);
insert into Transaction (DTYPE, id, amount, balance, checkNo, date, description, externalId, initialBalance, memo, ref, status, type, uuid, account_id, transfer_id, custom) values('InternalTransaction', 821, -15.53, 4491.86, '', '2009-11-16', 'SPROUTS FARMERS MKT # 0 262740', '200911167', false, '11/16SPROUTS F', '', 2, 1, 'd02f5fe7-5db0-3f93-bd29-68737c44819a', 229, null, false);
insert into Split (id, amount, uuid, envelope_id, transaction_id) values(822, -15.53, '6f4b0514-cfc8-3305-8387-15813b359e8e', 238, 821);
insert into Transaction (DTYPE, id, amount, balance, checkNo, date, description, externalId, initialBalance, memo, ref, status, type, uuid, account_id, transfer_id, custom) values('InternalTransaction', 831, -35.00, 2037.28, '', '2009-11-05', 'PIHMA COLLEGE AND CL Pho293456', '200911050', false, '11/04PIHMA COL', '', 2, 1, 'c5180bda-e243-3874-98af-e1e425ce54ba', 229, null, false);
insert into Split (id, amount, uuid, envelope_id, transaction_id) values(832, -35.00, '63b28358-b442-3a7f-bd11-48cc7b03c951', 287, 831);
insert into Transaction (DTYPE, id, amount, balance, checkNo, date, description, externalId, initialBalance, memo, ref, status, type, uuid, account_id, transfer_id, custom) values('InternalTransaction', 829, -309.33, 1507.04, '', '2010-02-11', 'VW CREDIT, INC. AUTO DEBIT WE', '201002110', false, 'B 852539481 WEB ID: 1382362409', '', 2, 1, '442acd07-89dc-38cb-a5af-d2daac976ed9', 229, null, false);
insert into Split (id, amount, uuid, envelope_id, transaction_id) values(830, -309.33, '1b3a19b2-5348-3845-be05-38ca47276cdd', 267, 829);
insert into Transaction (DTYPE, id, amount, balance, checkNo, date, description, externalId, initialBalance, memo, ref, status, type, uuid, account_id, transfer_id, custom) values('InternalTransaction', 827, -116.99, 2788.99, '', '2009-12-14', 'HAYNEEDLE INC HTTP://WWW', '200912145', false, '12/13HAYNEEDLE', '', 2, 1, '9c031488-d4b9-387a-9bef-d62d3c550ed3', 229, null, false);
insert into Split (id, amount, uuid, envelope_id, transaction_id) values(828, -116.99, 'db477546-cb53-3377-86f7-3a7218cfd154', 252, 827);
insert into Transaction (DTYPE, id, amount, balance, checkNo, date, description, externalId, initialBalance, memo, ref, status, type, uuid, account_id, transfer_id, custom) values('InternalTransaction', 837, -18.14, 1276.35, '', '2010-02-16', 'Transfer to Eating Out', 'null', false, '', '', 0, 1, 'd892b599-ae70-3969-b45f-1f7d1399f74d', 229, 3224, false);
insert into Split (id, amount, uuid, envelope_id, transaction_id) values(838, -18.14, '5e673efe-b8d4-3376-a1b6-aa74608c6534', 293, 837);
insert into Transaction (DTYPE, id, amount, balance, checkNo, date, description, externalId, initialBalance, memo, ref, status, type, uuid, account_id, transfer_id, custom) values('InternalTransaction', 835, -175.00, 2480.14, '', '2010-03-08', 'IRS USATAXPYMT 2700', '201003082', false, '46700641841 WEB ID: 3387702000', '', 2, 1, '0a3518df-f046-37af-aff2-92566c106418', 229, null, false);
insert into Split (id, amount, uuid, envelope_id, transaction_id) values(836, -175.00, '82837a29-19b7-3c3f-8970-904bf6530a3c', 275, 835);
insert into Transaction (DTYPE, id, amount, balance, checkNo, date, description, externalId, initialBalance, memo, ref, status, type, uuid, account_id, transfer_id, custom) values('InternalTransaction', 833, -787.02, null, '', '2010-04-02', 'LOANSERVICING AUTOMATIC', '201004025', false, 'PPD ID: 1231694840', '', 2, 1, 'f4420810-8aaa-362a-aef6-7b39ef8c6861', 229, null, false);
insert into Split (id, amount, uuid, envelope_id, transaction_id) values(834, -787.02, '0cb86f2b-d32b-34e6-938d-80e4906eb92e', 231, 833);
insert into Transaction (DTYPE, id, amount, balance, checkNo, date, description, externalId, initialBalance, memo, ref, status, type, uuid, account_id, transfer_id, custom) values('InternalTransaction', 839, 52.49, 52.49, '', '2010-04-13', 'Transfer from Me.com', 'null', false, '', '', 2, 0, '32b8f1e4-8cb9-3a92-aeb2-c9d4b19748ee', 228, 2499, false);
insert into Split (id, amount, uuid, envelope_id, transaction_id) values(840, 52.49, '28efe47b-036b-33cf-8c2a-b9a067fc5c11', 293, 839);
insert into Transaction (DTYPE, id, amount, balance, checkNo, date, description, externalId, initialBalance, memo, ref, status, type, uuid, account_id, transfer_id, custom) values('InternalTransaction', 841, 4.98, 4368.81, '', '2010-03-05', 'Transfer from Available', 'null', false, '', '', 2, 0, 'bb46ff4e-4190-304d-91f3-19cea33635b4', 229, 2419, false);
insert into Split (id, amount, uuid, envelope_id, transaction_id) values(842, 4.98, '57a463a0-daf8-3dfa-9c6e-2b3e3297a426', 232, 841);
insert into Transaction (DTYPE, id, amount, balance, checkNo, date, description, externalId, initialBalance, memo, ref, status, type, uuid, account_id, transfer_id, custom) values('InternalTransaction', 843, -6.57, 1247.56, '', '2010-04-09', 'CHEBA HUT TEMPE TEMPE AZ', '201004090', false, '04/07CHEBA HUT', '', 2, 1, 'cc6a81ce-1b0d-3207-b7b6-d7bcfce3476a', 229, null, false);
insert into Split (id, amount, uuid, envelope_id, transaction_id) values(844, -6.57, 'e673cf11-a897-3b33-8e1d-3102e3b45d39', 264, 843);
insert into Transaction (DTYPE, id, amount, balance, checkNo, date, description, externalId, initialBalance, memo, ref, status, type, uuid, account_id, transfer_id, custom) values('InternalTransaction', 849, 208.00, 9862.57, '', '2010-02-16', 'Transfer from Available', 'null', false, '', '', 0, 0, 'fbaca0b4-2a30-3337-8708-2b7f2df6f03a', 229, 2617, false);
insert into Split (id, amount, uuid, envelope_id, transaction_id) values(850, 208.00, '2ef28471-9222-30e2-974f-15ba3f27e620', 279, 849);
insert into Transaction (DTYPE, id, amount, balance, checkNo, date, description, externalId, initialBalance, memo, ref, status, type, uuid, account_id, transfer_id, custom) values('InternalTransaction', 847, -343.62, 1434.05, '', '2009-11-09', 'AZ MOTOR VEHICLE DIV 866', '200911090', false, '11/07AZ MOTOR', '', 2, 1, '5e6a88ae-9676-31c1-940e-87aaf2a5885d', 229, null, false);
insert into Split (id, amount, uuid, envelope_id, transaction_id) values(848, -343.62, '73225085-e4eb-3ee0-b077-31fac4f9c732', 294, 847);
insert into Transaction (DTYPE, id, amount, balance, checkNo, date, description, externalId, initialBalance, memo, ref, status, type, uuid, account_id, transfer_id, custom) values('InternalTransaction', 845, 24.50, 2450.95, '', '2010-03-19', 'Transfer from Available', 'null', false, '', '', 2, 0, '3d62990e-362d-3138-a264-fc3fb700ee4e', 229, 1391, false);
insert into Split (id, amount, uuid, envelope_id, transaction_id) values(846, 24.50, '7eb700cb-01e5-33cc-9074-ab3387f05c3e', 279, 845);
insert into Transaction (DTYPE, id, amount, balance, checkNo, date, description, externalId, initialBalance, memo, ref, status, type, uuid, account_id, transfer_id, custom) values('InternalTransaction', 851, 27.19, 4396.00, '', '2010-03-05', 'Transfer from Available', 'null', false, '', '', 2, 0, '4172de60-eac2-31a5-ae73-d770e7854ba4', 229, 319, false);
insert into Split (id, amount, uuid, envelope_id, transaction_id) values(852, 27.19, 'c6cc5bfc-42bf-3a4f-99c0-d60a4bc6f838', 259, 851);
insert into Transaction (DTYPE, id, amount, balance, checkNo, date, description, externalId, initialBalance, memo, ref, status, type, uuid, account_id, transfer_id, custom) values('InternalTransaction', 853, -6.47, 2893.95, '', '2010-04-16', 'Transfer to Tivo', 'null', false, '', '', 2, 1, '18f9c3d0-3494-3621-a8fa-02b64698aedd', 229, 551, false);
insert into Split (id, amount, uuid, envelope_id, transaction_id) values(854, -6.47, 'c3bf722d-062b-3e3e-ac03-407e4b222010', 293, 853);
insert into Transaction (DTYPE, id, amount, balance, checkNo, date, description, externalId, initialBalance, memo, ref, status, type, uuid, account_id, transfer_id, custom) values('InternalTransaction', 857, -5.06, 4388.97, '', '2009-11-30', 'TACO BELL 00080 Q67 P', '2009113017', false, '11/27TACO BELL', '', 2, 1, '2c2e332c-29cb-3ba0-a229-a26d2434dfaa', 229, null, false);
insert into Split (id, amount, uuid, envelope_id, transaction_id) values(858, -5.06, '657c4ffc-402b-3c20-a50d-857c48cdf06b', 246, 857);
insert into Transaction (DTYPE, id, amount, balance, checkNo, date, description, externalId, initialBalance, memo, ref, status, type, uuid, account_id, transfer_id, custom) values('InternalTransaction', 855, -6.28, 907.33, '', '2009-11-10', 'SPROUTS FARMERS MKT # 0 075971', '200911102', false, '11/10SPROUTS F', '', 2, 1, '43dff3a9-190d-31f5-b48d-bf7ddb67c4fa', 229, null, false);
insert into Split (id, amount, uuid, envelope_id, transaction_id) values(856, -6.28, 'b7f40987-6641-3ec6-b5e8-2cfff2cb3586', 238, 855);
insert into Transaction (DTYPE, id, amount, balance, checkNo, date, description, externalId, initialBalance, memo, ref, status, type, uuid, account_id, transfer_id, custom) values('InternalTransaction', 859, 156.00, 3454.59, '', '2010-04-02', 'Transfer from Available', 'null', false, '', '', 2, 0, 'fe850f24-7ecf-316d-9bb6-35d301749ed4', 229, 2067, false);
insert into Split (id, amount, uuid, envelope_id, transaction_id) values(860, 156.00, '7dc8fab3-5c0b-3f0a-9c22-667589157413', 252, 859);
insert into Transaction (DTYPE, id, amount, balance, checkNo, date, description, externalId, initialBalance, memo, ref, status, type, uuid, account_id, transfer_id, custom) values('InternalTransaction', 861, 8.03, 957.70, '', '2010-03-03', 'Transfer from Available', 'null', false, '', '', 2, 0, '847763b0-ce59-3e24-849b-205eb53d7e04', 229, 1751, false);
insert into Split (id, amount, uuid, envelope_id, transaction_id) values(862, 8.03, 'ada590a7-322d-3d57-82fb-edae56a73080', 238, 861);
insert into Transaction (DTYPE, id, amount, balance, checkNo, date, description, externalId, initialBalance, memo, ref, status, type, uuid, account_id, transfer_id, custom) values('InternalTransaction', 865, 4.97, 3806.99, '', '2010-02-19', 'Transfer from Available', 'null', false, '', '', 2, 0, '94e66882-cd7b-379f-9f5a-4ac998255550', 229, 2661, false);
insert into Split (id, amount, uuid, envelope_id, transaction_id) values(866, 4.97, 'dc1a3ff5-8241-30aa-ae0e-b4150eacd1a2', 232, 865);
insert into Transaction (DTYPE, id, amount, balance, checkNo, date, description, externalId, initialBalance, memo, ref, status, type, uuid, account_id, transfer_id, custom) values('InternalTransaction', 863, -10.00, 4105.33, '', '2009-11-20', 'WALGREENS #4722 PHOENIX', '200911201', false, '11/19WALGREENS', '', 2, 1, '6af68d50-73ca-36ae-a530-669731aa2174', 229, null, false);
insert into Split (id, amount, uuid, envelope_id, transaction_id) values(864, -10.00, '26954afe-1e39-3f10-b6c5-4bda0a768947', 277, 863);
insert into Transaction (DTYPE, id, amount, balance, checkNo, date, description, externalId, initialBalance, memo, ref, status, type, uuid, account_id, transfer_id, custom) values('InternalTransaction', 867, 108.25, 9970.82, '', '2010-02-16', 'Transfer from Available', 'null', false, '', '', 0, 0, 'e89f48a2-b1cf-3379-bb9d-f800be667b08', 229, 1571, false);
insert into Split (id, amount, uuid, envelope_id, transaction_id) values(868, 108.25, 'c878370a-0d53-3f00-a0a3-c5da49437c72', 249, 867);
insert into Transaction (DTYPE, id, amount, balance, checkNo, date, description, externalId, initialBalance, memo, ref, status, type, uuid, account_id, transfer_id, custom) values('InternalTransaction', 869, -2.50, 2897.93, '', '2009-12-03', 'NEOBUDGET.COM HOLLY SPRI', '200912035', false, '12/02NEOBUDGET', '', 2, 1, '836e6210-2ef7-3bb3-be5d-4c7734850717', 229, null, false);
insert into Split (id, amount, uuid, envelope_id, transaction_id) values(870, -2.50, '037aad36-3240-3b75-8c7b-2900b507ba08', 252, 869);
insert into Transaction (DTYPE, id, amount, balance, checkNo, date, description, externalId, initialBalance, memo, ref, status, type, uuid, account_id, transfer_id, custom) values('InternalTransaction', 873, -309.33, 813.25, '', '2010-04-12', 'VW CREDIT, INC. AUTO DEBIT WE', '201004127', false, 'B 852539481 WEB ID: 1382362409', '', 2, 1, '0bc4952d-c381-36e3-9e68-49b7290326f0', 229, null, false);
insert into Split (id, amount, uuid, envelope_id, transaction_id) values(874, -309.33, '20b02fc6-c969-3e8e-a38f-e5a69457f7c0', 267, 873);
insert into Transaction (DTYPE, id, amount, balance, checkNo, date, description, externalId, initialBalance, memo, ref, status, type, uuid, account_id, transfer_id, custom) values('InternalTransaction', 871, -309.33, 598.00, '', '2009-11-12', 'VW CREDIT, INC. AUTO DEBIT WE', '200911120', false, 'B 852539481 WEB ID: 1382362409', '', 2, 1, '550b2021-83e8-3ff0-96fd-5664fdd227a7', 229, null, false);
insert into Split (id, amount, uuid, envelope_id, transaction_id) values(872, -309.33, '0e29c804-6644-33cd-a7d7-51c554733292', 267, 871);
insert into Transaction (DTYPE, id, amount, balance, checkNo, date, description, externalId, initialBalance, memo, ref, status, type, uuid, account_id, transfer_id, custom) values('InternalTransaction', 875, -60.00, 2946.61, '', '2009-12-03', 'ATM WITHDRAWAL 008882', '200912031', false, '12/027801 N 19', '', 2, 1, '2a50e3c8-18c4-38c5-a73f-dd90614e9d98', 229, null, false);
insert into Split (id, amount, uuid, envelope_id, transaction_id) values(876, -60.00, '1e13660a-39d1-3ec1-bc21-edf68789b194', 276, 875);
insert into Transaction (DTYPE, id, amount, balance, checkNo, date, description, externalId, initialBalance, memo, ref, status, type, uuid, account_id, transfer_id, custom) values('InternalTransaction', 879, -24.90, 3530.73, '', '2010-02-16', 'Transfer to Pet', 'null', false, '', '', 0, 1, '841c9ece-45a5-3c32-a7de-f0712a51cda1', 229, 2567, false);
insert into Split (id, amount, uuid, envelope_id, transaction_id) values(880, -24.90, '91668244-ca7b-3512-bbff-a1fb4908d580', 293, 879);
insert into Transaction (DTYPE, id, amount, balance, checkNo, date, description, externalId, initialBalance, memo, ref, status, type, uuid, account_id, transfer_id, custom) values('InternalTransaction', 877, -33.36, 2107.18, '', '2010-01-04', 'LOWE''S #1204 PHOENIX AZ 760297', '201001041', false, '01/03LOWE''S #1', '', 2, 1, 'fa59ed22-e44d-3e44-b14e-0087d67a4e5e', 229, null, false);
insert into Split (id, amount, uuid, envelope_id, transaction_id) values(878, -33.36, '95664482-8aa4-3ab6-b360-e8c1dfe8d68d', 239, 877);
insert into Transaction (DTYPE, id, amount, balance, checkNo, date, description, externalId, initialBalance, memo, ref, status, type, uuid, account_id, transfer_id, custom) values('InternalTransaction', 885, 25.00, 3831.99, '', '2010-02-19', 'Transfer from Available', 'null', false, '', '', 2, 0, 'c4d84beb-13d8-3d3f-a55a-50149092cded', 229, 1105, false);
insert into Split (id, amount, uuid, envelope_id, transaction_id) values(886, 25.00, '8ab12aaa-8aba-3bf1-82d9-f3d3a306f197', 287, 885);
insert into Transaction (DTYPE, id, amount, balance, checkNo, date, description, externalId, initialBalance, memo, ref, status, type, uuid, account_id, transfer_id, custom) values('InternalTransaction', 883, -10.63, 1022.78, '', '2009-12-24', 'WHATABURGER 756 Q26 P', '200912242', false, '12/22WHATABURG', '', 2, 1, '2d0023e3-51f7-32fe-9ced-cc1e9fa1afda', 229, null, false);
insert into Split (id, amount, uuid, envelope_id, transaction_id) values(884, -10.63, 'fef4fb1e-4c97-3d9b-8097-49ed276acadf', 246, 883);
insert into Transaction (DTYPE, id, amount, balance, checkNo, date, description, externalId, initialBalance, memo, ref, status, type, uuid, account_id, transfer_id, custom) values('InternalTransaction', 881, 0.00, 2589.50, '', '2010-04-30', 'Transfer from Available', 'null', false, '', '', 2, 1, '819d780d-f671-320a-9919-08cbba8f253a', 229, 2553, false);
insert into Split (id, amount, uuid, envelope_id, transaction_id) values(882, 0.00, '4265918a-6ea7-3d31-9fb6-5900a95348b9', 267, 881);
insert into Transaction (DTYPE, id, amount, balance, checkNo, date, description, externalId, initialBalance, memo, ref, status, type, uuid, account_id, transfer_id, custom) values('InternalTransaction', 889, 81.98, 1320.42, '', '2010-02-16', 'Transfer from Available', 'null', false, '', '', 0, 0, '7ca5bd15-8fcc-34e3-a3d1-2fb0435cb6a7', 229, 1889, false);
insert into Split (id, amount, uuid, envelope_id, transaction_id) values(890, 81.98, '1bd43dc9-f649-3b4d-877c-1f496f43fd35', 273, 889);
insert into Transaction (DTYPE, id, amount, balance, checkNo, date, description, externalId, initialBalance, memo, ref, status, type, uuid, account_id, transfer_id, custom) values('InternalTransaction', 887, -309.33, 5708.88, '', '2009-12-11', 'VW CREDIT, INC. AUTO DEBIT WE', '200912111', false, 'B 852539481 WEB ID: 1382362409', '', 2, 1, 'c12dfee8-cfd3-3821-bbfb-2826e8f7e45b', 229, null, false);
insert into Split (id, amount, uuid, envelope_id, transaction_id) values(888, -309.33, '12ee42e0-90d5-3d31-b148-ff5549eedce5', 267, 887);
insert into Transaction (DTYPE, id, amount, balance, checkNo, date, description, externalId, initialBalance, memo, ref, status, type, uuid, account_id, transfer_id, custom) values('InternalTransaction', 891, 10.00, 660.05, '', '2010-04-16', 'Transfer from Available', 'null', false, '', '', 2, 0, '3c856988-a8d5-3c73-b638-e4fb1bd1cfe1', 229, 717, false);
insert into Split (id, amount, uuid, envelope_id, transaction_id) values(892, 10.00, 'b5190f5f-2eb8-3230-984a-8697d3d5500f', 296, 891);
insert into Transaction (DTYPE, id, amount, balance, checkNo, date, description, externalId, initialBalance, memo, ref, status, type, uuid, account_id, transfer_id, custom) values('InternalTransaction', 893, -175.00, 3300.70, '', '2009-11-02', 'IRS USATAXPYMT 2709', '200911020', false, '70600034614 WEB ID: 3387702000', '', 2, 1, '7e51fdab-7140-337b-9ab0-1f3a19ee15ef', 229, null, false);
insert into Split (id, amount, uuid, envelope_id, transaction_id) values(894, -175.00, '021063b4-287b-323e-b4e2-34ca541c9440', 256, 893);
insert into Transaction (DTYPE, id, amount, balance, checkNo, date, description, externalId, initialBalance, memo, ref, status, type, uuid, account_id, transfer_id, custom) values('InternalTransaction', 895, -15.99, 3916.07, '', '2010-03-23', 'QDOBA 428 11404282 P', '201003232', false, '03/21QDOBA 428', '', 2, 1, '1af46049-e410-312f-84d6-988c94e2f825', 229, null, false);
insert into Split (id, amount, uuid, envelope_id, transaction_id) values(896, -15.99, '36dd245d-e790-361d-9195-c8c7f2cc4fb7', 296, 895);
insert into Transaction (DTYPE, id, amount, balance, checkNo, date, description, externalId, initialBalance, memo, ref, status, type, uuid, account_id, transfer_id, custom) values('InternalTransaction', 897, 10.97, 4406.97, '', '2010-03-05', 'Transfer from Available', 'null', false, '', '', 2, 0, '5adcde72-ffa9-3b0d-91f5-2f6bcfd38413', 229, 2675, false);
insert into Split (id, amount, uuid, envelope_id, transaction_id) values(898, 10.97, '7224c23c-827e-3541-987a-9214a06f9696', 274, 897);
insert into Transaction (DTYPE, id, amount, balance, checkNo, date, description, externalId, initialBalance, memo, ref, status, type, uuid, account_id, transfer_id, custom) values('InternalTransaction', 899, -13.00, 3516.23, '', '2009-12-14', 'MACY''S 462 9700 ME 753652', '2009121422', false, '12/12MACY''S', '', 2, 1, '0fc7232b-74d3-3467-a7cf-2a132fe1c09b', 229, null, false);
insert into Split (id, amount, uuid, envelope_id, transaction_id) values(900, -13.00, '1690244d-64ca-38b7-b3db-4ba89d4080c6', 286, 899);
insert into Transaction (DTYPE, id, amount, balance, checkNo, date, description, externalId, initialBalance, memo, ref, status, type, uuid, account_id, transfer_id, custom) values('InternalTransaction', 901, 5.00, 5.00, '', '2010-04-08', 'Transfer from Personal Care', 'null', false, '', '', 2, 0, '903e9a5a-567c-3014-8fb0-2b1e3034355d', 228, 3096, false);
insert into Split (id, amount, uuid, envelope_id, transaction_id) values(902, 5.00, 'de61f710-9be9-3993-bf7d-04fa0641004c', 252, 901);
insert into Transaction (DTYPE, id, amount, balance, checkNo, date, description, externalId, initialBalance, memo, ref, status, type, uuid, account_id, transfer_id, custom) values('InternalTransaction', 903, 317.51, 317.51, '', '2010-03-23', 'Transfer from Unassigned', 'null', false, '', '', 2, 0, 'b069c311-6b9b-3556-a643-883220e33e36', 228, 2749, false);
insert into Split (id, amount, uuid, envelope_id, transaction_id) values(904, 317.51, '9ee164da-6376-35c1-aa6e-6927cbc73f19', 293, 903);
insert into Transaction (DTYPE, id, amount, balance, checkNo, date, description, externalId, initialBalance, memo, ref, status, type, uuid, account_id, transfer_id, custom) values('InternalTransaction', 905, -26.62, 3911.45, '', '2009-12-08', 'ATOMIC COMICS METRO C P', '200912081', false, '12/06ATOMIC CO', '', 2, 1, 'd73fe967-e9fe-3f12-87ae-74b342efe41a', 229, null, false);
insert into Split (id, amount, uuid, envelope_id, transaction_id) values(906, -26.62, 'b96635ff-760a-3ff1-887f-0f7d0815d1d6', 241, 905);
insert into Transaction (DTYPE, id, amount, balance, checkNo, date, description, externalId, initialBalance, memo, ref, status, type, uuid, account_id, transfer_id, custom) values('InternalTransaction', 911, -22.00, 0.00, '', '2010-04-02', 'Transfer to Groceries', 'null', false, '', '', 2, 1, '2c2fdb4b-3db8-3f75-8bd5-6ec526c58fcb', 228, 1357, false);
insert into Split (id, amount, uuid, envelope_id, transaction_id) values(912, -22.00, '71f88501-b2ed-37bd-91c8-8873a870de8f', 293, 911);
insert into Transaction (DTYPE, id, amount, balance, checkNo, date, description, externalId, initialBalance, memo, ref, status, type, uuid, account_id, transfer_id, custom) values('InternalTransaction', 909, -3.50, 2269.33, '', '2009-12-31', 'TVM MONTEBELLO/19TH AVE 313411', '200912312', false, '12/30TVM MONTE', '', 2, 1, 'ddfd09da-9618-3b2b-9b8b-5d6d21d5fd27', 229, null, false);
insert into Split (id, amount, uuid, envelope_id, transaction_id) values(910, -3.50, '525b325e-b743-3495-92aa-96d000597ca2', 252, 909);
insert into Transaction (DTYPE, id, amount, balance, checkNo, date, description, externalId, initialBalance, memo, ref, status, type, uuid, account_id, transfer_id, custom) values('InternalTransaction', 907, -84.05, 2913.97, '', '2009-12-28', 'BARCLAYCARD US CREDITCARD 7985', '200912282', false, '5126 WEB ID: 2510407970', '', 2, 1, 'f9622d87-d353-363a-abee-79d4bf5a4d3a', 229, null, false);
insert into Split (id, amount, uuid, envelope_id, transaction_id) values(908, -84.05, '2fe229fb-7ccd-3044-9bfe-1a8c286b6d2d', 242, 907);
insert into Transaction (DTYPE, id, amount, balance, checkNo, date, description, externalId, initialBalance, memo, ref, status, type, uuid, account_id, transfer_id, custom) values('InternalTransaction', 915, 65.00, 4471.97, '', '2010-03-05', 'Transfer from Available', 'null', false, '', '', 2, 0, '874fa473-0acf-3f82-ae51-834a1891322c', 229, 3174, false);
insert into Split (id, amount, uuid, envelope_id, transaction_id) values(916, 65.00, '09efb517-4e7a-3b80-8547-71da7a99a238', 236, 915);
insert into Transaction (DTYPE, id, amount, balance, checkNo, date, description, externalId, initialBalance, memo, ref, status, type, uuid, account_id, transfer_id, custom) values('InternalTransaction', 913, -14.72, 0.00, '', '2010-03-27', 'Transfer to Fast Food', 'null', false, '', '', 2, 1, '1f982be8-784b-3a7a-923e-2ee34e479048', 228, 2441, false);
insert into Split (id, amount, uuid, envelope_id, transaction_id) values(914, -14.72, '11c51510-c073-32cb-897e-5cbc62c3c822', 252, 913);
insert into Transaction (DTYPE, id, amount, balance, checkNo, date, description, externalId, initialBalance, memo, ref, status, type, uuid, account_id, transfer_id, custom) values('InternalTransaction', 917, -326.00, null, '', '2010-04-02', 'Rossmar & Graham RESIDENT', '201004026', false, 'WEB ID: W050568743', '', 2, 1, '772e02a2-dc16-33fc-a75f-a37e96a11d80', 229, null, false);
insert into Split (id, amount, uuid, envelope_id, transaction_id) values(918, -326.00, 'c6d4a0bc-052b-39fa-8d9d-a1a3951ea767', 258, 917);
insert into Transaction (DTYPE, id, amount, balance, checkNo, date, description, externalId, initialBalance, memo, ref, status, type, uuid, account_id, transfer_id, custom) values('InternalTransaction', 919, 0.00, 2589.50, '', '2010-04-30', 'Transfer from Available', 'null', false, '', '', 2, 1, '28c26bb1-6f51-3794-82a9-2bbcdfd6a853', 229, 2381, false);
insert into Split (id, amount, uuid, envelope_id, transaction_id) values(920, 0.00, '1f869c9d-ab0b-38a4-a051-30793b0fcc16', 295, 919);
insert into Transaction (DTYPE, id, amount, balance, checkNo, date, description, externalId, initialBalance, memo, ref, status, type, uuid, account_id, transfer_id, custom) values('InternalTransaction', 925, -33.92, 0.00, '', '2010-04-21', 'Transfer to Eating Out', 'null', false, '', '', 2, 1, 'bb7f4268-07f9-3f96-98c4-4e8b4888e3b2', 228, 1003, false);
insert into Split (id, amount, uuid, envelope_id, transaction_id) values(926, -33.92, '9d2375f0-d32f-38fc-b1fd-105412399784', 293, 925);
insert into Transaction (DTYPE, id, amount, balance, checkNo, date, description, externalId, initialBalance, memo, ref, status, type, uuid, account_id, transfer_id, custom) values('InternalTransaction', 923, -27.04, 2712.78, '', '2009-12-28', 'THE GOOD EGG PARK CENTR', '200912286', false, '12/26THE GOOD', '', 2, 1, '2876c2a0-5e68-3b17-9f4c-71fe0dd91169', 229, null, false);
insert into Split (id, amount, uuid, envelope_id, transaction_id) values(924, -27.04, 'feb2876a-93f0-318e-b3b2-7dd3d6642524', 296, 923);
insert into Transaction (DTYPE, id, amount, balance, checkNo, date, description, externalId, initialBalance, memo, ref, status, type, uuid, account_id, transfer_id, custom) values('InternalTransaction', 921, -118.71, 3102.61, '', '2009-12-02', 'STATE FARM RO 27 SFPP', '200912021', false, 'PPD ID: 9000307001', '', 2, 1, 'c0aae75e-7009-3be9-bbd0-79da5269a330', 229, null, false);
insert into Split (id, amount, uuid, envelope_id, transaction_id) values(922, -118.71, 'abbbb877-f456-3aee-b2b4-19da07db340e', 291, 921);
insert into Transaction (DTYPE, id, amount, balance, checkNo, date, description, externalId, initialBalance, memo, ref, status, type, uuid, account_id, transfer_id, custom) values('InternalTransaction', 927, -38.21, 0.00, '', '2010-04-06', 'Transfer to Available', 'null', false, '', '', 2, 1, '55fe5ea8-3bba-3b5c-a181-cd4ae1fe67ec', 228, 1761, false);
insert into Split (id, amount, uuid, envelope_id, transaction_id) values(928, -38.21, 'bdf9722b-13d9-3cfe-bc54-e2e53aa46b14', 264, 927);
insert into Transaction (DTYPE, id, amount, balance, checkNo, date, description, externalId, initialBalance, memo, ref, status, type, uuid, account_id, transfer_id, custom) values('InternalTransaction', 931, -1.11, 2284.33, '', '2010-02-25', 'QT 400 TEMPE AZ 546584', '201002251', false, '02/24QT 400 TE', '', 2, 1, 'ba88ac0b-0d50-386a-8cdc-091d865523de', 229, null, false);
insert into Split (id, amount, uuid, envelope_id, transaction_id) values(932, -1.11, '3d7115f5-4b4b-371f-bfbd-a2c0445d11e4', 252, 931);
insert into Transaction (DTYPE, id, amount, balance, checkNo, date, description, externalId, initialBalance, memo, ref, status, type, uuid, account_id, transfer_id, custom) values('InternalTransaction', 929, -526.71, 4327.06, '', '2010-02-16', 'Transfer to State Farm Insurance', 'null', false, '', '', 0, 1, 'a99c0bb8-72f3-3efe-9390-f7493f91faac', 229, 755, false);
insert into Split (id, amount, uuid, envelope_id, transaction_id) values(930, -526.71, '5e6ebef3-eae7-3f9d-a5fb-a01c69842d8d', 293, 929);
insert into Transaction (DTYPE, id, amount, balance, checkNo, date, description, externalId, initialBalance, memo, ref, status, type, uuid, account_id, transfer_id, custom) values('InternalTransaction', 933, -22.00, 0.00, '', '2010-03-09', 'Transfer to Pet', 'null', false, '', '', 2, 1, 'fe5321ac-02d9-3c24-aba1-9e7dd7e2387e', 228, 1837, false);
insert into Split (id, amount, uuid, envelope_id, transaction_id) values(934, -22.00, '86399ba4-2ec0-35cc-b18d-8ffcfe65d338', 252, 933);
insert into Transaction (DTYPE, id, amount, balance, checkNo, date, description, externalId, initialBalance, memo, ref, status, type, uuid, account_id, transfer_id, custom) values('InternalTransaction', 935, -10.00, 5125.96, '', '2010-02-19', 'Transfer to Auto Maintenance', 'null', false, '', '', 2, 1, '0f552d50-4503-378c-9519-ab1db782cb3f', 229, 1431, false);
insert into Split (id, amount, uuid, envelope_id, transaction_id) values(936, -10.00, '2236eac9-9524-394c-8dfe-ffd684948ee3', 293, 935);
insert into Transaction (DTYPE, id, amount, balance, checkNo, date, description, externalId, initialBalance, memo, ref, status, type, uuid, account_id, transfer_id, custom) values('InternalTransaction', 937, -49.00, 2625.28, '', '2010-04-19', 'MASSAGE ENVY 0011 480-83', '201004190', false, '04/16MASSAGE E', '', 2, 1, '486190e6-c0ee-3fc3-9aa8-a70f24f2bb17', 229, null, false);
insert into Split (id, amount, uuid, envelope_id, transaction_id) values(938, -49.00, 'a43138ee-66a7-3948-88df-364f5b7536cc', 279, 937);
insert into Transaction (DTYPE, id, amount, balance, checkNo, date, description, externalId, initialBalance, memo, ref, status, type, uuid, account_id, transfer_id, custom) values('InternalTransaction', 939, 200.00, 3135.22, '', '2010-04-16', 'Transfer from Available', 'null', false, '', '', 2, 0, '8e6bb988-37d6-3f8f-aa1c-efca8cd389d1', 229, 2235, false);
insert into Split (id, amount, uuid, envelope_id, transaction_id) values(940, 200.00, 'ee8eefe3-4c0d-326d-aeab-fd201a90b42b', 252, 939);
insert into Transaction (DTYPE, id, amount, balance, checkNo, date, description, externalId, initialBalance, memo, ref, status, type, uuid, account_id, transfer_id, custom) values('InternalTransaction', 943, 1397.33, 5018.78, '', '2009-11-13', 'VILLAGE VOICE ME DIRECT DEP', '200911131', false, 'PPD ID: 9111111101', '', 2, 0, '5a15ec1e-98ec-3007-9e35-9bb472bd1eff', 229, null, false);
insert into Split (id, amount, uuid, envelope_id, transaction_id) values(944, 1397.33, '99022381-c454-31dc-ba8b-eca5fb35f122', 293, 943);
insert into Transaction (DTYPE, id, amount, balance, checkNo, date, description, externalId, initialBalance, memo, ref, status, type, uuid, account_id, transfer_id, custom) values('InternalTransaction', 941, -7.30, 1386.21, '', '2010-02-12', 'TACO BELL #21245 TEMPE A', '201002121', false, '02/10TACO BELL', '', 2, 1, '65a8ad68-1ac3-3c3a-a13f-d311aaa3c0d7', 229, null, false);
insert into Split (id, amount, uuid, envelope_id, transaction_id) values(942, -7.30, '44283091-28d0-30a9-a515-27a8cee86b9d', 246, 941);
insert into Transaction (DTYPE, id, amount, balance, checkNo, date, description, externalId, initialBalance, memo, ref, status, type, uuid, account_id, transfer_id, custom) values('InternalTransaction', 945, 53.92, 1556.23, '', '2010-04-21', 'Transfer from Available', 'null', false, '', '', 2, 0, 'df0b480d-5824-334a-adf8-5c901a88fed9', 229, 653, false);
insert into Split (id, amount, uuid, envelope_id, transaction_id) values(946, 53.92, 'e8993441-c11b-392c-a0bc-97c85df12463', 264, 945);
insert into Transaction (DTYPE, id, amount, balance, checkNo, date, description, externalId, initialBalance, memo, ref, status, type, uuid, account_id, transfer_id, custom) values('InternalTransaction', 947, 0.00, 4471.97, '', '2010-03-05', 'Transfer from Available', 'null', false, '', '', 2, 1, 'c9f4e1b1-80e3-3eb9-9931-0618c2a880e5', 229, 3144, false);
insert into Split (id, amount, uuid, envelope_id, transaction_id) values(948, 0.00, 'a37631d5-714e-3ab2-a38c-a6ce838fd939', 295, 947);
insert into Transaction (DTYPE, id, amount, balance, checkNo, date, description, externalId, initialBalance, memo, ref, status, type, uuid, account_id, transfer_id, custom) values('InternalTransaction', 951, -29.23, 0.00, '', '2010-03-09', 'Transfer to Eating Out', 'null', false, '', '', 2, 1, 'd3f6764d-287e-300b-9de6-958e32569395', 228, 1577, false);
insert into Split (id, amount, uuid, envelope_id, transaction_id) values(952, -29.23, '312a29e9-3636-316b-84f4-dbdcf826cb05', 252, 951);
insert into Transaction (DTYPE, id, amount, balance, checkNo, date, description, externalId, initialBalance, memo, ref, status, type, uuid, account_id, transfer_id, custom) values('InternalTransaction', 949, -21.61, 2925.00, '', '2009-12-03', 'CVS 09205 09205--802 SO 446866', '200912032', false, '12/02CVS 09205', '', 2, 1, '045754b0-06bf-36e4-9f9a-ceb44708dbbd', 229, null, false);
insert into Split (id, amount, uuid, envelope_id, transaction_id) values(950, -21.61, 'd6274816-c2ba-3cc8-bc8b-35972062c29a', 287, 949);
insert into Transaction (DTYPE, id, amount, balance, checkNo, date, description, externalId, initialBalance, memo, ref, status, type, uuid, account_id, transfer_id, custom) values('InternalTransaction', 953, -37.44, 2448.14, '', '2010-01-27', 'CIRCLE K 01618 PHOENIX A399749', '201001270', false, '01/26CIRCLE K', '', 2, 1, 'ce6068d1-01eb-323e-81b5-8881f0851334', 229, null, false);
insert into Split (id, amount, uuid, envelope_id, transaction_id) values(954, -37.44, 'f868263d-60a1-3ee3-bf18-436506ba29ee', 252, 953);
insert into Transaction (DTYPE, id, amount, balance, checkNo, date, description, externalId, initialBalance, memo, ref, status, type, uuid, account_id, transfer_id, custom) values('InternalTransaction', 955, 109.55, 4581.52, '', '2010-03-05', 'Transfer from Available', 'null', false, '', '', 2, 0, '2ff9a086-17be-3689-abd0-a2de08a18e4b', 229, 691, false);
insert into Split (id, amount, uuid, envelope_id, transaction_id) values(956, 109.55, '2459f602-91ea-36bd-b86f-f6933b700ca6', 253, 955);
insert into Transaction (DTYPE, id, amount, balance, checkNo, date, description, externalId, initialBalance, memo, ref, status, type, uuid, account_id, transfer_id, custom) values('InternalTransaction', 957, 157.57, 10677.06, '', '2010-02-16', 'Transfer from Available', 'null', false, '', '', 0, 0, '55138e10-6025-360c-b794-cb3a43c23bef', 229, 1849, false);
insert into Split (id, amount, uuid, envelope_id, transaction_id) values(958, 157.57, '5a90fef7-f88d-33d6-b0d9-b8ac9c18fcef', 273, 957);
insert into Transaction (DTYPE, id, amount, balance, checkNo, date, description, externalId, initialBalance, memo, ref, status, type, uuid, account_id, transfer_id, custom) values('InternalTransaction', 959, -6.48, 2178.89, '', '2010-04-02', 'Transfer to Tivo', 'null', false, '', '', 2, 1, '9fae6df1-09b1-3078-893b-518411485d37', 229, 1023, false);
insert into Split (id, amount, uuid, envelope_id, transaction_id) values(960, -6.48, '3681ae44-ae32-3a98-b662-7aae22efde75', 293, 959);
insert into Transaction (DTYPE, id, amount, balance, checkNo, date, description, externalId, initialBalance, memo, ref, status, type, uuid, account_id, transfer_id, custom) values('InternalTransaction', 961, -120.00, 1384.76, '', '2009-10-27', 'ATM WITHDRAWAL 004712', '200910270', false, '10/263150 E IN', '', 2, 1, 'b6e757cc-7766-3f02-b1eb-02c4e84e2c91', 229, null, false);
insert into Split (id, amount, uuid, envelope_id, transaction_id) values(962, -120.00, '9dae4385-4f46-32bd-8804-0a45ebd5194a', 276, 961);
insert into Transaction (DTYPE, id, amount, balance, checkNo, date, description, externalId, initialBalance, memo, ref, status, type, uuid, account_id, transfer_id, custom) values('InternalTransaction', 967, -40.00, 3949.71, '', '2010-03-29', '7-ELEVEN TEMPE AZ 162695', '201003296', false, '03/277-ELEVEN', '', 2, 1, '925f5f4f-c752-3c2a-89f6-3f7461fdcda5', 229, null, false);
insert into Split (id, amount, uuid, envelope_id, transaction_id) values(968, -40.00, 'dea8d841-1674-311f-a042-0b198eb3125c', 250, 967);
insert into Transaction (DTYPE, id, amount, balance, checkNo, date, description, externalId, initialBalance, memo, ref, status, type, uuid, account_id, transfer_id, custom) values('InternalTransaction', 965, -65.00, 2341.91, '', '2009-12-30', 'HEAVENSANGELSTHERAPEUT P', '200912300', false, '12/29HEAVENSAN', '', 2, 1, '7b8cb5d4-7a8c-3ff6-abff-02582fa09f77', 229, null, false);
insert into Split (id, amount, uuid, envelope_id, transaction_id) values(966, -65.00, '509ae58e-483d-3975-8be3-a869202c44bf', 256, 965);
insert into Transaction (DTYPE, id, amount, balance, checkNo, date, description, externalId, initialBalance, memo, ref, status, type, uuid, account_id, transfer_id, custom) values('InternalTransaction', 963, -37.18, 1516.18, '', '2010-01-14', 'CHEVRON 00098544 PHOENIX', '201001141', false, '01/12CHEVRON 0', '', 2, 1, '08a8a7c1-b440-34d2-a977-7c756f79a3bc', 229, null, false);
insert into Split (id, amount, uuid, envelope_id, transaction_id) values(964, -37.18, 'f4d159cf-3e8c-3f95-a930-4307dfbe2d77', 253, 963);
insert into Transaction (DTYPE, id, amount, balance, checkNo, date, description, externalId, initialBalance, memo, ref, status, type, uuid, account_id, transfer_id, custom) values('InternalTransaction', 969, 5.37, 5.37, '', '2010-03-18', 'Transfer from Available', 'null', false, '', '', 2, 0, '43375d8c-1d37-35e9-8029-ba317ef5ca7d', 228, 2073, false);
insert into Split (id, amount, uuid, envelope_id, transaction_id) values(970, 5.37, 'ea83f97b-1e22-3031-b507-2c895bf7adb4', 252, 969);
insert into Transaction (DTYPE, id, amount, balance, checkNo, date, description, externalId, initialBalance, memo, ref, status, type, uuid, account_id, transfer_id, custom) values('InternalTransaction', 971, -21.02, 5328.12, '', '2009-12-11', 'NORDSTROM 381 3199 W CH 025376', '200912118', false, '12/10NORDSTROM', '', 2, 1, 'f0af059c-9d2d-364c-8770-f2aa820b157d', 229, null, false);
insert into Split (id, amount, uuid, envelope_id, transaction_id) values(972, -21.02, 'fd9a1d8e-af52-30b1-9d58-3b93934e694b', 286, 971);
insert into Transaction (DTYPE, id, amount, balance, checkNo, date, description, externalId, initialBalance, memo, ref, status, type, uuid, account_id, transfer_id, custom) values('InternalTransaction', 973, -1.51, 0.00, '', '2010-03-30', 'Transfer to Personal Care', 'null', false, '', '', 2, 1, 'b42cfac4-96fb-3194-8c07-62643914442a', 228, 2167, false);
insert into Split (id, amount, uuid, envelope_id, transaction_id) values(974, -1.51, '9eeb3a5e-6bbd-3866-a042-f977abe50c21', 293, 973);
insert into Transaction (DTYPE, id, amount, balance, checkNo, date, description, externalId, initialBalance, memo, ref, status, type, uuid, account_id, transfer_id, custom) values('InternalTransaction', 975, -35.45, 1378.14, '', '2010-01-19', 'FRYS FOOD & DRUG 1815 G 025417', '201001193', false, '01/16FRYS FOOD', '', 2, 1, '064ff552-5fc2-34fd-b1ac-2422bc659efb', 229, null, false);
insert into Split (id, amount, uuid, envelope_id, transaction_id) values(976, -35.45, '7dc90145-1e31-33f6-acd9-e6c4c11c7f46', 238, 975);
insert into Transaction (DTYPE, id, amount, balance, checkNo, date, description, externalId, initialBalance, memo, ref, status, type, uuid, account_id, transfer_id, custom) values('InternalTransaction', 979, -29.72, 4555.13, '', '2009-11-16', 'SPROUTS FARMERS MKT #7 P259061', '200911164', false, '11/14SPROUTS F', '', 2, 1, '9ae226f2-a89b-366c-b2d4-f52c3a170bbb', 229, null, false);
insert into Split (id, amount, uuid, envelope_id, transaction_id) values(980, -29.72, '859a12a7-f9b4-366f-8de7-e86f039e7f1a', 238, 979);
insert into Transaction (DTYPE, id, amount, balance, checkNo, date, description, externalId, initialBalance, memo, ref, status, type, uuid, account_id, transfer_id, custom) values('InternalTransaction', 977, -74.73, 4150.28, '', '2009-11-19', 'QWEST 8004238994 AUTO PAY', '200911191', false, 'PPD ID: ATPPHX6005', '', 2, 1, '30ce8829-a05a-3d39-9710-70f04904d12b', 229, null, false);
insert into Split (id, amount, uuid, envelope_id, transaction_id) values(978, -74.73, '3e2e7827-0eb9-311b-bb0f-c7003af7275f', 262, 977);
insert into Transaction (DTYPE, id, amount, balance, checkNo, date, description, externalId, initialBalance, memo, ref, status, type, uuid, account_id, transfer_id, custom) values('InternalTransaction', 981, -3.47, 1361.79, '', '2009-12-21', 'JACK IN THE BOX #1184 GL', '200912215', false, '12/20JACK IN T', '', 2, 1, 'd233001f-0809-3c22-b41f-36e9ab1d28c8', 229, null, false);
insert into Split (id, amount, uuid, envelope_id, transaction_id) values(982, -3.47, 'affae22b-1b9e-3715-b1ec-b601380bda21', 246, 981);
insert into Transaction (DTYPE, id, amount, balance, checkNo, date, description, externalId, initialBalance, memo, ref, status, type, uuid, account_id, transfer_id, custom) values('InternalTransaction', 983, -14.48, 7078.71, '', '2010-03-20', 'QMG', '2010032211', false, '', '', 2, 1, 'de32a16e-bd1f-3069-b29e-6b2693aab64c', 229, null, false);
insert into Split (id, amount, uuid, envelope_id, transaction_id) values(984, -14.48, '1ca69128-3377-3102-99a0-0146b3bfb72a', 252, 983);
insert into Transaction (DTYPE, id, amount, balance, checkNo, date, description, externalId, initialBalance, memo, ref, status, type, uuid, account_id, transfer_id, custom) values('InternalTransaction', 987, -9.18, 2991.94, '', '2010-01-25', 'QDOBA 428 11404282 P', '2010012510', false, '01/23QDOBA 428', '', 2, 1, 'c04f43b2-334a-3784-a678-388c375ff32f', 229, null, false);
insert into Split (id, amount, uuid, envelope_id, transaction_id) values(988, -9.18, '0228dc3e-d8cf-3365-8efe-7deac5d7b8a7', 296, 987);
insert into Transaction (DTYPE, id, amount, balance, checkNo, date, description, externalId, initialBalance, memo, ref, status, type, uuid, account_id, transfer_id, custom) values('InternalTransaction', 985, 3.89, 3.89, '', '2010-04-13', 'Transfer from GMAC Mortgage', 'null', false, '', '', 2, 0, 'c284dd59-df6e-3770-b885-42df7529fb26', 228, 587, false);
insert into Split (id, amount, uuid, envelope_id, transaction_id) values(986, 3.89, '348873d9-c873-31c5-9a0f-1621a918c53a', 293, 985);
insert into Transaction (DTYPE, id, amount, balance, checkNo, date, description, externalId, initialBalance, memo, ref, status, type, uuid, account_id, transfer_id, custom) values('InternalTransaction', 989, -52.70, 4239.99, '', '2009-11-30', 'THE HOME DEPOT #0485 PHO', '200911303', false, '11/28THE HOME', '', 2, 1, 'bd2fbffc-13b5-3d9f-9794-8cb89e2dc9a8', 229, null, false);
insert into Split (id, amount, uuid, envelope_id, transaction_id) values(990, -52.70, '2dbda6e0-f3c6-3841-8341-aa871ce96cac', 239, 989);
insert into Transaction (DTYPE, id, amount, balance, checkNo, date, description, externalId, initialBalance, memo, ref, status, type, uuid, account_id, transfer_id, custom) values('InternalTransaction', 991, -28.03, 4432.16, '', '2009-12-14', 'GAME NIGHTZ PHOENIX AZ 481510', '2009121413', false, '12/12GAME NIGH', '', 2, 1, 'c119909b-5674-341b-a025-804985931014', 229, null, false);
insert into Split (id, amount, uuid, envelope_id, transaction_id) values(992, -28.03, 'cd63208c-0024-389b-8388-91bb56a87dc8', 241, 991);
insert into Transaction (DTYPE, id, amount, balance, checkNo, date, description, externalId, initialBalance, memo, ref, status, type, uuid, account_id, transfer_id, custom) values('InternalTransaction', 995, 1.51, 3917.58, '', '2010-03-24', 'Transfer from Available', 'null', false, '', '', 2, 0, 'c8446635-56a4-38ed-b97c-0cff1c2f982d', 229, 2529, false);
insert into Split (id, amount, uuid, envelope_id, transaction_id) values(996, 1.51, '35518176-af58-34df-818b-6a3e8ddb1a50', 296, 995);
insert into Transaction (DTYPE, id, amount, balance, checkNo, date, description, externalId, initialBalance, memo, ref, status, type, uuid, account_id, transfer_id, custom) values('InternalTransaction', 993, -23.77, 0.00, '', '2010-03-31', 'Transfer to Spending', 'null', false, '', '', 2, 1, '6817a1fd-eea5-3bdd-8ddd-c27de686b0e3', 228, 2653, false);
insert into Split (id, amount, uuid, envelope_id, transaction_id) values(994, -23.77, '68949019-44cf-30e4-9447-c7931cde4ca3', 239, 993);
insert into Transaction (DTYPE, id, amount, balance, checkNo, date, description, externalId, initialBalance, memo, ref, status, type, uuid, account_id, transfer_id, custom) values('InternalTransaction', 997, -57.67, 2572.97, '', '2010-01-25', 'TRAVELODGE - MESA MESA A', '201001256', false, '01/22TRAVELODG', '', 2, 1, '32396728-11b5-3776-9b21-7c77802f5c01', 229, null, false);
insert into Split (id, amount, uuid, envelope_id, transaction_id) values(998, -57.67, '9f7bb4d8-eaab-3ac9-8dd1-9cf51baa9f6e', 252, 997);
insert into Transaction (DTYPE, id, amount, balance, checkNo, date, description, externalId, initialBalance, memo, ref, status, type, uuid, account_id, transfer_id, custom) values('InternalTransaction', 999, -111.32, 0.00, '', '2010-03-12', 'Transfer to Spending', 'null', false, '', '', 2, 1, '8f5aa08c-1d32-3808-b5e6-5ee6ef84ec16', 228, 407, false);
insert into Split (id, amount, uuid, envelope_id, transaction_id) values(1000, -111.32, 'b12f75a5-33c6-3d67-b534-bd5625f0c443', 293, 999);
insert into Transaction (DTYPE, id, amount, balance, checkNo, date, description, externalId, initialBalance, memo, ref, status, type, uuid, account_id, transfer_id, custom) values('InternalTransaction', 1003, 33.92, 33.92, '', '2010-04-21', 'Transfer from Available', 'null', false, '', '', 2, 0, '747fb3a1-64f9-3276-a2f3-262940a5d0a8', 228, 925, false);
insert into Split (id, amount, uuid, envelope_id, transaction_id) values(1004, 33.92, '56f184ba-843c-3ae2-b703-e467559e7aa0', 296, 1003);
insert into Transaction (DTYPE, id, amount, balance, checkNo, date, description, externalId, initialBalance, memo, ref, status, type, uuid, account_id, transfer_id, custom) values('InternalTransaction', 1001, -353.12, 0.00, '', '2010-04-30', 'Transfer to IRA', 'null', false, '', '', 2, 1, 'f3503151-7972-3956-ad06-d99019e34691', 228, 1859, false);
insert into Split (id, amount, uuid, envelope_id, transaction_id) values(1002, -353.12, '13a1a2a5-f2c7-3adb-8679-9af20728bd05', 242, 1001);
insert into Transaction (DTYPE, id, amount, balance, checkNo, date, description, externalId, initialBalance, memo, ref, status, type, uuid, account_id, transfer_id, custom) values('InternalTransaction', 1005, -23.57, 1556.23, '', '2010-04-21', 'Transfer to Eating Out', 'null', false, '', '', 2, 1, 'dbaaa8d4-a986-38e5-bcef-b22eff918994', 229, 3068, false);
insert into Split (id, amount, uuid, envelope_id, transaction_id) values(1006, -23.57, 'ead344ce-67eb-35cb-80c3-070e73e4c444', 293, 1005);
insert into Transaction (DTYPE, id, amount, balance, checkNo, date, description, externalId, initialBalance, memo, ref, status, type, uuid, account_id, transfer_id, custom) values('InternalTransaction', 1007, -31.95, 2075.23, '', '2010-01-04', 'FRYS FOOD & DRUG 1815 G 102459', '201001042', false, '12/31FRYS FOOD', '', 2, 1, '97803599-5101-3a2c-b8c1-08e5c26ab074', 229, null, false);
insert into Split (id, amount, uuid, envelope_id, transaction_id) values(1008, -31.95, 'cbbc9ccf-ebca-3e6f-8954-c9876b256417', 238, 1007);
insert into Transaction (DTYPE, id, amount, balance, checkNo, date, description, externalId, initialBalance, memo, ref, status, type, uuid, account_id, transfer_id, custom) values('InternalTransaction', 1009, -30.00, 1730.54, '', '2010-03-12', 'C AND C THERAPEUTIC SER', '201003121', false, '03/11C AND C T', '', 2, 1, '8b86b9d8-3397-3557-b224-3d984fd6e5b3', 229, null, false);
insert into Split (id, amount, uuid, envelope_id, transaction_id) values(1010, -30.00, '29549a1e-3149-3ed7-ab7e-ebf4f6d813cf', 287, 1009);
insert into Transaction (DTYPE, id, amount, balance, checkNo, date, description, externalId, initialBalance, memo, ref, status, type, uuid, account_id, transfer_id, custom) values('InternalTransaction', 1011, -4.32, 0.00, '', '2010-03-20', 'Transfer to Comics', 'null', false, '', '', 2, 1, '371ed8de-c3c9-3384-afea-1d8085adacaf', 228, 1185, false);
insert into Split (id, amount, uuid, envelope_id, transaction_id) values(1012, -4.32, '5970a471-df78-3bcd-92aa-6847fd9d7b28', 293, 1011);
insert into Transaction (DTYPE, id, amount, balance, checkNo, date, description, externalId, initialBalance, memo, ref, status, type, uuid, account_id, transfer_id, custom) values('InternalTransaction', 1013, -310.50, 2203.64, '', '2009-12-15', 'Rossmar & Graham TENANT', '200912150', false, 'WEB ID: W050568743', '', 2, 1, '26e3eca5-2985-32e8-bd70-2f5f84b9d731', 229, null, false);
insert into Split (id, amount, uuid, envelope_id, transaction_id) values(1014, -310.50, '2a0f8483-6a30-3851-8c4e-a56e36a8d74f', 258, 1013);
insert into Transaction (DTYPE, id, amount, balance, checkNo, date, description, externalId, initialBalance, memo, ref, status, type, uuid, account_id, transfer_id, custom) values('InternalTransaction', 1017, 7.40, 7.40, '', '2010-03-30', 'Transfer from Available', 'null', false, '', '', 2, 0, '17316895-d1ce-39ab-857a-da41e0405e38', 228, 2938, false);
insert into Split (id, amount, uuid, envelope_id, transaction_id) values(1018, 7.40, 'f535fbe9-7046-3647-8b67-6b2853eda62f', 270, 1017);
insert into Transaction (DTYPE, id, amount, balance, checkNo, date, description, externalId, initialBalance, memo, ref, status, type, uuid, account_id, transfer_id, custom) values('InternalTransaction', 1015, 10.00, 4591.52, '', '2010-03-05', 'Transfer from Available', 'null', false, '', '', 2, 0, 'd0fe799b-5311-3223-841d-acd226e4dcbd', 229, 1079, false);
insert into Split (id, amount, uuid, envelope_id, transaction_id) values(1016, 10.00, '032fad98-86ea-3706-943e-ce94f083a267', 234, 1015);
insert into Transaction (DTYPE, id, amount, balance, checkNo, date, description, externalId, initialBalance, memo, ref, status, type, uuid, account_id, transfer_id, custom) values('InternalTransaction', 1019, -19.98, 1432.62, '', '2010-04-22', 'CVS 09205 09205--802 SO 803028', '201004223', false, '04/21CVS 09205', '', 1, 1, '457e1f7f-1ca4-37fc-aeb0-9306563f53ff', 229, null, false);
insert into Split (id, amount, uuid, envelope_id, transaction_id) values(1020, -19.98, '3690b146-8785-3a9f-8bcb-cb82ed25cab1', 239, 1019);
insert into Transaction (DTYPE, id, amount, balance, checkNo, date, description, externalId, initialBalance, memo, ref, status, type, uuid, account_id, transfer_id, custom) values('InternalTransaction', 1021, -15.00, 5139.62, '', '2010-02-16', 'Transfer to Car Wash', 'null', false, '', '', 0, 1, '6826b9f1-9f0a-3792-8b4f-66e4f206973d', 229, 2221, false);
insert into Split (id, amount, uuid, envelope_id, transaction_id) values(1022, -15.00, '72d89e80-869b-3800-85f1-e23de3461bf4', 293, 1021);
insert into Transaction (DTYPE, id, amount, balance, checkNo, date, description, externalId, initialBalance, memo, ref, status, type, uuid, account_id, transfer_id, custom) values('InternalTransaction', 1023, 6.48, 3461.07, '', '2010-04-02', 'Transfer from Available', 'null', false, '', '', 2, 0, '03395bf0-b5bc-3a0a-88cb-9ac11fdde5ba', 229, 959, false);
insert into Split (id, amount, uuid, envelope_id, transaction_id) values(1024, 6.48, '0bcef59c-4c25-322e-bbba-3decc54ba637', 272, 1023);
insert into Transaction (DTYPE, id, amount, balance, checkNo, date, description, externalId, initialBalance, memo, ref, status, type, uuid, account_id, transfer_id, custom) values('InternalTransaction', 1025, -0.00, 3776.46, '', '2010-04-02', 'Transfer to Arrowhead Water', 'null', false, '', '', 2, 1, '579a068f-7af0-3486-acdd-a30a694a0e91', 229, 651, false);
insert into Split (id, amount, uuid, envelope_id, transaction_id) values(1026, -0.00, '902453ee-972a-38a9-868b-072d2ed72a67', 293, 1025);
insert into Transaction (DTYPE, id, amount, balance, checkNo, date, description, externalId, initialBalance, memo, ref, status, type, uuid, account_id, transfer_id, custom) values('InternalTransaction', 1029, 10.05, 985.42, '', '2010-03-03', 'Transfer from Available', 'null', false, '', '', 2, 0, 'a8911f52-8d60-33d0-a720-4e9d66712514', 229, 2307, false);
insert into Split (id, amount, uuid, envelope_id, transaction_id) values(1030, 10.05, '5db71b9e-cb4f-31bd-b62c-77d56a12a3fc', 296, 1029);
insert into Transaction (DTYPE, id, amount, balance, checkNo, date, description, externalId, initialBalance, memo, ref, status, type, uuid, account_id, transfer_id, custom) values('InternalTransaction', 1027, 7.21, 1301.02, '', '2010-04-22', 'Transfer from Available', 'null', false, '', '', 2, 0, '3b035795-c720-3630-bee3-d50941071a20', 229, 2978, false);
insert into Split (id, amount, uuid, envelope_id, transaction_id) values(1028, 7.21, '1c6068b8-4d9d-36c0-befb-a0800794329f', 246, 1027);
insert into Transaction (DTYPE, id, amount, balance, checkNo, date, description, externalId, initialBalance, memo, ref, status, type, uuid, account_id, transfer_id, custom) values('InternalTransaction', 1033, -10.09, 2590.17, '', '2010-01-11', 'HONEY BEARS BAR B-Q TEMP', '2010011113', false, '01/07HONEY BEA', '', 2, 1, 'dabf5e97-de55-365b-a7a6-e268c3d08ec9', 229, null, false);
insert into Split (id, amount, uuid, envelope_id, transaction_id) values(1034, -10.09, 'c5222209-dfe5-305d-bf93-d129c56e0f05', 296, 1033);
insert into Transaction (DTYPE, id, amount, balance, checkNo, date, description, externalId, initialBalance, memo, ref, status, type, uuid, account_id, transfer_id, custom) values('InternalTransaction', 1031, -0.00, 5037.49, '', '2010-04-16', 'Transfer to Car Wash', 'null', false, '', '', 2, 1, '33cb1bd9-815a-354b-a7cf-13df451602c0', 229, 1987, false);
insert into Split (id, amount, uuid, envelope_id, transaction_id) values(1032, -0.00, '0f926c77-60ed-3db2-8cf8-a92994c7f63b', 293, 1031);
insert into Transaction (DTYPE, id, amount, balance, checkNo, date, description, externalId, initialBalance, memo, ref, status, type, uuid, account_id, transfer_id, custom) values('InternalTransaction', 1037, -18.14, 1368.07, '', '2010-02-15', 'THE ORIGINAL WINEBURGER', '201002165', false, '', '', 2, 1, 'a8f7a12b-2bd9-383e-b997-0df88569ac3f', 229, null, false);
insert into Split (id, amount, uuid, envelope_id, transaction_id) values(1038, -18.14, 'b40fd5bf-f847-34fd-8b12-b0f4700404bb', 296, 1037);
insert into Transaction (DTYPE, id, amount, balance, checkNo, date, description, externalId, initialBalance, memo, ref, status, type, uuid, account_id, transfer_id, custom) values('InternalTransaction', 1035, 17.50, 4505.68, '', '2010-03-19', 'Transfer from Available', 'null', false, '', '', 2, 0, '8dae252f-fe5b-3870-9105-9a2ce0090b07', 229, 2705, false);
insert into Split (id, amount, uuid, envelope_id, transaction_id) values(1036, 17.50, 'a6d683c6-de19-3142-ad2a-8a804ebb3ff2', 271, 1035);
insert into Transaction (DTYPE, id, amount, balance, checkNo, date, description, externalId, initialBalance, memo, ref, status, type, uuid, account_id, transfer_id, custom) values('InternalTransaction', 1039, -18.53, 744.59, '', '2010-04-14', 'BAJA FRESH 81 00000950 T', '201004140', false, '04/12BAJA FRES', '', 2, 1, '1ddf5825-c48f-3fdb-b510-7bc17db73d59', 229, null, false);
insert into Split (id, amount, uuid, envelope_id, transaction_id) values(1040, -18.53, 'f3c0cabc-719a-39d3-a12c-c5e6056353af', 238, 1039);
insert into Transaction (DTYPE, id, amount, balance, checkNo, date, description, externalId, initialBalance, memo, ref, status, type, uuid, account_id, transfer_id, custom) values('InternalTransaction', 1043, -120.00, 1135.04, '', '2010-02-16', 'Transfer to Auto Fuel', 'null', false, '', '', 0, 1, 'f13c3f3d-fad3-33f5-8ed2-fcd837b3f7c6', 229, 1771, false);
insert into Split (id, amount, uuid, envelope_id, transaction_id) values(1044, -120.00, 'c41272e6-39cf-3507-ac80-d43f52720d66', 293, 1043);
insert into Transaction (DTYPE, id, amount, balance, checkNo, date, description, externalId, initialBalance, memo, ref, status, type, uuid, account_id, transfer_id, custom) values('InternalTransaction', 1041, -325.00, 3555.63, '', '2010-02-16', 'Transfer to Moving', 'null', false, '', '', 0, 1, '164a24af-848f-364a-86d0-c27235cdfd11', 229, 1283, false);
insert into Split (id, amount, uuid, envelope_id, transaction_id) values(1042, -325.00, '263c9703-2d3b-3389-b110-a7ce25855856', 293, 1041);
insert into Transaction (DTYPE, id, amount, balance, checkNo, date, description, externalId, initialBalance, memo, ref, status, type, uuid, account_id, transfer_id, custom) values('InternalTransaction', 1045, -50.79, 671.26, '', '2010-01-05', 'QT 412 Phoenix AZ', '201001053', false, '01/04QT 412 Ph Purcha', '', 2, 1, '6c915317-a78c-36f5-89bb-8e1aa37c746e', 229, null, false);
insert into Split (id, amount, uuid, envelope_id, transaction_id) values(1046, -50.79, '41a04076-8416-3499-9598-ce77ab21a559', 252, 1045);
insert into Transaction (DTYPE, id, amount, balance, checkNo, date, description, externalId, initialBalance, memo, ref, status, type, uuid, account_id, transfer_id, custom) values('InternalTransaction', 1047, -24.50, 5232.33, '', '2010-03-19', 'Transfer to Massage Envy', 'null', false, '', '', 2, 1, '1ecfb757-1a8a-3668-9754-259cda336e79', 229, 2351, false);
insert into Split (id, amount, uuid, envelope_id, transaction_id) values(1048, -24.50, '519d8d0b-f223-3324-b83b-3a38acaba360', 293, 1047);
insert into Transaction (DTYPE, id, amount, balance, checkNo, date, description, externalId, initialBalance, memo, ref, status, type, uuid, account_id, transfer_id, custom) values('InternalTransaction', 1051, 25.00, 4530.68, '', '2010-03-19', 'Transfer from Available', 'null', false, '', '', 2, 0, '7b21c60d-1213-3074-b944-9c34f6ce994c', 229, 2131, false);
insert into Split (id, amount, uuid, envelope_id, transaction_id) values(1052, 25.00, '3533386e-2792-317c-844c-50fd82f22e6d', 239, 1051);
insert into Transaction (DTYPE, id, amount, balance, checkNo, date, description, externalId, initialBalance, memo, ref, status, type, uuid, account_id, transfer_id, custom) values('InternalTransaction', 1049, -43.55, 0.00, '', '2010-04-06', 'Transfer to Available', 'null', false, '', '', 2, 1, 'f7d09428-592f-3814-9ca4-2945e25439f5', 228, 2163, false);
insert into Split (id, amount, uuid, envelope_id, transaction_id) values(1050, -43.55, 'b5e7f090-bfaa-3ee5-b204-121bd2d34459', 252, 1049);
insert into Transaction (DTYPE, id, amount, balance, checkNo, date, description, externalId, initialBalance, memo, ref, status, type, uuid, account_id, transfer_id, custom) values('InternalTransaction', 1053, -25.00, 5144.51, '', '2010-03-19', 'Transfer to Personal Care', 'null', false, '', '', 2, 1, '505709cd-6c56-311f-9ec5-326be4d66d17', 229, 2936, false);
insert into Split (id, amount, uuid, envelope_id, transaction_id) values(1054, -25.00, '09f10e53-49fa-35f2-88a3-f2977e0615f6', 293, 1053);
insert into Transaction (DTYPE, id, amount, balance, checkNo, date, description, externalId, initialBalance, memo, ref, status, type, uuid, account_id, transfer_id, custom) values('InternalTransaction', 1057, -5.77, 5037.49, '', '2010-04-16', 'Transfer to Auto Registration', 'null', false, '', '', 2, 1, 'c52fb3ce-c508-3cb1-8dfc-009dfbaade3f', 229, 2775, false);
insert into Split (id, amount, uuid, envelope_id, transaction_id) values(1058, -5.77, '0c9fdace-b32e-3dfd-a201-404cf386dba8', 293, 1057);
insert into Transaction (DTYPE, id, amount, balance, checkNo, date, description, externalId, initialBalance, memo, ref, status, type, uuid, account_id, transfer_id, custom) values('InternalTransaction', 1055, 395.46, 3530.68, '', '2010-04-16', 'Transfer from Available', 'null', false, '', '', 2, 0, '8f2d1d38-3f84-3e48-b155-5cac1a3b5e67', 229, 1363, false);
insert into Split (id, amount, uuid, envelope_id, transaction_id) values(1056, 395.46, '17b3ef48-5ecf-3b93-b157-06b1a04193a6', 231, 1055);
insert into Transaction (DTYPE, id, amount, balance, checkNo, date, description, externalId, initialBalance, memo, ref, status, type, uuid, account_id, transfer_id, custom) values('InternalTransaction', 1059, -2.74, 0.00, '', '2010-04-16', 'Transfer to Kelly Letter', 'null', false, '', '', 2, 1, '8f4d2b74-5ec3-3ac3-a3e1-2243b910a905', 228, 559, false);
insert into Split (id, amount, uuid, envelope_id, transaction_id) values(1060, -2.74, '7f43b14d-9f95-352c-9345-9da9e8dcb7af', 275, 1059);
insert into Transaction (DTYPE, id, amount, balance, checkNo, date, description, externalId, initialBalance, memo, ref, status, type, uuid, account_id, transfer_id, custom) values('InternalTransaction', 1061, 163.00, 4693.68, '', '2010-03-19', 'Transfer from Available', 'null', false, '', '', 2, 0, 'aa272e2e-6126-3334-842f-b7615d99de5c', 229, 2613, false);
insert into Split (id, amount, uuid, envelope_id, transaction_id) values(1062, 163.00, '52568416-d344-3293-89a8-214eff520d9b', 258, 1061);
insert into Transaction (DTYPE, id, amount, balance, checkNo, date, description, externalId, initialBalance, memo, ref, status, type, uuid, account_id, transfer_id, custom) values('InternalTransaction', 1065, -125.13, 0.00, '', '2010-04-29', 'Transfer to New Car', 'null', false, '', '', 2, 1, '37a64bad-5bfd-37dd-abb0-5747bb939d31', 228, 2027, false);
insert into Split (id, amount, uuid, envelope_id, transaction_id) values(1066, -125.13, '05a169b7-068d-3fd9-b26c-4940988dbef6', 267, 1065);
insert into Transaction (DTYPE, id, amount, balance, checkNo, date, description, externalId, initialBalance, memo, ref, status, type, uuid, account_id, transfer_id, custom) values('InternalTransaction', 1063, -4.00, 2002.32, '', '2009-12-15', 'ARCO PAYPOINT 3093 131741', '200912155', false, '12/14ARCO PAYP', '', 2, 1, '30d7495a-b037-3b59-a403-be201b961696', 229, null, false);
insert into Split (id, amount, uuid, envelope_id, transaction_id) values(1064, -4.00, 'dd661d44-4804-39be-adc5-d6c5a236969c', 252, 1063);
insert into Transaction (DTYPE, id, amount, balance, checkNo, date, description, externalId, initialBalance, memo, ref, status, type, uuid, account_id, transfer_id, custom) values('InternalTransaction', 1067, -10.82, 2415.54, '', '2010-02-26', 'FRY''S ELECTRONICS #0 020028', '201002264', false, '02/26FRY''S ELE', '', 2, 1, '5fad7f86-29a7-3fa4-9d92-f9e9320930c3', 229, null, false);
insert into Split (id, amount, uuid, envelope_id, transaction_id) values(1068, -10.82, '06b8c8ae-100b-3ce6-b38a-ab21a14f23fd', 249, 1067);
insert into Transaction (DTYPE, id, amount, balance, checkNo, date, description, externalId, initialBalance, memo, ref, status, type, uuid, account_id, transfer_id, custom) values('InternalTransaction', 1069, 55.94, 55.94, '', '2010-04-23', 'Transfer from Spending', 'null', false, '', '', 2, 0, '9a2d5f4f-14f4-3b47-be60-8bf25e15dc8a', 228, 2207, false);
insert into Split (id, amount, uuid, envelope_id, transaction_id) values(1070, 55.94, 'b9eb4b47-1450-3cba-a353-30c6398a47ec', 293, 1069);
insert into Transaction (DTYPE, id, amount, balance, checkNo, date, description, externalId, initialBalance, memo, ref, status, type, uuid, account_id, transfer_id, custom) values('InternalTransaction', 1071, -7.30, 2900.43, '', '2009-12-03', 'CHIPOTLE 1208 TEMPE AZ', '200912034', false, '12/02CHIPOTLE', '', 2, 1, 'd507b10e-be4c-32cc-8003-49eb868ca012', 229, null, false);
insert into Split (id, amount, uuid, envelope_id, transaction_id) values(1072, -7.30, '116b3d71-78f2-3e29-ace6-5a59d3fbcefc', 296, 1071);
insert into Transaction (DTYPE, id, amount, balance, checkNo, date, description, externalId, initialBalance, memo, ref, status, type, uuid, account_id, transfer_id, custom) values('InternalTransaction', 1073, 10.43, 10.43, '', '2010-04-29', 'Transfer from Car Wash', 'null', false, '', '', 2, 0, '7dba2469-71ff-3051-b8e3-6e731dbe04d0', 228, 2837, false);
insert into Split (id, amount, uuid, envelope_id, transaction_id) values(1074, 10.43, '8f3d2c11-3c75-3b64-9980-bb7e8b0b512f', 252, 1073);
insert into Transaction (DTYPE, id, amount, balance, checkNo, date, description, externalId, initialBalance, memo, ref, status, type, uuid, account_id, transfer_id, custom) values('InternalTransaction', 1075, 6.85, 6.85, '', '2010-02-18', 'Transfer from Auto Fuel', 'null', false, '', '', 2, 0, '41d05868-586a-3789-ac54-63a20bb4689b', 228, 3180, false);
insert into Split (id, amount, uuid, envelope_id, transaction_id) values(1076, 6.85, 'b736f61c-ba0d-3b35-8118-7938583451b4', 238, 1075);
insert into Transaction (DTYPE, id, amount, balance, checkNo, date, description, externalId, initialBalance, memo, ref, status, type, uuid, account_id, transfer_id, custom) values('InternalTransaction', 1077, -40.00, null, '', '2010-03-19', 'CASEY MOORES TEMPE AZ', '201003192', false, '03/17CASEY MOO', '', 2, 1, '4538e6e3-6109-3bc4-9d12-6b8e13610c75', 229, null, false);
insert into Split (id, amount, uuid, envelope_id, transaction_id) values(1078, -40.00, 'ace77b5c-46f3-38b2-91e4-0fd46884c2b8', 296, 1077);
insert into Transaction (DTYPE, id, amount, balance, checkNo, date, description, externalId, initialBalance, memo, ref, status, type, uuid, account_id, transfer_id, custom) values('InternalTransaction', 1079, -10.00, 5832.67, '', '2010-03-05', 'Transfer to Auto Maintenance', 'null', false, '', '', 2, 1, 'cd9842af-421e-3e81-9cce-07f6e3bf0320', 229, 1015, false);
insert into Split (id, amount, uuid, envelope_id, transaction_id) values(1080, -10.00, '37061d35-0d7c-3605-a851-c03cc8a75c96', 293, 1079);
insert into Transaction (DTYPE, id, amount, balance, checkNo, date, description, externalId, initialBalance, memo, ref, status, type, uuid, account_id, transfer_id, custom) values('InternalTransaction', 1081, -38.50, 1222.19, '', '2010-03-16', 'SHELL Service Station TE067650', '201003161', false, '03/15SHELL Ser', '', 2, 1, '23bb9104-bf1a-3969-8787-bcaa119669ab', 229, null, false);
insert into Split (id, amount, uuid, envelope_id, transaction_id) values(1082, -38.50, '4905cf61-bb43-3a55-9faf-2779ad6a3609', 253, 1081);
insert into Transaction (DTYPE, id, amount, balance, checkNo, date, description, externalId, initialBalance, memo, ref, status, type, uuid, account_id, transfer_id, custom) values('InternalTransaction', 1083, 925.00, 1627.97, '', '2010-02-03', 'ATM CHECK DEPOSIT', '201002030', false, '', '', 2, 0, '9572133f-ee10-36d6-98b2-a16edbae2810', 229, null, false);
insert into Split (id, amount, uuid, envelope_id, transaction_id) values(1084, 925.00, 'a8d79321-49d7-3d45-87bf-ccdb3276f7c7', 293, 1083);
insert into Transaction (DTYPE, id, amount, balance, checkNo, date, description, externalId, initialBalance, memo, ref, status, type, uuid, account_id, transfer_id, custom) values('InternalTransaction', 1085, 10.05, 2360.40, '', '2010-02-23', 'Transfer from Available', 'null', false, '', '', 2, 0, '7c690344-4de9-3051-90b1-8067f7d188bd', 229, 2389, false);
insert into Split (id, amount, uuid, envelope_id, transaction_id) values(1086, 10.05, '10e9fb17-2b75-30e7-ab62-e68bd4344c76', 296, 1085);
insert into Transaction (DTYPE, id, amount, balance, checkNo, date, description, externalId, initialBalance, memo, ref, status, type, uuid, account_id, transfer_id, custom) values('InternalTransaction', 1087, 468.70, 11281.41, '', '2010-02-16', 'Transfer from Available', 'null', false, '', '', 0, 0, '5d650423-f209-3dfc-8fab-4d0e2ed33699', 229, 1871, false);
insert into Split (id, amount, uuid, envelope_id, transaction_id) values(1088, 468.70, 'cb3d0743-30a9-3928-bed6-4cbc0587f920', 239, 1087);
insert into Transaction (DTYPE, id, amount, balance, checkNo, date, description, externalId, initialBalance, memo, ref, status, type, uuid, account_id, transfer_id, custom) values('InternalTransaction', 1089, -77.05, 3522.26, '', '2010-02-19', 'Transfer to State Farm Insurance', 'null', false, '', '', 2, 1, 'af3d21c8-29ec-3937-afb6-ab5eca211820', 229, 2988, false);
insert into Split (id, amount, uuid, envelope_id, transaction_id) values(1090, -77.05, 'f7b3dd76-d431-3f34-8043-6f48f1bd0c78', 293, 1089);
insert into Transaction (DTYPE, id, amount, balance, checkNo, date, description, externalId, initialBalance, memo, ref, status, type, uuid, account_id, transfer_id, custom) values('InternalTransaction', 1091, -21.00, 2666.78, '', '2009-12-28', 'AMC DEER VALLE04001020 P', '200912288', false, '12/25AMC DEER', '', 2, 1, 'cb20c6dc-fe57-3de4-8c84-64db4ab3088a', 229, null, false);
insert into Split (id, amount, uuid, envelope_id, transaction_id) values(1092, -21.00, '0ca0f4be-e211-365f-a575-e3d43e0ff0ce', 285, 1091);
insert into Transaction (DTYPE, id, amount, balance, checkNo, date, description, externalId, initialBalance, memo, ref, status, type, uuid, account_id, transfer_id, custom) values('InternalTransaction', 1093, -60.00, 0.00, '', '2010-04-29', 'Transfer to New Car', 'null', false, '', '', 2, 1, 'a14711f7-bae9-3e33-a4d8-1d0bc3a7f56a', 228, 1785, false);
insert into Split (id, amount, uuid, envelope_id, transaction_id) values(1094, -60.00, 'c037f4b6-1cc5-3c2e-a99b-71ae9177c276', 234, 1093);
insert into Transaction (DTYPE, id, amount, balance, checkNo, date, description, externalId, initialBalance, memo, ref, status, type, uuid, account_id, transfer_id, custom) values('InternalTransaction', 1095, -32.59, 2015.29, '', '2009-12-15', 'LOWE''S #1204 PHOENIX AZ 501276', '200912153', false, '12/14LOWE''S #1', '', 2, 1, '8e64320f-3e47-30b6-ae8e-6fe44e014132', 229, null, false);
insert into Split (id, amount, uuid, envelope_id, transaction_id) values(1096, -32.59, '74cdd6ac-de2e-31d6-b870-74ca70aa9e3e', 239, 1095);
insert into Transaction (DTYPE, id, amount, balance, checkNo, date, description, externalId, initialBalance, memo, ref, status, type, uuid, account_id, transfer_id, custom) values('InternalTransaction', 1097, -24.90, 1989.73, '', '2010-01-04', 'WAG N WASH HEALTHY PET P', '201001045', false, '01/02WAG N WAS', '', 2, 1, 'a427609f-2908-3597-967e-90709a9a1fb1', 229, null, false);
insert into Split (id, amount, uuid, envelope_id, transaction_id) values(1098, -24.90, '89d0fd43-9d35-3b36-9347-b5431903946e', 244, 1097);
insert into Transaction (DTYPE, id, amount, balance, checkNo, date, description, externalId, initialBalance, memo, ref, status, type, uuid, account_id, transfer_id, custom) values('InternalTransaction', 1099, 9.45, 9.45, '', '2010-04-30', 'Transfer from Credit Cards', 'null', false, '', '', 2, 0, '3acda4fd-3341-33d3-9c42-b882e9b68753', 228, 539, false);
insert into Split (id, amount, uuid, envelope_id, transaction_id) values(1100, 9.45, '7b0de1a5-82d7-3f9a-9e6f-c7263e24c344', 296, 1099);
insert into Transaction (DTYPE, id, amount, balance, checkNo, date, description, externalId, initialBalance, memo, ref, status, type, uuid, account_id, transfer_id, custom) values('InternalTransaction', 1101, 25.00, 3555.68, '', '2010-04-16', 'Transfer from Available', 'null', false, '', '', 2, 0, 'eb414319-fc38-3cec-abce-cd1903d9f65e', 229, 1575, false);
insert into Split (id, amount, uuid, envelope_id, transaction_id) values(1102, 25.00, '42b0fe87-4d3f-309a-bc6e-7b9280f7a20d', 277, 1101);
insert into Transaction (DTYPE, id, amount, balance, checkNo, date, description, externalId, initialBalance, memo, ref, status, type, uuid, account_id, transfer_id, custom) values('InternalTransaction', 1103, 2.81, 2.81, '', '2010-04-08', 'Transfer from Household', 'null', false, '', '', 2, 0, 'a5a6f777-1c98-3f82-969e-17a6b08862c0', 228, 1553, false);
insert into Split (id, amount, uuid, envelope_id, transaction_id) values(1104, 2.81, 'c6a8691f-3b13-308c-ba19-a556f085254f', 252, 1103);
insert into Transaction (DTYPE, id, amount, balance, checkNo, date, description, externalId, initialBalance, memo, ref, status, type, uuid, account_id, transfer_id, custom) values('InternalTransaction', 1105, -25.00, 3875.77, '', '2010-02-19', 'Transfer to Medical', 'null', false, '', '', 2, 1, '3bb3ac64-6a64-346e-99bb-226424defcb6', 229, 885, false);
insert into Split (id, amount, uuid, envelope_id, transaction_id) values(1106, -25.00, 'd0ab646d-fe60-3b83-9e06-4ed31ecac034', 293, 1105);
insert into Transaction (DTYPE, id, amount, balance, checkNo, date, description, externalId, initialBalance, memo, ref, status, type, uuid, account_id, transfer_id, custom) values('InternalTransaction', 1107, -150.00, 2589.50, '', '2010-04-30', 'Transfer to Groceries', 'null', false, '', '', 2, 1, '3b39db57-6c24-3683-9297-209c1e7acb51', 229, 2245, false);
insert into Split (id, amount, uuid, envelope_id, transaction_id) values(1108, -150.00, 'ac225500-dc88-3e79-af09-83de402de997', 293, 1107);
insert into Transaction (DTYPE, id, amount, balance, checkNo, date, description, externalId, initialBalance, memo, ref, status, type, uuid, account_id, transfer_id, custom) values('InternalTransaction', 1109, -20.00, null, '', '2010-03-05', 'SYMMETRYCONCEPTS1-8 8669', '201003053', false, '03/04SYMMETRYC', '', 2, 1, 'd668e134-d57e-3e66-a430-f26046600750', 229, null, false);
insert into Split (id, amount, uuid, envelope_id, transaction_id) values(1110, -20.00, '34f3d995-9be4-30d7-9209-a3395f9c4913', 247, 1109);
insert into Transaction (DTYPE, id, amount, balance, checkNo, date, description, externalId, initialBalance, memo, ref, status, type, uuid, account_id, transfer_id, custom) values('InternalTransaction', 1111, -35.51, 2557.32, '', '2010-04-02', 'Transfer to New Car', 'null', false, '', '', 2, 1, 'a49cec8c-56fd-355c-966e-b2017b096ab4', 229, 1157, false);
insert into Split (id, amount, uuid, envelope_id, transaction_id) values(1112, -35.51, '485b3a01-6337-31be-b4c4-87f418d44e7d', 293, 1111);
insert into Transaction (DTYPE, id, amount, balance, checkNo, date, description, externalId, initialBalance, memo, ref, status, type, uuid, account_id, transfer_id, custom) values('InternalTransaction', 1113, -10.16, 0.00, '', '2010-03-20', 'Transfer to Coffee', 'null', false, '', '', 2, 1, 'abf99326-aa26-30cd-a4f9-4390596b048d', 228, 2547, false);
insert into Split (id, amount, uuid, envelope_id, transaction_id) values(1114, -10.16, '917f3574-5463-3b1d-82d2-538431168cf8', 293, 1113);
insert into Transaction (DTYPE, id, amount, balance, checkNo, date, description, externalId, initialBalance, memo, ref, status, type, uuid, account_id, transfer_id, custom) values('InternalTransaction', 1115, 2159.85, 3445.82, '', '2010-01-22', 'DIFFUSION GROUP PAYROLL', '201001220', false, 'PPD ID: 1860988050', '', 2, 0, 'd4133ce7-1ada-3306-9ce6-d0c842af4ee1', 229, null, false);
insert into Split (id, amount, uuid, envelope_id, transaction_id) values(1116, 2159.85, 'e355b838-4f47-31ba-8b3a-7b50822edf71', 293, 1115);
insert into Transaction (DTYPE, id, amount, balance, checkNo, date, description, externalId, initialBalance, memo, ref, status, type, uuid, account_id, transfer_id, custom) values('InternalTransaction', 1117, -5.42, 3903.13, '', '2010-03-24', 'SUBWAY 24754 00247544 P', '201003241', false, '03/22SUBWAY 24', '', 2, 1, '0c5ea8dd-9552-3f57-a338-180e944e040f', 229, null, false);
insert into Split (id, amount, uuid, envelope_id, transaction_id) values(1118, -5.42, 'c1fc860c-0469-33ad-9534-145fad417383', 246, 1117);
insert into Transaction (DTYPE, id, amount, balance, checkNo, date, description, externalId, initialBalance, memo, ref, status, type, uuid, account_id, transfer_id, custom) values('InternalTransaction', 1119, -21.82, 1404.16, '', '2010-03-15', 'DENNY''S #6423 PHOENIX AZ', '201003156', false, '03/14DENNY''S #', '', 2, 1, '58a322c6-e5f3-3e6d-8a05-a94c633a0d0c', 229, null, false);
insert into Split (id, amount, uuid, envelope_id, transaction_id) values(1120, -21.82, 'b2dad933-d85b-3c00-a58c-53ceb9f87a87', 296, 1119);
insert into Transaction (DTYPE, id, amount, balance, checkNo, date, description, externalId, initialBalance, memo, ref, status, type, uuid, account_id, transfer_id, custom) values('InternalTransaction', 1121, -20.00, null, '', '2010-03-05', 'FSL LLC 913-461-4242 KS', '201003054', false, '03/05FSL LLC 9', '', 2, 1, 'f8755333-88ec-3eb8-bd8f-0875b8859c01', 229, null, false);
insert into Split (id, amount, uuid, envelope_id, transaction_id) values(1122, -20.00, 'b204a543-a344-35fa-a2ad-191c1347942a', 247, 1121);
insert into Transaction (DTYPE, id, amount, balance, checkNo, date, description, externalId, initialBalance, memo, ref, status, type, uuid, account_id, transfer_id, custom) values('InternalTransaction', 1123, 175.00, 175.00, '', '2010-02-19', 'Transfer from Taxes', 'null', false, '', '', 2, 0, '26b22709-a792-37f0-90dd-889654640a31', 228, 2491, false);
insert into Split (id, amount, uuid, envelope_id, transaction_id) values(1124, 175.00, '8cd8f187-373a-33b0-8740-95fd6bc57fa4', 256, 1123);
insert into Transaction (DTYPE, id, amount, balance, checkNo, date, description, externalId, initialBalance, memo, ref, status, type, uuid, account_id, transfer_id, custom) values('InternalTransaction', 1125, -8.69, 2581.48, '', '2010-01-11', 'MARY COYLE ICE CREAM PHO', '2010011114', false, '01/09MARY COYL', '', 2, 1, '2b672700-98ec-37de-9217-25e6d467b1f8', 229, null, false);
insert into Split (id, amount, uuid, envelope_id, transaction_id) values(1126, -8.69, 'c3d9d6a6-adee-3336-b17d-01b858861abe', 296, 1125);
insert into Transaction (DTYPE, id, amount, balance, checkNo, date, description, externalId, initialBalance, memo, ref, status, type, uuid, account_id, transfer_id, custom) values('InternalTransaction', 1127, 10.00, 4703.68, '', '2010-03-19', 'Transfer from Available', 'null', false, '', '', 2, 0, '7611f3c2-33d4-3a86-a92a-85d13f1e3c02', 229, 2583, false);
insert into Split (id, amount, uuid, envelope_id, transaction_id) values(1128, 10.00, '56d2dc1b-2cc6-3311-b15c-07d65a20e085', 234, 1127);
insert into Transaction (DTYPE, id, amount, balance, checkNo, date, description, externalId, initialBalance, memo, ref, status, type, uuid, account_id, transfer_id, custom) values('InternalTransaction', 1129, 0.00, 3461.07, '', '2010-04-02', 'Transfer from Available', 'null', false, '', '', 2, 1, '240b3c57-ba10-3a32-ab58-48471fbebc88', 229, 631, false);
insert into Split (id, amount, uuid, envelope_id, transaction_id) values(1130, 0.00, 'ae474e0d-a714-346e-ae35-4951c1dbd837', 279, 1129);
insert into Transaction (DTYPE, id, amount, balance, checkNo, date, description, externalId, initialBalance, memo, ref, status, type, uuid, account_id, transfer_id, custom) values('InternalTransaction', 1131, -448.74, 0.00, '', '2010-04-16', 'Transfer to Unassigned', 'null', false, '', '', 2, 1, '1f532afb-1f96-3f6d-aef9-91f19220e1b5', 228, 2063, false);
insert into Split (id, amount, uuid, envelope_id, transaction_id) values(1132, -448.74, 'b0434b9d-ca09-34f7-b3e3-bd8d7f2727f2', 293, 1131);
insert into Transaction (DTYPE, id, amount, balance, checkNo, date, description, externalId, initialBalance, memo, ref, status, type, uuid, account_id, transfer_id, custom) values('InternalTransaction', 1133, -31.90, 4460.19, '', '2009-12-14', 'SRR*SIRIUS RADIO 888-539', '2009121412', false, '12/11SRR*SIRIU', '', 2, 1, 'b2452406-8c81-3202-9bff-cab173d0e95f', 229, null, false);
insert into Split (id, amount, uuid, envelope_id, transaction_id) values(1134, -31.90, 'f5ef38ba-9c8c-375f-9876-d2f8a4fb5f2c', 233, 1133);
insert into Transaction (DTYPE, id, amount, balance, checkNo, date, description, externalId, initialBalance, memo, ref, status, type, uuid, account_id, transfer_id, custom) values('InternalTransaction', 1135, -17.98, 4424.13, '', '2009-11-30', 'Gluten Free Creations Ph', '2009113013', false, '11/27Gluten Fr', '', 2, 1, '22c44466-1204-3137-a163-16563e000d74', 229, null, false);
insert into Split (id, amount, uuid, envelope_id, transaction_id) values(1136, -17.98, 'a8ed4b17-397a-3c05-b319-334bbc6c4139', 238, 1135);
insert into Transaction (DTYPE, id, amount, balance, checkNo, date, description, externalId, initialBalance, memo, ref, status, type, uuid, account_id, transfer_id, custom) values('InternalTransaction', 1137, 15.95, 3571.63, '', '2010-04-16', 'Transfer from Available', 'null', false, '', '', 2, 0, '1f4cbc48-6e36-3d03-8d8b-dcd134d6a058', 229, 2557, false);
insert into Split (id, amount, uuid, envelope_id, transaction_id) values(1138, 15.95, 'fadd085d-20f6-3d71-9e53-b786280faea6', 233, 1137);
insert into Transaction (DTYPE, id, amount, balance, checkNo, date, description, externalId, initialBalance, memo, ref, status, type, uuid, account_id, transfer_id, custom) values('InternalTransaction', 1139, -9.74, 1135.04, '', '2010-02-16', 'Transfer to Personal Care', 'null', false, '', '', 0, 1, '3721c0c3-0fad-3240-8d47-4e8a62766c26', 229, 2369, false);
insert into Split (id, amount, uuid, envelope_id, transaction_id) values(1140, -9.74, 'b46e2860-7894-3c37-b77a-bf90dd91e915', 293, 1139);
insert into Transaction (DTYPE, id, amount, balance, checkNo, date, description, externalId, initialBalance, memo, ref, status, type, uuid, account_id, transfer_id, custom) values('InternalTransaction', 1141, 38.63, 806.74, '', '2010-04-13', 'Transfer from Available', 'null', false, '', '', 2, 0, 'bc86b478-663a-3eb3-9cb5-9513ac9d452a', 229, 1927, false);
insert into Split (id, amount, uuid, envelope_id, transaction_id) values(1142, 38.63, '666d6602-c959-3889-983f-5ef0c08e474f', 264, 1141);
insert into Transaction (DTYPE, id, amount, balance, checkNo, date, description, externalId, initialBalance, memo, ref, status, type, uuid, account_id, transfer_id, custom) values('InternalTransaction', 1143, -3.89, 2299.59, '', '2009-12-30', 'FRYS FOOD & DRUG 1815 G 513955', '200912304', false, '12/29FRYS FOOD', '', 2, 1, '5c901eb8-ffab-3d3b-adbf-8e0b18e00de2', 229, null, false);
insert into Split (id, amount, uuid, envelope_id, transaction_id) values(1144, -3.89, 'ec226078-51b3-3348-9788-b85447443264', 238, 1143);
insert into Transaction (DTYPE, id, amount, balance, checkNo, date, description, externalId, initialBalance, memo, ref, status, type, uuid, account_id, transfer_id, custom) values('InternalTransaction', 1145, -80.00, 2833.97, '259', '2009-12-28', 'Annette Trijillo', '200912283', false, '', '', 2, 1, 'e0d26ef3-caad-3567-8b56-adf00758e1de', 229, null, false);
insert into Split (id, amount, uuid, envelope_id, transaction_id) values(1146, -80.00, '4503376c-a560-36b2-9cb8-56b49777ae26', 261, 1145);
insert into Transaction (DTYPE, id, amount, balance, checkNo, date, description, externalId, initialBalance, memo, ref, status, type, uuid, account_id, transfer_id, custom) values('InternalTransaction', 1147, -9.95, 1351.84, '', '2009-12-22', 'Financial Management Software:', '200912220', false, 'Monthly Service Fee', '', 2, 1, 'b70226b6-c7e0-3ee7-a577-a3ecb2eac60a', 229, null, false);
insert into Split (id, amount, uuid, envelope_id, transaction_id) values(1148, -9.95, 'e8f4b67c-9d66-351f-8820-aade25507c43', 232, 1147);
insert into Transaction (DTYPE, id, amount, balance, checkNo, date, description, externalId, initialBalance, memo, ref, status, type, uuid, account_id, transfer_id, custom) values('InternalTransaction', 1149, -12.50, 1371.25, '', '2010-03-15', 'JOE''S BARBER SHOP PHOENI', '201003158', false, '03/13JOE''S BAR', '', 2, 1, '421546ab-522e-3427-85bb-0bb7d0ef7447', 229, null, false);
insert into Split (id, amount, uuid, envelope_id, transaction_id) values(1150, -12.50, '6838e8c6-9563-3c2b-8ac0-506bd924b8c8', 260, 1149);
insert into Transaction (DTYPE, id, amount, balance, checkNo, date, description, externalId, initialBalance, memo, ref, status, type, uuid, account_id, transfer_id, custom) values('InternalTransaction', 1151, -37.18, 1511.90, '', '2010-02-04', 'CIRCLE K 01618 PHOENIX A230750', '201002041', false, '02/03CIRCLE K', '', 2, 1, 'bb12afa1-1f52-346e-a71e-d0796470c59d', 229, null, false);
insert into Split (id, amount, uuid, envelope_id, transaction_id) values(1152, -37.18, 'ab73652a-b1fa-3e4d-9fc7-38998d27af18', 252, 1151);
insert into Transaction (DTYPE, id, amount, balance, checkNo, date, description, externalId, initialBalance, memo, ref, status, type, uuid, account_id, transfer_id, custom) values('InternalTransaction', 1153, -3.97, 4347.98, '', '2010-03-29', 'FRYS FOOD & DRUG 7770 SC459360', '2010032911', false, '03/27FRYS FOOD', '', 2, 1, '85626707-07ee-3fef-8437-8b39b4530bcb', 229, null, false);
insert into Split (id, amount, uuid, envelope_id, transaction_id) values(1154, -3.97, '91b30c93-4b95-3494-9350-f7213718b7d3', 238, 1153);
insert into Transaction (DTYPE, id, amount, balance, checkNo, date, description, externalId, initialBalance, memo, ref, status, type, uuid, account_id, transfer_id, custom) values('InternalTransaction', 1155, 1276.55, 12905.58, '', '2010-02-16', 'Transfer from Available', 'null', false, '', '', 0, 0, '056f2937-e835-357a-84f2-bc2e8302ae8c', 229, 1159, false);
insert into Split (id, amount, uuid, envelope_id, transaction_id) values(1156, 1276.55, '4d0a128d-d77b-3565-b5dd-c24401786a71', 238, 1155);
insert into Transaction (DTYPE, id, amount, balance, checkNo, date, description, externalId, initialBalance, memo, ref, status, type, uuid, account_id, transfer_id, custom) values('InternalTransaction', 1157, 35.51, 3496.58, '', '2010-04-02', 'Transfer from Available', 'null', false, '', '', 2, 0, '8d95dbfd-879e-3d5e-9fd4-18ae488807fb', 229, 1111, false);
insert into Split (id, amount, uuid, envelope_id, transaction_id) values(1158, 35.51, '7cefe18a-e0c7-3c49-9217-8a3cf931fd5d', 245, 1157);
insert into Transaction (DTYPE, id, amount, balance, checkNo, date, description, externalId, initialBalance, memo, ref, status, type, uuid, account_id, transfer_id, custom) values('InternalTransaction', 1159, -1276.55, 9019.52, '', '2010-02-16', 'Transfer to Groceries', 'null', false, '', '', 0, 1, 'c2e88b27-3a50-3b29-9f74-37d45a0223c1', 229, 1155, false);
insert into Split (id, amount, uuid, envelope_id, transaction_id) values(1160, -1276.55, '9384639f-7afd-3b42-8f93-57a3eedc518a', 293, 1159);
insert into Transaction (DTYPE, id, amount, balance, checkNo, date, description, externalId, initialBalance, memo, ref, status, type, uuid, account_id, transfer_id, custom) values('InternalTransaction', 1161, -72.67, 2835.07, '', '2009-12-04', 'FRYS FOOD & DRUG 1815 G 105290', '200912041', false, '12/03FRYS FOOD', '', 2, 1, '6d107dd0-4e23-3197-aa3a-a60c2b4fbc13', 229, null, false);
insert into Split (id, amount, uuid, envelope_id, transaction_id) values(1162, -72.67, 'b76fef61-8c21-34e0-8863-a96a18dac0ad', 238, 1161);
insert into Transaction (DTYPE, id, amount, balance, checkNo, date, description, externalId, initialBalance, memo, ref, status, type, uuid, account_id, transfer_id, custom) values('InternalTransaction', 1163, -45.00, 1549.08, '', '2010-02-04', 'WALGREENS #6400 PHOENIX', '201002040', false, '02/03WALGREENS', '', 2, 1, '466c5cb5-4d6d-3d9e-a7db-ca47c555fb46', 229, null, false);
insert into Split (id, amount, uuid, envelope_id, transaction_id) values(1164, -45.00, '3eed5f9e-64d6-34cb-8e4f-2f1fe2454f18', 277, 1163);
insert into Transaction (DTYPE, id, amount, balance, checkNo, date, description, externalId, initialBalance, memo, ref, status, type, uuid, account_id, transfer_id, custom) values('InternalTransaction', 1165, -81.58, 1493.00, '', '2010-01-13', 'DTV*DIRECTV SERVICE 800-', '201001130', false, '01/12DTV*DIREC', '', 2, 1, 'e1426895-1682-34d0-abfd-f65cc654cdb7', 229, null, false);
insert into Split (id, amount, uuid, envelope_id, transaction_id) values(1166, -81.58, 'd80ee218-c3c5-3fd9-96d5-d3760b5bf45c', 273, 1165);
insert into Transaction (DTYPE, id, amount, balance, checkNo, date, description, externalId, initialBalance, memo, ref, status, type, uuid, account_id, transfer_id, custom) values('InternalTransaction', 1167, 20.00, 1297.60, '', '2010-04-07', 'Transfer from Available', 'null', false, '', '', 2, 0, 'd843be6e-88c5-33f5-8bc7-310821634df5', 229, 1661, false);
insert into Split (id, amount, uuid, envelope_id, transaction_id) values(1168, 20.00, 'b368ba5e-a330-3850-9467-b8322dc3b6bd', 256, 1167);
insert into Transaction (DTYPE, id, amount, balance, checkNo, date, description, externalId, initialBalance, memo, ref, status, type, uuid, account_id, transfer_id, custom) values('InternalTransaction', 1169, 0.00, 2589.50, '', '2010-04-30', 'Transfer from Available', 'null', false, '', '', 2, 1, 'd1fe7d11-a750-3482-b1e9-2aa5f84bf2f3', 229, 2739, false);
insert into Split (id, amount, uuid, envelope_id, transaction_id) values(1170, 0.00, '45a851e3-80a3-3dd9-90e8-863bc79d7674', 275, 1169);
insert into Transaction (DTYPE, id, amount, balance, checkNo, date, description, externalId, initialBalance, memo, ref, status, type, uuid, account_id, transfer_id, custom) values('InternalTransaction', 1171, -127.60, 5501.44, '', '2010-02-16', 'Transfer to Sirius', 'null', false, '', '', 0, 1, 'f9f2ae00-aa33-31c6-b3f7-65102301551a', 229, 2878, false);
insert into Split (id, amount, uuid, envelope_id, transaction_id) values(1172, -127.60, 'fcefe8bf-c837-3e2a-bd09-eccd03ffc214', 293, 1171);
insert into Transaction (DTYPE, id, amount, balance, checkNo, date, description, externalId, initialBalance, memo, ref, status, type, uuid, account_id, transfer_id, custom) values('InternalTransaction', 1173, -63.12, 3904.86, '', '2010-03-30', 'Transfer to Unassigned', 'null', false, '', '', 2, 1, '5fcc6ff7-9c8e-3704-bbd2-95e73f3bd635', 229, 3138, false);
insert into Split (id, amount, uuid, envelope_id, transaction_id) values(1174, -63.12, '20901126-2215-38ca-970e-d68d0d4b691f', 293, 1173);
insert into Transaction (DTYPE, id, amount, balance, checkNo, date, description, externalId, initialBalance, memo, ref, status, type, uuid, account_id, transfer_id, custom) values('InternalTransaction', 1175, 10.29, 1407.12, '', '2010-04-06', 'Transfer from Available', 'null', false, '', '', 2, 0, '870025a0-df36-3fe6-9b93-a081be0f79fd', 229, 605, false);
insert into Split (id, amount, uuid, envelope_id, transaction_id) values(1176, 10.29, '9793df1a-a6dc-3648-ad30-748b88959db4', 296, 1175);
insert into Transaction (DTYPE, id, amount, balance, checkNo, date, description, externalId, initialBalance, memo, ref, status, type, uuid, account_id, transfer_id, custom) values('InternalTransaction', 1177, -3.43, 2939.21, '', '2010-02-22', 'THE HOME DEPOT #0485 PHO405712', '2010022210', false, '02/21THE HOME', '', 2, 1, 'c0596bd8-fda4-3ecf-84c2-fe1425dd9316', 229, null, false);
insert into Split (id, amount, uuid, envelope_id, transaction_id) values(1178, -3.43, '46bb30a0-c3a6-38ac-888c-682b14bcda0d', 239, 1177);
insert into Transaction (DTYPE, id, amount, balance, checkNo, date, description, externalId, initialBalance, memo, ref, status, type, uuid, account_id, transfer_id, custom) values('InternalTransaction', 1179, -3.22, 1212.53, '', '2010-03-16', 'QT 418 05004189 P', '201003163', false, '03/14QT 418', '', 2, 1, 'bfc04c70-f682-3565-8faa-74cdc3da0339', 229, null, false);
insert into Split (id, amount, uuid, envelope_id, transaction_id) values(1180, -3.22, 'e7594762-acd8-3342-9520-1aed166319b4', 252, 1179);
insert into Transaction (DTYPE, id, amount, balance, checkNo, date, description, externalId, initialBalance, memo, ref, status, type, uuid, account_id, transfer_id, custom) values('InternalTransaction', 1181, -35.00, 1033.41, '', '2009-12-24', 'JOSEPH SCOTT SALON LLC P082394', '200912241', false, '12/23JOSEPH SC', '', 2, 1, '07a65853-f2c1-3ab9-a0b9-87106df8c550', 229, null, false);
insert into Split (id, amount, uuid, envelope_id, transaction_id) values(1182, -35.00, '4e9c8601-52e5-31ba-bbbf-693aef337fd8', 260, 1181);
insert into Transaction (DTYPE, id, amount, balance, checkNo, date, description, externalId, initialBalance, memo, ref, status, type, uuid, account_id, transfer_id, custom) values('InternalTransaction', 1183, -34.61, 1392.09, '', '2009-12-21', 'WALGREEN COMPANY 4111 N 737035', '200912212', false, '12/20WALGREEN', '', 2, 1, 'b20514dc-8684-3d32-b335-6f1146c862fd', 229, null, false);
insert into Split (id, amount, uuid, envelope_id, transaction_id) values(1184, -34.61, 'ce6802a9-c84c-3c34-8d33-5a3fdbe263e9', 277, 1183);
insert into Transaction (DTYPE, id, amount, balance, checkNo, date, description, externalId, initialBalance, memo, ref, status, type, uuid, account_id, transfer_id, custom) values('InternalTransaction', 1185, 4.32, 4.32, '', '2010-03-20', 'Transfer from Available', 'null', false, '', '', 2, 0, 'b1c2b1d2-97eb-3844-b0d8-4a006d750b21', 228, 1011, false);
insert into Split (id, amount, uuid, envelope_id, transaction_id) values(1186, 4.32, '2709fea6-e021-3283-97ec-3f683956c447', 241, 1185);
insert into Transaction (DTYPE, id, amount, balance, checkNo, date, description, externalId, initialBalance, memo, ref, status, type, uuid, account_id, transfer_id, custom) values('InternalTransaction', 1187, -6.43, 4013.23, '', '2009-12-01', 'CHIPOTLE 1208 TEMPE AZ', '200912011', false, '11/30CHIPOTLE', '', 2, 1, '2b7329e5-275f-37c6-a4af-c445138f5bbd', 229, null, false);
insert into Split (id, amount, uuid, envelope_id, transaction_id) values(1188, -6.43, 'e33c96a1-1d3c-33bd-a06d-4849e3d0785d', 296, 1187);
insert into Transaction (DTYPE, id, amount, balance, checkNo, date, description, externalId, initialBalance, memo, ref, status, type, uuid, account_id, transfer_id, custom) values('InternalTransaction', 1189, -13.99, 5952.22, '', '2010-03-05', 'Transfer to Arrowhead Water', 'null', false, '', '', 2, 1, '455be704-0352-3250-a3c9-354054cc9682', 229, 2281, false);
insert into Split (id, amount, uuid, envelope_id, transaction_id) values(1190, -13.99, 'ea53a3e5-db21-3033-ac46-88757d0e59c2', 293, 1189);
insert into Transaction (DTYPE, id, amount, balance, checkNo, date, description, externalId, initialBalance, memo, ref, status, type, uuid, account_id, transfer_id, custom) values('InternalTransaction', 1191, 1.31, 1295.12, '', '2010-04-23', 'Transfer from Available', 'null', false, '', '', 2, 0, '9e801997-b4d3-3618-aa03-1e2ce63b1764', 229, 1545, false);
insert into Split (id, amount, uuid, envelope_id, transaction_id) values(1192, 1.31, '256998b5-44de-3e7f-879e-4d407c557a0c', 268, 1191);
insert into Transaction (DTYPE, id, amount, balance, checkNo, date, description, externalId, initialBalance, memo, ref, status, type, uuid, account_id, transfer_id, custom) values('InternalTransaction', 1193, -395.46, 5134.13, '', '2010-03-05', 'Transfer to GMAC Mortgage', 'null', false, '', '', 2, 1, '01cb2cf0-e99b-308c-a450-3a2688b1d0ff', 229, 3016, false);
insert into Split (id, amount, uuid, envelope_id, transaction_id) values(1194, -395.46, 'c1e89fc3-4046-3087-b777-b3c9a222f8c0', 293, 1193);
insert into Transaction (DTYPE, id, amount, balance, checkNo, date, description, externalId, initialBalance, memo, ref, status, type, uuid, account_id, transfer_id, custom) values('InternalTransaction', 1195, -7.99, 992.85, '', '2009-11-09', 'Gluten Free Creations Ph', '200911098', false, '11/07Gluten Fr', '', 2, 1, 'a8549a41-fafa-3229-9ca8-46388ec3b657', 229, null, false);
insert into Split (id, amount, uuid, envelope_id, transaction_id) values(1196, -7.99, '5c88daf4-8e45-3a51-b9ab-7a57a580fcc7', 238, 1195);
insert into Transaction (DTYPE, id, amount, balance, checkNo, date, description, externalId, initialBalance, memo, ref, status, type, uuid, account_id, transfer_id, custom) values('InternalTransaction', 1197, -3.24, 5686.60, '', '2009-12-11', 'BOSTON MARKET #272 PHOEN', '2009121112', false, '12/10BOSTON MA', '', 2, 1, 'aab01ebd-f934-35dc-8928-5efe52a6ffb5', 229, null, false);
insert into Split (id, amount, uuid, envelope_id, transaction_id) values(1198, -3.24, 'd160585b-1d73-31c7-bb64-f1d0f98c64d9', 296, 1197);
insert into Transaction (DTYPE, id, amount, balance, checkNo, date, description, externalId, initialBalance, memo, ref, status, type, uuid, account_id, transfer_id, custom) values('InternalTransaction', 1199, -13.19, 3529.23, '', '2009-12-14', 'CVS 09347 09347--1525 N 203772', '2009121421', false, '12/11CVS 09347', '', 2, 1, '3fb92dcf-0f34-3b9b-9a28-55fc34aacd71', 229, null, false);
insert into Split (id, amount, uuid, envelope_id, transaction_id) values(1200, -13.19, '2bd3f4c2-2f1e-3663-af9c-7f46b40c4bb4', 287, 1199);
insert into Transaction (DTYPE, id, amount, balance, checkNo, date, description, externalId, initialBalance, memo, ref, status, type, uuid, account_id, transfer_id, custom) values('InternalTransaction', 1201, 25.00, 2614.50, '', '2010-04-30', 'Transfer from Available', 'null', false, '', '', 2, 0, 'd8b4d226-9c4f-3bb6-b035-83e8fb702288', 229, 3058, false);
insert into Split (id, amount, uuid, envelope_id, transaction_id) values(1202, 25.00, 'a2d69d14-c97f-31aa-897c-ce2acae461b8', 239, 1201);
insert into Transaction (DTYPE, id, amount, balance, checkNo, date, description, externalId, initialBalance, memo, ref, status, type, uuid, account_id, transfer_id, custom) values('InternalTransaction', 1203, -10.05, 2776.29, '', '2010-02-22', 'CHIPOTLE 1208 TEMPE AZ', '201002228', false, '02/18CHIPOTLE', '', 2, 1, 'f9247c2b-2e75-3d79-aeae-5508fc4d43c8', 229, null, false);
insert into Split (id, amount, uuid, envelope_id, transaction_id) values(1204, -10.05, '7bc4e72f-6972-3830-96e1-9cfc85170788', 296, 1203);
insert into Transaction (DTYPE, id, amount, balance, checkNo, date, description, externalId, initialBalance, memo, ref, status, type, uuid, account_id, transfer_id, custom) values('InternalTransaction', 1205, 2.16, 1409.28, '', '2010-04-06', 'Transfer from Available', 'null', false, '', '', 2, 0, '7536451b-834a-37e8-b4d9-1ce72361a4b5', 229, 2165, false);
insert into Split (id, amount, uuid, envelope_id, transaction_id) values(1206, 2.16, 'a50d5170-058f-32eb-8488-f44cb2034b1b', 246, 1205);
insert into Transaction (DTYPE, id, amount, balance, checkNo, date, description, externalId, initialBalance, memo, ref, status, type, uuid, account_id, transfer_id, custom) values('InternalTransaction', 1207, -5.13, 808.12, '', '2010-04-13', 'IN-N-OUT BURGERS TEMPE A', '201004130', false, '04/11IN-N-OUT', '', 2, 1, 'f44dc336-3efa-38a3-8f8c-37625fd201cf', 229, null, false);
insert into Split (id, amount, uuid, envelope_id, transaction_id) values(1208, -5.13, 'cc90f9f8-78d3-3a5a-b29f-e613d3d8c0a7', 246, 1207);
insert into Transaction (DTYPE, id, amount, balance, checkNo, date, description, externalId, initialBalance, memo, ref, status, type, uuid, account_id, transfer_id, custom) values('InternalTransaction', 1209, -917.31, 14203.65, '', '2010-02-16', 'Transfer to Eating Out', 'null', false, '', '', 0, 1, '192d11c0-000e-3405-b210-ab200a939fc3', 229, 3074, false);
insert into Split (id, amount, uuid, envelope_id, transaction_id) values(1210, -917.31, '254c4529-6c0f-38f4-a0e0-0610a1ccd95d', 293, 1209);
insert into Transaction (DTYPE, id, amount, balance, checkNo, date, description, externalId, initialBalance, memo, ref, status, type, uuid, account_id, transfer_id, custom) values('InternalTransaction', 1211, 647.67, 13568.20, '', '2010-02-16', 'Transfer from Available', 'null', false, '', '', 0, 0, 'fe4ff758-57dc-3a60-8035-1ae4d214af19', 229, 1331, false);
insert into Split (id, amount, uuid, envelope_id, transaction_id) values(1212, 647.67, '1baa78f4-cb2e-3cad-967b-ed0845d98723', 252, 1211);
insert into Transaction (DTYPE, id, amount, balance, checkNo, date, description, externalId, initialBalance, memo, ref, status, type, uuid, account_id, transfer_id, custom) values('InternalTransaction', 1213, -47.38, 1179.78, '', '2010-02-15', 'SPROUTS', '201002161', false, '', '', 2, 1, '4e01c727-ca6a-3150-8f8e-a6f37b29e3e6', 229, null, false);
insert into Split (id, amount, uuid, envelope_id, transaction_id) values(1214, -47.38, '2fdb123c-938b-394b-95cb-2adbc507394a', 238, 1213);
insert into Transaction (DTYPE, id, amount, balance, checkNo, date, description, externalId, initialBalance, memo, ref, status, type, uuid, account_id, transfer_id, custom) values('InternalTransaction', 1215, 395.46, 1530.50, '', '2010-02-16', 'Transfer from Available', 'null', false, '', '', 0, 0, '6b4e3aa5-018c-32a0-9248-2ec0c552ecf6', 229, 1515, false);
insert into Split (id, amount, uuid, envelope_id, transaction_id) values(1216, 395.46, 'c56eff19-e30a-34ab-8626-643239a917be', 231, 1215);
insert into Transaction (DTYPE, id, amount, balance, checkNo, date, description, externalId, initialBalance, memo, ref, status, type, uuid, account_id, transfer_id, custom) values('InternalTransaction', 1217, 175.00, 4878.68, '', '2010-03-19', 'Transfer from Available', 'null', false, '', '', 2, 0, '75490554-5d55-3be9-a97d-b95c581c20bc', 229, 2439, false);
insert into Split (id, amount, uuid, envelope_id, transaction_id) values(1218, 175.00, '75d8aab5-3d04-3987-95d9-abe677b20eba', 275, 1217);
insert into Transaction (DTYPE, id, amount, balance, checkNo, date, description, externalId, initialBalance, memo, ref, status, type, uuid, account_id, transfer_id, custom) values('InternalTransaction', 1219, -40.00, 3260.70, '', '2009-11-02', 'ATM WITHDRAWAL 006104', '200911021', false, '11/023150 E IN', '', 2, 1, 'e8ed46b3-2411-3eaf-b75e-a347747036d1', 229, null, false);
insert into Split (id, amount, uuid, envelope_id, transaction_id) values(1220, -40.00, 'f9b0373c-7fe6-3d98-a5e0-8325706bd907', 276, 1219);
insert into Transaction (DTYPE, id, amount, balance, checkNo, date, description, externalId, initialBalance, memo, ref, status, type, uuid, account_id, transfer_id, custom) values('InternalTransaction', 1221, -10.04, 1365.26, '', '2009-12-21', 'QDOBA 428 11404282 P', '200912214', false, '12/19QDOBA 428', '', 2, 1, '9e460773-7dc4-307f-90d7-d2ab710b2aaa', 229, null, false);
insert into Split (id, amount, uuid, envelope_id, transaction_id) values(1222, -10.04, 'ca760d32-e2c9-3204-bedc-3b38ffce7451', 296, 1221);
insert into Transaction (DTYPE, id, amount, balance, checkNo, date, description, externalId, initialBalance, memo, ref, status, type, uuid, account_id, transfer_id, custom) values('InternalTransaction', 1223, -0.00, 5104.24, '', '2010-02-19', 'Transfer to Cox Communications', 'null', false, '', '', 2, 1, '19d9316a-f933-3d84-9dc6-95656eab3e30', 229, 2854, false);
insert into Split (id, amount, uuid, envelope_id, transaction_id) values(1224, -0.00, 'b67fbd3f-9c9e-385e-b1fb-599251d0f354', 293, 1223);
insert into Transaction (DTYPE, id, amount, balance, checkNo, date, description, externalId, initialBalance, memo, ref, status, type, uuid, account_id, transfer_id, custom) values('InternalTransaction', 1225, 10.98, 2600.48, '', '2010-04-30', 'Transfer from Available', 'null', false, '', '', 2, 0, 'd7ab0e71-430d-3239-9e88-c1b567f63a4d', 229, 2896, false);
insert into Split (id, amount, uuid, envelope_id, transaction_id) values(1226, 10.98, 'ffb7cdc0-5a63-343d-ac31-e3832d0876c9', 274, 1225);
insert into Transaction (DTYPE, id, amount, balance, checkNo, date, description, externalId, initialBalance, memo, ref, status, type, uuid, account_id, transfer_id, custom) values('InternalTransaction', 1227, -4.13, 4660.31, '', '2010-03-05', 'Transfer to Me.com', 'null', false, '', '', 2, 1, '18208b4c-6341-3e0c-9ca4-6ef0d30f454b', 229, 2852, false);
insert into Split (id, amount, uuid, envelope_id, transaction_id) values(1228, -4.13, '4ed197c8-3be5-3dc7-b518-59c1178c3f4e', 293, 1227);
insert into Transaction (DTYPE, id, amount, balance, checkNo, date, description, externalId, initialBalance, memo, ref, status, type, uuid, account_id, transfer_id, custom) values('InternalTransaction', 1229, -35.00, 3871.45, '', '2009-12-10', 'JOSEPH SCOTT SALON LLC P393003', '200912100', false, '12/09JOSEPH SC', '', 2, 1, '6f569943-cc4b-3203-ad7c-281686244f16', 229, null, false);
insert into Split (id, amount, uuid, envelope_id, transaction_id) values(1230, -35.00, '06759de1-d91c-360b-b8b0-4ab5015ce0e2', 260, 1229);
insert into Transaction (DTYPE, id, amount, balance, checkNo, date, description, externalId, initialBalance, memo, ref, status, type, uuid, account_id, transfer_id, custom) values('InternalTransaction', 1231, -571.75, 2658.36, '', '2010-03-08', 'BARCLAYCARD US CREDITCARD 8513', '201003081', false, '0445 WEB ID: 2510407970', '', 2, 1, 'db0236b3-7968-3aca-ab31-faff6b79d42c', 229, null, false);
insert into Split (id, amount, uuid, envelope_id, transaction_id) values(1232, -571.75, 'de0e0392-0623-39d4-8fb8-7d686f6f5432', 242, 1231);
insert into Transaction (DTYPE, id, amount, balance, checkNo, date, description, externalId, initialBalance, memo, ref, status, type, uuid, account_id, transfer_id, custom) values('InternalTransaction', 1233, -5.50, 3904.86, '', '2010-03-30', 'Transfer to Fast Food', 'null', false, '', '', 2, 1, 'a135ab8f-91ea-3b28-99d0-8563b0db2199', 229, 2405, false);
insert into Split (id, amount, uuid, envelope_id, transaction_id) values(1234, -5.50, '919388a3-9384-36bf-a677-ce0255d5cb13', 293, 1233);
insert into Transaction (DTYPE, id, amount, balance, checkNo, date, description, externalId, initialBalance, memo, ref, status, type, uuid, account_id, transfer_id, custom) values('InternalTransaction', 1235, 20.00, 20.00, '', '2010-02-23', 'Transfer from Spending', 'null', false, '', '', 2, 0, 'f8141547-787b-3f2a-83ab-a30d2a743d4c', 228, 2081, false);
insert into Split (id, amount, uuid, envelope_id, transaction_id) values(1236, 20.00, '5bdb0db0-3753-31d0-bb3d-031f811289eb', 250, 1235);
insert into Transaction (DTYPE, id, amount, balance, checkNo, date, description, externalId, initialBalance, memo, ref, status, type, uuid, account_id, transfer_id, custom) values('InternalTransaction', 1237, -13.00, 1277.60, '', '2010-04-07', 'ROSITA''S PLACE PHOENIX A', '201004074', false, '04/06ROSITA''S', '', 2, 1, '8a67f6db-1b4c-3fb6-afbb-5547437b2fd5', 229, null, false);
insert into Split (id, amount, uuid, envelope_id, transaction_id) values(1238, -13.00, 'b936621a-9db4-3773-9401-b56f914a1217', 296, 1237);
insert into Transaction (DTYPE, id, amount, balance, checkNo, date, description, externalId, initialBalance, memo, ref, status, type, uuid, account_id, transfer_id, custom) values('InternalTransaction', 1239, -25.00, null, '', '2010-04-02', 'CHASE INTERNET FUNDI 877', '201004023', false, '03/31CHASE INT', '', 2, 1, '1ad12b8a-b5ba-3315-989b-21bee1ebd05e', 229, null, false);
insert into Split (id, amount, uuid, envelope_id, transaction_id) values(1240, -25.00, '9e51f1d2-b32a-3a37-a2d0-29b36f2113be', 252, 1239);
insert into Transaction (DTYPE, id, amount, balance, checkNo, date, description, externalId, initialBalance, memo, ref, status, type, uuid, account_id, transfer_id, custom) values('InternalTransaction', 1241, -25.00, 2676.96, '', '2010-04-02', 'Transfer to Household', 'null', false, '', '', 2, 1, '735b02e4-427b-3641-9f7c-b14768e99f76', 229, 391, false);
insert into Split (id, amount, uuid, envelope_id, transaction_id) values(1242, -25.00, '44239bb9-e1eb-32dc-bca3-4dea76a0ccd1', 293, 1241);
insert into Transaction (DTYPE, id, amount, balance, checkNo, date, description, externalId, initialBalance, memo, ref, status, type, uuid, account_id, transfer_id, custom) values('InternalTransaction', 1243, 15.95, 4607.47, '', '2010-03-05', 'Transfer from Available', 'null', false, '', '', 2, 0, '1511872a-477b-324c-becc-df6f8c506c13', 229, 2383, false);
insert into Split (id, amount, uuid, envelope_id, transaction_id) values(1244, 15.95, 'e1843047-1f28-3ba3-85cd-7bf86a18c2d6', 233, 1243);
insert into Transaction (DTYPE, id, amount, balance, checkNo, date, description, externalId, initialBalance, memo, ref, status, type, uuid, account_id, transfer_id, custom) values('InternalTransaction', 1245, -26.82, 0.00, '', '2010-03-19', 'Transfer to Household', 'null', false, '', '', 2, 1, 'fd239d15-8428-32da-a242-54f11380b30d', 228, 1285, false);
insert into Split (id, amount, uuid, envelope_id, transaction_id) values(1246, -26.82, '22642178-742c-365d-bb79-61c011b10a46', 293, 1245);
insert into Transaction (DTYPE, id, amount, balance, checkNo, date, description, externalId, initialBalance, memo, ref, status, type, uuid, account_id, transfer_id, custom) values('InternalTransaction', 1247, -48.70, 2853.63, '', '2010-02-08', 'DELHI PALACE TEMPE AZ', '201002086', false, '02/06DELHI PAL', '', 2, 1, 'c5c636de-7ca6-3f15-878f-0dc9cc20d6dc', 229, null, false);
insert into Split (id, amount, uuid, envelope_id, transaction_id) values(1248, -48.70, 'dbd841bf-3eba-3731-9a3d-4fced32054e2', 296, 1247);
insert into Transaction (DTYPE, id, amount, balance, checkNo, date, description, externalId, initialBalance, memo, ref, status, type, uuid, account_id, transfer_id, custom) values('InternalTransaction', 1249, 0.77, 0.77, '', '2010-03-30', 'Transfer from Auto Fuel', 'null', false, '', '', 2, 0, '54f81dbe-968d-3775-b3f9-1b66b248a614', 228, 1579, false);
insert into Split (id, amount, uuid, envelope_id, transaction_id) values(1250, 0.77, '306c82bc-f43f-37b6-93b6-a420e0d26705', 293, 1249);
insert into Transaction (DTYPE, id, amount, balance, checkNo, date, description, externalId, initialBalance, memo, ref, status, type, uuid, account_id, transfer_id, custom) values('InternalTransaction', 1251, -5.39, 1207.14, '', '2010-03-17', 'BURGER KING #10259 TEMPE', '201003170', false, '03/15BURGER KI', '', 2, 1, '5240dc30-46c2-37b7-b4ef-e3af8ec4972e', 229, null, false);
insert into Split (id, amount, uuid, envelope_id, transaction_id) values(1252, -5.39, '2898406c-93ce-3feb-a78d-887a671d7741', 246, 1251);
insert into Transaction (DTYPE, id, amount, balance, checkNo, date, description, externalId, initialBalance, memo, ref, status, type, uuid, account_id, transfer_id, custom) values('InternalTransaction', 1253, 17.49, 4624.96, '', '2010-03-05', 'Transfer from Available', 'null', false, '', '', 2, 0, 'eac9c86c-8b1f-3194-9edd-7c15053897f3', 229, 2595, false);
insert into Split (id, amount, uuid, envelope_id, transaction_id) values(1254, 17.49, '21ced654-eec4-3696-aede-752d3ff667e7', 271, 1253);
insert into Transaction (DTYPE, id, amount, balance, checkNo, date, description, externalId, initialBalance, memo, ref, status, type, uuid, account_id, transfer_id, custom) values('InternalTransaction', 1255, 60.00, 3976.07, '', '2010-03-23', 'Transfer from Available', 'null', false, '', '', 2, 0, '77c57c23-e22b-3606-93b5-0922ac255f0c', 229, 2317, false);
insert into Split (id, amount, uuid, envelope_id, transaction_id) values(1256, 60.00, '950694d3-0efe-3dc2-94d9-5eb88e20029c', 276, 1255);
insert into Transaction (DTYPE, id, amount, balance, checkNo, date, description, externalId, initialBalance, memo, ref, status, type, uuid, account_id, transfer_id, custom) values('InternalTransaction', 1257, 32.27, 2437.05, '', '2010-02-28', 'Transfer from Available', 'null', false, '', '', 2, 0, '333f74dd-511e-389e-a122-4683d7c8f21c', 229, 375, false);
insert into Split (id, amount, uuid, envelope_id, transaction_id) values(1258, 32.27, '60e71f80-2e63-3feb-bc80-9dc1c105bb28', 296, 1257);
insert into Transaction (DTYPE, id, amount, balance, checkNo, date, description, externalId, initialBalance, memo, ref, status, type, uuid, account_id, transfer_id, custom) values('InternalTransaction', 1259, -967.50, 6625.07, '', '2010-02-16', 'Transfer to Lofts @ Arcadia', 'null', false, '', '', 0, 1, '09b452e5-ef9f-3134-ab61-74799e0f3258', 229, 1425, false);
insert into Split (id, amount, uuid, envelope_id, transaction_id) values(1260, -967.50, 'fe008f40-6cf6-3592-93ba-927583939d0b', 293, 1259);
insert into Transaction (DTYPE, id, amount, balance, checkNo, date, description, externalId, initialBalance, memo, ref, status, type, uuid, account_id, transfer_id, custom) values('InternalTransaction', 1261, -10.02, 0.00, '', '2010-03-16', 'Transfer to Available', 'null', false, '', '', 2, 1, '616921e1-08a1-336c-b40a-69d0c864c848', 228, 2902, false);
insert into Split (id, amount, uuid, envelope_id, transaction_id) values(1262, -10.02, '94737522-22bf-3fa4-b2c4-b9a1cd4773a9', 254, 1261);
insert into Transaction (DTYPE, id, amount, balance, checkNo, date, description, externalId, initialBalance, memo, ref, status, type, uuid, account_id, transfer_id, custom) values('InternalTransaction', 1263, -49.95, 1650.54, '', '2010-03-15', 'COX*PHOENIX COMM SER 602', '201003150', false, '03/13COX*PHOEN', '', 2, 1, '2d5a876d-1e2d-39ce-b715-562c886100dd', 229, null, false);
insert into Split (id, amount, uuid, envelope_id, transaction_id) values(1264, -49.95, 'f8efd8b5-3036-3748-bb87-0bae8e940db3', 268, 1263);
insert into Transaction (DTYPE, id, amount, balance, checkNo, date, description, externalId, initialBalance, memo, ref, status, type, uuid, account_id, transfer_id, custom) values('InternalTransaction', 1265, -44.00, 0.00, '', '2010-03-30', 'Transfer to Spending', 'null', false, '', '', 2, 1, 'e3cadbc6-20c3-3be3-b567-bce85fbfd0ee', 228, 1269, false);
insert into Split (id, amount, uuid, envelope_id, transaction_id) values(1266, -44.00, 'dcfc5ceb-6ae4-358c-8e91-b55d98da94f3', 293, 1265);
insert into Transaction (DTYPE, id, amount, balance, checkNo, date, description, externalId, initialBalance, memo, ref, status, type, uuid, account_id, transfer_id, custom) values('InternalTransaction', 1267, 18.53, 668.58, '', '2010-04-16', 'Transfer from Available', 'null', false, '', '', 2, 0, 'ab122a6f-5ac5-3141-885d-f5002de4f5c2', 229, 2259, false);
insert into Split (id, amount, uuid, envelope_id, transaction_id) values(1268, 18.53, 'c8a10fd7-6c1d-3339-84aa-7f591f8781b7', 238, 1267);
insert into Transaction (DTYPE, id, amount, balance, checkNo, date, description, externalId, initialBalance, memo, ref, status, type, uuid, account_id, transfer_id, custom) values('InternalTransaction', 1269, 44.00, 44.00, '', '2010-03-30', 'Transfer from Available', 'null', false, '', '', 2, 0, 'fa9470c1-e6ca-3589-afab-fb425016d0da', 228, 1265, false);
insert into Split (id, amount, uuid, envelope_id, transaction_id) values(1270, 44.00, '590ea66e-2db9-3017-b470-c6001ad54e43', 252, 1269);
insert into Transaction (DTYPE, id, amount, balance, checkNo, date, description, externalId, initialBalance, memo, ref, status, type, uuid, account_id, transfer_id, custom) values('InternalTransaction', 1271, 2159.86, 3171.99, '', '2010-02-18', 'VVM', '201002190', false, '', '', 2, 0, '1705cd8e-d148-3b4c-8520-f530680b50a3', 229, null, false);
insert into Split (id, amount, uuid, envelope_id, transaction_id) values(1272, 2159.86, '503adb0b-28c9-3db0-ac9e-c812b6f51cd5', 293, 1271);
insert into Transaction (DTYPE, id, amount, balance, checkNo, date, description, externalId, initialBalance, memo, ref, status, type, uuid, account_id, transfer_id, custom) values('InternalTransaction', 1273, 26.82, 2453.27, '', '2010-03-19', 'Transfer from Available', 'null', false, '', '', 2, 0, '4d94245d-91a1-3304-af06-aa9d2b1b0b14', 229, 301, false);
insert into Split (id, amount, uuid, envelope_id, transaction_id) values(1274, 26.82, 'fbd865f2-ce53-34f9-bcde-6a7eeebda4a8', 287, 1273);
insert into Transaction (DTYPE, id, amount, balance, checkNo, date, description, externalId, initialBalance, memo, ref, status, type, uuid, account_id, transfer_id, custom) values('InternalTransaction', 1275, -240.00, 2516.44, '', '2010-01-08', 'ATM WITHDRAWAL 006547', '201001081', false, '01/077801 N 19', '', 2, 1, '827a8dc2-99e8-3767-b9e9-bb199cc8b9d4', 229, null, false);
insert into Split (id, amount, uuid, envelope_id, transaction_id) values(1276, -240.00, '0fd8e075-f6a7-30c3-9716-af30ff23cf9b', 276, 1275);
insert into Transaction (DTYPE, id, amount, balance, checkNo, date, description, externalId, initialBalance, memo, ref, status, type, uuid, account_id, transfer_id, custom) values('InternalTransaction', 1277, -20.58, 5047.60, '', '2009-11-27', 'PEI WEI #0023 Q02 P', '200911272', false, '11/24PEI WEI #', '', 2, 1, 'a03b89ab-2183-3107-bea4-c3a8db00db3e', 229, null, false);
insert into Split (id, amount, uuid, envelope_id, transaction_id) values(1278, -20.58, '3a41407a-8687-397c-b036-12ae0da18da5', 296, 1277);
insert into Transaction (DTYPE, id, amount, balance, checkNo, date, description, externalId, initialBalance, memo, ref, status, type, uuid, account_id, transfer_id, custom) values('InternalTransaction', 1279, 69.24, 69.24, '', '2010-04-29', 'Transfer from Auto Registration', 'null', false, '', '', 2, 0, 'd8fb5651-dad3-35dd-9775-34cdd8f3a08c', 228, 2581, false);
insert into Split (id, amount, uuid, envelope_id, transaction_id) values(1280, 69.24, 'b52eaf29-5a9b-331c-831f-2539d9d984fa', 245, 1279);
insert into Transaction (DTYPE, id, amount, balance, checkNo, date, description, externalId, initialBalance, memo, ref, status, type, uuid, account_id, transfer_id, custom) values('InternalTransaction', 1281, 1.10, 1.10, '', '2010-03-16', 'Transfer from Spending', 'null', false, '', '', 2, 0, '8582f5a0-dfbc-3596-a760-582f6801f564', 228, 307, false);
insert into Split (id, amount, uuid, envelope_id, transaction_id) values(1282, 1.10, '0aa1b748-e536-3318-baf8-d81011a846df', 254, 1281);
insert into Transaction (DTYPE, id, amount, balance, checkNo, date, description, externalId, initialBalance, memo, ref, status, type, uuid, account_id, transfer_id, custom) values('InternalTransaction', 1283, 325.00, 2206.47, '', '2010-02-16', 'Transfer from Available', 'null', false, '', '', 0, 0, '20cf9c62-078a-37c3-858f-572d04e28cda', 229, 1041, false);
insert into Split (id, amount, uuid, envelope_id, transaction_id) values(1284, 325.00, '062dd471-bd0e-3719-b724-ade8029bb9a7', 248, 1283);
insert into Transaction (DTYPE, id, amount, balance, checkNo, date, description, externalId, initialBalance, memo, ref, status, type, uuid, account_id, transfer_id, custom) values('InternalTransaction', 1285, 26.82, 26.82, '', '2010-03-19', 'Transfer from Available', 'null', false, '', '', 2, 0, 'f694ea1b-a3ba-306a-b193-0673689bf31e', 228, 1245, false);
insert into Split (id, amount, uuid, envelope_id, transaction_id) values(1286, 26.82, '0a465835-36c1-3c9e-9cf4-22c0c9fd2cf5', 239, 1285);
insert into Transaction (DTYPE, id, amount, balance, checkNo, date, description, externalId, initialBalance, memo, ref, status, type, uuid, account_id, transfer_id, custom) values('InternalTransaction', 1287, -1.11, null, '', '2010-03-19', 'QT 400 TEMPE AZ 850795', '201003193', false, '03/18QT 400 TE', '', 2, 1, 'f49afc67-60d9-3df6-97fa-97fbe5966acd', 229, null, false);
insert into Split (id, amount, uuid, envelope_id, transaction_id) values(1288, -1.11, 'cea7debc-2aef-31c3-b57a-438ae307c4de', 252, 1287);
insert into Transaction (DTYPE, id, amount, balance, checkNo, date, description, externalId, initialBalance, memo, ref, status, type, uuid, account_id, transfer_id, custom) values('InternalTransaction', 1289, 65.00, 1200.04, '', '2010-02-16', 'Transfer from Available', 'null', false, '', '', 0, 0, 'cf51b20b-14f4-3c2f-87ad-b069c05cd35a', 229, 2361, false);
insert into Split (id, amount, uuid, envelope_id, transaction_id) values(1290, 65.00, 'e3c03fe1-f08f-366d-83ed-8831b788a31e', 236, 1289);
insert into Transaction (DTYPE, id, amount, balance, checkNo, date, description, externalId, initialBalance, memo, ref, status, type, uuid, account_id, transfer_id, custom) values('InternalTransaction', 1291, -176.64, 2589.50, '', '2010-04-30', 'Transfer to Spending', 'null', false, '', '', 2, 1, '92fdd407-7fd7-3870-bc12-418e191da7ca', 229, 2679, false);
insert into Split (id, amount, uuid, envelope_id, transaction_id) values(1292, -176.64, '403abccd-6762-343b-8924-f3cd25bcbcbe', 293, 1291);
insert into Transaction (DTYPE, id, amount, balance, checkNo, date, description, externalId, initialBalance, memo, ref, status, type, uuid, account_id, transfer_id, custom) values('InternalTransaction', 1293, 0.00, 4878.68, '', '2010-03-19', 'Transfer from Available', 'null', false, '', '', 2, 1, 'ebf177b8-a327-3f35-b700-6e12196b7066', 229, 2841, false);
insert into Split (id, amount, uuid, envelope_id, transaction_id) values(1294, 0.00, 'a0b00214-e734-321e-9a97-1912e0c3b202', 274, 1293);
insert into Transaction (DTYPE, id, amount, balance, checkNo, date, description, externalId, initialBalance, memo, ref, status, type, uuid, account_id, transfer_id, custom) values('InternalTransaction', 1295, 163.00, 3734.63, '', '2010-04-16', 'Transfer from Available', 'null', false, '', '', 2, 0, '835e7300-2275-3587-9724-8d6c8b7c148b', 229, 2151, false);
insert into Split (id, amount, uuid, envelope_id, transaction_id) values(1296, 163.00, '80ab90bf-6fa4-35c2-86ba-e099a165630a', 258, 1295);
insert into Transaction (DTYPE, id, amount, balance, checkNo, date, description, externalId, initialBalance, memo, ref, status, type, uuid, account_id, transfer_id, custom) values('InternalTransaction', 1297, 250.00, 250.00, '', '2010-03-31', 'Transfer from Available', 'null', false, '', '', 2, 0, '0a0c337b-27d2-355f-a745-0be4247c1486', 228, 3204, false);
insert into Split (id, amount, uuid, envelope_id, transaction_id) values(1298, 250.00, 'c7ccbfbd-9a70-38b8-899b-82e996ef0b35', 248, 1297);
insert into Transaction (DTYPE, id, amount, balance, checkNo, date, description, externalId, initialBalance, memo, ref, status, type, uuid, account_id, transfer_id, custom) values('InternalTransaction', 1299, -3.98, 1286.38, '', '2010-04-08', 'Transfer to Fast Food', 'null', false, '', '', 2, 1, '49c155e4-43c3-3e37-b28e-a35e8c8748c1', 229, 2815, false);
insert into Split (id, amount, uuid, envelope_id, transaction_id) values(1300, -3.98, 'ea7411e0-dd36-35e9-b955-7cbe2f87c813', 293, 1299);
insert into Transaction (DTYPE, id, amount, balance, checkNo, date, description, externalId, initialBalance, memo, ref, status, type, uuid, account_id, transfer_id, custom) values('InternalTransaction', 1301, -5.02, 3000.18, '', '2009-12-28', 'COLDSTN CREAM #1429 GLEN', '2009122810', false, '12/26COLDSTN C', '', 2, 1, '3503467d-bfff-3ad9-bdeb-318a442b6ff1', 229, null, false);
insert into Split (id, amount, uuid, envelope_id, transaction_id) values(1302, -5.02, 'f6dad7d1-3d24-366d-b3ea-36f9637f1f4a', 296, 1301);
insert into Transaction (DTYPE, id, amount, balance, checkNo, date, description, externalId, initialBalance, memo, ref, status, type, uuid, account_id, transfer_id, custom) values('InternalTransaction', 1303, -4.32, 4703.06, '', '2010-03-20', 'GAME NIGHTZ', '2010032215', false, '', '', 2, 1, '69b1bb4d-5a16-39c5-9856-4d76207806b7', 229, null, false);
insert into Split (id, amount, uuid, envelope_id, transaction_id) values(1304, -4.32, '266a9ffd-233d-3418-927b-b891a844b0c0', 241, 1303);
insert into Transaction (DTYPE, id, amount, balance, checkNo, date, description, externalId, initialBalance, memo, ref, status, type, uuid, account_id, transfer_id, custom) values('InternalTransaction', 1305, -10.29, 1966.95, '', '2010-01-04', 'PEI WEI #0023 Q02 P', '201001047', false, '12/31PEI WEI #', '', 2, 1, '30e7aaf9-e9f2-3a23-99d4-51c9c395c85a', 229, null, false);
insert into Split (id, amount, uuid, envelope_id, transaction_id) values(1306, -10.29, '8d553ad7-078a-3c14-afd1-3a5f6ddf8b8f', 296, 1305);
insert into Transaction (DTYPE, id, amount, balance, checkNo, date, description, externalId, initialBalance, memo, ref, status, type, uuid, account_id, transfer_id, custom) values('InternalTransaction', 1307, -4.00, 3086.61, '', '2009-12-02', 'AZ MOTOR VEHICLE DIV 866', '200912023', false, '11/30AZ MOTOR', '', 2, 1, '8decf053-ef94-3f4b-91d5-f82244436ec2', 229, null, false);
insert into Split (id, amount, uuid, envelope_id, transaction_id) values(1308, -4.00, '8b45b180-b71f-3ea8-bfd8-cba205f53bd3', 294, 1307);
insert into Transaction (DTYPE, id, amount, balance, checkNo, date, description, externalId, initialBalance, memo, ref, status, type, uuid, account_id, transfer_id, custom) values('InternalTransaction', 1309, -345.10, 2422.59, '', '2010-02-23', 'HSBC CARD SRVCS Online Pmt 0000', '201002230', false, '00537318051 WEB ID: 2000000510', '', 2, 1, '7e1c9ed8-e9d5-3eee-88d7-54a5e0002617', 229, null, false);
insert into Split (id, amount, uuid, envelope_id, transaction_id) values(1310, -345.10, '692b5ac7-2408-39ff-ad09-d987b0aa84a1', 242, 1309);
insert into Transaction (DTYPE, id, amount, balance, checkNo, date, description, externalId, initialBalance, memo, ref, status, type, uuid, account_id, transfer_id, custom) values('InternalTransaction', 1311, -115.86, 4932.00, '', '2010-02-16', 'Transfer to Eating Out', 'null', false, '', '', 0, 1, '4e5f0c19-4003-38fd-85ec-5ca2e3b55e22', 229, 1471, false);
insert into Split (id, amount, uuid, envelope_id, transaction_id) values(1312, -115.86, '3bc48ca6-a035-3745-b6b5-740724cc5724', 293, 1311);
insert into Transaction (DTYPE, id, amount, balance, checkNo, date, description, externalId, initialBalance, memo, ref, status, type, uuid, account_id, transfer_id, custom) values('InternalTransaction', 1313, -31.90, 4986.88, '', '2009-11-13', 'SRR*SIRIUS RADIO 888-539', '200911132', false, '11/12SRR*SIRIU', '', 2, 1, 'f88b8a3f-b097-3833-b875-7ab13f2f1fff', 229, null, false);
insert into Split (id, amount, uuid, envelope_id, transaction_id) values(1314, -31.90, 'c9d39d58-a1ab-3f80-979d-e77be9d37656', 233, 1313);
insert into Transaction (DTYPE, id, amount, balance, checkNo, date, description, externalId, initialBalance, memo, ref, status, type, uuid, account_id, transfer_id, custom) values('InternalTransaction', 1315, -75.99, 2176.49, '', '2009-11-04', 'DTV*DIRECTV SERVICE 800-', '200911040', false, '11/03DTV*DIREC', '', 2, 1, 'ad132546-a5b7-30a2-9f55-fd444bcb87fb', 229, null, false);
insert into Split (id, amount, uuid, envelope_id, transaction_id) values(1316, -75.99, '150f4d21-375d-346c-be5f-422d07991c41', 273, 1315);
insert into Transaction (DTYPE, id, amount, balance, checkNo, date, description, externalId, initialBalance, memo, ref, status, type, uuid, account_id, transfer_id, custom) values('InternalTransaction', 1317, -39.09, 4351.06, '', '2009-11-18', 'BARCLAYCARD US CREDITCARD 7708', '200911181', false, '5597 WEB ID: 2510407970', '', 2, 1, 'e50828b1-634f-3f56-8f13-0bb62d47bd27', 229, null, false);
insert into Split (id, amount, uuid, envelope_id, transaction_id) values(1318, -39.09, '43f5f413-842b-3403-bcf8-d12aa9545060', 242, 1317);
insert into Transaction (DTYPE, id, amount, balance, checkNo, date, description, externalId, initialBalance, memo, ref, status, type, uuid, account_id, transfer_id, custom) values('InternalTransaction', 1319, 925.00, 3879.99, '', '2010-03-05', 'PAYPAL TRANSFER PPD', '201003051', false, '', '', 2, 0, 'dcbaec73-2058-3274-8956-dc453a156b86', 229, null, false);
insert into Split (id, amount, uuid, envelope_id, transaction_id) values(1320, 925.00, '3bb7ec72-3fa6-358d-8bb7-454dc2d9e783', 293, 1319);
insert into Transaction (DTYPE, id, amount, balance, checkNo, date, description, externalId, initialBalance, memo, ref, status, type, uuid, account_id, transfer_id, custom) values('InternalTransaction', 1321, -80.00, 743.63, '', '2010-03-02', 'U-HAUL GRAND AV 3601 PHO632679', '201003024', false, '03/01U-HAUL GR', '', 2, 1, '354827ca-f9f3-3558-b5ef-0e1f4ffc3ba2', 229, null, false);
insert into Split (id, amount, uuid, envelope_id, transaction_id) values(1322, -80.00, '82f3e51d-df8f-3cd6-a094-2a099d09af58', 252, 1321);
insert into Transaction (DTYPE, id, amount, balance, checkNo, date, description, externalId, initialBalance, memo, ref, status, type, uuid, account_id, transfer_id, custom) values('InternalTransaction', 1323, 242.28, 2647.06, '', '2010-02-28', 'Transfer from Available', 'null', false, '', '', 2, 0, 'b9b07645-820a-3db8-b71e-b2d1ae07edc5', 229, 413, false);
insert into Split (id, amount, uuid, envelope_id, transaction_id) values(1324, 242.28, '02b994b0-e7e2-32f6-983f-bf530e7d0b5e', 264, 1323);
insert into Transaction (DTYPE, id, amount, balance, checkNo, date, description, externalId, initialBalance, memo, ref, status, type, uuid, account_id, transfer_id, custom) values('InternalTransaction', 1325, -12.00, 3090.61, '', '2009-12-02', 'ROSITA''S PLACE PHOENIX A', '200912022', false, '12/01ROSITA''S', '', 2, 1, 'cf901018-b848-3098-bf9d-b3be15cd77fe', 229, null, false);
insert into Split (id, amount, uuid, envelope_id, transaction_id) values(1326, -12.00, 'c3363823-1e68-3e98-9750-1ce9d9cbe557', 296, 1325);
insert into Transaction (DTYPE, id, amount, balance, checkNo, date, description, externalId, initialBalance, memo, ref, status, type, uuid, account_id, transfer_id, custom) values('InternalTransaction', 1327, -13.99, 6443.42, '', '2010-03-19', 'Transfer to Arrowhead Water', 'null', false, '', '', 2, 1, '42f59145-8d17-3a16-9c87-4c749bcf8513', 229, 3188, false);
insert into Split (id, amount, uuid, envelope_id, transaction_id) values(1328, -13.99, 'a23b4841-5abc-320b-8df8-a57224fa297d', 293, 1327);
insert into Transaction (DTYPE, id, amount, balance, checkNo, date, description, externalId, initialBalance, memo, ref, status, type, uuid, account_id, transfer_id, custom) values('InternalTransaction', 1329, 5.25, 5.25, '', '2010-04-13', 'Transfer from Household', 'null', false, '', '', 2, 0, '1dc619d5-5254-3416-a6ef-74e3c13e899b', 228, 799, false);
insert into Split (id, amount, uuid, envelope_id, transaction_id) values(1330, 5.25, '4149e6b5-f204-35b6-9713-3df91ecb06a6', 293, 1329);
insert into Transaction (DTYPE, id, amount, balance, checkNo, date, description, externalId, initialBalance, memo, ref, status, type, uuid, account_id, transfer_id, custom) values('InternalTransaction', 1331, -647.67, 4853.77, '', '2010-02-16', 'Transfer to Spending', 'null', false, '', '', 0, 1, '67843941-5a20-32bb-b3f5-4c95323f18e2', 229, 1211, false);
insert into Split (id, amount, uuid, envelope_id, transaction_id) values(1332, -647.67, '9a48bb6a-9e85-3b49-b681-af98dc57b7ad', 293, 1331);
insert into Transaction (DTYPE, id, amount, balance, checkNo, date, description, externalId, initialBalance, memo, ref, status, type, uuid, account_id, transfer_id, custom) values('InternalTransaction', 1333, 79.27, 14687.47, '', '2010-02-16', 'Transfer from Available', 'null', false, '', '', 0, 0, 'e7e4dd08-0d18-3e67-b10d-006441d86bca', 229, 713, false);
insert into Split (id, amount, uuid, envelope_id, transaction_id) values(1334, 79.27, '44ef8f35-f02d-3741-8a60-707368c003fb', 246, 1333);
insert into Transaction (DTYPE, id, amount, balance, checkNo, date, description, externalId, initialBalance, memo, ref, status, type, uuid, account_id, transfer_id, custom) values('InternalTransaction', 1335, -790.91, 2415.65, '', '2009-11-03', 'LOANSERVICING AUTOMATIC', '200911031', false, 'PPD ID: 1231694840', '', 2, 1, '1e1a1662-c63d-36bb-b3da-892d3a01e53c', 229, null, false);
insert into Split (id, amount, uuid, envelope_id, transaction_id) values(1336, -790.91, 'fea0fef1-22ab-3061-b49d-1b9144838e71', 231, 1335);
insert into Transaction (DTYPE, id, amount, balance, checkNo, date, description, externalId, initialBalance, memo, ref, status, type, uuid, account_id, transfer_id, custom) values('InternalTransaction', 1337, -3.25, 3908.20, '', '2009-12-09', '24 HOUR FITNESS #869 CAR', '200912090', false, '12/0724 HOUR F', '', 2, 1, '0e6ef473-4965-3f89-b988-e00a0768d10f', 229, null, false);
insert into Split (id, amount, uuid, envelope_id, transaction_id) values(1338, -3.25, '87fd64f5-5f92-3117-8594-3f2cea507378', 271, 1337);
insert into Transaction (DTYPE, id, amount, balance, checkNo, date, description, externalId, initialBalance, memo, ref, status, type, uuid, account_id, transfer_id, custom) values('InternalTransaction', 1339, -10.85, 0.00, '', '2010-04-29', 'Transfer to Household', 'null', false, '', '', 2, 1, '55a6e83b-a39b-3169-adf6-e82c0b2c114c', 228, 549, false);
insert into Split (id, amount, uuid, envelope_id, transaction_id) values(1340, -10.85, '9697d41d-88c1-3040-821c-9ef2003d0a47', 267, 1339);
insert into Transaction (DTYPE, id, amount, balance, checkNo, date, description, externalId, initialBalance, memo, ref, status, type, uuid, account_id, transfer_id, custom) values('InternalTransaction', 1341, -28.87, 400.96, '', '2010-04-29', 'Transfer to Eating Out', 'null', false, '', '', 2, 1, '6d571c7e-5773-3fbd-b762-08126acbf7b8', 229, 2485, false);
insert into Split (id, amount, uuid, envelope_id, transaction_id) values(1342, -28.87, '9c82eb65-25d1-3ffb-9822-ac075c6924a2', 293, 1341);
insert into Transaction (DTYPE, id, amount, balance, checkNo, date, description, externalId, initialBalance, memo, ref, status, type, uuid, account_id, transfer_id, custom) values('InternalTransaction', 1343, -7.30, 2173.13, '', '2010-03-10', 'TACO BELL #21245 TEMPE A', '201003101', false, '03/08TACO BELL', '', 2, 1, '1ca2743e-2e0d-3e53-b65a-85ca9619d2e4', 229, null, false);
insert into Split (id, amount, uuid, envelope_id, transaction_id) values(1344, -7.30, '620bcf93-2a76-362c-b9c5-204e0a15b1b4', 246, 1343);
insert into Transaction (DTYPE, id, amount, balance, checkNo, date, description, externalId, initialBalance, memo, ref, status, type, uuid, account_id, transfer_id, custom) values('InternalTransaction', 1345, -309.00, 857.23, '', '2010-01-05', 'Rossmar & Graham TENANT', '201001051', false, 'WEB ID: W050568743', '', 2, 1, 'ba807da6-6b59-37cb-83cb-a2a68db488fd', 229, null, false);
insert into Split (id, amount, uuid, envelope_id, transaction_id) values(1346, -309.00, '29758708-900d-383a-a530-587d4ee3f5bd', 258, 1345);
insert into Transaction (DTYPE, id, amount, balance, checkNo, date, description, externalId, initialBalance, memo, ref, status, type, uuid, account_id, transfer_id, custom) values('InternalTransaction', 1347, -80.00, 2290.39, '269', '2010-03-08', 'Annette Trijillo', '201003084', false, '', '', 2, 1, 'c36a9075-b2cc-339e-acde-3fc57355465a', 229, null, false);
insert into Split (id, amount, uuid, envelope_id, transaction_id) values(1348, -80.00, '4ff43b18-df86-33d3-9ceb-a5cc95190d31', 261, 1347);
insert into Transaction (DTYPE, id, amount, balance, checkNo, date, description, externalId, initialBalance, memo, ref, status, type, uuid, account_id, transfer_id, custom) values('InternalTransaction', 1349, -65.00, 4967.52, '', '2010-04-16', 'Transfer to Cox Communications', 'null', false, '', '', 2, 1, 'c823fa75-9dac-3fb7-b247-e60050a399f9', 229, 1697, false);
insert into Split (id, amount, uuid, envelope_id, transaction_id) values(1350, -65.00, '7400a7c0-219e-3056-a8f5-6c3a8b32f7de', 293, 1349);
insert into Transaction (DTYPE, id, amount, balance, checkNo, date, description, externalId, initialBalance, memo, ref, status, type, uuid, account_id, transfer_id, custom) values('InternalTransaction', 1351, 60.00, 60.00, '', '2010-03-30', 'Transfer from Available', 'null', false, '', '', 2, 0, '930266b9-e7f0-37fe-b409-8e1ead6d0ebd', 228, 2729, false);
insert into Split (id, amount, uuid, envelope_id, transaction_id) values(1352, 60.00, '772942f5-9b60-35f9-99b4-2e16ea8f07d8', 250, 1351);
insert into Transaction (DTYPE, id, amount, balance, checkNo, date, description, externalId, initialBalance, memo, ref, status, type, uuid, account_id, transfer_id, custom) values('InternalTransaction', 1353, -835.75, 1663.02, '', '2010-04-19', 'IRS USATAXPYMT 2700', '201004198', false, '50900116530 WEB ID: 3387702000', '', 2, 1, '98acac6d-9859-3e22-acd3-22a2718ce21a', 229, null, false);
insert into Split (id, amount, uuid, envelope_id, transaction_id) values(1354, -835.75, 'f5750e86-4584-3565-85c1-49ad92cdae44', 275, 1353);
insert into Transaction (DTYPE, id, amount, balance, checkNo, date, description, externalId, initialBalance, memo, ref, status, type, uuid, account_id, transfer_id, custom) values('InternalTransaction', 1355, -64.93, 2575.79, '', '2009-12-14', 'TLF*PHOENIX FLOWER SHO P', '200912148', false, '12/12TLF*PHOEN', '', 2, 1, '64950ec1-1a6a-3a71-95c1-20e5cae207e3', 229, null, false);
insert into Split (id, amount, uuid, envelope_id, transaction_id) values(1356, -64.93, 'da5db82f-6a91-32d5-a77b-b024b585bfd2', 284, 1355);
insert into Transaction (DTYPE, id, amount, balance, checkNo, date, description, externalId, initialBalance, memo, ref, status, type, uuid, account_id, transfer_id, custom) values('InternalTransaction', 1357, 22.00, 22.00, '', '2010-04-02', 'Transfer from Available', 'null', false, '', '', 2, 0, '2c1e083e-ab14-38e9-9133-2601ce310468', 228, 911, false);
insert into Split (id, amount, uuid, envelope_id, transaction_id) values(1358, 22.00, '5ec6a07c-df3e-3826-8d9b-f4659fd0c1c6', 238, 1357);
insert into Transaction (DTYPE, id, amount, balance, checkNo, date, description, externalId, initialBalance, memo, ref, status, type, uuid, account_id, transfer_id, custom) values('InternalTransaction', 1359, -347.62, 17136.93, '', '2010-02-16', 'Transfer to Auto Registration', 'null', false, '', '', 0, 1, '7b1e3cd3-0792-31ae-ab28-4c1662732b9a', 229, 2575, false);
insert into Split (id, amount, uuid, envelope_id, transaction_id) values(1360, -347.62, 'ba075cfe-1d5b-3a8c-8170-b7fefc9ce48e', 293, 1359);
insert into Transaction (DTYPE, id, amount, balance, checkNo, date, description, externalId, initialBalance, memo, ref, status, type, uuid, account_id, transfer_id, custom) values('InternalTransaction', 1361, -5.61, 2086.00, '', '2010-02-01', 'BURGER KING #2915 TEMPE', '201002015', false, '01/28BURGER KI', '', 2, 1, '38b691e5-2dae-3740-be43-622066036d59', 229, null, false);
insert into Split (id, amount, uuid, envelope_id, transaction_id) values(1362, -5.61, '0d9f42e3-9aa2-3f50-af7f-646d8753fd87', 246, 1361);
insert into Transaction (DTYPE, id, amount, balance, checkNo, date, description, externalId, initialBalance, memo, ref, status, type, uuid, account_id, transfer_id, custom) values('InternalTransaction', 1363, -395.46, 4567.07, '', '2010-04-16', 'Transfer to GMAC Mortgage', 'null', false, '', '', 2, 1, '5ebcc67d-15c0-35a2-bd14-0840430da21d', 229, 1055, false);
insert into Split (id, amount, uuid, envelope_id, transaction_id) values(1364, -395.46, '850e2254-4961-36ad-9063-d2a30f86b292', 293, 1363);
insert into Transaction (DTYPE, id, amount, balance, checkNo, date, description, externalId, initialBalance, memo, ref, status, type, uuid, account_id, transfer_id, custom) values('InternalTransaction', 1365, -35.51, 3840.26, '', '2010-02-19', 'Transfer to New Car', 'null', false, '', '', 2, 1, '6f39ddbb-a4d3-3d93-ad87-b892fe417f87', 229, 1993, false);
insert into Split (id, amount, uuid, envelope_id, transaction_id) values(1366, -35.51, 'a602a8c8-289e-34b6-895d-c5b8741cfdf4', 293, 1365);
insert into Transaction (DTYPE, id, amount, balance, checkNo, date, description, externalId, initialBalance, memo, ref, status, type, uuid, account_id, transfer_id, custom) values('InternalTransaction', 1367, -19.98, 0.00, '', '2010-04-23', 'Transfer to Spending', 'null', false, '', '', 2, 1, '1b96b754-f914-3369-8445-573df204a714', 228, 751, false);
insert into Split (id, amount, uuid, envelope_id, transaction_id) values(1368, -19.98, 'dd3938cd-a5f8-3cef-838f-b7138c5bab4c', 287, 1367);
insert into Transaction (DTYPE, id, amount, balance, checkNo, date, description, externalId, initialBalance, memo, ref, status, type, uuid, account_id, transfer_id, custom) values('InternalTransaction', 1369, -747.31, 4581.86, '', '2009-12-14', 'FLOOR SOURCE LLC PHOENIX', '200912141', false, '12/11FLOOR SOU', '', 2, 1, 'ab12bbe5-77b9-3d3d-a937-b1049dcc61d0', 229, null, false);
insert into Split (id, amount, uuid, envelope_id, transaction_id) values(1370, -747.31, 'cb8f9e20-d907-30d4-a846-a3ee39be0450', 251, 1369);
insert into Transaction (DTYPE, id, amount, balance, checkNo, date, description, externalId, initialBalance, memo, ref, status, type, uuid, account_id, transfer_id, custom) values('InternalTransaction', 1371, 4.89, 811.63, '', '2010-04-13', 'Transfer from Available', 'null', false, '', '', 2, 0, '822dfa1d-f00a-3a2f-b24e-0e9b5089ec99', 229, 2353, false);
insert into Split (id, amount, uuid, envelope_id, transaction_id) values(1372, 4.89, '70a449db-5ad3-3a18-8e10-435b7efb6d84', 246, 1371);
insert into Transaction (DTYPE, id, amount, balance, checkNo, date, description, externalId, initialBalance, memo, ref, status, type, uuid, account_id, transfer_id, custom) values('InternalTransaction', 1373, -9.98, 1483.02, '', '2010-01-13', 'EASYNEWS HOL* WINTER PAR', '201001131', false, '01/12EASYNEWS', '', 2, 1, '53b0beea-6e78-3d4b-a212-e8cd7dc0576a', 229, null, false);
insert into Split (id, amount, uuid, envelope_id, transaction_id) values(1374, -9.98, '3d1802f6-4302-378d-b6b0-b1942db05962', 254, 1373);
insert into Transaction (DTYPE, id, amount, balance, checkNo, date, description, externalId, initialBalance, memo, ref, status, type, uuid, account_id, transfer_id, custom) values('InternalTransaction', 1375, 0.00, 3496.58, '', '2010-04-02', 'Transfer from Available', 'null', false, '', '', 2, 1, 'a601e4b9-33ad-3013-9bf6-44631c11d901', 229, 3194, false);
insert into Split (id, amount, uuid, envelope_id, transaction_id) values(1376, 0.00, '4284f211-ac8f-3963-9a08-518f2e651f9d', 291, 1375);
insert into Transaction (DTYPE, id, amount, balance, checkNo, date, description, externalId, initialBalance, memo, ref, status, type, uuid, account_id, transfer_id, custom) values('InternalTransaction', 1377, -12.97, 3503.26, '', '2009-12-14', 'SPROUTS FARMERS MKT #7 P099102', '2009121423', false, '12/12SPROUTS F', '', 2, 1, 'fe4b779e-62da-30a9-bb6c-40d3ec6bac65', 229, null, false);
insert into Split (id, amount, uuid, envelope_id, transaction_id) values(1378, -12.97, 'c2f71624-5d60-305b-bb56-aac9f1b323c1', 238, 1377);
insert into Transaction (DTYPE, id, amount, balance, checkNo, date, description, externalId, initialBalance, memo, ref, status, type, uuid, account_id, transfer_id, custom) values('InternalTransaction', 1379, 57.18, 2646.68, '', '2010-04-30', 'Transfer from Available', 'null', false, '', '', 2, 0, 'd866642d-970d-3afd-afac-c418430341b2', 229, 1707, false);
insert into Split (id, amount, uuid, envelope_id, transaction_id) values(1380, 57.18, 'a60c476b-d728-3323-a5b2-8e5e60e82a4e', 291, 1379);
insert into Transaction (DTYPE, id, amount, balance, checkNo, date, description, externalId, initialBalance, memo, ref, status, type, uuid, account_id, transfer_id, custom) values('InternalTransaction', 1381, -27.19, 5674.83, '', '2010-03-19', 'Transfer to GRAND & CAMELBACK SELF', 'null', false, '', '', 2, 1, '7a7bf907-44de-32b5-bbae-bf5fb51a88c1', 229, 3018, false);
insert into Split (id, amount, uuid, envelope_id, transaction_id) values(1382, -27.19, '41889026-c9dc-38bf-9cb1-c67d59db89e8', 293, 1381);
insert into Transaction (DTYPE, id, amount, balance, checkNo, date, description, externalId, initialBalance, memo, ref, status, type, uuid, account_id, transfer_id, custom) values('InternalTransaction', 1383, -5.48, 2967.44, '', '2010-01-25', 'TACO BELL 21245 Q53 T', '2010012514', false, '01/21TACO BELL', '', 2, 1, 'ef48cb8e-fd79-3c68-921f-ddd2ac628066', 229, null, false);
insert into Split (id, amount, uuid, envelope_id, transaction_id) values(1384, -5.48, '2e008285-59e0-3948-9cbb-87da730d88d9', 246, 1383);
insert into Transaction (DTYPE, id, amount, balance, checkNo, date, description, externalId, initialBalance, memo, ref, status, type, uuid, account_id, transfer_id, custom) values('InternalTransaction', 1385, -4.99, 4962.53, '', '2010-04-16', 'Transfer to Easynews.com', 'null', false, '', '', 2, 1, '75c29439-73bb-3dca-ae4f-d215c87cddbf', 229, 2831, false);
insert into Split (id, amount, uuid, envelope_id, transaction_id) values(1386, -4.99, '2b47dd61-f24e-3083-b7ae-0d53137c9efb', 293, 1385);
insert into Transaction (DTYPE, id, amount, balance, checkNo, date, description, externalId, initialBalance, memo, ref, status, type, uuid, account_id, transfer_id, custom) values('InternalTransaction', 1387, -9.29, 4318.77, '', '2009-11-18', 'SAFEWAY STORE 2716 PHO091275', '200911184', false, '11/18SAFEWAY', '', 2, 1, '49c57a81-cabb-3f45-9d95-e114f80a8f10', 229, null, false);
insert into Split (id, amount, uuid, envelope_id, transaction_id) values(1388, -9.29, 'b8faedd0-2f7e-39ef-bb0a-3aa6d9f604fc', 238, 1387);
insert into Transaction (DTYPE, id, amount, balance, checkNo, date, description, externalId, initialBalance, memo, ref, status, type, uuid, account_id, transfer_id, custom) values('InternalTransaction', 1389, -15.97, 1261.63, '', '2010-04-08', 'HOUSE OF TRICKS TEMPE AZ', '201004080', false, '04/06HOUSE OF', '', 2, 1, '66951097-9a8d-3ca4-8c5b-91d8b1de6db0', 229, null, false);
insert into Split (id, amount, uuid, envelope_id, transaction_id) values(1390, -15.97, '767c5751-1a56-3c27-8aaf-b54e1f5b917c', 264, 1389);
insert into Transaction (DTYPE, id, amount, balance, checkNo, date, description, externalId, initialBalance, memo, ref, status, type, uuid, account_id, transfer_id, custom) values('InternalTransaction', 1391, -24.50, 2426.45, '', '2010-03-19', 'Transfer to Massage Envy', 'null', false, '', '', 2, 1, 'a93f3a6c-c82f-3056-800c-109ebaf91009', 229, 845, false);
insert into Split (id, amount, uuid, envelope_id, transaction_id) values(1392, -24.50, '4bc85d4d-e1d4-3591-b724-46e510257e81', 293, 1391);
insert into Transaction (DTYPE, id, amount, balance, checkNo, date, description, externalId, initialBalance, memo, ref, status, type, uuid, account_id, transfer_id, custom) values('InternalTransaction', 1393, 65.00, 2654.50, '', '2010-04-30', 'Transfer from Available', 'null', false, '', '', 2, 0, 'be0c4101-e91d-3516-93dd-83f05b225b6b', 229, 2251, false);
insert into Split (id, amount, uuid, envelope_id, transaction_id) values(1394, 65.00, 'fc575b63-b10f-34cc-bd64-121b3521022b', 268, 1393);
insert into Transaction (DTYPE, id, amount, balance, checkNo, date, description, externalId, initialBalance, memo, ref, status, type, uuid, account_id, transfer_id, custom) values('InternalTransaction', 1395, -25.79, 4406.37, '', '2009-12-14', 'WALGREENS #4722 PHOENIX', '2009121414', false, '12/11WALGREENS', '', 2, 1, 'cac492b4-c649-3e55-b877-eaa0bedf970f', 229, null, false);
insert into Split (id, amount, uuid, envelope_id, transaction_id) values(1396, -25.79, '99dacefa-beb8-3ab0-9750-e2d466021fae', 277, 1395);
insert into Transaction (DTYPE, id, amount, balance, checkNo, date, description, externalId, initialBalance, memo, ref, status, type, uuid, account_id, transfer_id, custom) values('InternalTransaction', 1397, 25.00, 2614.50, '', '2010-04-30', 'Transfer from Available', 'null', false, '', '', 2, 0, 'c93ef78c-ef86-31a5-8da2-380dfd761bf1', 229, 1521, false);
insert into Split (id, amount, uuid, envelope_id, transaction_id) values(1398, 25.00, '7a8b1f48-ef8a-3e11-b0b7-3bc93d591f65', 245, 1397);
insert into Transaction (DTYPE, id, amount, balance, checkNo, date, description, externalId, initialBalance, memo, ref, status, type, uuid, account_id, transfer_id, custom) values('InternalTransaction', 1399, -13.99, 5133.26, '', '2010-04-16', 'Transfer to Arrowhead Water', 'null', false, '', '', 2, 1, 'a1761970-fb60-3476-b9b8-2fda53ff18c0', 229, 313, false);
insert into Split (id, amount, uuid, envelope_id, transaction_id) values(1400, -13.99, 'dc4f54bf-8fe0-3515-bef0-a3db1dd07580', 293, 1399);
insert into Transaction (DTYPE, id, amount, balance, checkNo, date, description, externalId, initialBalance, memo, ref, status, type, uuid, account_id, transfer_id, custom) values('InternalTransaction', 1401, -15.00, 2610.67, '', '2010-01-11', 'BEVERLY HILLS CAR WASH T', '2010011111', false, '01/08BEVERLY H', '', 2, 1, 'ff57e163-8fab-3fca-b9b1-3843e69d3c58', 229, null, false);
insert into Split (id, amount, uuid, envelope_id, transaction_id) values(1402, -15.00, 'adc663f6-eb29-3994-8a60-2724ac7647f4', 274, 1401);
insert into Transaction (DTYPE, id, amount, balance, checkNo, date, description, externalId, initialBalance, memo, ref, status, type, uuid, account_id, transfer_id, custom) values('InternalTransaction', 1403, 5.42, 4445.75, '', '2010-03-27', 'Transfer from Available', 'null', false, '', '', 2, 0, 'f31e1aad-8518-36cd-9efd-aa11acfdaf53', 229, 3170, false);
insert into Split (id, amount, uuid, envelope_id, transaction_id) values(1404, 5.42, '8c027b9b-7f7f-3a33-af1b-c2d22bc46ea0', 246, 1403);
insert into Transaction (DTYPE, id, amount, balance, checkNo, date, description, externalId, initialBalance, memo, ref, status, type, uuid, account_id, transfer_id, custom) values('InternalTransaction', 1405, 200.00, 5078.68, '', '2010-03-19', 'Transfer from Available', 'null', false, '', '', 2, 0, '97b6eaba-9e31-3ffa-80e1-8d4edbcaeae5', 229, 2023, false);
insert into Split (id, amount, uuid, envelope_id, transaction_id) values(1406, 200.00, 'ab30ce5f-abe9-33ab-b4df-44ad64abbff6', 252, 1405);
insert into Transaction (DTYPE, id, amount, balance, checkNo, date, description, externalId, initialBalance, memo, ref, status, type, uuid, account_id, transfer_id, custom) values('InternalTransaction', 1407, 24.50, 4908.59, '', '2010-03-05', 'Transfer from Available', 'null', false, '', '', 2, 0, '38341aa7-81ff-3b35-a819-ae362881e60f', 229, 1865, false);
insert into Split (id, amount, uuid, envelope_id, transaction_id) values(1408, 24.50, '49c9f3a5-d1d5-36c7-bcb5-77ab4743b6c6', 279, 1407);
insert into Transaction (DTYPE, id, amount, balance, checkNo, date, description, externalId, initialBalance, memo, ref, status, type, uuid, account_id, transfer_id, custom) values('InternalTransaction', 1409, -77.65, 2630.64, '', '2010-01-25', 'SPROUTS FARMERS MKT #7 P', '201001255', false, '01/24SPROUTS F Purcha', '', 2, 1, '78cd983f-55b8-353f-b533-ad3f7e2cfc32', 229, null, false);
insert into Split (id, amount, uuid, envelope_id, transaction_id) values(1410, -77.65, 'c4b8a40a-5443-33bd-98e2-38195e6567e0', 238, 1409);
insert into Transaction (DTYPE, id, amount, balance, checkNo, date, description, externalId, initialBalance, memo, ref, status, type, uuid, account_id, transfer_id, custom) values('InternalTransaction', 1411, 48.21, 48.21, '', '2010-03-30', 'Transfer from Available', 'null', false, '', '', 2, 0, 'cdaf2d8b-9dac-3a4d-a8ac-be521085346a', 228, 3192, false);
insert into Split (id, amount, uuid, envelope_id, transaction_id) values(1412, 48.21, 'ef4b6883-9ba8-3e81-9c62-a106b37c04cb', 296, 1411);
insert into Transaction (DTYPE, id, amount, balance, checkNo, date, description, externalId, initialBalance, memo, ref, status, type, uuid, account_id, transfer_id, custom) values('InternalTransaction', 1413, 8.54, 8.54, '', '2010-03-09', 'Transfer from Spending', 'null', false, '', '', 2, 0, '955a25ef-1ad3-3900-a1ef-5874f0e4f294', 228, 2970, false);
insert into Split (id, amount, uuid, envelope_id, transaction_id) values(1414, 8.54, '003bf24e-eb19-334c-810f-9c7f62d64c32', 246, 1413);
insert into Transaction (DTYPE, id, amount, balance, checkNo, date, description, externalId, initialBalance, memo, ref, status, type, uuid, account_id, transfer_id, custom) values('InternalTransaction', 1415, 24.50, 3759.13, '', '2010-04-16', 'Transfer from Available', 'null', false, '', '', 2, 0, '7512f724-017a-339a-8983-93a342c6d7fd', 229, 1841, false);
insert into Split (id, amount, uuid, envelope_id, transaction_id) values(1416, 24.50, 'c6f19d3a-e34a-3749-a6f9-b2b35d7fb724', 279, 1415);
insert into Transaction (DTYPE, id, amount, balance, checkNo, date, description, externalId, initialBalance, memo, ref, status, type, uuid, account_id, transfer_id, custom) values('InternalTransaction', 1417, -210.00, 8809.52, '', '2010-02-16', 'Transfer to Hair Services', 'null', false, '', '', 0, 1, 'e594c782-37fd-3b63-bb5d-9df94231ff7f', 229, 1767, false);
insert into Split (id, amount, uuid, envelope_id, transaction_id) values(1418, -210.00, '24873909-07e1-30b4-9197-3b579e878715', 293, 1417);
insert into Transaction (DTYPE, id, amount, balance, checkNo, date, description, externalId, initialBalance, memo, ref, status, type, uuid, account_id, transfer_id, custom) values('InternalTransaction', 1419, -10.00, 5043.26, '', '2010-04-16', 'Transfer to Auto Maintenance', 'null', false, '', '', 2, 1, 'bfac9fa7-428f-3054-a532-c53f1dafab82', 229, 1467, false);
insert into Split (id, amount, uuid, envelope_id, transaction_id) values(1420, -10.00, 'aa394614-54e5-3dff-88ef-24996e2655cc', 293, 1419);
insert into Transaction (DTYPE, id, amount, balance, checkNo, date, description, externalId, initialBalance, memo, ref, status, type, uuid, account_id, transfer_id, custom) values('InternalTransaction', 1421, -98.45, 1079.96, '', '2010-04-26', 'AUDIO EXPRESS #25 PHOENI400885', '201004269', false, '04/25AUDIO EXP', '', 1, 1, 'bf884eee-e05b-3f15-bd28-fc469f9d9d6a', 229, null, false);
insert into Split (id, amount, uuid, envelope_id, transaction_id) values(1422, -98.45, 'd1e7c766-ea57-3270-9100-6873fcf9aa2f', 252, 1421);
insert into Transaction (DTYPE, id, amount, balance, checkNo, date, description, externalId, initialBalance, memo, ref, status, type, uuid, account_id, transfer_id, custom) values('InternalTransaction', 1423, -10.27, 5937.29, '', '2010-03-20', 'PEI WEI', '2010032212', false, '', '', 2, 1, 'd18a6988-6e32-3012-a42a-be8ded6d8980', 229, null, false);
insert into Split (id, amount, uuid, envelope_id, transaction_id) values(1424, -10.27, '7ec1ea79-c91a-3e29-8fa4-bddbf2c7d059', 296, 1423);
insert into Transaction (DTYPE, id, amount, balance, checkNo, date, description, externalId, initialBalance, memo, ref, status, type, uuid, account_id, transfer_id, custom) values('InternalTransaction', 1425, 967.50, 15706.90, '', '2010-02-16', 'Transfer from Available', 'null', false, '', '', 0, 0, '163b61fb-52df-381b-a1d2-9290305bd03e', 229, 1259, false);
insert into Split (id, amount, uuid, envelope_id, transaction_id) values(1426, 967.50, '48cee3d7-8e09-3896-906c-5f3df9384763', 258, 1425);
insert into Transaction (DTYPE, id, amount, balance, checkNo, date, description, externalId, initialBalance, memo, ref, status, type, uuid, account_id, transfer_id, custom) values('InternalTransaction', 1427, -5.50, 5007.31, '', '2009-11-27', 'WAL-MART #2113 CHRISTOWN885288', '200911276', false, '11/26WAL-MART', '', 2, 1, '344842d6-57f0-34f1-a858-5bf8552177fc', 229, null, false);
insert into Split (id, amount, uuid, envelope_id, transaction_id) values(1428, -5.50, 'a804199b-041f-3fad-ace9-17656a29173a', 239, 1427);
insert into Transaction (DTYPE, id, amount, balance, checkNo, date, description, externalId, initialBalance, memo, ref, status, type, uuid, account_id, transfer_id, custom) values('InternalTransaction', 1429, -2.22, 1281.11, '', '2010-04-26', 'STARBUCKS USA 00096230 T', '201004261', false, '04/23STARBUCKS', '', 1, 1, 'ac520c81-21e2-33be-9ced-5ac8e2655314', 229, null, false);
insert into Split (id, amount, uuid, envelope_id, transaction_id) values(1430, -2.22, 'dba94d59-58e2-3a32-acf0-2f6465ccdc6a', 270, 1429);
insert into Transaction (DTYPE, id, amount, balance, checkNo, date, description, externalId, initialBalance, memo, ref, status, type, uuid, account_id, transfer_id, custom) values('InternalTransaction', 1431, 10.00, 4247.45, '', '2010-02-19', 'Transfer from Available', 'null', false, '', '', 2, 0, 'dc5240ab-0cbd-36e9-8187-5f023d9280c6', 229, 935, false);
insert into Split (id, amount, uuid, envelope_id, transaction_id) values(1432, 10.00, 'b226de88-b48a-3a36-81ce-50ee29b4207e', 234, 1431);
insert into Transaction (DTYPE, id, amount, balance, checkNo, date, description, externalId, initialBalance, memo, ref, status, type, uuid, account_id, transfer_id, custom) values('InternalTransaction', 1433, -55.47, 3989.71, '', '2010-03-29', 'FRYS FOOD & DRUG 7770 SC', '201003295', false, '03/27FRYS FOOD Purcha', '', 2, 1, '69779d4f-f550-38ff-840b-7f849465d976', 229, null, false);
insert into Split (id, amount, uuid, envelope_id, transaction_id) values(1434, -55.47, '482decaa-11fe-31b9-94f9-42c2cec6c563', 238, 1433);
insert into Transaction (DTYPE, id, amount, balance, checkNo, date, description, externalId, initialBalance, memo, ref, status, type, uuid, account_id, transfer_id, custom) values('InternalTransaction', 1435, -34.93, 15120.96, '', '2010-02-16', 'Transfer to Easynews.com', 'null', false, '', '', 0, 1, 'e798db95-0926-353d-b993-7679969f938c', 229, 2177, false);
insert into Split (id, amount, uuid, envelope_id, transaction_id) values(1436, -34.93, '35bc5986-c9a0-3da5-ba3d-61f5bbfcffeb', 293, 1435);
insert into Transaction (DTYPE, id, amount, balance, checkNo, date, description, externalId, initialBalance, memo, ref, status, type, uuid, account_id, transfer_id, custom) values('InternalTransaction', 1437, -22.00, null, '', '2010-03-05', 'INGLESIDE ANIMAL HOSPIT', '201003052', false, '03/03INGLESIDE', '', 2, 1, 'ab5086d5-b420-3aac-abb0-7fa98d79fbc7', 229, null, false);
insert into Split (id, amount, uuid, envelope_id, transaction_id) values(1438, -22.00, 'd1ba9d8f-31d5-31d3-af03-a6889641a439', 244, 1437);
insert into Transaction (DTYPE, id, amount, balance, checkNo, date, description, externalId, initialBalance, memo, ref, status, type, uuid, account_id, transfer_id, custom) values('InternalTransaction', 1439, -44.00, 0.00, '', '2010-04-22', 'Transfer to Available', 'null', false, '', '', 2, 1, '000a912a-ebce-3feb-962c-92b1af0d6b64', 228, 3198, false);
insert into Split (id, amount, uuid, envelope_id, transaction_id) values(1440, -44.00, '635d3dc8-b625-32d2-bedc-74af9d888566', 264, 1439);
insert into Transaction (DTYPE, id, amount, balance, checkNo, date, description, externalId, initialBalance, memo, ref, status, type, uuid, account_id, transfer_id, custom) values('InternalTransaction', 1441, -106.88, 0.00, '', '2010-03-30', 'Transfer to Moving', 'null', false, '', '', 2, 1, 'e8236a68-c641-312e-9605-f88905464a91', 228, 2623, false);
insert into Split (id, amount, uuid, envelope_id, transaction_id) values(1442, -106.88, '8de0b26f-e6c5-3b2b-8627-1ae573af21bb', 293, 1441);
insert into Transaction (DTYPE, id, amount, balance, checkNo, date, description, externalId, initialBalance, memo, ref, status, type, uuid, account_id, transfer_id, custom) values('InternalTransaction', 1443, -10.89, 2313.22, '', '2009-12-30', 'FRYS FOOD & DRUG 1815 G 507323', '200912302', false, '12/29FRYS FOOD', '', 2, 1, '58d07474-1ccb-3ccb-988b-f9e7de56ff69', 229, null, false);
insert into Split (id, amount, uuid, envelope_id, transaction_id) values(1444, -10.89, 'ee3c5a49-8476-3819-8609-91260c6b3cf7', 238, 1443);
insert into Transaction (DTYPE, id, amount, balance, checkNo, date, description, externalId, initialBalance, memo, ref, status, type, uuid, account_id, transfer_id, custom) values('InternalTransaction', 1445, -4.98, 2851.96, '', '2010-04-02', 'Transfer to Chase Bank', 'null', false, '', '', 2, 1, '5d74d5b7-9618-3683-9142-783ef3a6ee90', 229, 2103, false);
insert into Split (id, amount, uuid, envelope_id, transaction_id) values(1446, -4.98, '2c7cd0bc-8572-3a9c-9ef8-76902eb6cf05', 293, 1445);
insert into Transaction (DTYPE, id, amount, balance, checkNo, date, description, externalId, initialBalance, memo, ref, status, type, uuid, account_id, transfer_id, custom) values('InternalTransaction', 1447, -21.95, 3238.75, '', '2009-11-02', 'NNT LINDSTROMS FAMI0316 553580', '200911022', false, '11/01NNT LINDS', '', 2, 1, '3691eec0-51c8-3f35-9896-e87f0318a899', 229, null, false);
insert into Split (id, amount, uuid, envelope_id, transaction_id) values(1448, -21.95, 'd4b10f08-0413-3bad-8f5f-c2244cfe6369', 274, 1447);
insert into Transaction (DTYPE, id, amount, balance, checkNo, date, description, externalId, initialBalance, memo, ref, status, type, uuid, account_id, transfer_id, custom) values('InternalTransaction', 1449, -10.00, 2589.50, '', '2010-04-30', 'Transfer to Auto Maintenance', 'null', false, '', '', 2, 1, '9ad9e85f-649a-302d-8e08-483ca8f90ddf', 229, 475, false);
insert into Split (id, amount, uuid, envelope_id, transaction_id) values(1450, -10.00, 'ca2e3914-b0a5-30c6-b473-4138e65ab44b', 293, 1449);
insert into Transaction (DTYPE, id, amount, balance, checkNo, date, description, externalId, initialBalance, memo, ref, status, type, uuid, account_id, transfer_id, custom) values('InternalTransaction', 1451, -36.89, 706.74, '', '2010-03-02', 'CIRCLE K 01618 PHOENIX A214822', '201003025', false, '03/02CIRCLE K', '', 2, 1, 'c5d32414-4fe7-30b7-bc5a-f356ce4d4e22', 229, null, false);
insert into Split (id, amount, uuid, envelope_id, transaction_id) values(1452, -36.89, '8fb5e310-e1bc-3c56-bf36-50c9ddf69c6c', 253, 1451);
insert into Transaction (DTYPE, id, amount, balance, checkNo, date, description, externalId, initialBalance, memo, ref, status, type, uuid, account_id, transfer_id, custom) values('InternalTransaction', 1453, -49.00, 1449.29, '', '2010-01-19', 'MASSAGE ENVY 0011 480-83', '201001191', false, '01/16MASSAGE E', '', 2, 1, '229d61c2-7732-3496-acc1-c015a8c02574', 229, null, false);
insert into Split (id, amount, uuid, envelope_id, transaction_id) values(1454, -49.00, '830b7d46-78f9-3477-8b7a-8c7e86bbcd8f', 279, 1453);
insert into Transaction (DTYPE, id, amount, balance, checkNo, date, description, externalId, initialBalance, memo, ref, status, type, uuid, account_id, transfer_id, custom) values('InternalTransaction', 1455, -80.16, 2708.83, '', '2009-12-14', 'FRYS FOOD & DRUG 1815 G 824946', '200912146', false, '12/12FRYS FOOD', '', 2, 1, 'b1222262-ac27-3a5b-9f1f-6537470625d7', 229, null, false);
insert into Split (id, amount, uuid, envelope_id, transaction_id) values(1456, -80.16, 'fb5b066c-8989-33d0-ab94-dd12a18069b1', 238, 1455);
insert into Transaction (DTYPE, id, amount, balance, checkNo, date, description, externalId, initialBalance, memo, ref, status, type, uuid, account_id, transfer_id, custom) values('InternalTransaction', 1457, -15.45, 0.00, '', '2010-03-03', 'Transfer to Available', 'null', false, '', '', 2, 1, 'dffd4d3f-0c90-357e-9bc6-74849e7f6411', 228, 2121, false);
insert into Split (id, amount, uuid, envelope_id, transaction_id) values(1458, -15.45, '4ecea3cd-2259-31a8-9d23-da053fe73902', 252, 1457);
insert into Transaction (DTYPE, id, amount, balance, checkNo, date, description, externalId, initialBalance, memo, ref, status, type, uuid, account_id, transfer_id, custom) values('InternalTransaction', 1459, 3104.82, 3621.45, '', '2009-11-13', 'ATM CHECK DEPOSIT', '200911130', false, '', '', 2, 0, 'c7e5062c-dd44-3bcf-b927-40e22aea7e4a', 229, null, false);
insert into Split (id, amount, uuid, envelope_id, transaction_id) values(1460, 3104.82, 'c46a73f1-9fa0-35c4-be72-da79e4549334', 293, 1459);
insert into Transaction (DTYPE, id, amount, balance, checkNo, date, description, externalId, initialBalance, memo, ref, status, type, uuid, account_id, transfer_id, custom) values('InternalTransaction', 1461, -14.62, 7311.06, '', '2010-03-20', 'WAL-MART', '2010032210', false, '', '', 2, 1, 'dee6c2d1-324f-358c-8954-70f4053c481b', 229, null, false);
insert into Split (id, amount, uuid, envelope_id, transaction_id) values(1462, -14.62, 'b26a1584-db07-39d2-aa72-c4f777854397', 277, 1461);
insert into Transaction (DTYPE, id, amount, balance, checkNo, date, description, externalId, initialBalance, memo, ref, status, type, uuid, account_id, transfer_id, custom) values('InternalTransaction', 1463, -24.85, 4381.52, '', '2009-12-14', 'THE TURF IRISH PUB AND P', '2009121415', false, '12/12THE TURF', '', 2, 1, '68d426fb-85fe-37e0-93ca-05fbbfcc2d6a', 229, null, false);
insert into Split (id, amount, uuid, envelope_id, transaction_id) values(1464, -24.85, '80ad2b4b-84ac-39da-a0e8-b4ec0418aef6', 296, 1463);
insert into Transaction (DTYPE, id, amount, balance, checkNo, date, description, externalId, initialBalance, memo, ref, status, type, uuid, account_id, transfer_id, custom) values('InternalTransaction', 1465, -66.27, 4621.22, '', '2009-11-16', 'REI 25 TEMPE TEMPE AZ', '200911162', false, '11/13REI 25 TE', '', 2, 1, 'bfeb0998-cd2c-322b-b100-4d2ba5f87d8b', 229, null, false);
insert into Split (id, amount, uuid, envelope_id, transaction_id) values(1466, -66.27, 'd3415394-5a47-372d-a843-e15d94a88845', 286, 1465);
insert into Transaction (DTYPE, id, amount, balance, checkNo, date, description, externalId, initialBalance, memo, ref, status, type, uuid, account_id, transfer_id, custom) values('InternalTransaction', 1467, 10.00, 3769.13, '', '2010-04-16', 'Transfer from Available', 'null', false, '', '', 2, 0, 'ddd93484-1f1f-31b1-8fb9-8049bd9f01f7', 229, 1419, false);
insert into Split (id, amount, uuid, envelope_id, transaction_id) values(1468, 10.00, 'db5037da-9bd0-3e8e-aade-b8d186c12653', 234, 1467);
insert into Transaction (DTYPE, id, amount, balance, checkNo, date, description, externalId, initialBalance, memo, ref, status, type, uuid, account_id, transfer_id, custom) values('InternalTransaction', 1469, -90.89, 2313.89, '', '2010-03-01', 'FRYS FOOD & DRUG 1815 G 502617', '201003010', false, '02/27FRYS FOOD', '', 2, 1, '953f707e-d136-3c22-acbb-de4b0ec1e380', 229, null, false);
insert into Split (id, amount, uuid, envelope_id, transaction_id) values(1470, -90.89, '15b1dbd3-d0a4-329d-a4c7-92397db8365f', 238, 1469);
insert into Transaction (DTYPE, id, amount, balance, checkNo, date, description, externalId, initialBalance, memo, ref, status, type, uuid, account_id, transfer_id, custom) values('InternalTransaction', 1471, 115.86, 2763.85, '', '2010-02-16', 'Transfer from Available', 'null', false, '', '', 0, 0, '3b459977-eccb-36bf-b73f-f50730ee9875', 229, 1311, false);
insert into Split (id, amount, uuid, envelope_id, transaction_id) values(1472, 115.86, '01b1b03a-862f-39ff-9030-a2bc6c10a34b', 296, 1471);
insert into Transaction (DTYPE, id, amount, balance, checkNo, date, description, externalId, initialBalance, memo, ref, status, type, uuid, account_id, transfer_id, custom) values('InternalTransaction', 1473, -28.10, 3991.13, '', '2009-12-07', 'WAL-MART #2113 CHRISTOWN483957', '200912074', false, '12/05WAL-MART', '', 2, 1, '1b4632c2-a319-3629-a7f3-97cc75bb7468', 229, null, false);
insert into Split (id, amount, uuid, envelope_id, transaction_id) values(1474, -28.10, 'ace8f9ba-8db3-3793-bc95-a94506cc65b4', 239, 1473);
insert into Transaction (DTYPE, id, amount, balance, checkNo, date, description, externalId, initialBalance, memo, ref, status, type, uuid, account_id, transfer_id, custom) values('InternalTransaction', 1475, -18.69, 1444.50, '', '2010-01-15', 'PEI WEI #0023 Q02 P', '201001151', false, '01/13PEI WEI #', '', 2, 1, '8945b659-cbb6-3941-a450-d8a4f453bbe3', 229, null, false);
insert into Split (id, amount, uuid, envelope_id, transaction_id) values(1476, -18.69, '8400ee39-2ba0-30fb-b0b5-04bf2898ba2c', 296, 1475);
insert into Transaction (DTYPE, id, amount, balance, checkNo, date, description, externalId, initialBalance, memo, ref, status, type, uuid, account_id, transfer_id, custom) values('InternalTransaction', 1477, -1.51, 1229.35, '', '2010-04-12', 'CIRCLE K 02844 TEMPE AZ 355126', '201004121', false, '04/09CIRCLE K', '', 2, 1, '4c4945b8-f416-3570-ae80-f63526188d39', 229, null, false);
insert into Split (id, amount, uuid, envelope_id, transaction_id) values(1478, -1.51, '4cd6466f-7ccc-37be-a424-f05f8242ab0f', 252, 1477);
insert into Transaction (DTYPE, id, amount, balance, checkNo, date, description, externalId, initialBalance, memo, ref, status, type, uuid, account_id, transfer_id, custom) values('InternalTransaction', 1479, -10.00, 5012.81, '', '2009-11-27', 'CIRCLE K 01541 PHOENIX A634392', '200911275', false, '11/26CIRCLE K', '', 2, 1, '6c18b4d0-3d52-35d1-a4c2-c204c8a31b5a', 229, null, false);
insert into Split (id, amount, uuid, envelope_id, transaction_id) values(1480, -10.00, 'd91dfb3b-85ef-3f66-b211-231e4bd00cca', 252, 1479);
insert into Transaction (DTYPE, id, amount, balance, checkNo, date, description, externalId, initialBalance, memo, ref, status, type, uuid, account_id, transfer_id, custom) values('InternalTransaction', 1481, -10.10, 1190.20, '', '2010-04-26', 'SCHLOTZSKY''S 2114 PHOENI', '201004267', false, '04/25SCHLOTZSK', '', 1, 1, '8b38c86d-540a-3446-93fb-dd78b596e738', 229, null, false);
insert into Split (id, amount, uuid, envelope_id, transaction_id) values(1482, -10.10, 'a81d3446-3401-39da-a439-e9eccd7292b8', 296, 1481);
insert into Transaction (DTYPE, id, amount, balance, checkNo, date, description, externalId, initialBalance, memo, ref, status, type, uuid, account_id, transfer_id, custom) values('InternalTransaction', 1483, -395.45, 0.00, '', '2010-04-30', 'Transfer to GMAC Mortgage', 'null', false, '', '', 2, 1, '5e921adb-7c3f-3518-ba80-0a5fd6bfa218', 228, 1701, false);
insert into Split (id, amount, uuid, envelope_id, transaction_id) values(1484, -395.45, '78a763ac-b260-38e6-b929-d6b4f7e0f6a1', 242, 1483);
insert into Transaction (DTYPE, id, amount, balance, checkNo, date, description, externalId, initialBalance, memo, ref, status, type, uuid, account_id, transfer_id, custom) values('InternalTransaction', 1485, -27.98, 3512.55, '', '2010-03-30', 'ARROWHEAD WATER', '201003310', false, '', '', 2, 1, 'e9ec8732-d53e-354a-89d3-3c76c1c02995', 229, null, false);
insert into Split (id, amount, uuid, envelope_id, transaction_id) values(1486, -27.98, 'cac04e50-4719-3fee-a0c7-01c3fb51d0e2', 266, 1485);
insert into Transaction (DTYPE, id, amount, balance, checkNo, date, description, externalId, initialBalance, memo, ref, status, type, uuid, account_id, transfer_id, custom) values('InternalTransaction', 1487, -32.19, 3206.56, '', '2009-11-03', 'CHECKING SUPPLIES', '200911030', false, '', '', 2, 1, 'e785b943-a22e-35de-baff-1151ae7bde08', 229, null, false);
insert into Split (id, amount, uuid, envelope_id, transaction_id) values(1488, -32.19, '055fea9f-12cd-3cd6-bcbe-c196f3bb8449', 232, 1487);
insert into Transaction (DTYPE, id, amount, balance, checkNo, date, description, externalId, initialBalance, memo, ref, status, type, uuid, account_id, transfer_id, custom) values('InternalTransaction', 1489, -84.20, 4844.36, '', '2010-03-19', 'Transfer to State Farm Insurance', 'null', false, '', '', 2, 1, 'f62df338-817b-32a1-80e8-81585763e6a4', 229, 2373, false);
insert into Split (id, amount, uuid, envelope_id, transaction_id) values(1490, -84.20, 'ff1587de-c906-31ad-b2a5-c8aa2f0596b9', 293, 1489);
insert into Transaction (DTYPE, id, amount, balance, checkNo, date, description, externalId, initialBalance, memo, ref, status, type, uuid, account_id, transfer_id, custom) values('InternalTransaction', 1491, 31.89, 31.89, '', '2010-03-03', 'Transfer from Spending', 'null', false, '', '', 2, 0, '22baf3b7-2ed5-38b2-90a0-93e7c2f4da76', 228, 2459, false);
insert into Split (id, amount, uuid, envelope_id, transaction_id) values(1492, 31.89, 'cc1959f1-ee6e-3cbf-8b1b-c7ad365dc462', 244, 1491);
insert into Transaction (DTYPE, id, amount, balance, checkNo, date, description, externalId, initialBalance, memo, ref, status, type, uuid, account_id, transfer_id, custom) values('InternalTransaction', 1493, -154.67, 4514.69, '', '2010-03-19', 'Transfer to VW Credit', 'null', false, '', '', 2, 1, '5217ca05-6703-3058-bc8e-6e35f4e0a13c', 229, 3126, false);
insert into Split (id, amount, uuid, envelope_id, transaction_id) values(1494, -154.67, '9d7c2ec0-6bd9-3eef-86b2-e5acade88c5c', 293, 1493);
insert into Transaction (DTYPE, id, amount, balance, checkNo, date, description, externalId, initialBalance, memo, ref, status, type, uuid, account_id, transfer_id, custom) values('InternalTransaction', 1495, -8.93, 1000.84, '', '2009-11-09', 'PEI WEI #0023 Q02 P', '200911097', false, '11/05PEI WEI #', '', 2, 1, '3b863640-1a95-3e7a-8aac-d5ee94e63df8', 229, null, false);
insert into Split (id, amount, uuid, envelope_id, transaction_id) values(1496, -8.93, '2b0bb5cd-ff47-3774-9dd2-0ab445f22b90', 296, 1495);
insert into Transaction (DTYPE, id, amount, balance, checkNo, date, description, externalId, initialBalance, memo, ref, status, type, uuid, account_id, transfer_id, custom) values('InternalTransaction', 1497, -226.26, 16806.94, '', '2010-02-16', 'Transfer to Clothing', 'null', false, '', '', 0, 1, 'd46b61b5-b303-351c-a2d9-7ce212821884', 229, 2379, false);
insert into Split (id, amount, uuid, envelope_id, transaction_id) values(1498, -226.26, '346ccdec-4bb4-3a7b-b164-2ec962f8df60', 293, 1497);
insert into Transaction (DTYPE, id, amount, balance, checkNo, date, description, externalId, initialBalance, memo, ref, status, type, uuid, account_id, transfer_id, custom) values('InternalTransaction', 1499, -51.93, 17085.00, '', '2010-02-16', 'Transfer to Books', 'null', false, '', '', 0, 1, '687e2b4e-a081-3ab2-b753-c43d1b0daa93', 229, 2847, false);
insert into Split (id, amount, uuid, envelope_id, transaction_id) values(1500, -51.93, 'd6c71d5c-be26-3c6a-bd32-341b49eb0564', 293, 1499);
insert into Transaction (DTYPE, id, amount, balance, checkNo, date, description, externalId, initialBalance, memo, ref, status, type, uuid, account_id, transfer_id, custom) values('InternalTransaction', 1501, 32.25, 1286.38, '', '2010-04-08', 'Transfer from Available', 'null', false, '', '', 2, 0, '4bcd7c5e-5f4b-3b93-a332-917e18691225', 229, 3088, false);
insert into Split (id, amount, uuid, envelope_id, transaction_id) values(1502, 32.25, '6de56a9f-69e1-3db0-9312-e0999edc2794', 287, 1501);
insert into Transaction (DTYPE, id, amount, balance, checkNo, date, description, externalId, initialBalance, memo, ref, status, type, uuid, account_id, transfer_id, custom) values('InternalTransaction', 1503, -20.28, 1293.16, '', '2009-12-22', 'SYLVIA''S LA CANASTA PHOE', '200912222', false, '12/21SYLVIA''S', '', 2, 1, '5baa235f-e73f-303b-8936-443dc5a8b947', 229, null, false);
insert into Split (id, amount, uuid, envelope_id, transaction_id) values(1504, -20.28, 'bb77fc8c-7612-3a06-bedf-aae7a96bf976', 296, 1503);
insert into Transaction (DTYPE, id, amount, balance, checkNo, date, description, externalId, initialBalance, memo, ref, status, type, uuid, account_id, transfer_id, custom) values('InternalTransaction', 1505, -57.49, 0.00, '', '2010-04-21', 'Transfer to Available', 'null', false, '', '', 2, 1, '9da7414c-787f-3f47-9b12-14f3d20e2d46', 228, 2133, false);
insert into Split (id, amount, uuid, envelope_id, transaction_id) values(1506, -57.49, '29e18518-9a63-3aca-b105-a798fad6c88e', 252, 1505);
insert into Transaction (DTYPE, id, amount, balance, checkNo, date, description, externalId, initialBalance, memo, ref, status, type, uuid, account_id, transfer_id, custom) values('InternalTransaction', 1507, -0.22, 0.00, '', '2010-04-02', 'Transfer to Groceries', 'null', false, '', '', 2, 1, '4e82c56d-6346-3bf6-8d3a-e83cf105364d', 228, 543, false);
insert into Split (id, amount, uuid, envelope_id, transaction_id) values(1508, -0.22, 'ef03aab0-f77b-37a4-be27-457efe6d7c2b', 293, 1507);
insert into Transaction (DTYPE, id, amount, balance, checkNo, date, description, externalId, initialBalance, memo, ref, status, type, uuid, account_id, transfer_id, custom) values('InternalTransaction', 1509, 0.32, 1297.92, '', '2010-04-07', 'Transfer from Available', 'null', false, '', '', 2, 0, 'dab7aaab-3094-3950-880a-65b0827f2d26', 229, 2193, false);
insert into Split (id, amount, uuid, envelope_id, transaction_id) values(1510, 0.32, 'e3005d21-6dbb-39b2-9f9e-3a3c046ee42b', 253, 1509);
insert into Transaction (DTYPE, id, amount, balance, checkNo, date, description, externalId, initialBalance, memo, ref, status, type, uuid, account_id, transfer_id, custom) values('InternalTransaction', 1511, -83.11, 0.00, '', '2010-03-30', 'Transfer to Credit Cards', 'null', false, '', '', 2, 1, 'be7a53ad-4c0a-3c31-a1de-56f7addc3d89', 228, 2117, false);
insert into Split (id, amount, uuid, envelope_id, transaction_id) values(1512, -83.11, '68a09a3a-7292-3440-afbe-43023d5e6844', 239, 1511);
insert into Transaction (DTYPE, id, amount, balance, checkNo, date, description, externalId, initialBalance, memo, ref, status, type, uuid, account_id, transfer_id, custom) values('InternalTransaction', 1513, -11.64, 1009.77, '', '2009-11-09', 'FRESH & EASY #1042 PHOEN079758', '200911096', false, '11/08FRESH & E', '', 2, 1, '9a53ad5c-8f09-37a5-89d9-4baf22ff5a91', 229, null, false);
insert into Split (id, amount, uuid, envelope_id, transaction_id) values(1514, -11.64, '8e94d287-06c5-3346-8b28-5737907574cc', 238, 1513);
insert into Transaction (DTYPE, id, amount, balance, checkNo, date, description, externalId, initialBalance, memo, ref, status, type, uuid, account_id, transfer_id, custom) values('InternalTransaction', 1515, -395.46, 1135.04, '', '2010-02-16', 'Transfer to GMAC Mortgage', 'null', false, '', '', 0, 1, 'db96325f-5393-3088-88a6-4b5423aced0e', 229, 1215, false);
insert into Split (id, amount, uuid, envelope_id, transaction_id) values(1516, -395.46, 'b9380dd8-3baf-3c57-a494-a24d60acc37e', 293, 1515);
insert into Transaction (DTYPE, id, amount, balance, checkNo, date, description, externalId, initialBalance, memo, ref, status, type, uuid, account_id, transfer_id, custom) values('InternalTransaction', 1517, -0.00, 2592.83, '', '2010-04-02', 'Transfer to Medical', 'null', false, '', '', 2, 1, 'b648fd30-9527-3a60-86e9-a9ab3a50d228', 229, 2311, false);
insert into Split (id, amount, uuid, envelope_id, transaction_id) values(1518, -0.00, '80c7f7cd-b1f8-368a-a14b-d5505344af5e', 293, 1517);
insert into Transaction (DTYPE, id, amount, balance, checkNo, date, description, externalId, initialBalance, memo, ref, status, type, uuid, account_id, transfer_id, custom) values('InternalTransaction', 1519, -7.60, 2984.34, '', '2010-01-25', 'MARY COYLE ICE CREAM PHO', '2010012511', false, '01/23MARY COYL', '', 2, 1, 'aca5d167-6f34-367e-b623-c7d175b8cd09', 229, null, false);
insert into Split (id, amount, uuid, envelope_id, transaction_id) values(1520, -7.60, 'd8a07c14-b5c7-35e6-afc0-8550bed81dc3', 296, 1519);
insert into Transaction (DTYPE, id, amount, balance, checkNo, date, description, externalId, initialBalance, memo, ref, status, type, uuid, account_id, transfer_id, custom) values('InternalTransaction', 1521, -25.00, 2589.50, '', '2010-04-30', 'Transfer to New Car', 'null', false, '', '', 2, 1, '9f86fb1a-0699-3ede-98b5-371b93f146f4', 229, 1397, false);
insert into Split (id, amount, uuid, envelope_id, transaction_id) values(1522, -25.00, '02caa5ba-ec98-32a8-b8af-7ccee1c0bf4b', 293, 1521);
insert into Transaction (DTYPE, id, amount, balance, checkNo, date, description, externalId, initialBalance, memo, ref, status, type, uuid, account_id, transfer_id, custom) values('InternalTransaction', 1523, -4.89, 1224.46, '', '2010-04-12', 'WHATABURGER 221 Q26 T', '201004122', false, '04/10WHATABURG', '', 2, 1, '312a29b8-b609-3cf4-af66-5faea4acfa4c', 229, null, false);
insert into Split (id, amount, uuid, envelope_id, transaction_id) values(1524, -4.89, 'efa4093b-9d55-3ee3-8485-123c45bef7d2', 246, 1523);
insert into Transaction (DTYPE, id, amount, balance, checkNo, date, description, externalId, initialBalance, memo, ref, status, type, uuid, account_id, transfer_id, custom) values('InternalTransaction', 1525, -54.14, 5472.46, '', '2009-12-11', 'FRYS FOOD & DRUG 1815 G 664875', '200912114', false, '12/10FRYS FOOD', '', 2, 1, 'f372ea10-c9ad-396c-bc74-6a7ba64121e5', 229, null, false);
insert into Split (id, amount, uuid, envelope_id, transaction_id) values(1526, -54.14, 'ffab9ddd-3874-33e1-8085-e762b0bb4428', 238, 1525);
insert into Transaction (DTYPE, id, amount, balance, checkNo, date, description, externalId, initialBalance, memo, ref, status, type, uuid, account_id, transfer_id, custom) values('InternalTransaction', 1527, -10.32, 0.00, '', '2010-03-16', 'Transfer to Massage', 'null', false, '', '', 2, 1, '1094998e-ed9d-318d-96b3-c32f25c982ba', 228, 327, false);
insert into Split (id, amount, uuid, envelope_id, transaction_id) values(1528, -10.32, 'b6709631-509f-388d-bcc8-e6fa7e0975c8', 239, 1527);
insert into Transaction (DTYPE, id, amount, balance, checkNo, date, description, externalId, initialBalance, memo, ref, status, type, uuid, account_id, transfer_id, custom) values('InternalTransaction', 1529, -11.89, 3904.86, '', '2010-03-29', 'CVS 03500 03500--1625 N 102266', '201003299', false, '03/27CVS 03500', '', 2, 1, 'ed189827-46ce-3db9-95b1-959dfe4156e9', 229, null, false);
insert into Split (id, amount, uuid, envelope_id, transaction_id) values(1530, -11.89, '338465ff-df5a-34f7-865e-118567637f0c', 277, 1529);
insert into Transaction (DTYPE, id, amount, balance, checkNo, date, description, externalId, initialBalance, memo, ref, status, type, uuid, account_id, transfer_id, custom) values('InternalTransaction', 1531, 65.00, 2961.67, '', '2010-02-16', 'Transfer from Available', 'null', false, '', '', 0, 0, 'd29a7a0c-9182-37b6-9da0-68d6263bd3f1', 229, 2149, false);
insert into Split (id, amount, uuid, envelope_id, transaction_id) values(1532, 65.00, '62e34e53-99c9-3c2d-b958-b98b862bc1c0', 256, 1531);
insert into Transaction (DTYPE, id, amount, balance, checkNo, date, description, externalId, initialBalance, memo, ref, status, type, uuid, account_id, transfer_id, custom) values('InternalTransaction', 1533, -116.58, 2982.33, '', '2010-02-08', 'FRYS FOOD & DRUG 1815 G', '201002084', false, '02/06FRYS FOOD Purcha', '', 2, 1, '1498f1a7-b3ef-361e-bebd-18a693335eba', 229, null, false);
insert into Split (id, amount, uuid, envelope_id, transaction_id) values(1534, -116.58, '01a8ec02-8c4c-3bd8-8c91-4658e42a9361', 238, 1533);
insert into Transaction (DTYPE, id, amount, balance, checkNo, date, description, externalId, initialBalance, memo, ref, status, type, uuid, account_id, transfer_id, custom) values('InternalTransaction', 1535, 5.82, 2432.27, '', '2010-03-19', 'Transfer from Available', 'null', false, '', '', 2, 0, '48a9af64-5876-3d3f-b71f-729925bfcc34', 229, 2946, false);
insert into Split (id, amount, uuid, envelope_id, transaction_id) values(1536, 5.82, 'bf969264-a7d6-3146-a125-1aa4396a57d7', 246, 1535);
insert into Transaction (DTYPE, id, amount, balance, checkNo, date, description, externalId, initialBalance, memo, ref, status, type, uuid, account_id, transfer_id, custom) values('InternalTransaction', 1537, 74.99, 1553.36, '', '2010-01-14', 'ATM CHECK DEPOSIT', '201001140', false, '', '', 2, 0, '53c4367c-63c6-32e5-a03f-ca3754e8748c', 229, null, false);
insert into Split (id, amount, uuid, envelope_id, transaction_id) values(1538, 74.99, 'abb722cc-6e18-373e-a190-e22a19dcf38c', 293, 1537);
insert into Transaction (DTYPE, id, amount, balance, checkNo, date, description, externalId, initialBalance, memo, ref, status, type, uuid, account_id, transfer_id, custom) values('InternalTransaction', 1539, 6.77, 324.97, '', '2010-04-29', 'Transfer from Available', 'null', false, '', '', 2, 0, '05179a3a-e8f6-39cf-a3e8-6f5aa3cb9077', 229, 3222, false);
insert into Split (id, amount, uuid, envelope_id, transaction_id) values(1540, 6.77, '09aa4798-6c36-340d-bb6f-19f87c761f65', 239, 1539);
insert into Transaction (DTYPE, id, amount, balance, checkNo, date, description, externalId, initialBalance, memo, ref, status, type, uuid, account_id, transfer_id, custom) values('InternalTransaction', 1541, -11.12, 2190.69, '', '2010-03-09', 'WENDYS #0602 Q25 P', '201003090', false, '03/07WENDYS #0', '', 2, 1, 'c311fb74-8cb9-33fa-a623-1d362b85b8cf', 229, null, false);
insert into Split (id, amount, uuid, envelope_id, transaction_id) values(1542, -11.12, '35ac498d-8f07-347a-862f-1bcacbd189f7', 246, 1541);
insert into Transaction (DTYPE, id, amount, balance, checkNo, date, description, externalId, initialBalance, memo, ref, status, type, uuid, account_id, transfer_id, custom) values('InternalTransaction', 1543, 898.38, 3860.05, '', '2010-02-16', 'Transfer from Available', 'null', false, '', '', 0, 0, '352fb670-d210-3a23-b05c-54b54af67741', 229, 2665, false);
insert into Split (id, amount, uuid, envelope_id, transaction_id) values(1544, 898.38, 'ccec2193-6dce-367e-90fd-3d771ae37e7f', 252, 1543);
insert into Transaction (DTYPE, id, amount, balance, checkNo, date, description, externalId, initialBalance, memo, ref, status, type, uuid, account_id, transfer_id, custom) values('InternalTransaction', 1545, -1.31, 1293.81, '', '2010-04-23', 'Transfer to Cox Communications', 'null', false, '', '', 2, 1, '91fe457e-7d55-36d2-8c21-312988248abf', 229, 1191, false);
insert into Split (id, amount, uuid, envelope_id, transaction_id) values(1546, -1.31, '93ebdb93-a1da-35bb-a805-d4a95800c2ea', 293, 1545);
insert into Transaction (DTYPE, id, amount, balance, checkNo, date, description, externalId, initialBalance, memo, ref, status, type, uuid, account_id, transfer_id, custom) values('InternalTransaction', 1547, -4.99, 6097.47, '', '2010-03-19', 'Transfer to Easynews.com', 'null', false, '', '', 2, 1, '50a5fe55-2189-3be1-8b46-7e0ee587cd8a', 229, 3172, false);
insert into Split (id, amount, uuid, envelope_id, transaction_id) values(1548, -4.99, 'f967e243-c895-320e-b081-345a556cd183', 293, 1547);
insert into Transaction (DTYPE, id, amount, balance, checkNo, date, description, externalId, initialBalance, memo, ref, status, type, uuid, account_id, transfer_id, custom) values('InternalTransaction', 1549, -90.52, 4225.01, '', '2009-11-19', 'PIHMA COLLEGE AND CL Pho753806', '200911190', false, '11/18PIHMA COL', '', 2, 1, '5f2c39da-0463-3b51-8fca-0b1a7bfc7a89', 229, null, false);
insert into Split (id, amount, uuid, envelope_id, transaction_id) values(1550, -90.52, '74c7444a-826b-3712-bf48-a0e7172d82ea', 287, 1549);
insert into Transaction (DTYPE, id, amount, balance, checkNo, date, description, externalId, initialBalance, memo, ref, status, type, uuid, account_id, transfer_id, custom) values('InternalTransaction', 1551, -88.19, 0.00, '', '2010-04-29', 'Transfer to Spending', 'null', false, '', '', 2, 1, '40f27609-eea8-3e4f-ba7a-818b8a72554d', 228, 2892, false);
insert into Split (id, amount, uuid, envelope_id, transaction_id) values(1552, -88.19, 'ddae1a3a-645c-30ff-9515-9ec5050907ed', 238, 1551);
insert into Transaction (DTYPE, id, amount, balance, checkNo, date, description, externalId, initialBalance, memo, ref, status, type, uuid, account_id, transfer_id, custom) values('InternalTransaction', 1553, -2.81, 0.00, '', '2010-04-08', 'Transfer to Spending', 'null', false, '', '', 2, 1, '3fd4da6b-1c5a-3b12-a12c-fd66fa991b28', 228, 1103, false);
insert into Split (id, amount, uuid, envelope_id, transaction_id) values(1554, -2.81, '5cf4ae39-7404-3107-bf7a-ed161097fb22', 239, 1553);
insert into Transaction (DTYPE, id, amount, balance, checkNo, date, description, externalId, initialBalance, memo, ref, status, type, uuid, account_id, transfer_id, custom) values('InternalTransaction', 1555, 664.67, 16499.17, '', '2010-02-16', 'Transfer from Available', 'null', false, '', '', 0, 0, '29cbcd85-0da5-3d08-a728-950f61c48f3a', 229, 1757, false);
insert into Split (id, amount, uuid, envelope_id, transaction_id) values(1556, 664.67, '826568bd-9a78-3b21-a390-26534530db58', 235, 1555);
insert into Transaction (DTYPE, id, amount, balance, checkNo, date, description, externalId, initialBalance, memo, ref, status, type, uuid, account_id, transfer_id, custom) values('InternalTransaction', 1557, 25.00, 4958.59, '', '2010-03-05', 'Transfer from Available', 'null', false, '', '', 2, 0, 'da95e5b6-0437-3e89-b36c-1d257a610bce', 229, 2914, false);
insert into Split (id, amount, uuid, envelope_id, transaction_id) values(1558, 25.00, 'fb943952-7a4c-3b7b-947f-545b321d2de3', 277, 1557);
insert into Transaction (DTYPE, id, amount, balance, checkNo, date, description, externalId, initialBalance, memo, ref, status, type, uuid, account_id, transfer_id, custom) values('InternalTransaction', 1559, -16.29, 3542.42, '', '2009-12-14', 'CVS 09347 09347--1525 N 408146', '2009121420', false, '12/11CVS 09347', '', 2, 1, 'c8307124-af36-3f46-a87b-b929c0abb166', 229, null, false);
insert into Split (id, amount, uuid, envelope_id, transaction_id) values(1560, -16.29, '74bf0b02-50be-34c9-9ce9-205b50a2085d', 287, 1559);
insert into Transaction (DTYPE, id, amount, balance, checkNo, date, description, externalId, initialBalance, memo, ref, status, type, uuid, account_id, transfer_id, custom) values('InternalTransaction', 1561, 200.00, 5158.59, '', '2010-03-05', 'Transfer from Available', 'null', false, '', '', 2, 0, '0ab5aff6-5482-3f1a-bd44-c98f74395d72', 229, 1717, false);
insert into Split (id, amount, uuid, envelope_id, transaction_id) values(1562, 200.00, '1fc54a4a-fcba-3ecb-b90e-5a3f2773c969', 252, 1561);
insert into Transaction (DTYPE, id, amount, balance, checkNo, date, description, externalId, initialBalance, memo, ref, status, type, uuid, account_id, transfer_id, custom) values('InternalTransaction', 1563, 52.70, 4087.77, '', '2009-12-07', 'THE HOME DEPOT #0485 PHO', '200912071', false, '12/03THE HOME', '', 2, 0, 'c973f55b-8642-35bc-bd79-3b35a2af2bd4', 229, null, false);
insert into Split (id, amount, uuid, envelope_id, transaction_id) values(1564, 52.70, '7f935be9-fc9b-3693-a1b7-0970ec77a19d', 239, 1563);
insert into Transaction (DTYPE, id, amount, balance, checkNo, date, description, externalId, initialBalance, memo, ref, status, type, uuid, account_id, transfer_id, custom) values('InternalTransaction', 1565, 80.00, 3849.13, '', '2010-04-16', 'Transfer from Available', 'null', false, '', '', 2, 0, 'f54d6520-6c2d-38ba-a357-27136e6cf055', 229, 2591, false);
insert into Split (id, amount, uuid, envelope_id, transaction_id) values(1566, 80.00, '34ca0771-7e85-3d7e-86ce-676c13a6089a', 253, 1565);
insert into Transaction (DTYPE, id, amount, balance, checkNo, date, description, externalId, initialBalance, memo, ref, status, type, uuid, account_id, transfer_id, custom) values('InternalTransaction', 1567, -4.31, 3480.97, '', '2009-12-14', 'GAME NIGHTZ PHOENIX AZ 483280', '2009121426', false, '12/12GAME NIGH', '', 2, 1, 'd6238eca-1cc0-3577-907a-abf3683c2217', 229, null, false);
insert into Split (id, amount, uuid, envelope_id, transaction_id) values(1568, -4.31, 'cd14c173-afa9-3462-b854-43cb8713e003', 241, 1567);
insert into Transaction (DTYPE, id, amount, balance, checkNo, date, description, externalId, initialBalance, memo, ref, status, type, uuid, account_id, transfer_id, custom) values('InternalTransaction', 1569, -27.98, 851.28, '', '2010-03-04', 'ARROWHEAD WATER 800-950-', '201003040', false, '03/03ARROWHEAD', '', 2, 1, '85149ef5-e5eb-3415-8da8-5cd0762a652b', 229, null, false);
insert into Split (id, amount, uuid, envelope_id, transaction_id) values(1570, -27.98, '1c2cc677-ada9-34d5-b31a-965508c1532f', 266, 1569);
insert into Transaction (DTYPE, id, amount, balance, checkNo, date, description, externalId, initialBalance, memo, ref, status, type, uuid, account_id, transfer_id, custom) values('InternalTransaction', 1571, -108.25, 8701.27, '', '2010-02-16', 'Transfer to Hardware', 'null', false, '', '', 0, 1, '19ab2454-88b0-37c4-9587-a442350427b1', 229, 867, false);
insert into Split (id, amount, uuid, envelope_id, transaction_id) values(1572, -108.25, '2974e732-46b7-3ea8-9afa-8bc3e5e4bb7e', 293, 1571);
insert into Transaction (DTYPE, id, amount, balance, checkNo, date, description, externalId, initialBalance, memo, ref, status, type, uuid, account_id, transfer_id, custom) values('InternalTransaction', 1573, -40.39, 1135.04, '', '2010-02-16', 'Transfer to Auto Registration', 'null', false, '', '', 0, 1, '75eb75c0-bb1a-35e3-887f-73785c4ce9da', 229, 1961, false);
insert into Split (id, amount, uuid, envelope_id, transaction_id) values(1574, -40.39, '278d473e-3f86-3d5d-aa65-5679fd5579d3', 293, 1573);
insert into Transaction (DTYPE, id, amount, balance, checkNo, date, description, externalId, initialBalance, memo, ref, status, type, uuid, account_id, transfer_id, custom) values('InternalTransaction', 1575, -25.00, 4039.06, '', '2010-04-16', 'Transfer to Personal Care', 'null', false, '', '', 2, 1, 'cfc422a8-5639-3b9f-b872-a922b90d0aa7', 229, 1101, false);
insert into Split (id, amount, uuid, envelope_id, transaction_id) values(1576, -25.00, 'f8351593-7309-3f11-beb5-12151e53f3e0', 293, 1575);
insert into Transaction (DTYPE, id, amount, balance, checkNo, date, description, externalId, initialBalance, memo, ref, status, type, uuid, account_id, transfer_id, custom) values('InternalTransaction', 1577, 29.23, 29.23, '', '2010-03-09', 'Transfer from Spending', 'null', false, '', '', 2, 0, '04781fa8-b997-3446-9fbd-df0dab0c76d9', 228, 951, false);
insert into Split (id, amount, uuid, envelope_id, transaction_id) values(1578, 29.23, '7c9f0c97-a9ee-33c4-988c-aec236f2b20d', 296, 1577);
insert into Transaction (DTYPE, id, amount, balance, checkNo, date, description, externalId, initialBalance, memo, ref, status, type, uuid, account_id, transfer_id, custom) values('InternalTransaction', 1579, -0.77, 0.00, '', '2010-03-30', 'Transfer to Available', 'null', false, '', '', 2, 1, 'cc2a66d8-9a85-39fa-9ac2-e7c1de5abb7e', 228, 1249, false);
insert into Split (id, amount, uuid, envelope_id, transaction_id) values(1580, -0.77, 'dcc26d35-d1f0-3e2f-901a-8588f17af02d', 253, 1579);
insert into Transaction (DTYPE, id, amount, balance, checkNo, date, description, externalId, initialBalance, memo, ref, status, type, uuid, account_id, transfer_id, custom) values('InternalTransaction', 1581, -61.10, 3171.54, '', '2009-11-25', 'SPROUTS FARMERS MKT # 0', '200911250', false, '11/24SPROUTS F Purcha', '', 2, 1, 'fc6f1a2c-e7c1-3cda-a603-e03c4adc9361', 229, null, false);
insert into Split (id, amount, uuid, envelope_id, transaction_id) values(1582, -61.10, '95316a27-cbc0-3972-b915-046c5165bf40', 238, 1581);
insert into Transaction (DTYPE, id, amount, balance, checkNo, date, description, externalId, initialBalance, memo, ref, status, type, uuid, account_id, transfer_id, custom) values('InternalTransaction', 1583, 36.00, 3896.05, '', '2010-02-16', 'Transfer from Available', 'null', false, '', '', 0, 0, '688313ca-7325-39cc-81e9-f7448930d63a', 229, 1629, false);
insert into Split (id, amount, uuid, envelope_id, transaction_id) values(1584, 36.00, 'f56bff44-d4d4-3b7d-b700-6ac1965a6f81', 253, 1583);
insert into Transaction (DTYPE, id, amount, balance, checkNo, date, description, externalId, initialBalance, memo, ref, status, type, uuid, account_id, transfer_id, custom) values('InternalTransaction', 1585, -0.00, 4039.06, '', '2010-04-16', 'Transfer to Rent', 'null', false, '', '', 2, 1, 'eb0bf10b-6194-3df9-8715-77e37b917186', 229, 2431, false);
insert into Split (id, amount, uuid, envelope_id, transaction_id) values(1586, -0.00, '8c993c7a-bf68-3f83-aeb3-248b4ad84899', 293, 1585);
insert into Transaction (DTYPE, id, amount, balance, checkNo, date, description, externalId, initialBalance, memo, ref, status, type, uuid, account_id, transfer_id, custom) values('InternalTransaction', 1587, 2024.23, 4450.68, '', '2010-03-19', 'DIFFUSION GROUP PAYROLL PPD', '201003190', false, '', '', 2, 0, '58eeee3c-7629-363f-95fe-d9b9e4cec90b', 229, null, false);
insert into Split (id, amount, uuid, envelope_id, transaction_id) values(1588, 2024.23, 'fce5b0d9-b948-35f5-8374-c171e207b37a', 293, 1587);
insert into Transaction (DTYPE, id, amount, balance, checkNo, date, description, externalId, initialBalance, memo, ref, status, type, uuid, account_id, transfer_id, custom) values('InternalTransaction', 1589, 1237.32, 17736.49, '', '2010-02-16', 'Transfer from Available', 'null', false, '', '', 0, 0, 'a0c03219-58df-3a51-af31-466380803c3b', 229, 697, false);
insert into Split (id, amount, uuid, envelope_id, transaction_id) values(1590, 1237.32, '0ab7f68a-b1cd-3451-ac7d-8f67f8835a7b', 267, 1589);
insert into Transaction (DTYPE, id, amount, balance, checkNo, date, description, externalId, initialBalance, memo, ref, status, type, uuid, account_id, transfer_id, custom) values('InternalTransaction', 1591, 10.05, 10.05, '', '2010-03-13', 'Transfer from Spending', 'null', false, '', '', 2, 0, 'a9c6f027-7d4d-3c2c-827d-08fb12cf68a5', 228, 2385, false);
insert into Split (id, amount, uuid, envelope_id, transaction_id) values(1592, 10.05, '553e81e1-e62c-3ade-a847-7c13324db519', 296, 1591);
insert into Transaction (DTYPE, id, amount, balance, checkNo, date, description, externalId, initialBalance, memo, ref, status, type, uuid, account_id, transfer_id, custom) values('InternalTransaction', 1593, -59.55, 2208.96, '', '2010-02-01', 'CNS ULTA 3 0612 185216', '201002010', false, '01/31CNS ULTA', '', 2, 1, '4e1162ac-3365-3f3b-9c71-e604f452f2b4', 229, null, false);
insert into Split (id, amount, uuid, envelope_id, transaction_id) values(1594, -59.55, '4b1b6698-d63a-30a5-80b6-bbbce1c5ec25', 277, 1593);
insert into Transaction (DTYPE, id, amount, balance, checkNo, date, description, externalId, initialBalance, memo, ref, status, type, uuid, account_id, transfer_id, custom) values('InternalTransaction', 1595, -9.95, 1293.81, '', '2010-04-22', 'Financial Management Software:', '201004225', false, 'Monthly Service Fee', '', 1, 1, '7f082710-9654-3370-a41d-9099e7d1de89', 229, null, false);
insert into Split (id, amount, uuid, envelope_id, transaction_id) values(1596, -9.95, '3f08bd14-65d5-37f3-9dc9-0b21982a62a9', 232, 1595);
insert into Transaction (DTYPE, id, amount, balance, checkNo, date, description, externalId, initialBalance, memo, ref, status, type, uuid, account_id, transfer_id, custom) values('InternalTransaction', 1597, -80.00, 1808.62, '260', '2010-01-11', 'Annette Trijillo', '201001116', false, '', '', 2, 1, 'febfc600-6e55-3360-80f5-69f927989897', 229, null, false);
insert into Split (id, amount, uuid, envelope_id, transaction_id) values(1598, -80.00, 'd3648a55-1539-3528-8c68-2efc40a27f5f', 261, 1597);
insert into Transaction (DTYPE, id, amount, balance, checkNo, date, description, externalId, initialBalance, memo, ref, status, type, uuid, account_id, transfer_id, custom) values('InternalTransaction', 1599, -37.84, 4492.09, '', '2009-12-14', 'SHELL OIL 57441534302 PH', '2009121411', false, '12/10SHELL OIL', '', 2, 1, 'ba225013-8867-39d7-a2fc-8046a5cb1821', 229, null, false);
insert into Split (id, amount, uuid, envelope_id, transaction_id) values(1600, -37.84, '8c540b59-90c9-3c18-af5a-525cd0734cf4', 253, 1599);
insert into Transaction (DTYPE, id, amount, balance, checkNo, date, description, externalId, initialBalance, memo, ref, status, type, uuid, account_id, transfer_id, custom) values('InternalTransaction', 1601, 6.55, 6.55, '', '2010-02-25', 'Transfer from Spending', 'null', false, '', '', 2, 0, 'c2c3dff7-f289-3e96-a466-38e505892cc8', 228, 643, false);
insert into Split (id, amount, uuid, envelope_id, transaction_id) values(1602, 6.55, '8b4b0e07-5b8c-392a-9912-c1402f5c3b3d', 246, 1601);
insert into Transaction (DTYPE, id, amount, balance, checkNo, date, description, externalId, initialBalance, memo, ref, status, type, uuid, account_id, transfer_id, custom) values('InternalTransaction', 1603, -63.12, 0.00, '', '2010-03-30', 'Transfer to Available', 'null', false, '', '', 2, 1, '3fcec618-3517-3866-93b3-fd448bd6843d', 228, 2239, false);
insert into Split (id, amount, uuid, envelope_id, transaction_id) values(1604, -63.12, '5b190b30-0e92-334c-985d-5c040e73456e', 264, 1603);
insert into Transaction (DTYPE, id, amount, balance, checkNo, date, description, externalId, initialBalance, memo, ref, status, type, uuid, account_id, transfer_id, custom) values('InternalTransaction', 1605, -20.00, 528.63, '', '2009-11-12', 'CIRCLE K 05405 PHOENIX A946792', '200911123', false, '11/10CIRCLE K', '', 2, 1, '2cda764f-a579-364a-a788-d2995218bf1b', 229, null, false);
insert into Split (id, amount, uuid, envelope_id, transaction_id) values(1606, -20.00, 'd75d6032-f53b-3652-95e7-269b31f28ef2', 252, 1605);
insert into Transaction (DTYPE, id, amount, balance, checkNo, date, description, externalId, initialBalance, memo, ref, status, type, uuid, account_id, transfer_id, custom) values('InternalTransaction', 1607, 40.79, 5749.50, '', '2010-03-05', 'Transfer from Available', 'null', false, '', '', 2, 0, '68a1dc21-06bd-3582-a2d9-2439715d5757', 229, 2611, false);
insert into Split (id, amount, uuid, envelope_id, transaction_id) values(1608, 40.79, 'a6cd7d26-8387-3ca2-9e46-7988990d7f84', 273, 1607);
insert into Transaction (DTYPE, id, amount, balance, checkNo, date, description, externalId, initialBalance, memo, ref, status, type, uuid, account_id, transfer_id, custom) values('InternalTransaction', 1609, 65.73, 390.70, '', '2010-04-29', 'Transfer from Available', 'null', false, '', '', 2, 0, '4fe3392d-4ba1-3ffa-8030-c59a384b9782', 229, 2323, false);
insert into Split (id, amount, uuid, envelope_id, transaction_id) values(1610, 65.73, 'a0910e92-5c5b-3b5f-af1e-c289654e7dbf', 264, 1609);
insert into Transaction (DTYPE, id, amount, balance, checkNo, date, description, externalId, initialBalance, memo, ref, status, type, uuid, account_id, transfer_id, custom) values('InternalTransaction', 1611, -3.22, 1201.77, '', '2010-03-17', 'Transfer to Spending', 'null', false, '', '', 2, 1, 'c76d7f4c-9f46-35f3-8c4b-4ab621dffacf', 229, 1799, false);
insert into Split (id, amount, uuid, envelope_id, transaction_id) values(1612, -3.22, '3ed6d94c-951e-3832-b9f6-7fa53e977da4', 293, 1611);
insert into Transaction (DTYPE, id, amount, balance, checkNo, date, description, externalId, initialBalance, memo, ref, status, type, uuid, account_id, transfer_id, custom) values('InternalTransaction', 1613, -175.00, 2135.88, '', '2010-01-11', 'IRS USATAXPYMT 2700', '201001113', false, '41100759459 WEB ID: 3387702000', '', 2, 1, '3f3386ca-f363-3dd7-9e78-8213f21e63c9', 229, null, false);
insert into Split (id, amount, uuid, envelope_id, transaction_id) values(1614, -175.00, '325452ac-1859-31e0-a05c-12349c9b6a2a', 275, 1613);
insert into Transaction (DTYPE, id, amount, balance, checkNo, date, description, externalId, initialBalance, memo, ref, status, type, uuid, account_id, transfer_id, custom) values('InternalTransaction', 1615, -55.00, 3330.65, '', '2009-11-23', 'CNS IKEA TEMPE 0302 790757', '200911234', false, '11/21CNS IKEA', '', 2, 1, '965ecf42-39db-3f4d-afcb-f5bb2e03fd13', 229, null, false);
insert into Split (id, amount, uuid, envelope_id, transaction_id) values(1616, -55.00, 'e6349e13-4b48-369f-8c03-e84071352087', 235, 1615);
insert into Transaction (DTYPE, id, amount, balance, checkNo, date, description, externalId, initialBalance, memo, ref, status, type, uuid, account_id, transfer_id, custom) values('InternalTransaction', 1617, -309.00, 986.09, '', '2010-02-02', 'Rossmar & Graham RESIDENT', '201002021', false, 'WEB ID: W050568743', '', 2, 1, '1ddf4d3b-d326-3551-b478-99c97d9d32b8', 229, null, false);
insert into Split (id, amount, uuid, envelope_id, transaction_id) values(1618, -309.00, '2342e681-8efa-3ae7-a0d1-3f3661db02f5', 258, 1617);
insert into Transaction (DTYPE, id, amount, balance, checkNo, date, description, externalId, initialBalance, memo, ref, status, type, uuid, account_id, transfer_id, custom) values('InternalTransaction', 1619, -1.25, 3560.13, '', '2009-11-23', 'CARTEL COFFEE LAB TEMPE', '2009112310', false, '11/19CARTEL CO', '', 2, 1, '89ccfd67-eb7e-360c-80a2-e805bc8404a4', 229, null, false);
insert into Split (id, amount, uuid, envelope_id, transaction_id) values(1620, -1.25, 'ecd9db7a-7060-3c2e-b37f-b1fadb623fb2', 270, 1619);
insert into Transaction (DTYPE, id, amount, balance, checkNo, date, description, externalId, initialBalance, memo, ref, status, type, uuid, account_id, transfer_id, custom) values('InternalTransaction', 1621, -150.00, 4417.07, '', '2010-04-16', 'Transfer to Groceries', 'null', false, '', '', 2, 1, 'e6528d9d-d76e-3026-ac9e-373160b46201', 229, 2599, false);
insert into Split (id, amount, uuid, envelope_id, transaction_id) values(1622, -150.00, '8df1111f-fe56-3042-8dbf-fe2f7a01282d', 293, 1621);
insert into Transaction (DTYPE, id, amount, balance, checkNo, date, description, externalId, initialBalance, memo, ref, status, type, uuid, account_id, transfer_id, custom) values('InternalTransaction', 1623, 77.06, 1212.10, '', '2010-02-16', 'Transfer from Available', 'null', false, '', '', 0, 0, '02447f18-30df-3501-91d1-ea670fead849', 229, 3066, false);
insert into Split (id, amount, uuid, envelope_id, transaction_id) values(1624, 77.06, '2e574e98-ca9f-3bfc-8243-24008c56f250', 291, 1623);
insert into Transaction (DTYPE, id, amount, balance, checkNo, date, description, externalId, initialBalance, memo, ref, status, type, uuid, account_id, transfer_id, custom) values('InternalTransaction', 1625, 0.14, 1502.60, '', '2010-04-22', 'TD AMERITRADE ACH MICRO', '201004221', false, 'PPD ID: 4470533629', '', 1, 0, '61786ba8-5229-3b28-948b-ee68eb999396', 229, null, false);
insert into Split (id, amount, uuid, envelope_id, transaction_id) values(1626, 0.14, 'de8c495b-e5bf-3221-aa91-d81e5a29cbed', 293, 1625);
insert into Transaction (DTYPE, id, amount, balance, checkNo, date, description, externalId, initialBalance, memo, ref, status, type, uuid, account_id, transfer_id, custom) values('InternalTransaction', 1627, -80.00, 2708.29, '263', '2010-01-25', 'Annette Trijillo', '201001254', false, '', '', 2, 1, '2ccd2b8f-f84b-3331-bc8e-ae1c15e0445f', 229, null, false);
insert into Split (id, amount, uuid, envelope_id, transaction_id) values(1628, -80.00, 'fd2c99a1-696e-3aca-8cba-35c8bd6c26e1', 261, 1627);
insert into Transaction (DTYPE, id, amount, balance, checkNo, date, description, externalId, initialBalance, memo, ref, status, type, uuid, account_id, transfer_id, custom) values('InternalTransaction', 1629, -36.00, 5447.36, '', '2010-02-16', 'Transfer to Auto Fuel', 'null', false, '', '', 0, 1, '956d7084-c2a1-3cf9-8be1-21bcda7bd24f', 229, 1583, false);
insert into Split (id, amount, uuid, envelope_id, transaction_id) values(1630, -36.00, 'fe866dc3-7496-36cd-9080-9866fb4077d2', 293, 1629);
insert into Transaction (DTYPE, id, amount, balance, checkNo, date, description, externalId, initialBalance, memo, ref, status, type, uuid, account_id, transfer_id, custom) values('InternalTransaction', 1631, 7.21, 7.21, '', '2010-04-22', 'Transfer from Spending', 'null', false, '', '', 2, 0, '50461b24-ed5c-35e3-bbec-05a3ebecc577', 228, 2825, false);
insert into Split (id, amount, uuid, envelope_id, transaction_id) values(1632, 7.21, 'a9ae952a-0bab-3f10-bb30-15e64f1e32e9', 293, 1631);
insert into Transaction (DTYPE, id, amount, balance, checkNo, date, description, externalId, initialBalance, memo, ref, status, type, uuid, account_id, transfer_id, custom) values('InternalTransaction', 1633, 16.23, 900.91, '', '2010-03-03', 'PETCO 575 63505754 P', '201003032', false, '03/02PETCO 57', '', 2, 0, '067ca57b-1800-3999-93a9-e3dbd26d4675', 229, null, false);
insert into Split (id, amount, uuid, envelope_id, transaction_id) values(1634, 16.23, '83c13fc8-9c52-3e86-a373-03f431ccbbf5', 293, 1633);
insert into Transaction (DTYPE, id, amount, balance, checkNo, date, description, externalId, initialBalance, memo, ref, status, type, uuid, account_id, transfer_id, custom) values('InternalTransaction', 1635, 2024.23, 2674.28, '', '2010-04-16', 'DIFFUSION GROUP PAYROLL PPD', '201004160', false, '', '', 2, 0, '221efbe0-7890-324d-baa0-19f0b01e15ef', 229, null, false);
insert into Split (id, amount, uuid, envelope_id, transaction_id) values(1636, 2024.23, '45b73b01-7b81-3431-98cc-8c7737cb6013', 264, 1635);
insert into Transaction (DTYPE, id, amount, balance, checkNo, date, description, externalId, initialBalance, memo, ref, status, type, uuid, account_id, transfer_id, custom) values('InternalTransaction', 1637, -30.00, 2007.28, '281', '2009-11-05', 'Annette Trijillo', '200911051', false, '', '', 2, 1, 'b3a00c54-8740-3692-bd4d-ed97681c5d10', 229, null, false);
insert into Split (id, amount, uuid, envelope_id, transaction_id) values(1638, -30.00, 'a1913ecc-574e-316b-88ca-46ac6778fd98', 261, 1637);
insert into Transaction (DTYPE, id, amount, balance, checkNo, date, description, externalId, initialBalance, memo, ref, status, type, uuid, account_id, transfer_id, custom) values('InternalTransaction', 1639, -25.00, 783.12, '', '2010-04-13', 'SHADETREE 480-945-8423 A', '201004131', false, '04/12SHADETREE', '', 2, 1, '3a059d49-5c26-3590-b9c2-0147d408de38', 229, null, false);
insert into Split (id, amount, uuid, envelope_id, transaction_id) values(1640, -25.00, '7e95c4dc-4057-3e36-b16a-1929b0505203', 264, 1639);
insert into Transaction (DTYPE, id, amount, balance, checkNo, date, description, externalId, initialBalance, memo, ref, status, type, uuid, account_id, transfer_id, custom) values('InternalTransaction', 1641, -90.00, 4283.63, '', '2010-02-16', 'Transfer to Housekeeping', 'null', false, '', '', 0, 1, '246c8936-58c7-3fd2-991f-8187dbd5625d', 229, 1653, false);
insert into Split (id, amount, uuid, envelope_id, transaction_id) values(1642, -90.00, '878e2259-0fc4-364c-9a1f-a8a7198d5709', 293, 1641);
insert into Transaction (DTYPE, id, amount, balance, checkNo, date, description, externalId, initialBalance, memo, ref, status, type, uuid, account_id, transfer_id, custom) values('InternalTransaction', 1643, 2.11, 1558.34, '', '2010-04-21', 'Transfer from Available', 'null', false, '', '', 2, 0, '2546d806-67c1-31f4-ac2b-81a02040fbe7', 229, 709, false);
insert into Split (id, amount, uuid, envelope_id, transaction_id) values(1644, 2.11, '7623e69e-d060-33a3-88d3-a24ec45b3aa2', 270, 1643);
insert into Transaction (DTYPE, id, amount, balance, checkNo, date, description, externalId, initialBalance, memo, ref, status, type, uuid, account_id, transfer_id, custom) values('InternalTransaction', 1645, 293.94, 293.94, '', '2010-03-30', 'Transfer from Available', 'null', false, '', '', 2, 0, '11f4fd08-6ea4-3651-a359-ccadcec292ae', 228, 1967, false);
insert into Split (id, amount, uuid, envelope_id, transaction_id) values(1646, 293.94, '0eaef925-0a3b-3460-ba45-3643cef68808', 252, 1645);
insert into Transaction (DTYPE, id, amount, balance, checkNo, date, description, externalId, initialBalance, memo, ref, status, type, uuid, account_id, transfer_id, custom) values('InternalTransaction', 1647, 2157.42, 3180.20, '', '2009-12-28', 'DIFFUSION GROUP PAYROLL', '200912280', false, 'PPD ID: 1860988050', '', 2, 0, '6940aa3e-d71e-361d-b326-b664beebfd29', 229, null, false);
insert into Split (id, amount, uuid, envelope_id, transaction_id) values(1648, 2157.42, '59e7a91c-03c1-38cb-bbf8-ce00e2ceb0c5', 293, 1647);
insert into Transaction (DTYPE, id, amount, balance, checkNo, date, description, externalId, initialBalance, memo, ref, status, type, uuid, account_id, transfer_id, custom) values('InternalTransaction', 1649, -2.16, 2706.32, '', '2010-04-05', 'MCDONALD''S F21717 SCOTTS', '201004053', false, '04/03MCDONALD''', '', 2, 1, 'ff67dba2-63e6-3fce-b8bd-0ccbbf1132bf', 229, null, false);
insert into Split (id, amount, uuid, envelope_id, transaction_id) values(1650, -2.16, '21a4bfa1-91df-3ee5-9918-8522b14f2d5c', 246, 1649);
insert into Transaction (DTYPE, id, amount, balance, checkNo, date, description, externalId, initialBalance, memo, ref, status, type, uuid, account_id, transfer_id, custom) values('InternalTransaction', 1651, -32.19, 5107.43, '', '2010-02-16', 'Transfer to Chase Bank', 'null', false, '', '', 0, 1, '2a7507e4-5007-3f09-97dc-b3532408698c', 229, 2926, false);
insert into Split (id, amount, uuid, envelope_id, transaction_id) values(1652, -32.19, 'e0e64a59-dcc6-39ec-9683-c487df4fca0f', 293, 1651);
insert into Transaction (DTYPE, id, amount, balance, checkNo, date, description, externalId, initialBalance, memo, ref, status, type, uuid, account_id, transfer_id, custom) values('InternalTransaction', 1653, 90.00, 3986.05, '', '2010-02-16', 'Transfer from Available', 'null', false, '', '', 0, 0, '26dd94f1-ceba-38fd-a641-8a95d762cb12', 229, 1641, false);
insert into Split (id, amount, uuid, envelope_id, transaction_id) values(1654, 90.00, 'b7fec9e4-cfdf-30c4-af60-f42adbe61975', 261, 1653);
insert into Transaction (DTYPE, id, amount, balance, checkNo, date, description, externalId, initialBalance, memo, ref, status, type, uuid, account_id, transfer_id, custom) values('InternalTransaction', 1655, -150.00, 5524.83, '', '2010-03-19', 'Transfer to Groceries', 'null', false, '', '', 2, 1, '6085afa7-47ab-3892-8662-fb8ac47e2406', 229, 2299, false);
insert into Split (id, amount, uuid, envelope_id, transaction_id) values(1656, -150.00, '56c62200-3104-3a2e-a6c6-838d09900fdc', 293, 1655);
insert into Transaction (DTYPE, id, amount, balance, checkNo, date, description, externalId, initialBalance, memo, ref, status, type, uuid, account_id, transfer_id, custom) values('InternalTransaction', 1657, -16.22, 4915.78, '', '2010-02-16', 'Transfer to Fast Food', 'null', false, '', '', 0, 1, '747698da-9b10-3b4d-aa1f-daca6c6fd351', 229, 311, false);
insert into Split (id, amount, uuid, envelope_id, transaction_id) values(1658, -16.22, '6cb2fe7d-fc23-33f5-958b-62d39ac78dbc', 293, 1657);
insert into Transaction (DTYPE, id, amount, balance, checkNo, date, description, externalId, initialBalance, memo, ref, status, type, uuid, account_id, transfer_id, custom) values('InternalTransaction', 1659, -14.95, 16754.58, '', '2010-02-16', 'Transfer to Cox Communications', 'null', false, '', '', 0, 1, '83595b11-f0a0-31dd-bf4a-70569b59b710', 229, 2607, false);
insert into Split (id, amount, uuid, envelope_id, transaction_id) values(1660, -14.95, '14b50895-1d90-3ec6-908a-f1e705e0ee46', 293, 1659);
insert into Transaction (DTYPE, id, amount, balance, checkNo, date, description, externalId, initialBalance, memo, ref, status, type, uuid, account_id, transfer_id, custom) values('InternalTransaction', 1661, -20.00, 1277.60, '', '2010-04-07', 'Transfer to Massage', 'null', false, '', '', 2, 1, '4d48de25-0234-327b-b39a-76865a28d2ba', 229, 1167, false);
insert into Split (id, amount, uuid, envelope_id, transaction_id) values(1662, -20.00, '7933aec5-3cb1-3c64-ad41-db4ddfff9222', 293, 1661);
insert into Transaction (DTYPE, id, amount, balance, checkNo, date, description, externalId, initialBalance, memo, ref, status, type, uuid, account_id, transfer_id, custom) values('InternalTransaction', 1663, -5.39, 0.00, '', '2010-03-18', 'Transfer to Fast Food', 'null', false, '', '', 2, 1, '41e20ff7-ce08-390d-9863-6a46e4eaad70', 228, 2777, false);
insert into Split (id, amount, uuid, envelope_id, transaction_id) values(1664, -5.39, '4e9d9936-cb3a-3091-b5a0-a6e2c0cef61a', 293, 1663);
insert into Transaction (DTYPE, id, amount, balance, checkNo, date, description, externalId, initialBalance, memo, ref, status, type, uuid, account_id, transfer_id, custom) values('InternalTransaction', 1665, -790.91, 1447.04, '', '2010-03-02', 'LOANSERVICING AUTOMATIC', '201003020', false, 'PPD ID: 1231694840', '', 2, 1, 'ad8d6037-b6d7-3ce7-860e-862bf95c366a', 229, null, false);
insert into Split (id, amount, uuid, envelope_id, transaction_id) values(1666, -790.91, '47325404-8a60-3d3a-a1de-b8f2394e7d2c', 231, 1665);
insert into Transaction (DTYPE, id, amount, balance, checkNo, date, description, externalId, initialBalance, memo, ref, status, type, uuid, account_id, transfer_id, custom) values('InternalTransaction', 1667, -31.00, 2265.94, '', '2009-11-03', 'HSBC CARD SRVCS Online Pmt 0000', '200911033', false, '00502038685 WEB ID: 2000000510', '', 2, 1, 'd3d778e3-d847-38e8-9041-6740db2e1541', 229, null, false);
insert into Split (id, amount, uuid, envelope_id, transaction_id) values(1668, -31.00, '6c15d95d-0f54-303b-aa65-d6ec3724c892', 242, 1667);
insert into Transaction (DTYPE, id, amount, balance, checkNo, date, description, externalId, initialBalance, memo, ref, status, type, uuid, account_id, transfer_id, custom) values('InternalTransaction', 1669, 21.38, 21.38, '', '2010-03-11', 'Transfer from Unassigned', 'null', false, '', '', 2, 0, '5dedfc1d-4d84-3f60-87b9-7c0df63b06b4', 228, 687, false);
insert into Split (id, amount, uuid, envelope_id, transaction_id) values(1670, 21.38, '361cbfbb-0642-321d-9667-70a10b0f8afa', 293, 1669);
insert into Transaction (DTYPE, id, amount, balance, checkNo, date, description, externalId, initialBalance, memo, ref, status, type, uuid, account_id, transfer_id, custom) values('InternalTransaction', 1671, -17.27, 2907.73, '', '2009-12-03', 'WALGREEN COMPANY 2000 S 401706', '200912033', false, '12/02WALGREEN', '', 2, 1, '6e5f6b9f-a25b-347a-90ff-0ac04b41ab89', 229, null, false);
insert into Split (id, amount, uuid, envelope_id, transaction_id) values(1672, -17.27, '4168ebdd-8c94-398b-8706-daa4dfbabe9b', 277, 1671);
insert into Transaction (DTYPE, id, amount, balance, checkNo, date, description, externalId, initialBalance, memo, ref, status, type, uuid, account_id, transfer_id, custom) values('InternalTransaction', 1673, -42.56, 2473.88, '', '2010-01-08', 'WHOLE FOODS MARK 10810 P611430', '201001082', false, '01/07WHOLE FOO', '', 2, 1, '2ab39ee4-d09e-31b7-b53d-3de240242616', 229, null, false);
insert into Split (id, amount, uuid, envelope_id, transaction_id) values(1674, -42.56, '1e633ac1-fceb-3eb9-a3e4-e6f6e4b51d4f', 238, 1673);
insert into Transaction (DTYPE, id, amount, balance, checkNo, date, description, externalId, initialBalance, memo, ref, status, type, uuid, account_id, transfer_id, custom) values('InternalTransaction', 1675, 37.41, 18691.21, '', '2010-02-16', 'Transfer from Available', 'null', false, '', '', 0, 0, '40ca212e-1750-3b5b-9a8b-b8bb9dc4a1a8', 229, 1937, false);
insert into Split (id, amount, uuid, envelope_id, transaction_id) values(1676, 37.41, '2481139a-2b86-3442-9f6a-9a7800fd36e6', 241, 1675);
insert into Transaction (DTYPE, id, amount, balance, checkNo, date, description, externalId, initialBalance, memo, ref, status, type, uuid, account_id, transfer_id, custom) values('InternalTransaction', 1677, -11.07, 2253.92, '', '2010-03-01', 'PETCO ANIMAL SUPPLIES PH409408', '201003013', false, '02/28PETCO ANI', '', 2, 1, '3ff4e25b-71cd-32a7-8c8b-008823492005', 229, null, false);
insert into Split (id, amount, uuid, envelope_id, transaction_id) values(1678, -11.07, 'a6f54da1-82a2-3eda-8f70-4c0ba7665a59', 244, 1677);
insert into Transaction (DTYPE, id, amount, balance, checkNo, date, description, externalId, initialBalance, memo, ref, status, type, uuid, account_id, transfer_id, custom) values('InternalTransaction', 1679, -308.00, 1126.05, '251', '2009-11-09', 'Lofts @ Arcadia', '200911091', false, '', '', 2, 1, '44528069-4d54-39a1-bcf4-5de421758ed0', 229, null, false);
insert into Split (id, amount, uuid, envelope_id, transaction_id) values(1680, -308.00, '62f9969e-694e-3895-a51a-b24dfc72d945', 258, 1679);
insert into Transaction (DTYPE, id, amount, balance, checkNo, date, description, externalId, initialBalance, memo, ref, status, type, uuid, account_id, transfer_id, custom) values('InternalTransaction', 1681, -128.86, 1303.76, '', '2010-04-22', 'COX*PHOENIX COMM SER 602', '201004224', false, '04/21COX*PHOEN', '', 1, 1, '3edd71d2-6082-3e8f-a84a-172766984e70', 229, null, false);
insert into Split (id, amount, uuid, envelope_id, transaction_id) values(1682, -128.86, '1cdce9c1-063f-30f1-9d6d-772222a7bb62', 268, 1681);
insert into Transaction (DTYPE, id, amount, balance, checkNo, date, description, externalId, initialBalance, memo, ref, status, type, uuid, account_id, transfer_id, custom) values('InternalTransaction', 1683, -65.73, 0.00, '', '2010-04-29', 'Transfer to Available', 'null', false, '', '', 2, 1, '44d5c7c6-db9a-33e7-93f7-2a54c35d1ff1', 228, 3034, false);
insert into Split (id, amount, uuid, envelope_id, transaction_id) values(1684, -65.73, '608674b4-c1e0-38c2-b1bd-1b2fd07b8da2', 264, 1683);
insert into Transaction (DTYPE, id, amount, balance, checkNo, date, description, externalId, initialBalance, memo, ref, status, type, uuid, account_id, transfer_id, custom) values('InternalTransaction', 1685, -3.58, 3477.39, '', '2009-12-14', 'SPROUTS FARMERS MKT #7 P287259', '2009121427', false, '12/11SPROUTS F', '', 2, 1, 'd3622634-cac3-35a3-b9eb-43b99039157f', 229, null, false);
insert into Split (id, amount, uuid, envelope_id, transaction_id) values(1686, -3.58, '669ff203-8da4-3dde-b1b0-0d9ec6c255b5', 238, 1685);
insert into Transaction (DTYPE, id, amount, balance, checkNo, date, description, externalId, initialBalance, memo, ref, status, type, uuid, account_id, transfer_id, custom) values('InternalTransaction', 1687, -306.49, 17484.55, '', '2010-02-16', 'Transfer to Auto Fuel', 'null', false, '', '', 0, 1, '07632b9c-89c5-3d64-9aa5-4f0eb3a4903c', 229, 613, false);
insert into Split (id, amount, uuid, envelope_id, transaction_id) values(1688, -306.49, '06268021-80eb-385e-80b3-8db7f060263c', 293, 1687);
insert into Transaction (DTYPE, id, amount, balance, checkNo, date, description, externalId, initialBalance, memo, ref, status, type, uuid, account_id, transfer_id, custom) values('InternalTransaction', 1689, -8.95, 0.00, '', '2010-03-12', 'Transfer to Eating Out', 'null', false, '', '', 2, 1, '9a061e3d-ecc0-3010-a2d7-ba389f52dceb', 228, 753, false);
insert into Split (id, amount, uuid, envelope_id, transaction_id) values(1690, -8.95, '2abdb001-b223-3211-940d-ac14777ec44c', 252, 1689);
insert into Transaction (DTYPE, id, amount, balance, checkNo, date, description, externalId, initialBalance, memo, ref, status, type, uuid, account_id, transfer_id, custom) values('InternalTransaction', 1691, -15.79, 5693.09, '', '2009-12-11', 'BOSTON MARKET #272 PHOEN', '2009121110', false, '12/10BOSTON MA', '', 2, 1, '8ccdf983-fb88-3085-a13b-07f22c22dfc4', 229, null, false);
insert into Split (id, amount, uuid, envelope_id, transaction_id) values(1692, -15.79, '398ad7f5-07b9-3d50-bc5b-db568f90a574', 296, 1691);
insert into Transaction (DTYPE, id, amount, balance, checkNo, date, description, externalId, initialBalance, memo, ref, status, type, uuid, account_id, transfer_id, custom) values('InternalTransaction', 1693, -0.00, 3904.90, '', '2010-02-19', 'Transfer to Massage Envy', 'null', false, '', '', 2, 1, '012c5d80-b05a-3625-a43f-54aab011c335', 229, 1809, false);
insert into Split (id, amount, uuid, envelope_id, transaction_id) values(1694, -0.00, '25a1d375-5c54-363b-98b8-79478d469c88', 293, 1693);
insert into Transaction (DTYPE, id, amount, balance, checkNo, date, description, externalId, initialBalance, memo, ref, status, type, uuid, account_id, transfer_id, custom) values('InternalTransaction', 1695, -5.77, 6313.96, '', '2010-03-19', 'Transfer to Auto Registration', 'null', false, '', '', 2, 1, '73deb1cc-11c8-3ed3-9fd1-98a73373d4da', 229, 3052, false);
insert into Split (id, amount, uuid, envelope_id, transaction_id) values(1696, -5.77, 'da80f392-0f5a-3e23-8e1f-ce5d8ec07ce9', 293, 1695);
insert into Transaction (DTYPE, id, amount, balance, checkNo, date, description, externalId, initialBalance, memo, ref, status, type, uuid, account_id, transfer_id, custom) values('InternalTransaction', 1697, 65.00, 3914.13, '', '2010-04-16', 'Transfer from Available', 'null', false, '', '', 2, 0, '88945b85-2be6-352e-976c-8bc0c9276866', 229, 1349, false);
insert into Split (id, amount, uuid, envelope_id, transaction_id) values(1698, 65.00, '2731dc09-20c8-3019-a51c-60e1c1c5790b', 268, 1697);
insert into Transaction (DTYPE, id, amount, balance, checkNo, date, description, externalId, initialBalance, memo, ref, status, type, uuid, account_id, transfer_id, custom) values('InternalTransaction', 1699, 0.13, 1563.46, '', '2010-04-20', 'TD AMERITRADE ACH MICRO', '201004201', false, 'PPD ID: 4470533629', '', 2, 0, 'ab6510b5-e3f5-30a1-8c89-ade9b4595872', 229, null, false);
insert into Split (id, amount, uuid, envelope_id, transaction_id) values(1700, 0.13, '91c17ce7-2a89-341d-994d-2bd916a7602f', 252, 1699);
insert into Transaction (DTYPE, id, amount, balance, checkNo, date, description, externalId, initialBalance, memo, ref, status, type, uuid, account_id, transfer_id, custom) values('InternalTransaction', 1701, 395.45, 395.45, '', '2010-04-30', 'Transfer from Credit Cards', 'null', false, '', '', 2, 0, '82708c48-d788-3c32-ba05-b588fc569ae2', 228, 1483, false);
insert into Split (id, amount, uuid, envelope_id, transaction_id) values(1702, 395.45, 'cd156ff3-dcfa-38ea-9c33-ad2b5f0d072c', 231, 1701);
insert into Transaction (DTYPE, id, amount, balance, checkNo, date, description, externalId, initialBalance, memo, ref, status, type, uuid, account_id, transfer_id, custom) values('InternalTransaction', 1703, -9.98, 1154.48, '', '2010-04-12', 'EASYNEWS.COM 866-396-397', '201004124', false, '04/11EASYNEWS.', '', 2, 1, '66022c46-496b-37fa-ae10-705644fd6cf7', 229, null, false);
insert into Split (id, amount, uuid, envelope_id, transaction_id) values(1704, -9.98, 'f0cad0ad-cd77-3f44-b571-4350c31ab259', 254, 1703);
insert into Transaction (DTYPE, id, amount, balance, checkNo, date, description, externalId, initialBalance, memo, ref, status, type, uuid, account_id, transfer_id, custom) values('InternalTransaction', 1705, -790.91, 3221.32, '', '2009-12-02', 'LOANSERVICING AUTOMATIC', '200912020', false, 'PPD ID: 1231694840', '', 2, 1, 'be90bad7-2261-3455-aae1-794c4d5769f8', 229, null, false);
insert into Split (id, amount, uuid, envelope_id, transaction_id) values(1706, -790.91, 'a475ba2a-a6d9-3873-8fb1-f58f785b1945', 231, 1705);
insert into Transaction (DTYPE, id, amount, balance, checkNo, date, description, externalId, initialBalance, memo, ref, status, type, uuid, account_id, transfer_id, custom) values('InternalTransaction', 1707, -57.18, 2589.50, '', '2010-04-30', 'Transfer to State Farm Insurance', 'null', false, '', '', 2, 1, '1674dca2-0973-3726-9255-4242ce627409', 229, 1379, false);
insert into Split (id, amount, uuid, envelope_id, transaction_id) values(1708, -57.18, 'c7e716e1-c3ea-3bb9-8660-6e939bdc6396', 293, 1707);
insert into Transaction (DTYPE, id, amount, balance, checkNo, date, description, externalId, initialBalance, memo, ref, status, type, uuid, account_id, transfer_id, custom) values('InternalTransaction', 1709, -10.27, 0.00, '', '2010-03-20', 'Transfer to Eating Out', 'null', false, '', '', 2, 1, '087b04d6-0acd-3cff-a390-e2ebf63358e6', 228, 333, false);
insert into Split (id, amount, uuid, envelope_id, transaction_id) values(1710, -10.27, '208f08b0-c44b-360d-ba5b-b4839bf05587', 293, 1709);
insert into Transaction (DTYPE, id, amount, balance, checkNo, date, description, externalId, initialBalance, memo, ref, status, type, uuid, account_id, transfer_id, custom) values('InternalTransaction', 1711, -20.41, 1383.75, '', '2010-03-15', 'SPROUTS FARMERS MKT #7 P779389', '201003157', false, '03/13SPROUTS F', '', 2, 1, '9559c653-6f8a-3697-82c4-591902186814', 229, null, false);
insert into Split (id, amount, uuid, envelope_id, transaction_id) values(1712, -20.41, '3d39f92c-6b39-31c2-b9e8-32d3254b07f6', 238, 1711);
insert into Transaction (DTYPE, id, amount, balance, checkNo, date, description, externalId, initialBalance, memo, ref, status, type, uuid, account_id, transfer_id, custom) values('InternalTransaction', 1713, -40.32, 1476.83, '', '2010-04-06', 'SHELL Service Station TE089186', '201004060', false, '04/05SHELL Ser', '', 2, 1, '001b32ef-8744-3aa7-b774-0fad39395d67', 229, null, false);
insert into Split (id, amount, uuid, envelope_id, transaction_id) values(1714, -40.32, 'e0207d52-590c-363d-ae41-04f9203773f1', 253, 1713);
insert into Transaction (DTYPE, id, amount, balance, checkNo, date, description, externalId, initialBalance, memo, ref, status, type, uuid, account_id, transfer_id, custom) values('InternalTransaction', 1715, 1497.31, 5483.36, '', '2010-02-16', 'Transfer from Available', 'null', false, '', '', 0, 0, '5f1f2705-07b3-371b-832a-01d5c083343d', 229, 3190, false);
insert into Split (id, amount, uuid, envelope_id, transaction_id) values(1716, 1497.31, '2cfcbe26-f002-3c44-9391-b53bda857eaf', 251, 1715);
insert into Transaction (DTYPE, id, amount, balance, checkNo, date, description, externalId, initialBalance, memo, ref, status, type, uuid, account_id, transfer_id, custom) values('InternalTransaction', 1717, -200.00, 4358.85, '', '2010-03-05', 'Transfer to Spending', 'null', false, '', '', 2, 1, 'd5fbcc29-3e50-366b-9aa7-a06a9dcf6021', 229, 1561, false);
insert into Split (id, amount, uuid, envelope_id, transaction_id) values(1718, -200.00, 'fb9f8958-71ce-3092-8494-3b88ead845ad', 293, 1717);
insert into Transaction (DTYPE, id, amount, balance, checkNo, date, description, externalId, initialBalance, memo, ref, status, type, uuid, account_id, transfer_id, custom) values('InternalTransaction', 1719, -34.23, 2739.82, '', '2009-12-28', '7-ELEVEN PHOENIX AZ 361209', '200912285', false, '12/277-ELEVEN', '', 2, 1, 'cab78237-5166-3101-9d9d-e64ba704ab7b', 229, null, false);
insert into Split (id, amount, uuid, envelope_id, transaction_id) values(1720, -34.23, '4267f961-24a7-3390-be9e-15c0230c5a1e', 252, 1719);
insert into Transaction (DTYPE, id, amount, balance, checkNo, date, description, externalId, initialBalance, memo, ref, status, type, uuid, account_id, transfer_id, custom) values('InternalTransaction', 1721, 48.90, 48.90, '', '2010-03-03', 'Transfer from Unassigned', 'null', false, '', '', 2, 0, 'a3c73bf4-d1ab-3a69-bc85-c83c5be5e0a0', 228, 2635, false);
insert into Split (id, amount, uuid, envelope_id, transaction_id) values(1722, 48.90, 'b9f3d646-b45e-3957-ada8-79a19b587946', 247, 1721);
insert into Transaction (DTYPE, id, amount, balance, checkNo, date, description, externalId, initialBalance, memo, ref, status, type, uuid, account_id, transfer_id, custom) values('InternalTransaction', 1723, -160.00, 0.00, '', '2010-03-09', 'Transfer to Available', 'null', false, '', '', 2, 1, 'c17a4f38-bc02-37dc-a1f3-9721c62d9ce4', 228, 2119, false);
insert into Split (id, amount, uuid, envelope_id, transaction_id) values(1724, -160.00, '0308f8c3-1e4b-368d-822e-bc968921eb0a', 251, 1723);
insert into Transaction (DTYPE, id, amount, balance, checkNo, date, description, externalId, initialBalance, memo, ref, status, type, uuid, account_id, transfer_id, custom) values('InternalTransaction', 1725, -175.00, 2185.37, '', '2010-04-02', 'Transfer to Taxes', 'null', false, '', '', 2, 1, 'b6022428-5d7c-33c4-9399-82282ef36638', 229, 669, false);
insert into Split (id, amount, uuid, envelope_id, transaction_id) values(1726, -175.00, 'e4b756d4-af82-3d78-bed1-1f3e34dd5efb', 293, 1725);
insert into Transaction (DTYPE, id, amount, balance, checkNo, date, description, externalId, initialBalance, memo, ref, status, type, uuid, account_id, transfer_id, custom) values('InternalTransaction', 1727, -21.02, 1227.16, '', '2010-02-15', 'FRYS FOOD & DRUG 1815 G', '201002163', false, '', '', 2, 1, '633f21e3-9915-3a78-9e92-16b51bcdc87d', 229, null, false);
insert into Split (id, amount, uuid, envelope_id, transaction_id) values(1728, -21.02, '87dd4517-ae7c-370a-9e52-5f7a09015768', 238, 1727);
insert into Transaction (DTYPE, id, amount, balance, checkNo, date, description, externalId, initialBalance, memo, ref, status, type, uuid, account_id, transfer_id, custom) values('InternalTransaction', 1729, -49.90, 2471.58, '', '2009-12-29', 'AMERUSA SERVICES 727-467', '200912291', false, '12/27AMERUSA S', '', 2, 1, '7b4b33a4-836c-35b3-a3b0-8cbb65e02e8c', 229, null, false);
insert into Split (id, amount, uuid, envelope_id, transaction_id) values(1730, -49.90, 'e0f7e11f-6580-3b0b-9904-9491165503f5', 252, 1729);
insert into Transaction (DTYPE, id, amount, balance, checkNo, date, description, externalId, initialBalance, memo, ref, status, type, uuid, account_id, transfer_id, custom) values('InternalTransaction', 1731, -11.79, 1178.41, '', '2010-04-26', 'OFFICE MAX 9201 N 29TH P638837', '201004268', false, '04/25OFFICE MA', '', 1, 1, '834f2e35-8e31-396a-8a9c-09e81ba6f8ae', 229, null, false);
insert into Split (id, amount, uuid, envelope_id, transaction_id) values(1732, -11.79, '63107778-d79d-3c9a-bac0-88d9c45539c4', 239, 1731);
insert into Transaction (DTYPE, id, amount, balance, checkNo, date, description, externalId, initialBalance, memo, ref, status, type, uuid, account_id, transfer_id, custom) values('InternalTransaction', 1733, 0.00, 3496.58, '', '2010-04-02', 'Transfer from Available', 'null', false, '', '', 2, 1, 'd9c96aab-12da-3179-9880-b409102bc121', 229, 2357, false);
insert into Split (id, amount, uuid, envelope_id, transaction_id) values(1734, 0.00, 'e87a7032-6e04-32c6-920d-c6cd60c7e620', 231, 1733);
insert into Transaction (DTYPE, id, amount, balance, checkNo, date, description, externalId, initialBalance, memo, ref, status, type, uuid, account_id, transfer_id, custom) values('InternalTransaction', 1735, 20.41, 1358.33, '', '2010-02-16', 'Transfer from Available', 'null', false, '', '', 0, 0, 'de29b486-1d9a-33eb-a898-c4a275199e4e', 229, 797, false);
insert into Split (id, amount, uuid, envelope_id, transaction_id) values(1736, 20.41, 'bba4a064-3905-3134-92da-1b9e9c2a75b7', 252, 1735);
insert into Transaction (DTYPE, id, amount, balance, checkNo, date, description, externalId, initialBalance, memo, ref, status, type, uuid, account_id, transfer_id, custom) values('InternalTransaction', 1737, -4.98, 2589.50, '', '2010-04-30', 'Transfer to Chase Bank', 'null', false, '', '', 2, 1, '26ddf112-4c6b-34e2-8a55-329625c0fd1f', 229, 409, false);
insert into Split (id, amount, uuid, envelope_id, transaction_id) values(1738, -4.98, 'db4a78fd-894b-3dd2-a8a3-68c7147d4212', 293, 1737);
insert into Transaction (DTYPE, id, amount, balance, checkNo, date, description, externalId, initialBalance, memo, ref, status, type, uuid, account_id, transfer_id, custom) values('InternalTransaction', 1739, 395.45, 5087.45, '', '2010-02-19', 'Transfer from Available', 'null', false, '', '', 2, 0, '02ca5b23-5aad-3d1e-8641-cc19279ac2c1', 229, 787, false);
insert into Split (id, amount, uuid, envelope_id, transaction_id) values(1740, 395.45, 'd3fdab43-d9cd-3594-aae6-899f01c3bacd', 231, 1739);
insert into Transaction (DTYPE, id, amount, balance, checkNo, date, description, externalId, initialBalance, memo, ref, status, type, uuid, account_id, transfer_id, custom) values('InternalTransaction', 1741, -894.79, 1874.35, '', '2010-02-09', 'HSBC CARD SRVCS Online Pmt 0000', '201002090', false, '00532787028 WEB ID: 2000000510', '', 2, 1, '036527d8-43cf-3c5b-b797-c648843a6161', 229, null, false);
insert into Split (id, amount, uuid, envelope_id, transaction_id) values(1742, -894.79, '6e519568-0655-3b3f-87a3-6ad3adf06ef6', 242, 1741);
insert into Transaction (DTYPE, id, amount, balance, checkNo, date, description, externalId, initialBalance, memo, ref, status, type, uuid, account_id, transfer_id, custom) values('InternalTransaction', 1743, 31.68, 31.68, '', '2010-03-16', 'Transfer from Spending', 'null', false, '', '', 2, 0, '10307923-252a-3445-a7f6-2d1a7686d3c6', 228, 1795, false);
insert into Split (id, amount, uuid, envelope_id, transaction_id) values(1744, 31.68, '59cce2ff-bb79-323d-972b-26bcb79215d8', 256, 1743);
insert into Transaction (DTYPE, id, amount, balance, checkNo, date, description, externalId, initialBalance, memo, ref, status, type, uuid, account_id, transfer_id, custom) values('InternalTransaction', 1745, -80.00, 2902.33, '265', '2010-02-08', 'Annette Trijillo', '201002085', false, '', '', 2, 1, 'b1c485c2-3535-3ace-8cae-095b423933de', 229, null, false);
insert into Split (id, amount, uuid, envelope_id, transaction_id) values(1746, -80.00, '138ca748-f69f-39fa-a311-c86dff645b5b', 261, 1745);
insert into Transaction (DTYPE, id, amount, balance, checkNo, date, description, externalId, initialBalance, memo, ref, status, type, uuid, account_id, transfer_id, custom) values('InternalTransaction', 1747, -5.40, 4394.03, '', '2009-11-30', 'TACO BELL #18300183459 P', '2009113016', false, '11/28TACO BELL', '', 2, 1, '0a887d9e-5317-38be-ab0f-57fc912f9e17', 229, null, false);
insert into Split (id, amount, uuid, envelope_id, transaction_id) values(1748, -5.40, 'f3c833fa-2c07-39c0-a44d-e1102fdad946', 246, 1747);
insert into Transaction (DTYPE, id, amount, balance, checkNo, date, description, externalId, initialBalance, memo, ref, status, type, uuid, account_id, transfer_id, custom) values('InternalTransaction', 1749, -249.99, 3411.84, '', '2010-02-08', 'PAYPAL ECHECK 4E82', '201002081', false, '243V8J9GS WEB ID: PAYPALEC77', '', 2, 1, '22264857-0de5-3ee4-a389-a63a70ff6f3e', 229, null, false);
insert into Split (id, amount, uuid, envelope_id, transaction_id) values(1750, -249.99, '30df1617-1cf5-36f6-8b89-f6a51e49a8d6', 252, 1749);
insert into Transaction (DTYPE, id, amount, balance, checkNo, date, description, externalId, initialBalance, memo, ref, status, type, uuid, account_id, transfer_id, custom) values('InternalTransaction', 1751, -8.03, 975.96, '', '2010-03-03', 'Transfer to Groceries', 'null', false, '', '', 2, 1, '9993f475-fab0-3db4-8c71-9ab8076dc9ed', 229, 861, false);
insert into Split (id, amount, uuid, envelope_id, transaction_id) values(1752, -8.03, '94e0bfc2-4322-3706-9395-0a7565e559b6', 293, 1751);
insert into Transaction (DTYPE, id, amount, balance, checkNo, date, description, externalId, initialBalance, memo, ref, status, type, uuid, account_id, transfer_id, custom) values('InternalTransaction', 1753, -20.00, 3272.48, '', '2009-11-23', 'QT 425 PHOENIX AZ 814196', '200911236', false, '11/22QT 425 PH', '', 2, 1, 'e9f68b7c-4fe3-35e2-8fd4-763ec7d23234', 229, null, false);
insert into Split (id, amount, uuid, envelope_id, transaction_id) values(1754, -20.00, 'c6a34c4f-3155-309b-b8e2-3fe35141c10e', 252, 1753);
insert into Transaction (DTYPE, id, amount, balance, checkNo, date, description, externalId, initialBalance, memo, ref, status, type, uuid, account_id, transfer_id, custom) values('InternalTransaction', 1755, -16.79, 1375.30, '', '2009-12-21', 'PEI WEI #0023 Q02 P', '200912213', false, '12/19PEI WEI #', '', 2, 1, 'bd22bee0-391a-3512-8b77-6f1868d40331', 229, null, false);
insert into Split (id, amount, uuid, envelope_id, transaction_id) values(1756, -16.79, 'f4de6ad5-fe09-35b3-9971-7329d1f003ca', 296, 1755);
insert into Transaction (DTYPE, id, amount, balance, checkNo, date, description, externalId, initialBalance, memo, ref, status, type, uuid, account_id, transfer_id, custom) values('InternalTransaction', 1757, -664.67, 13459.71, '', '2010-02-16', 'Transfer to Furniture', 'null', false, '', '', 0, 1, '65da10eb-6d35-3240-a030-3438e7765b62', 229, 1555, false);
insert into Split (id, amount, uuid, envelope_id, transaction_id) values(1758, -664.67, '9d596ce2-2d97-37fc-a1bc-c5e1edd5b133', 293, 1757);
insert into Transaction (DTYPE, id, amount, balance, checkNo, date, description, externalId, initialBalance, memo, ref, status, type, uuid, account_id, transfer_id, custom) values('InternalTransaction', 1759, -2.74, 2589.50, '', '2010-04-30', 'Transfer to Kelly Letter', 'null', false, '', '', 2, 1, 'f3689424-a788-3c40-8b9b-647fb9033159', 229, 591, false);
insert into Split (id, amount, uuid, envelope_id, transaction_id) values(1760, -2.74, 'c19f241f-e6c5-3386-b5d1-bfa703969d0a', 293, 1759);
insert into Transaction (DTYPE, id, amount, balance, checkNo, date, description, externalId, initialBalance, memo, ref, status, type, uuid, account_id, transfer_id, custom) values('InternalTransaction', 1761, 38.21, 38.21, '', '2010-04-06', 'Transfer from Unassigned', 'null', false, '', '', 2, 0, 'ba3feb07-f2de-3a45-ba02-ad164f9a1412', 228, 927, false);
insert into Split (id, amount, uuid, envelope_id, transaction_id) values(1762, 38.21, 'bc0f8da0-4573-35f0-9837-2584c0899901', 293, 1761);
insert into Transaction (DTYPE, id, amount, balance, checkNo, date, description, externalId, initialBalance, memo, ref, status, type, uuid, account_id, transfer_id, custom) values('InternalTransaction', 1763, -5.13, 363.29, '', '2010-04-28', 'IN-N-OUT BURGERS TEMPE A', '201004280', false, '04/26IN-N-OUT', '', 1, 1, 'f856fd57-d60e-3a02-b792-0c2fb204ef11', 229, null, false);
insert into Split (id, amount, uuid, envelope_id, transaction_id) values(1764, -5.13, '31c1daa5-aaf1-3957-af34-cb2a46bccd88', 246, 1763);
insert into Transaction (DTYPE, id, amount, balance, checkNo, date, description, externalId, initialBalance, memo, ref, status, type, uuid, account_id, transfer_id, custom) values('InternalTransaction', 1765, 6.44, 6.44, '', '2010-03-17', 'Transfer from Available', 'null', false, '', '', 2, 0, 'dc8b1f28-5839-3acd-a79a-992d8101e7a9', 228, 1887, false);
insert into Split (id, amount, uuid, envelope_id, transaction_id) values(1766, 6.44, 'aba0108b-419c-3a54-a658-f6f1f31b48ed', 252, 1765);
insert into Transaction (DTYPE, id, amount, balance, checkNo, date, description, externalId, initialBalance, memo, ref, status, type, uuid, account_id, transfer_id, custom) values('InternalTransaction', 1767, 210.00, 19072.88, '', '2010-02-16', 'Transfer from Available', 'null', false, '', '', 0, 0, '91c63561-cf23-3780-a6c6-df97eaa25424', 229, 1417, false);
insert into Split (id, amount, uuid, envelope_id, transaction_id) values(1768, 210.00, '91424eb6-b0b3-3ed8-b953-e9774e1d93b6', 260, 1767);
insert into Transaction (DTYPE, id, amount, balance, checkNo, date, description, externalId, initialBalance, memo, ref, status, type, uuid, account_id, transfer_id, custom) values('InternalTransaction', 1769, -25.00, 2687.78, '', '2009-12-28', 'LDW GROUP 8006017097 MA', '200912287', false, '12/25LDW GROUP', '', 2, 1, '8497594e-9d91-33b5-a0d7-ed57cd386ecf', 229, null, false);
insert into Split (id, amount, uuid, envelope_id, transaction_id) values(1770, -25.00, 'ba998b1d-3426-319e-838d-e791730c64fd', 247, 1769);
insert into Transaction (DTYPE, id, amount, balance, checkNo, date, description, externalId, initialBalance, memo, ref, status, type, uuid, account_id, transfer_id, custom) values('InternalTransaction', 1771, 120.00, 1255.04, '', '2010-02-16', 'Transfer from Available', 'null', false, '', '', 0, 0, 'c9b70c9d-c884-378a-a138-aec6f9913b5d', 229, 1043, false);
insert into Split (id, amount, uuid, envelope_id, transaction_id) values(1772, 120.00, '3a1d4694-76de-3a62-9025-7da4d225b808', 253, 1771);
insert into Transaction (DTYPE, id, amount, balance, checkNo, date, description, externalId, initialBalance, memo, ref, status, type, uuid, account_id, transfer_id, custom) values('InternalTransaction', 1773, 21.82, 21.82, '', '2010-03-16', 'Transfer from Spending', 'null', false, '', '', 2, 0, 'd9304c20-5e57-3e26-b082-40aee0f0a9a1', 228, 581, false);
insert into Split (id, amount, uuid, envelope_id, transaction_id) values(1774, 21.82, '3c103bc9-c078-3fd7-9d24-72cbd80b95d9', 296, 1773);
insert into Transaction (DTYPE, id, amount, balance, checkNo, date, description, externalId, initialBalance, memo, ref, status, type, uuid, account_id, transfer_id, custom) values('InternalTransaction', 1775, -29.30, 1355.46, '', '2009-10-27', 'IHOP #1507 PHOENIX AZ', '200910271', false, '10/25IHOP #150', '', 2, 1, 'ed00e3f2-d548-3d07-810b-33a08d31b084', 229, null, false);
insert into Split (id, amount, uuid, envelope_id, transaction_id) values(1776, -29.30, '4e93d7bf-c106-370c-8e7f-91e7cbd932a5', 296, 1775);
insert into Transaction (DTYPE, id, amount, balance, checkNo, date, description, externalId, initialBalance, memo, ref, status, type, uuid, account_id, transfer_id, custom) values('InternalTransaction', 1777, -269.17, 4707.38, '', '2010-03-20', 'THE DUMP', '201003225', false, '', '', 2, 1, 'fc10c689-aded-3fdb-aeab-161db24d15d5', 229, null, false);
insert into Split (id, amount, uuid, envelope_id, transaction_id) values(1778, -269.17, '77dafe71-e174-3b6b-b569-2a0b8d68649e', 248, 1777);
insert into Transaction (DTYPE, id, amount, balance, checkNo, date, description, externalId, initialBalance, memo, ref, status, type, uuid, account_id, transfer_id, custom) values('InternalTransaction', 1779, -168.40, 952.64, '', '2010-03-02', 'STATE FARM RO 27 SFPP', '201003022', false, 'PPD ID: 9000307001', '', 2, 1, 'b75a258d-87f7-35b3-a785-74462050a403', 229, null, false);
insert into Split (id, amount, uuid, envelope_id, transaction_id) values(1780, -168.40, 'd2ce2f75-5dcc-35b9-ae0a-572daf5fbfc7', 291, 1779);
insert into Transaction (DTYPE, id, amount, balance, checkNo, date, description, externalId, initialBalance, memo, ref, status, type, uuid, account_id, transfer_id, custom) values('InternalTransaction', 1781, -6.60, 3232.64, '', '2009-11-24', 'SUBWAY 10923 Q16 P', '200911240', false, '11/21SUBWAY 10', '', 2, 1, '72842df9-4865-3958-bbbb-9c405e9c9c57', 229, null, false);
insert into Split (id, amount, uuid, envelope_id, transaction_id) values(1782, -6.60, 'a710802f-fc88-3219-8c75-7d7d7e9b4d83', 246, 1781);
insert into Transaction (DTYPE, id, amount, balance, checkNo, date, description, externalId, initialBalance, memo, ref, status, type, uuid, account_id, transfer_id, custom) values('InternalTransaction', 1783, -103.40, 1172.95, '', '2010-02-16', 'Transfer to Groceries', 'null', false, '', '', 0, 1, '862b7f97-698e-3a8f-9be6-b7c454eb6e6b', 229, 2033, false);
insert into Split (id, amount, uuid, envelope_id, transaction_id) values(1784, -103.40, '0f26ee21-8a7a-3151-a00d-cb26f355a660', 293, 1783);
insert into Transaction (DTYPE, id, amount, balance, checkNo, date, description, externalId, initialBalance, memo, ref, status, type, uuid, account_id, transfer_id, custom) values('InternalTransaction', 1785, 60.00, 60.00, '', '2010-04-29', 'Transfer from Auto Maintenance', 'null', false, '', '', 2, 0, 'beb8ae54-cb62-3aa8-8cf0-a65549fd0e3b', 228, 1093, false);
insert into Split (id, amount, uuid, envelope_id, transaction_id) values(1786, 60.00, '93ec7887-efc6-3e0e-b354-6bc608aee11d', 245, 1785);
insert into Transaction (DTYPE, id, amount, balance, checkNo, date, description, externalId, initialBalance, memo, ref, status, type, uuid, account_id, transfer_id, custom) values('InternalTransaction', 1787, -20.00, 0.00, '', '2010-03-12', 'Transfer to Lotto', 'null', false, '', '', 2, 1, 'ad65d08b-00b3-349e-af8d-49b0936bbfcb', 228, 2171, false);
insert into Split (id, amount, uuid, envelope_id, transaction_id) values(1788, -20.00, '039962a6-9c2c-3e64-8ab7-7a935e959580', 293, 1787);
insert into Transaction (DTYPE, id, amount, balance, checkNo, date, description, externalId, initialBalance, memo, ref, status, type, uuid, account_id, transfer_id, custom) values('InternalTransaction', 1789, 163.00, 2752.50, '', '2010-04-30', 'Transfer from Available', 'null', false, '', '', 2, 0, '51233615-243e-37d9-ab28-bc8cfdea4b76', 229, 2976, false);
insert into Split (id, amount, uuid, envelope_id, transaction_id) values(1790, 163.00, 'd3d820ce-da94-37a7-ae6a-0ae40bbb6e74', 258, 1789);
insert into Transaction (DTYPE, id, amount, balance, checkNo, date, description, externalId, initialBalance, memo, ref, status, type, uuid, account_id, transfer_id, custom) values('InternalTransaction', 1791, 128.24, 5206.92, '', '2010-03-19', 'Transfer from Available', 'null', false, '', '', 2, 0, '0e079e12-10b8-3195-82ce-6447d325c319', 229, 2461, false);
insert into Split (id, amount, uuid, envelope_id, transaction_id) values(1792, 128.24, 'ac3be6f1-6c43-3830-85d9-b34fc391881b', 293, 1791);
insert into Transaction (DTYPE, id, amount, balance, checkNo, date, description, externalId, initialBalance, memo, ref, status, type, uuid, account_id, transfer_id, custom) values('InternalTransaction', 1793, -3.98, 1312.85, '', '2010-04-07', 'BURGER KING #15588 TEMPE', '201004071', false, '04/05BURGER KI', '', 2, 1, '2f26dc3c-fd2f-3ab5-a5a8-95fc9941a985', 229, null, false);
insert into Split (id, amount, uuid, envelope_id, transaction_id) values(1794, -3.98, '7ecf8fd3-2299-3850-9b53-16a62cb49f07', 246, 1793);
insert into Transaction (DTYPE, id, amount, balance, checkNo, date, description, externalId, initialBalance, memo, ref, status, type, uuid, account_id, transfer_id, custom) values('InternalTransaction', 1795, -31.68, 0.00, '', '2010-03-16', 'Transfer to Massage', 'null', false, '', '', 2, 1, '4c2783cc-166f-3ebe-911a-873d807e0853', 228, 1743, false);
insert into Split (id, amount, uuid, envelope_id, transaction_id) values(1796, -31.68, '98102f0c-2e40-331f-b234-c7455bee1cbc', 252, 1795);
insert into Transaction (DTYPE, id, amount, balance, checkNo, date, description, externalId, initialBalance, memo, ref, status, type, uuid, account_id, transfer_id, custom) values('InternalTransaction', 1797, -21.38, 1792.44, '', '2010-03-11', 'Transfer to Unassigned', 'null', false, '', '', 2, 1, 'd2c2478f-659a-3d1d-8844-6b68ad2ab7bd', 229, 2095, false);
insert into Split (id, amount, uuid, envelope_id, transaction_id) values(1798, -21.38, 'c1948972-6cdf-38a6-9689-2ca46fc116cc', 293, 1797);
insert into Transaction (DTYPE, id, amount, balance, checkNo, date, description, externalId, initialBalance, memo, ref, status, type, uuid, account_id, transfer_id, custom) values('InternalTransaction', 1799, 3.22, 1204.99, '', '2010-03-17', 'Transfer from Available', 'null', false, '', '', 2, 0, '9c6ee120-aca8-3dc6-ad96-72d4d4419ee0', 229, 1611, false);
insert into Split (id, amount, uuid, envelope_id, transaction_id) values(1800, 3.22, 'fa8fc69d-1594-3d92-8b6e-a74fd7fc790d', 252, 1799);
insert into Transaction (DTYPE, id, amount, balance, checkNo, date, description, externalId, initialBalance, memo, ref, status, type, uuid, account_id, transfer_id, custom) values('InternalTransaction', 1801, -0.32, 0.00, '', '2010-04-07', 'Transfer to Available', 'null', false, '', '', 2, 1, '518bca52-bec3-3b13-a753-843f7d22e6cc', 228, 3168, false);
insert into Split (id, amount, uuid, envelope_id, transaction_id) values(1802, -0.32, '4b4a05cc-2fe3-3f3d-b657-107e873840b5', 252, 1801);
insert into Transaction (DTYPE, id, amount, balance, checkNo, date, description, externalId, initialBalance, memo, ref, status, type, uuid, account_id, transfer_id, custom) values('InternalTransaction', 1803, -10.80, 1335.52, '', '2010-01-19', 'QDOBA 428 11404282 P', '201001196', false, '01/16QDOBA 428', '', 2, 1, '6fbe72e3-b28b-3c2b-914c-025766e12bae', 229, null, false);
insert into Split (id, amount, uuid, envelope_id, transaction_id) values(1804, -10.80, 'efbbb4d3-02db-3f49-91d2-3a2f139a87cf', 296, 1803);
insert into Transaction (DTYPE, id, amount, balance, checkNo, date, description, externalId, initialBalance, memo, ref, status, type, uuid, account_id, transfer_id, custom) values('InternalTransaction', 1805, -14.99, 0.00, '', '2010-04-13', 'Transfer to Available', 'null', false, '', '', 2, 1, '33c1564c-e8c7-370f-9d9b-542af45da842', 228, 467, false);
insert into Split (id, amount, uuid, envelope_id, transaction_id) values(1806, -14.99, '5ecdcc50-d9eb-3c4e-bbd6-9723deebe6bd', 252, 1805);
insert into Transaction (DTYPE, id, amount, balance, checkNo, date, description, externalId, initialBalance, memo, ref, status, type, uuid, account_id, transfer_id, custom) values('InternalTransaction', 1807, -462.58, 1135.04, '', '2010-02-16', 'Transfer to Verizon Wireless', 'null', false, '', '', 0, 1, 'b5da0ab0-6e18-3195-8c00-b4fefb00fcc2', 229, 521, false);
insert into Split (id, amount, uuid, envelope_id, transaction_id) values(1808, -462.58, '596115d4-ed66-331b-a338-15281dac8e70', 293, 1807);
insert into Transaction (DTYPE, id, amount, balance, checkNo, date, description, externalId, initialBalance, memo, ref, status, type, uuid, account_id, transfer_id, custom) values('InternalTransaction', 1809, 0.00, 3127.59, '', '2010-02-19', 'Transfer from Available', 'null', false, '', '', 2, 1, 'e40490a1-6a0d-3251-b4be-636c06808882', 229, 1693, false);
insert into Split (id, amount, uuid, envelope_id, transaction_id) values(1810, 0.00, '728dde38-5bff-39a3-88e3-ba335a4cffd1', 279, 1809);
insert into Transaction (DTYPE, id, amount, balance, checkNo, date, description, externalId, initialBalance, memo, ref, status, type, uuid, account_id, transfer_id, custom) values('InternalTransaction', 1811, -345.10, 4759.14, '', '2010-02-19', 'Transfer to Credit Cards', 'null', false, '', '', 2, 1, 'ef2b261f-03cf-3cb6-b928-53e73e152618', 229, 601, false);
insert into Split (id, amount, uuid, envelope_id, transaction_id) values(1812, -345.10, 'b0e86bb9-9839-3341-9b46-f55f61147653', 293, 1811);
insert into Transaction (DTYPE, id, amount, balance, checkNo, date, description, externalId, initialBalance, memo, ref, status, type, uuid, account_id, transfer_id, custom) values('InternalTransaction', 1813, -18.39, 1237.43, '', '2010-04-26', 'PITA JUNGLE-TEMPE TEMPE', '201004262', false, '04/23PITA JUNG', '', 1, 1, '28f21346-c851-3b8f-a76f-b52554610b3f', 229, null, false);
insert into Split (id, amount, uuid, envelope_id, transaction_id) values(1814, -18.39, 'cd8be318-c8ef-3a3d-a03d-606f336bc450', 296, 1813);
insert into Transaction (DTYPE, id, amount, balance, checkNo, date, description, externalId, initialBalance, memo, ref, status, type, uuid, account_id, transfer_id, custom) values('InternalTransaction', 1815, -20.00, 2498.77, '274', '2010-04-19', 'Tiffany Lafferty', '201004197', false, '', '', 2, 1, 'e8fb3130-1818-3630-bd78-b56dc0d93452', 229, null, false);
insert into Split (id, amount, uuid, envelope_id, transaction_id) values(1816, -20.00, '5eb7e59c-640a-3804-a537-6d8a261a2a85', 256, 1815);
insert into Transaction (DTYPE, id, amount, balance, checkNo, date, description, externalId, initialBalance, memo, ref, status, type, uuid, account_id, transfer_id, custom) values('InternalTransaction', 1817, -68.11, 2640.72, '', '2009-12-14', 'SPINATOS PIZZA #3 PHOENI', '200912147', false, '12/12SPINATOS', '', 2, 1, '04bbfa22-43c9-34be-b89b-73aaf317f26e', 229, null, false);
insert into Split (id, amount, uuid, envelope_id, transaction_id) values(1818, -68.11, '1c1ad44f-7a0d-3bb5-8a5d-9b0817621246', 296, 1817);
insert into Transaction (DTYPE, id, amount, balance, checkNo, date, description, externalId, initialBalance, memo, ref, status, type, uuid, account_id, transfer_id, custom) values('InternalTransaction', 1819, 4.05, 1209.04, '', '2010-03-17', 'Transfer from Available', 'null', false, '', '', 2, 0, '0bf7a4cf-3f2e-38c0-aee5-1e6fccfb5bb9', 229, 635, false);
insert into Split (id, amount, uuid, envelope_id, transaction_id) values(1820, 4.05, '140716b9-9f26-39a4-bc6d-21897ca71811', 273, 1819);
insert into Transaction (DTYPE, id, amount, balance, checkNo, date, description, externalId, initialBalance, memo, ref, status, type, uuid, account_id, transfer_id, custom) values('InternalTransaction', 1821, 13.21, 13.21, '', '2010-04-06', 'Transfer from Spending', 'null', false, '', '', 2, 0, 'a34ce1b2-b3d9-3d58-bcea-d0f00f1abde4', 228, 3124, false);
insert into Split (id, amount, uuid, envelope_id, transaction_id) values(1822, 13.21, '86df87c8-6d21-34e6-b6cd-09c1704e75ff', 296, 1821);
insert into Transaction (DTYPE, id, amount, balance, checkNo, date, description, externalId, initialBalance, memo, ref, status, type, uuid, account_id, transfer_id, custom) values('InternalTransaction', 1823, -60.00, null, '', '2010-03-19', 'ATM WITHDRAWAL 007465', '201003191', false, '03/191970 WEST', '', 2, 1, '7cd44a8c-2c03-37d2-9c9c-ade6d8a44de4', 229, null, false);
insert into Split (id, amount, uuid, envelope_id, transaction_id) values(1824, -60.00, 'b20857cc-32db-3264-bacd-5e4b2f48c3a8', 276, 1823);
insert into Transaction (DTYPE, id, amount, balance, checkNo, date, description, externalId, initialBalance, memo, ref, status, type, uuid, account_id, transfer_id, custom) values('InternalTransaction', 1825, 160.00, 160.00, '', '2010-03-05', 'Transfer from Household', 'null', false, '', '', 2, 0, '1533b369-7975-319b-9ae3-0902c51006eb', 228, 533, false);
insert into Split (id, amount, uuid, envelope_id, transaction_id) values(1826, 160.00, '1f1b5b51-c6ca-3574-b0d6-86993016e5d9', 251, 1825);
insert into Transaction (DTYPE, id, amount, balance, checkNo, date, description, externalId, initialBalance, memo, ref, status, type, uuid, account_id, transfer_id, custom) values('InternalTransaction', 1827, 163.00, 3301.57, '', '2010-02-19', 'Transfer from Available', 'null', false, '', '', 2, 0, 'b1eda0c2-b96d-3b2e-9b2d-2c2406851623', 229, 2982, false);
insert into Split (id, amount, uuid, envelope_id, transaction_id) values(1828, 163.00, '06daafae-8477-300b-931c-2f0a7739e0b1', 258, 1827);
insert into Transaction (DTYPE, id, amount, balance, checkNo, date, description, externalId, initialBalance, memo, ref, status, type, uuid, account_id, transfer_id, custom) values('InternalTransaction', 1829, -8.59, 468.37, '', '2010-04-27', 'Z S GREEK QPS P', '201004271', false, '04/26Z S GREEK', '', 1, 1, '2baeca4e-1571-38e0-9c59-b9954cdc68f5', 229, null, false);
insert into Split (id, amount, uuid, envelope_id, transaction_id) values(1830, -8.59, 'f05a3ad7-eb23-3e29-a8ff-cbae1269f3a1', 296, 1829);
insert into Transaction (DTYPE, id, amount, balance, checkNo, date, description, externalId, initialBalance, memo, ref, status, type, uuid, account_id, transfer_id, custom) values('InternalTransaction', 1831, -28.26, 4526.87, '', '2009-11-16', 'SYLVIA''S LA CANASTA PHOE', '200911165', false, '11/13SYLVIA''S', '', 2, 1, '5c518b4a-8971-3745-bfc4-50aaea9a13b7', 229, null, false);
insert into Split (id, amount, uuid, envelope_id, transaction_id) values(1832, -28.26, '87f43de6-67fe-3f98-89de-30722640c281', 296, 1831);
insert into Transaction (DTYPE, id, amount, balance, checkNo, date, description, externalId, initialBalance, memo, ref, status, type, uuid, account_id, transfer_id, custom) values('InternalTransaction', 1835, -27.98, 2625.67, '', '2010-01-11', 'ARROWHEAD WATER 800-950-', '2010011110', false, '01/08ARROWHEAD', '', 2, 1, '6f86f798-5253-37fa-88b3-c703e75c19bd', 229, null, false);
insert into Split (id, amount, uuid, envelope_id, transaction_id) values(1836, -27.98, '833054de-9b1e-32f6-94bf-008291f4e948', 266, 1835);
insert into Transaction (DTYPE, id, amount, balance, checkNo, date, description, externalId, initialBalance, memo, ref, status, type, uuid, account_id, transfer_id, custom) values('InternalTransaction', 1833, -38.40, 1313.44, '', '2009-12-22', 'CHEVRON 00308643 PHOENIX', '200912221', false, '12/20CHEVRON 0', '', 2, 1, 'b45baf78-77b8-3edc-93d2-636666126c48', 229, null, false);
insert into Split (id, amount, uuid, envelope_id, transaction_id) values(1834, -38.40, '73bf48a0-90f5-319b-b15f-14af8cb5c0ae', 253, 1833);
insert into Transaction (DTYPE, id, amount, balance, checkNo, date, description, externalId, initialBalance, memo, ref, status, type, uuid, account_id, transfer_id, custom) values('InternalTransaction', 1837, 22.00, 22.00, '', '2010-03-09', 'Transfer from Spending', 'null', false, '', '', 2, 0, 'f10af58d-2107-389e-a089-ad913be47df7', 228, 933, false);
insert into Split (id, amount, uuid, envelope_id, transaction_id) values(1838, 22.00, 'fffe3e8e-167c-3e3e-9020-42c316c80037', 244, 1837);
insert into Transaction (DTYPE, id, amount, balance, checkNo, date, description, externalId, initialBalance, memo, ref, status, type, uuid, account_id, transfer_id, custom) values('InternalTransaction', 1839, -13.00, 1290.36, '', '2010-04-08', 'Transfer to Eating Out', 'null', false, '', '', 2, 1, 'e3ef2ab9-02c9-3b5c-8fe4-d27b1e49c5e8', 229, 2433, false);
insert into Split (id, amount, uuid, envelope_id, transaction_id) values(1840, -13.00, '24d7fb26-fc20-358d-a69d-312c6807da14', 293, 1839);
insert into Transaction (DTYPE, id, amount, balance, checkNo, date, description, externalId, initialBalance, memo, ref, status, type, uuid, account_id, transfer_id, custom) values('InternalTransaction', 1843, -20.00, 763.12, '', '2010-04-13', 'JOE''S BARBER SHOP PHOENI', '201004125', false, '', '', 2, 1, 'c3411b8f-0f46-3fb2-94db-3a3024c6a277', 229, null, false);
insert into Split (id, amount, uuid, envelope_id, transaction_id) values(1844, -20.00, 'bf4ec2dd-3e69-3c1e-b462-2d8a5e489929', 260, 1843);
insert into Transaction (DTYPE, id, amount, balance, checkNo, date, description, externalId, initialBalance, memo, ref, status, type, uuid, account_id, transfer_id, custom) values('InternalTransaction', 1841, -24.50, 4124.57, '', '2010-04-16', 'Transfer to Massage Envy', 'null', false, '', '', 2, 1, 'f680242a-90ee-3c1b-b2d1-4514e1624060', 229, 1415, false);
insert into Split (id, amount, uuid, envelope_id, transaction_id) values(1842, -24.50, 'c62d0e61-b3f5-33e0-8300-0e8e368927d5', 293, 1841);
insert into Transaction (DTYPE, id, amount, balance, checkNo, date, description, externalId, initialBalance, memo, ref, status, type, uuid, account_id, transfer_id, custom) values('InternalTransaction', 1845, 575.00, 4440.33, '', '2010-03-26', 'Jeff Thompson', '201003261', false, 'PPD ID: PAYPALSD11', '', 2, 0, '2097f844-65df-3534-b106-f067068c4bd8', 229, null, false);
insert into Split (id, amount, uuid, envelope_id, transaction_id) values(1846, 575.00, '41dc3c5e-2085-3c64-9e0c-927e8bf99190', 293, 1845);
insert into Transaction (DTYPE, id, amount, balance, checkNo, date, description, externalId, initialBalance, memo, ref, status, type, uuid, account_id, transfer_id, custom) values('InternalTransaction', 1847, -27.98, 570.02, '', '2009-11-12', 'ARROWHEAD WATER 800-950-', '200911121', false, '11/10ARROWHEAD', '', 2, 1, 'eeaff1f0-cfad-327a-8341-6a5d79854c24', 229, null, false);
insert into Split (id, amount, uuid, envelope_id, transaction_id) values(1848, -27.98, '1ea1b4c6-9d50-37c4-a752-83c48f1f0615', 266, 1847);
insert into Transaction (DTYPE, id, amount, balance, checkNo, date, description, externalId, initialBalance, memo, ref, status, type, uuid, account_id, transfer_id, custom) values('InternalTransaction', 1849, -157.57, 15155.89, '', '2010-02-16', 'Transfer to Directv', 'null', false, '', '', 0, 1, 'cf0af4c8-35b5-3c9f-8f06-b4ae1416c08f', 229, 957, false);
insert into Split (id, amount, uuid, envelope_id, transaction_id) values(1850, -157.57, 'c7a338ac-4d08-3d10-96ea-fdbfa9ef514e', 293, 1849);
insert into Transaction (DTYPE, id, amount, balance, checkNo, date, description, externalId, initialBalance, memo, ref, status, type, uuid, account_id, transfer_id, custom) values('InternalTransaction', 1851, -3.24, 4315.53, '', '2009-11-18', 'FRYS FOOD & DRUG 1815 G 340744', '200911185', false, '11/17FRYS FOOD', '', 2, 1, '15f6505e-102f-3798-8cb2-1e8044f5a759', 229, null, false);
insert into Split (id, amount, uuid, envelope_id, transaction_id) values(1852, -3.24, '073bfbac-3f06-3a99-940a-daaf53ed83bb', 238, 1851);
insert into Transaction (DTYPE, id, amount, balance, checkNo, date, description, externalId, initialBalance, memo, ref, status, type, uuid, account_id, transfer_id, custom) values('InternalTransaction', 1853, -0.00, 2532.32, '', '2010-04-02', 'Transfer to Rent', 'null', false, '', '', 2, 1, '6a37f71e-055d-3774-a51d-6ff663bda6f1', 229, 793, false);
insert into Split (id, amount, uuid, envelope_id, transaction_id) values(1854, -0.00, '087696fe-23fe-353c-a93f-7a886492c3a1', 293, 1853);
insert into Transaction (DTYPE, id, amount, balance, checkNo, date, description, externalId, initialBalance, memo, ref, status, type, uuid, account_id, transfer_id, custom) values('InternalTransaction', 1857, 35.51, 3915.50, '', '2010-03-05', 'Transfer from Available', 'null', false, '', '', 2, 0, 'ed05ab56-8a21-3d9d-b929-5694462cbb99', 229, 2753, false);
insert into Split (id, amount, uuid, envelope_id, transaction_id) values(1858, 35.51, '2bc03c24-f74f-3ec5-ad34-96b0adbf1ddb', 245, 1857);
insert into Transaction (DTYPE, id, amount, balance, checkNo, date, description, externalId, initialBalance, memo, ref, status, type, uuid, account_id, transfer_id, custom) values('InternalTransaction', 1855, -138.08, 3904.86, '', '2010-03-30', 'Transfer to Groceries', 'null', false, '', '', 2, 1, 'e4a1ca84-f366-37bb-b3b1-eea8be1429fd', 229, 2085, false);
insert into Split (id, amount, uuid, envelope_id, transaction_id) values(1856, -138.08, 'bbc9436c-38d3-3208-9963-d6f4b45c203c', 293, 1855);
insert into Transaction (DTYPE, id, amount, balance, checkNo, date, description, externalId, initialBalance, memo, ref, status, type, uuid, account_id, transfer_id, custom) values('InternalTransaction', 1859, 353.12, 353.12, '', '2010-04-30', 'Transfer from Credit Cards', 'null', false, '', '', 2, 0, 'fbd1d1e9-0043-3d21-ae4f-b9638ad5d87a', 228, 1001, false);
insert into Split (id, amount, uuid, envelope_id, transaction_id) values(1860, 353.12, '68d1ab46-527c-32f6-9d5a-896c3d488d6a', 283, 1859);
insert into Transaction (DTYPE, id, amount, balance, checkNo, date, description, externalId, initialBalance, memo, ref, status, type, uuid, account_id, transfer_id, custom) values('InternalTransaction', 1863, -10.81, 3249.81, '', '2009-11-23', 'VERIZON WRLS W3277-01 TU', '200911238', false, '11/19VERIZON W', '', 2, 1, '554fd1c8-ffac-356d-b6a5-55d6897e4cea', 229, null, false);
insert into Split (id, amount, uuid, envelope_id, transaction_id) values(1864, -10.81, '626e5fdc-12f3-38af-bf89-fd7689e886b1', 236, 1863);
insert into Transaction (DTYPE, id, amount, balance, checkNo, date, description, externalId, initialBalance, memo, ref, status, type, uuid, account_id, transfer_id, custom) values('InternalTransaction', 1861, 317.51, 4293.58, '', '2010-03-23', 'Transfer from Available', 'null', false, '', '', 2, 0, '44b7996f-590d-364c-9bfe-a99a8dcc3d24', 229, 2077, false);
insert into Split (id, amount, uuid, envelope_id, transaction_id) values(1862, 317.51, 'd5fee214-6d99-357d-9357-0ef6b027790b', 264, 1861);
insert into Transaction (DTYPE, id, amount, balance, checkNo, date, description, externalId, initialBalance, memo, ref, status, type, uuid, account_id, transfer_id, custom) values('InternalTransaction', 1865, -24.50, 4664.44, '', '2010-03-05', 'Transfer to Massage Envy', 'null', false, '', '', 2, 1, '89cca811-d04d-36ca-8324-56505ec34908', 229, 1407, false);
insert into Split (id, amount, uuid, envelope_id, transaction_id) values(1866, -24.50, 'ebc82180-223b-3eeb-9930-c12cca299dc6', 293, 1865);
insert into Transaction (DTYPE, id, amount, balance, checkNo, date, description, externalId, initialBalance, memo, ref, status, type, uuid, account_id, transfer_id, custom) values('InternalTransaction', 1867, -25.00, 1256.11, '', '2010-04-26', 'CVS 09205 09205--802 SO 923192', '2010042610', false, '04/25CVS 09205', '', 1, 1, 'eba312c1-78e7-3356-9676-6bb3e79c1691', 229, null, false);
insert into Split (id, amount, uuid, envelope_id, transaction_id) values(1868, -25.00, 'ef754742-add3-3b04-8872-3a9bef2e0249', 287, 1867);
insert into Transaction (DTYPE, id, amount, balance, checkNo, date, description, externalId, initialBalance, memo, ref, status, type, uuid, account_id, transfer_id, custom) values('InternalTransaction', 1871, -468.70, 8232.57, '', '2010-02-16', 'Transfer to Household', 'null', false, '', '', 0, 1, '149e3756-f275-360f-bba5-76e8ca3d7f14', 229, 1087, false);
insert into Split (id, amount, uuid, envelope_id, transaction_id) values(1872, -468.70, '01fbafaf-7b49-386a-a741-45fb64d89f88', 293, 1871);
insert into Transaction (DTYPE, id, amount, balance, checkNo, date, description, externalId, initialBalance, memo, ref, status, type, uuid, account_id, transfer_id, custom) values('InternalTransaction', 1869, 0.00, 3496.58, '', '2010-04-02', 'Transfer from Available', 'null', false, '', '', 2, 1, 'a1cc48c8-620c-3e0c-873e-a65e02e4782d', 229, 811, false);
insert into Split (id, amount, uuid, envelope_id, transaction_id) values(1870, 0.00, '5a70d219-dda9-3b87-a7fb-c90d79c8d4a5', 274, 1869);
insert into Transaction (DTYPE, id, amount, balance, checkNo, date, description, externalId, initialBalance, memo, ref, status, type, uuid, account_id, transfer_id, custom) values('InternalTransaction', 1873, -0.00, 2589.50, '', '2010-04-30', 'Transfer to GMAC Mortgage', 'null', false, '', '', 2, 1, '670a50ec-00f9-3d78-a481-783f000b0abc', 229, 2811, false);
insert into Split (id, amount, uuid, envelope_id, transaction_id) values(1874, -0.00, '2befe926-0423-3d56-a211-afdc24d3cfaf', 293, 1873);
insert into Transaction (DTYPE, id, amount, balance, checkNo, date, description, externalId, initialBalance, memo, ref, status, type, uuid, account_id, transfer_id, custom) values('InternalTransaction', 1879, -4.65, 1478.37, '', '2010-01-13', 'FRYS FOOD & DRUG 1815 G 216588', '201001132', false, '01/12FRYS FOOD', '', 2, 1, '0740dbd7-b0e4-38f8-8f67-fd471ab95e24', 229, null, false);
insert into Split (id, amount, uuid, envelope_id, transaction_id) values(1880, -4.65, '3e623f2e-1ea3-3a8f-8783-a8e61fc0bc08', 238, 1879);
insert into Transaction (DTYPE, id, amount, balance, checkNo, date, description, externalId, initialBalance, memo, ref, status, type, uuid, account_id, transfer_id, custom) values('InternalTransaction', 1877, -39.35, 1084.00, '', '2009-11-09', 'CHEVRON 00093808 PHOENIX', '200911092', false, '11/08CHEVRON 0', '', 2, 1, '1d90ca2e-a766-3f13-be31-4e4372b23548', 229, null, false);
insert into Split (id, amount, uuid, envelope_id, transaction_id) values(1878, -39.35, 'bdcbe76c-05e9-3166-a4b7-95236a35f5ae', 253, 1877);
insert into Transaction (DTYPE, id, amount, balance, checkNo, date, description, externalId, initialBalance, memo, ref, status, type, uuid, account_id, transfer_id, custom) values('InternalTransaction', 1875, -14.50, 3873.58, '', '2010-03-25', 'CARTEL COFFEE LAB TEMPE', '201003251', false, '03/23CARTEL CO', '', 2, 1, 'b36e2a20-0906-37a8-9ea9-dea3505d427e', 229, null, false);
insert into Split (id, amount, uuid, envelope_id, transaction_id) values(1876, -14.50, '8dce50ee-894c-3496-bbb9-8c94f273fe60', 270, 1875);
insert into Transaction (DTYPE, id, amount, balance, checkNo, date, description, externalId, initialBalance, memo, ref, status, type, uuid, account_id, transfer_id, custom) values('InternalTransaction', 1885, 5.77, 3921.27, '', '2010-03-05', 'Transfer from Available', 'null', false, '', '', 2, 0, '936fa3c3-7d6e-3166-a8be-4613e2b80153', 229, 393, false);
insert into Split (id, amount, uuid, envelope_id, transaction_id) values(1886, 5.77, '885e835f-ec00-3828-9504-fe82a3e0c29e', 294, 1885);
insert into Transaction (DTYPE, id, amount, balance, checkNo, date, description, externalId, initialBalance, memo, ref, status, type, uuid, account_id, transfer_id, custom) values('InternalTransaction', 1883, -154.67, 3192.59, '', '2010-02-19', 'Transfer to VW Credit', 'null', false, '', '', 2, 1, 'c50a4b6a-15df-367f-abc6-50ba8a57025d', 229, 2723, false);
insert into Split (id, amount, uuid, envelope_id, transaction_id) values(1884, -154.67, 'f107f476-06b7-312c-b358-e25daf89b2c2', 293, 1883);
insert into Transaction (DTYPE, id, amount, balance, checkNo, date, description, externalId, initialBalance, memo, ref, status, type, uuid, account_id, transfer_id, custom) values('InternalTransaction', 1881, 8.11, 819.74, '', '2010-04-13', 'Transfer from Available', 'null', false, '', '', 2, 0, '820c4b89-90a1-3b28-ad19-fa54be1a8b78', 229, 2421, false);
insert into Split (id, amount, uuid, envelope_id, transaction_id) values(1882, 8.11, 'd968d23f-bdd4-3910-969c-100f3753ac14', 296, 1881);
insert into Transaction (DTYPE, id, amount, balance, checkNo, date, description, externalId, initialBalance, memo, ref, status, type, uuid, account_id, transfer_id, custom) values('InternalTransaction', 1887, -6.44, 0.00, '', '2010-03-17', 'Transfer to Spending', 'null', false, '', '', 2, 1, 'a96625b6-d5cd-320a-9265-957f9707c2d6', 228, 1765, false);
insert into Split (id, amount, uuid, envelope_id, transaction_id) values(1888, -6.44, 'b15860b9-7f06-393f-9ccb-9f46511688ae', 293, 1887);
insert into Transaction (DTYPE, id, amount, balance, checkNo, date, description, externalId, initialBalance, memo, ref, status, type, uuid, account_id, transfer_id, custom) values('InternalTransaction', 1889, -81.98, 1294.49, '', '2010-02-16', 'Transfer to Directv', 'null', false, '', '', 0, 1, 'a0c81297-ea8c-3abc-9879-3e3ad98c6d1f', 229, 889, false);
insert into Split (id, amount, uuid, envelope_id, transaction_id) values(1890, -81.98, '683ce0bc-1e5f-3c49-975c-90953a6e9d9b', 293, 1889);
insert into Transaction (DTYPE, id, amount, balance, checkNo, date, description, externalId, initialBalance, memo, ref, status, type, uuid, account_id, transfer_id, custom) values('InternalTransaction', 1891, 4.98, 1140.02, '', '2010-02-16', 'Transfer from Available', 'null', false, '', '', 0, 0, '4b5ba07c-67ab-3da2-92be-3ec9277d6f5f', 229, 2355, false);
insert into Split (id, amount, uuid, envelope_id, transaction_id) values(1892, 4.98, '50110d0d-d472-3582-9288-cc898d6a3615', 232, 1891);
insert into Transaction (DTYPE, id, amount, balance, checkNo, date, description, externalId, initialBalance, memo, ref, status, type, uuid, account_id, transfer_id, custom) values('InternalTransaction', 1895, 113.15, 113.15, '', '2010-02-18', 'Transfer from Auto Fuel', 'null', false, '', '', 2, 0, '9c6f8464-5130-362e-b0ec-ea62a4fab9cd', 228, 2968, false);
insert into Split (id, amount, uuid, envelope_id, transaction_id) values(1896, 113.15, '8e684a1d-0cec-303f-8015-346988117e3c', 293, 1895);
insert into Transaction (DTYPE, id, amount, balance, checkNo, date, description, externalId, initialBalance, memo, ref, status, type, uuid, account_id, transfer_id, custom) values('InternalTransaction', 1893, -26.82, 2438.45, '', '2010-03-18', 'CVS 09297 09297--6002 N 825396', '201003182', false, '03/17CVS 09297', '', 2, 1, 'c7084b72-ca9d-3a63-911b-eeec9189507a', 229, null, false);
insert into Split (id, amount, uuid, envelope_id, transaction_id) values(1894, -26.82, 'c61a7d61-1057-3d5f-9c71-e61c824189bc', 239, 1893);
insert into Transaction (DTYPE, id, amount, balance, checkNo, date, description, externalId, initialBalance, memo, ref, status, type, uuid, account_id, transfer_id, custom) values('InternalTransaction', 1897, -25.00, 4931.94, '', '2010-03-05', 'Transfer to Household', 'null', false, '', '', 2, 1, '63d3882c-421b-364f-b029-ccc09a2261f2', 229, 2029, false);
insert into Split (id, amount, uuid, envelope_id, transaction_id) values(1898, -25.00, '026d1c4d-daf3-3929-9365-00f5aad8092f', 293, 1897);
insert into Transaction (DTYPE, id, amount, balance, checkNo, date, description, externalId, initialBalance, memo, ref, status, type, uuid, account_id, transfer_id, custom) values('InternalTransaction', 1901, -30.00, 3880.63, '', '2010-02-16', 'Transfer to Medical', 'null', false, '', '', 0, 1, 'cec1bfdc-7f1b-34d2-8e0b-c07f91539d22', 229, 317, false);
insert into Split (id, amount, uuid, envelope_id, transaction_id) values(1902, -30.00, '801dc6be-d53c-3759-8b06-c9f9960081b1', 293, 1901);
insert into Transaction (DTYPE, id, amount, balance, checkNo, date, description, externalId, initialBalance, memo, ref, status, type, uuid, account_id, transfer_id, custom) values('InternalTransaction', 1899, 32.34, 1213.60, '', '2010-02-16', 'Transfer from Available', 'null', false, '', '', 0, 0, 'e7b2cb83-71d4-3396-ac10-5f69ac8f9eb5', 229, 2701, false);
insert into Split (id, amount, uuid, envelope_id, transaction_id) values(1900, 32.34, '9220d047-2306-3530-97a0-d5fdd3951a38', 241, 1899);
insert into Transaction (DTYPE, id, amount, balance, checkNo, date, description, externalId, initialBalance, memo, ref, status, type, uuid, account_id, transfer_id, custom) values('InternalTransaction', 1903, 13.99, 865.27, '', '2010-03-05', 'Transfer from Available', 'null', false, '', '', 2, 0, '049ba90a-f560-3ceb-a506-96c80837c39c', 229, 2641, false);
insert into Split (id, amount, uuid, envelope_id, transaction_id) values(1904, 13.99, '8c814b05-2b8f-3f22-84ac-bfccefb1bb5c', 266, 1903);
insert into Transaction (DTYPE, id, amount, balance, checkNo, date, description, externalId, initialBalance, memo, ref, status, type, uuid, account_id, transfer_id, custom) values('InternalTransaction', 1905, -10.82, 1346.32, '', '2010-01-19', 'SOU ROSS STORES #571617 464265', '201001195', false, '01/16SOU ROSS', '', 2, 1, 'd37c81cb-9c15-3bd7-8d47-de35f26a5e3f', 229, null, false);
insert into Split (id, amount, uuid, envelope_id, transaction_id) values(1906, -10.82, 'a79ff2cb-37ca-33fb-823a-a32588468c26', 286, 1905);
insert into Transaction (DTYPE, id, amount, balance, checkNo, date, description, externalId, initialBalance, memo, ref, status, type, uuid, account_id, transfer_id, custom) values('InternalTransaction', 1909, 25.00, 3939.13, '', '2010-04-16', 'Transfer from Available', 'null', false, '', '', 2, 0, 'bade934e-cedd-371f-a382-8bd7891ff829', 229, 1929, false);
insert into Split (id, amount, uuid, envelope_id, transaction_id) values(1910, 25.00, '67c54dc4-6b6d-3fb5-a6fe-c37a6631c4f8', 239, 1909);
insert into Transaction (DTYPE, id, amount, balance, checkNo, date, description, externalId, initialBalance, memo, ref, status, type, uuid, account_id, transfer_id, custom) values('InternalTransaction', 1907, -7.52, 3908.55, '', '2010-03-24', 'DEL TACO #796/1901 W. N 712794', '201003240', false, '03/23DEL TACO', '', 2, 1, '832caedd-fae0-3e93-a2d4-2daf26bc58a7', 229, null, false);
insert into Split (id, amount, uuid, envelope_id, transaction_id) values(1908, -7.52, 'ba67d066-618b-398c-ae21-90e0b8494917', 246, 1907);
insert into Transaction (DTYPE, id, amount, balance, checkNo, date, description, externalId, initialBalance, memo, ref, status, type, uuid, account_id, transfer_id, custom) values('InternalTransaction', 1911, -15.82, 2217.34, '', '2010-03-08', 'APL*ITUNES 866-712-7753', '201003087', false, '03/07APL*ITUNE', '', 2, 1, '6f82f6d4-9665-3a05-b8c7-618b725ca697', 229, null, false);
insert into Split (id, amount, uuid, envelope_id, transaction_id) values(1912, -15.82, '4032d725-e301-3794-bb1c-0fbbde419024', 265, 1911);
insert into Transaction (DTYPE, id, amount, balance, checkNo, date, description, externalId, initialBalance, memo, ref, status, type, uuid, account_id, transfer_id, custom) values('InternalTransaction', 1913, -175.00, 3347.26, '', '2010-02-19', 'Transfer to Taxes', 'null', false, '', '', 2, 1, 'ccbd545c-3717-36f3-a1fd-8f858ea6e6b4', 229, 3072, false);
insert into Split (id, amount, uuid, envelope_id, transaction_id) values(1914, -175.00, '2aa307b1-1330-3efc-8795-2f12d70723a3', 293, 1913);
insert into Transaction (DTYPE, id, amount, balance, checkNo, date, description, externalId, initialBalance, memo, ref, status, type, uuid, account_id, transfer_id, custom) values('InternalTransaction', 1915, -92.12, 1251.07, '', '2009-10-29', 'IRS USATAXPYMT 2709', '200910290', false, '70200796244 WEB ID: 3387702000', '', 2, 1, 'a6d6505d-8dbb-381f-97d9-361916d6675b', 229, null, false);
insert into Split (id, amount, uuid, envelope_id, transaction_id) values(1916, -92.12, '7622c39c-d8a6-3f24-a8b5-229e01ffa93f', 275, 1915);
insert into Transaction (DTYPE, id, amount, balance, checkNo, date, description, externalId, initialBalance, memo, ref, status, type, uuid, account_id, transfer_id, custom) values('InternalTransaction', 1917, -13.50, 2427.58, '', '2009-12-29', 'AMC DEER VALLE04001020 P', '200912293', false, '12/27AMC DEER', '', 2, 1, '4835bf73-f2d7-335d-adf1-225769cdf98a', 229, null, false);
insert into Split (id, amount, uuid, envelope_id, transaction_id) values(1918, -13.50, '96445c7b-dcab-3ba2-9b43-ef9a924794da', 285, 1917);
insert into Transaction (DTYPE, id, amount, balance, checkNo, date, description, externalId, initialBalance, memo, ref, status, type, uuid, account_id, transfer_id, custom) values('InternalTransaction', 1921, -10.85, 1200.30, '', '2010-04-26', 'MAGIC TOUCH CLEANERS TEM', '201004266', false, '04/24MAGIC TOU', '', 1, 1, '16cb1870-bbad-3ae6-a540-904e17b0b78a', 229, null, false);
insert into Split (id, amount, uuid, envelope_id, transaction_id) values(1922, -10.85, 'ffdd8940-8b74-3ef2-85ee-9d75625c2424', 239, 1921);
insert into Transaction (DTYPE, id, amount, balance, checkNo, date, description, externalId, initialBalance, memo, ref, status, type, uuid, account_id, transfer_id, custom) values('InternalTransaction', 1919, -36.00, 631.58, '', '2010-01-06', 'ARCO PAYPOINT 2942 127717', '201001060', false, '01/05ARCO PAYP', '', 2, 1, 'ce3ec813-9bd1-316d-8699-79735525bec2', 229, null, false);
insert into Split (id, amount, uuid, envelope_id, transaction_id) values(1920, -36.00, '944ae75c-77f2-364f-8423-1e9d2d47d010', 253, 1919);
insert into Transaction (DTYPE, id, amount, balance, checkNo, date, description, externalId, initialBalance, memo, ref, status, type, uuid, account_id, transfer_id, custom) values('InternalTransaction', 1923, -80.00, 2788.29, '261', '2010-01-25', 'Annette Trijillo', '201001253', false, '', '', 2, 1, 'a6da8d6b-f6a7-3cc5-a021-7c17a235c63d', 229, null, false);
insert into Split (id, amount, uuid, envelope_id, transaction_id) values(1924, -80.00, 'fbab277c-6675-3a10-92d0-3eb8e771bcf8', 261, 1923);
insert into Transaction (DTYPE, id, amount, balance, checkNo, date, description, externalId, initialBalance, memo, ref, status, type, uuid, account_id, transfer_id, custom) values('InternalTransaction', 1925, -9.98, 0.00, '', '2010-03-16', 'Transfer to Easynews.com', 'null', false, '', '', 2, 1, '836fac0e-8336-354b-a89d-275df17e2ce5', 228, 3054, false);
insert into Split (id, amount, uuid, envelope_id, transaction_id) values(1926, -9.98, '32c7dc70-ad1b-3c3e-8dc2-0fb798d54c6b', 252, 1925);
insert into Transaction (DTYPE, id, amount, balance, checkNo, date, description, externalId, initialBalance, memo, ref, status, type, uuid, account_id, transfer_id, custom) values('InternalTransaction', 1927, -38.63, 763.12, '', '2010-04-13', 'Transfer to Unassigned', 'null', false, '', '', 2, 1, 'b36e8966-26e7-3d4f-b969-8bf6fc96cef6', 229, 1141, false);
insert into Split (id, amount, uuid, envelope_id, transaction_id) values(1928, -38.63, '049b20d5-8957-3585-9700-4daa51197fdd', 293, 1927);
insert into Transaction (DTYPE, id, amount, balance, checkNo, date, description, externalId, initialBalance, memo, ref, status, type, uuid, account_id, transfer_id, custom) values('InternalTransaction', 1929, -25.00, 4392.07, '', '2010-04-16', 'Transfer to Household', 'null', false, '', '', 2, 1, 'dd926b33-58c4-332d-ad9f-db8c46394241', 229, 1909, false);
insert into Split (id, amount, uuid, envelope_id, transaction_id) values(1930, -25.00, '01a1a36b-3ca9-3633-9300-e5e1f9dff5a4', 293, 1929);
insert into Transaction (DTYPE, id, amount, balance, checkNo, date, description, externalId, initialBalance, memo, ref, status, type, uuid, account_id, transfer_id, custom) values('InternalTransaction', 1931, 1492.12, 5820.65, '', '2010-02-16', 'Transfer from Available', 'null', false, '', '', 0, 0, 'e2c30bcc-ecb6-3542-852d-adf0b0493285', 229, 3128, false);
insert into Split (id, amount, uuid, envelope_id, transaction_id) values(1932, 1492.12, '01e49867-57f7-349d-bbff-73c3fd6b2ee2', 275, 1931);
insert into Transaction (DTYPE, id, amount, balance, checkNo, date, description, externalId, initialBalance, memo, ref, status, type, uuid, account_id, transfer_id, custom) values('InternalTransaction', 1933, -20.00, 0.00, '', '2010-04-07', 'Transfer to Available', 'null', false, '', '', 2, 1, 'ca0559dd-571d-376e-b041-1d9b4edf0828', 228, 2031, false);
insert into Split (id, amount, uuid, envelope_id, transaction_id) values(1934, -20.00, '1154fca5-e942-3332-9eab-1db9e3c262f0', 277, 1933);
insert into Transaction (DTYPE, id, amount, balance, checkNo, date, description, externalId, initialBalance, memo, ref, status, type, uuid, account_id, transfer_id, custom) values('InternalTransaction', 1939, 2159.85, 2756.44, '', '2010-01-08', 'DIFFUSION GROUP PAYROLL', '201001080', false, 'PPD ID: 1860988050', '', 2, 0, '820f18ce-b22c-3dbb-a009-81ef3eb02cc3', 229, null, false);
insert into Split (id, amount, uuid, envelope_id, transaction_id) values(1940, 2159.85, 'a936f446-c52c-3123-b054-d887149d18fb', 293, 1939);
insert into Transaction (DTYPE, id, amount, balance, checkNo, date, description, externalId, initialBalance, memo, ref, status, type, uuid, account_id, transfer_id, custom) values('InternalTransaction', 1937, -37.41, 16769.53, '', '2010-02-16', 'Transfer to Comics', 'null', false, '', '', 0, 1, 'faaa6c7f-e810-31ed-b2ad-8fc279887543', 229, 1675, false);
insert into Split (id, amount, uuid, envelope_id, transaction_id) values(1938, -37.41, '9ca9f59c-3274-3829-856d-9ea02fe48605', 293, 1937);
insert into Transaction (DTYPE, id, amount, balance, checkNo, date, description, externalId, initialBalance, memo, ref, status, type, uuid, account_id, transfer_id, custom) values('InternalTransaction', 1935, -315.39, 2589.50, '', '2010-04-30', 'Transfer to IRA', 'null', false, '', '', 2, 1, 'a0ec27ae-790d-3b5f-b9f1-c78e47bf3f39', 229, 2107, false);
insert into Split (id, amount, uuid, envelope_id, transaction_id) values(1936, -315.39, 'd26244bb-80b6-3b0a-a71c-945100c9aa7b', 293, 1935);
insert into Transaction (DTYPE, id, amount, balance, checkNo, date, description, externalId, initialBalance, memo, ref, status, type, uuid, account_id, transfer_id, custom) values('InternalTransaction', 1943, -32.78, 1425.98, '', '2010-03-15', 'CIRCLE K 01620 PHOENIX A', '201003155', false, '03/12CIRCLE K Purcha', '', 2, 1, '453c1786-f126-36d4-9c23-592875c54310', 229, null, false);
insert into Split (id, amount, uuid, envelope_id, transaction_id) values(1944, -32.78, '825b96ae-161c-3969-841d-c83ad720602d', 253, 1943);
insert into Transaction (DTYPE, id, amount, balance, checkNo, date, description, externalId, initialBalance, memo, ref, status, type, uuid, account_id, transfer_id, custom) values('InternalTransaction', 1941, -2.16, 2998.02, '', '2009-12-28', 'WALGREEN COMPANY NWC OF 761522', '2009122811', false, '12/24WALGREEN', '', 2, 1, '0108ad5c-27cb-3b76-ad1b-b9cbcbbf9abb', 229, null, false);
insert into Split (id, amount, uuid, envelope_id, transaction_id) values(1942, -2.16, 'ef4aee98-46d2-3dd3-b57e-a7ba5594d8da', 277, 1941);
insert into Transaction (DTYPE, id, amount, balance, checkNo, date, description, externalId, initialBalance, memo, ref, status, type, uuid, account_id, transfer_id, custom) values('InternalTransaction', 1945, -309.33, 1863.80, '', '2010-03-11', 'VW CREDIT, INC. AUTO DEBIT WE', '201003110', false, 'B 852539481 WEB ID: 1382362409', '', 2, 1, '4a1606bc-5925-3a7c-8773-99552160c7c7', 229, null, false);
insert into Split (id, amount, uuid, envelope_id, transaction_id) values(1946, -309.33, '45b96851-6a27-38a6-9141-481222be8e70', 267, 1945);
insert into Transaction (DTYPE, id, amount, balance, checkNo, date, description, externalId, initialBalance, memo, ref, status, type, uuid, account_id, transfer_id, custom) values('InternalTransaction', 1947, 70.41, 949.67, '', '2010-03-03', 'Transfer from Available', 'null', false, '', '', 2, 0, '6031a2c4-e689-3c32-8a40-9da700e102be', 229, 2463, false);
insert into Split (id, amount, uuid, envelope_id, transaction_id) values(1948, 70.41, 'dbaf7f86-b2fc-3eea-bf95-4ea3d9d10ccb', 264, 1947);
insert into Transaction (DTYPE, id, amount, balance, checkNo, date, description, externalId, initialBalance, memo, ref, status, type, uuid, account_id, transfer_id, custom) values('InternalTransaction', 1949, -3.14, 4437.19, '', '2010-03-29', 'STARBUCKS USA 00096230 T', '201003290', false, '03/25STARBUCKS', '', 2, 1, 'c35be4c9-728b-3e4e-a0ec-36e75469581c', 229, null, false);
insert into Split (id, amount, uuid, envelope_id, transaction_id) values(1950, -3.14, 'b60dd275-b86d-39c6-8b7a-ffcccd9b627a', 270, 1949);
insert into Transaction (DTYPE, id, amount, balance, checkNo, date, description, externalId, initialBalance, memo, ref, status, type, uuid, account_id, transfer_id, custom) values('InternalTransaction', 1951, -35.00, 3136.54, '', '2009-11-25', 'JOSEPH SCOTT SALON LLC P131651', '200911251', false, '11/24JOSEPH SC', '', 2, 1, 'f2776e91-89ec-3016-a97f-bb59aed30c22', 229, null, false);
insert into Split (id, amount, uuid, envelope_id, transaction_id) values(1952, -35.00, 'dfa05088-00a1-3f9a-945a-9451d1506f93', 260, 1951);
insert into Transaction (DTYPE, id, amount, balance, checkNo, date, description, externalId, initialBalance, memo, ref, status, type, uuid, account_id, transfer_id, custom) values('InternalTransaction', 1955, -32.52, 2716.71, '', '2010-04-05', 'FRYS FOOD & DRUG 7770 SC', '201004051', false, '04/02FRYS FOOD Purcha', '', 2, 1, 'bd0d60a1-d1c0-387f-bd1d-b386d36d8d56', 229, null, false);
insert into Split (id, amount, uuid, envelope_id, transaction_id) values(1956, -32.52, 'e01ec3e9-c57f-3161-9c66-47f2f58054a2', 238, 1955);
insert into Transaction (DTYPE, id, amount, balance, checkNo, date, description, externalId, initialBalance, memo, ref, status, type, uuid, account_id, transfer_id, custom) values('InternalTransaction', 1953, -54.48, 0.00, '', '2010-03-23', 'Transfer to Eating Out', 'null', false, '', '', 2, 1, 'fd888732-3da1-3a45-99bd-70ab7f2ebbd6', 228, 577, false);
insert into Split (id, amount, uuid, envelope_id, transaction_id) values(1954, -54.48, '01b88572-df24-36d5-8e20-e6619ce18bd0', 293, 1953);
insert into Transaction (DTYPE, id, amount, balance, checkNo, date, description, externalId, initialBalance, memo, ref, status, type, uuid, account_id, transfer_id, custom) values('InternalTransaction', 1957, -25.98, 5081.45, '', '2010-02-16', 'Transfer to Clothing', 'null', false, '', '', 0, 1, '2b41ad21-582b-38c3-877c-3aa775a0862f', 229, 2457, false);
insert into Split (id, amount, uuid, envelope_id, transaction_id) values(1958, -25.98, '6e441438-e695-3122-bf2d-97e354ac8d18', 293, 1957);
insert into Transaction (DTYPE, id, amount, balance, checkNo, date, description, externalId, initialBalance, memo, ref, status, type, uuid, account_id, transfer_id, custom) values('InternalTransaction', 1959, 5.99, 2595.49, '', '2010-04-30', 'Transfer from Available', 'null', false, '', '', 2, 0, '472016e8-0321-3ebf-9c5a-234be3e3479a', 229, 2918, false);
insert into Split (id, amount, uuid, envelope_id, transaction_id) values(1960, 5.99, 'ec60cee0-cbbe-38b0-a73f-84d9b87bebf6', 233, 1959);
insert into Transaction (DTYPE, id, amount, balance, checkNo, date, description, externalId, initialBalance, memo, ref, status, type, uuid, account_id, transfer_id, custom) values('InternalTransaction', 1961, 40.39, 1175.43, '', '2010-02-16', 'Transfer from Available', 'null', false, '', '', 0, 0, '1a6490a2-c035-36d5-9d65-d778b257afbf', 229, 1573, false);
insert into Split (id, amount, uuid, envelope_id, transaction_id) values(1962, 40.39, '45695ded-3276-30bb-9dc7-3c821e9b4270', 294, 1961);
insert into Transaction (DTYPE, id, amount, balance, checkNo, date, description, externalId, initialBalance, memo, ref, status, type, uuid, account_id, transfer_id, custom) values('InternalTransaction', 1963, -21.90, 2264.99, '', '2010-03-01', 'DBMG TECHNOLOGIES I 877-', '201003012', false, '02/28DBMG TECH', '', 2, 1, 'c7692fdc-1d34-363c-91a1-318636778b81', 229, null, false);
insert into Split (id, amount, uuid, envelope_id, transaction_id) values(1964, -21.90, '5a47d5c7-3e17-311a-8ffc-d3525079a07d', 247, 1963);
insert into Transaction (DTYPE, id, amount, balance, checkNo, date, description, externalId, initialBalance, memo, ref, status, type, uuid, account_id, transfer_id, custom) values('InternalTransaction', 1965, 54.92, 1348.73, '', '2010-04-23', 'Transfer from Available', 'null', false, '', '', 2, 0, '12b431b4-167a-396e-8189-d028571edcd9', 229, 2765, false);
insert into Split (id, amount, uuid, envelope_id, transaction_id) values(1966, 54.92, '8684b600-ea6f-37c5-b6ca-a81f3d44333d', 287, 1965);
insert into Transaction (DTYPE, id, amount, balance, checkNo, date, description, externalId, initialBalance, memo, ref, status, type, uuid, account_id, transfer_id, custom) values('InternalTransaction', 1967, -293.94, 0.00, '', '2010-03-30', 'Transfer to Spending', 'null', false, '', '', 2, 1, '4f57f8af-d2eb-36c0-be4c-cbc9cfb7ee81', 228, 1645, false);
insert into Split (id, amount, uuid, envelope_id, transaction_id) values(1968, -293.94, '0f190726-7dbb-3b97-86ad-27d6ca237a12', 293, 1967);
insert into Transaction (DTYPE, id, amount, balance, checkNo, date, description, externalId, initialBalance, memo, ref, status, type, uuid, account_id, transfer_id, custom) values('InternalTransaction', 1969, 13.99, 2603.49, '', '2010-04-30', 'Transfer from Available', 'null', false, '', '', 2, 0, 'ab8c9eaf-e12d-3779-8588-494fc697e6fa', 229, 2960, false);
insert into Split (id, amount, uuid, envelope_id, transaction_id) values(1970, 13.99, '4ac03e51-621a-3598-ad2b-a9a442cf2d54', 266, 1969);
insert into Transaction (DTYPE, id, amount, balance, checkNo, date, description, externalId, initialBalance, memo, ref, status, type, uuid, account_id, transfer_id, custom) values('InternalTransaction', 1971, -20.58, 2097.76, '', '2010-02-01', 'WAL-MART #2113 CHRISTOWN675843', '201002013', false, '01/31WAL-MART', '', 2, 1, '255d423f-9405-3b48-9c1d-eedc62383371', 229, null, false);
insert into Split (id, amount, uuid, envelope_id, transaction_id) values(1972, -20.58, 'e37f7626-30c2-3901-9daf-1aead62e758c', 239, 1971);
insert into Transaction (DTYPE, id, amount, balance, checkNo, date, description, externalId, initialBalance, memo, ref, status, type, uuid, account_id, transfer_id, custom) values('InternalTransaction', 1973, -40.79, 6102.46, '', '2010-03-19', 'Transfer to Directv', 'null', false, '', '', 2, 1, '70fc8ae1-45e0-3344-ae04-45ec3861d394', 229, 2890, false);
insert into Split (id, amount, uuid, envelope_id, transaction_id) values(1974, -40.79, 'ea166e9e-131c-38ab-aa29-b335b51042b5', 293, 1973);
insert into Transaction (DTYPE, id, amount, balance, checkNo, date, description, externalId, initialBalance, memo, ref, status, type, uuid, account_id, transfer_id, custom) values('InternalTransaction', 1979, -9.45, 329.84, '', '2010-04-29', 'DILLY''S DELI - 2 TEMPE A', '201004290', false, '04/27DILLY''S D', '', 1, 1, 'fce006ff-3ad7-3e8c-bb3f-1e1f59fcb73a', 229, null, false);
insert into Split (id, amount, uuid, envelope_id, transaction_id) values(1980, -9.45, 'ad85d147-dbf9-3e92-ad95-3335020a7bd6', 296, 1979);
insert into Transaction (DTYPE, id, amount, balance, checkNo, date, description, externalId, initialBalance, memo, ref, status, type, uuid, account_id, transfer_id, custom) values('InternalTransaction', 1977, 12.95, 12.95, '', '2010-03-30', 'Transfer from Available', 'null', false, '', '', 2, 0, '87b456fc-d961-379c-a600-53ea06d48c64', 228, 2401, false);
insert into Split (id, amount, uuid, envelope_id, transaction_id) values(1978, 12.95, 'aaa5e804-8861-3b3d-94ed-210e31be0dfe', 272, 1977);
insert into Transaction (DTYPE, id, amount, balance, checkNo, date, description, externalId, initialBalance, memo, ref, status, type, uuid, account_id, transfer_id, custom) values('InternalTransaction', 1975, -7.56, 4703.71, '', '2009-11-16', 'SOU BLOCKBUSTER VID7623 369790', '2009111610', false, '11/14SOU BLOCK', '', 2, 1, 'f62b2e20-c1b0-3352-993c-844cb624a3e0', 229, null, false);
insert into Split (id, amount, uuid, envelope_id, transaction_id) values(1976, -7.56, '63fc411c-dcf4-32c1-88fe-3d0cdd6fcb13', 265, 1975);
insert into Transaction (DTYPE, id, amount, balance, checkNo, date, description, externalId, initialBalance, memo, ref, status, type, uuid, account_id, transfer_id, custom) values('InternalTransaction', 1981, -10.73, 2796.76, '', '2010-02-22', 'THE HOME DEPOT #0485 PHO418389', '201002226', false, '02/21THE HOME', '', 2, 1, 'bf4062d6-0899-3bf6-95ba-b537a877ebf8', 229, null, false);
insert into Split (id, amount, uuid, envelope_id, transaction_id) values(1982, -10.73, 'd5a349a0-3926-3835-a261-e089a604fce0', 239, 1981);
insert into Transaction (DTYPE, id, amount, balance, checkNo, date, description, externalId, initialBalance, memo, ref, status, type, uuid, account_id, transfer_id, custom) values('InternalTransaction', 1983, -80.00, 1396.83, '273', '2010-04-06', 'Annette Trijillo', '201004061', false, '', '', 2, 1, 'e89dfa0b-bceb-33d8-813d-c3ea12bc6ed9', 229, null, false);
insert into Split (id, amount, uuid, envelope_id, transaction_id) values(1984, -80.00, '8cd17501-c494-3342-ac4b-8126bd00434a', 261, 1983);
insert into Transaction (DTYPE, id, amount, balance, checkNo, date, description, externalId, initialBalance, memo, ref, status, type, uuid, account_id, transfer_id, custom) values('InternalTransaction', 1985, -10.05, 1325.47, '', '2010-01-19', 'CHIPOTLE 0744 TEMPE AZ', '201001197', false, '01/15CHIPOTLE', '', 2, 1, '44d54f42-5df4-39b2-b53a-dd16a20cc6e3', 229, null, false);
insert into Split (id, amount, uuid, envelope_id, transaction_id) values(1986, -10.05, '1bdaefe9-723d-3597-a9a5-7d3619b3a1b6', 296, 1985);
insert into Transaction (DTYPE, id, amount, balance, checkNo, date, description, externalId, initialBalance, memo, ref, status, type, uuid, account_id, transfer_id, custom) values('InternalTransaction', 1989, 80.00, 3576.58, '', '2010-04-02', 'Transfer from Available', 'null', false, '', '', 2, 0, '5bd00c15-181e-3648-830b-309686c134d1', 229, 2179, false);
insert into Split (id, amount, uuid, envelope_id, transaction_id) values(1990, 80.00, '6e8a2a62-1d73-3d9e-811f-098ee8634c2d', 261, 1989);
insert into Transaction (DTYPE, id, amount, balance, checkNo, date, description, externalId, initialBalance, memo, ref, status, type, uuid, account_id, transfer_id, custom) values('InternalTransaction', 1987, 0.00, 3939.13, '', '2010-04-16', 'Transfer from Available', 'null', false, '', '', 2, 1, '83ddbe79-a1af-3e2e-8252-e520b3d824ce', 229, 1031, false);
insert into Split (id, amount, uuid, envelope_id, transaction_id) values(1988, 0.00, 'f2682ad9-1d06-3bc8-bb57-3bf78ca6dfd8', 274, 1987);
insert into Transaction (DTYPE, id, amount, balance, checkNo, date, description, externalId, initialBalance, memo, ref, status, type, uuid, account_id, transfer_id, custom) values('InternalTransaction', 1991, -41.17, 0.00, '', '2010-04-29', 'Transfer to Spending', 'null', false, '', '', 2, 1, '337f72c6-aed0-3d48-afff-768af7783899', 228, 2525, false);
insert into Split (id, amount, uuid, envelope_id, transaction_id) values(1992, -41.17, '2c1fbacf-2460-3ba3-b68c-d08c79167d5c', 253, 1991);
insert into Transaction (DTYPE, id, amount, balance, checkNo, date, description, externalId, initialBalance, memo, ref, status, type, uuid, account_id, transfer_id, custom) values('InternalTransaction', 1993, 35.51, 3337.08, '', '2010-02-19', 'Transfer from Available', 'null', false, '', '', 2, 0, '5d0aea24-1c0b-3f60-a73e-b42c2df2124f', 229, 1365, false);
insert into Split (id, amount, uuid, envelope_id, transaction_id) values(1994, 35.51, '4e433b28-f747-3df5-926c-dea55a75d66e', 245, 1993);
insert into Transaction (DTYPE, id, amount, balance, checkNo, date, description, externalId, initialBalance, memo, ref, status, type, uuid, account_id, transfer_id, custom) values('InternalTransaction', 1995, -8.92, 0.00, '', '2010-03-16', 'Transfer to Easynews.com', 'null', false, '', '', 2, 1, 'ef6df4d6-60e9-366a-940e-da6c933c5f5c', 228, 671, false);
insert into Split (id, amount, uuid, envelope_id, transaction_id) values(1996, -8.92, 'fd6549d2-2ab5-35e4-afb0-e36f5a1382c0', 293, 1995);
insert into Transaction (DTYPE, id, amount, balance, checkNo, date, description, externalId, initialBalance, memo, ref, status, type, uuid, account_id, transfer_id, custom) values('InternalTransaction', 1997, -10.74, 650.05, '', '2010-04-16', 'Transfer to Fast Food', 'null', false, '', '', 2, 1, '2db8df31-2435-3eec-8f0d-e4d02cb4a0d7', 229, 2874, false);
insert into Split (id, amount, uuid, envelope_id, transaction_id) values(1998, -10.74, 'b9b0464b-5e0e-3bae-88bc-5955a96de618', 293, 1997);
insert into Transaction (DTYPE, id, amount, balance, checkNo, date, description, externalId, initialBalance, memo, ref, status, type, uuid, account_id, transfer_id, custom) values('InternalTransaction', 1999, 160.28, 1892.81, '', '2009-12-17', 'APPLE STORE #R031 PHOENI', '200912170', false, '12/15APPLE STO', '', 2, 0, '3de1e635-86fc-364b-981e-17d38b56c9be', 229, null, false);
insert into Split (id, amount, uuid, envelope_id, transaction_id) values(2000, 160.28, 'fa384dd7-076d-3100-b6fb-28862e35882f', 249, 1999);
insert into Transaction (DTYPE, id, amount, balance, checkNo, date, description, externalId, initialBalance, memo, ref, status, type, uuid, account_id, transfer_id, custom) values('InternalTransaction', 2001, -20.00, 1710.54, '', '2010-03-12', 'ATM WITHDRAWAL 007530', '201003122', false, '03/123150 E IN', '', 2, 1, 'd8f8b32b-3642-37fe-9e58-c9808f39122d', 229, null, false);
insert into Split (id, amount, uuid, envelope_id, transaction_id) values(2002, -20.00, '9f19438b-7c34-31a4-b897-88cf2af408bc', 251, 2001);
insert into Transaction (DTYPE, id, amount, balance, checkNo, date, description, externalId, initialBalance, memo, ref, status, type, uuid, account_id, transfer_id, custom) values('InternalTransaction', 2003, -35.70, 1413.59, '', '2010-01-19', 'WHITFILL NURSERY PHOENIX411299', '201001192', false, '01/17WHITFILL', '', 2, 1, 'ec4f9725-ecc4-33ff-8aec-56c93fb05056', 229, null, false);
insert into Split (id, amount, uuid, envelope_id, transaction_id) values(2004, -35.70, '57d3223e-aeba-3554-b8ea-44d93f237e66', 284, 2003);
insert into Transaction (DTYPE, id, amount, balance, checkNo, date, description, externalId, initialBalance, memo, ref, status, type, uuid, account_id, transfer_id, custom) values('InternalTransaction', 2005, -13.37, 429.83, '', '2010-04-29', 'Transfer to Coffee', 'null', false, '', '', 2, 1, '86408be2-2de8-338d-abe7-07700b96b6f8', 229, 2319, false);
insert into Split (id, amount, uuid, envelope_id, transaction_id) values(2006, -13.37, '1e71d140-50d0-3bb6-aa25-92ff2d5873dc', 293, 2005);
insert into Transaction (DTYPE, id, amount, balance, checkNo, date, description, externalId, initialBalance, memo, ref, status, type, uuid, account_id, transfer_id, custom) values('InternalTransaction', 2007, -9.98, 1361.27, '', '2010-03-15', 'EASYNEWS.COM 866-396-397', '201003159', false, '03/12EASYNEWS.', '', 2, 1, '541a64b6-3b87-3c4e-9dd4-23bf2a0e142c', 229, null, false);
insert into Split (id, amount, uuid, envelope_id, transaction_id) values(2008, -9.98, '9209fddc-9bed-3099-b163-2adddf037507', 254, 2007);
insert into Transaction (DTYPE, id, amount, balance, checkNo, date, description, externalId, initialBalance, memo, ref, status, type, uuid, account_id, transfer_id, custom) values('InternalTransaction', 2009, -38.21, 1396.83, '', '2010-04-06', 'Transfer to Unassigned', 'null', false, '', '', 2, 1, 'dff29adc-838c-3864-8ddd-3d022a044379', 229, 2195, false);
insert into Split (id, amount, uuid, envelope_id, transaction_id) values(2010, -38.21, '729fed79-ad41-33de-a912-6b3769b6668e', 293, 2009);
insert into Transaction (DTYPE, id, amount, balance, checkNo, date, description, externalId, initialBalance, memo, ref, status, type, uuid, account_id, transfer_id, custom) values('InternalTransaction', 2011, -15.05, 3888.08, '', '2010-03-25', 'TARGET T2176 TEMPE NE TE154000', '201003250', false, '03/24TARGET T2', '', 2, 1, 'e4b292df-216b-3b4a-9a0d-6542b218a862', 229, null, false);
insert into Split (id, amount, uuid, envelope_id, transaction_id) values(2012, -15.05, 'afa9d4ef-a4d4-3484-b378-e953ce93ef53', 239, 2011);
insert into Transaction (DTYPE, id, amount, balance, checkNo, date, description, externalId, initialBalance, memo, ref, status, type, uuid, account_id, transfer_id, custom) values('InternalTransaction', 2015, -11.12, 0.00, '', '2010-03-11', 'Transfer to Fast Food', 'null', false, '', '', 2, 1, '8fa14563-4427-3797-90bd-9951cc6737bf', 228, 789, false);
insert into Split (id, amount, uuid, envelope_id, transaction_id) values(2016, -11.12, '6cdbd02e-6931-352e-b06d-85e1fe57bd77', 293, 2015);
insert into Transaction (DTYPE, id, amount, balance, checkNo, date, description, externalId, initialBalance, memo, ref, status, type, uuid, account_id, transfer_id, custom) values('InternalTransaction', 2013, -5.48, 3392.75, '', '2010-02-08', 'TACO BELL 21245 Q53 T', '2010020811', false, '02/04TACO BELL', '', 2, 1, '7647c501-ffb5-3deb-81c2-e0bbe4242709', 229, null, false);
insert into Split (id, amount, uuid, envelope_id, transaction_id) values(2014, -5.48, '24529edd-84da-3791-a948-d26edab0a5ab', 246, 2013);
insert into Transaction (DTYPE, id, amount, balance, checkNo, date, description, externalId, initialBalance, memo, ref, status, type, uuid, account_id, transfer_id, custom) values('InternalTransaction', 2019, -4.99, 834.75, '', '2010-04-13', 'Transfer to Easynews.com', 'null', false, '', '', 2, 1, 'ddfc28c8-5b8b-3b2f-8099-9f60fa72a388', 229, 343, false);
insert into Split (id, amount, uuid, envelope_id, transaction_id) values(2020, -4.99, '9e83366c-7194-3df7-9409-9ebdf3debebc', 293, 2019);
insert into Transaction (DTYPE, id, amount, balance, checkNo, date, description, externalId, initialBalance, memo, ref, status, type, uuid, account_id, transfer_id, custom) values('InternalTransaction', 2017, -54.38, 3916.07, '', '2010-03-24', 'Transfer to Unassigned', 'null', false, '', '', 2, 1, '79b73075-93ad-348b-83bc-fb46ab8eacdb', 229, 711, false);
insert into Split (id, amount, uuid, envelope_id, transaction_id) values(2018, -54.38, '85a962a6-dbac-3825-8947-47141723074e', 293, 2017);
insert into Transaction (DTYPE, id, amount, balance, checkNo, date, description, externalId, initialBalance, memo, ref, status, type, uuid, account_id, transfer_id, custom) values('InternalTransaction', 2023, -200.00, 4928.56, '', '2010-03-19', 'Transfer to Spending', 'null', false, '', '', 2, 1, 'a44872cb-8487-3368-97ed-06b31781a8ca', 229, 1405, false);
insert into Split (id, amount, uuid, envelope_id, transaction_id) values(2024, -200.00, 'c35ebbaa-7c15-371a-9cd9-8b349bc4ee5c', 293, 2023);
insert into Transaction (DTYPE, id, amount, balance, checkNo, date, description, externalId, initialBalance, memo, ref, status, type, uuid, account_id, transfer_id, custom) values('InternalTransaction', 2021, -9.95, 4095.38, '', '2009-11-23', 'Financial Management Software:', '200911230', false, 'Monthly Service Fee', '', 2, 1, '6d7c2acb-4900-3ca2-8af7-81e1cf461f28', 229, null, false);
insert into Split (id, amount, uuid, envelope_id, transaction_id) values(2022, -9.95, 'ec2fd06c-75bb-38ab-9c57-de1b1183fc4f', 232, 2021);
insert into Transaction (DTYPE, id, amount, balance, checkNo, date, description, externalId, initialBalance, memo, ref, status, type, uuid, account_id, transfer_id, custom) values('InternalTransaction', 2025, -10.26, 390.70, '', '2010-04-29', 'Transfer to Fast Food', 'null', false, '', '', 2, 1, '11d80fcd-4c20-3f04-a13f-5f0c7b65fe4c', 229, 3136, false);
insert into Split (id, amount, uuid, envelope_id, transaction_id) values(2026, -10.26, 'b121ee8b-1645-3ee8-a59c-b48880c705e3', 293, 2025);
insert into Transaction (DTYPE, id, amount, balance, checkNo, date, description, externalId, initialBalance, memo, ref, status, type, uuid, account_id, transfer_id, custom) values('InternalTransaction', 2027, 125.13, 125.13, '', '2010-04-29', 'Transfer from VW Credit', 'null', false, '', '', 2, 0, 'ae2612f2-8421-3fc7-9dad-21ec849ff981', 228, 1065, false);
insert into Split (id, amount, uuid, envelope_id, transaction_id) values(2028, 125.13, 'ad007994-5e2a-3a92-ba11-6565564e1120', 245, 2027);
insert into Transaction (DTYPE, id, amount, balance, checkNo, date, description, externalId, initialBalance, memo, ref, status, type, uuid, account_id, transfer_id, custom) values('InternalTransaction', 2029, 25.00, 4186.84, '', '2010-03-05', 'Transfer from Available', 'null', false, '', '', 2, 0, '0df90a09-acdb-3659-9216-1250556a505e', 229, 1897, false);
insert into Split (id, amount, uuid, envelope_id, transaction_id) values(2030, 25.00, '308d472b-848a-3c87-a7e8-c5135821517d', 239, 2029);
insert into Transaction (DTYPE, id, amount, balance, checkNo, date, description, externalId, initialBalance, memo, ref, status, type, uuid, account_id, transfer_id, custom) values('InternalTransaction', 2031, 20.00, 20.00, '', '2010-04-07', 'Transfer from Personal Care', 'null', false, '', '', 2, 0, 'be01f473-d079-38f4-a66b-4646c6b1746c', 228, 1933, false);
insert into Split (id, amount, uuid, envelope_id, transaction_id) values(2032, 20.00, 'da5c98ac-5877-353f-82ef-f7f065ad0c9a', 293, 2031);
insert into Transaction (DTYPE, id, amount, balance, checkNo, date, description, externalId, initialBalance, memo, ref, status, type, uuid, account_id, transfer_id, custom) values('InternalTransaction', 2033, 103.40, 1238.44, '', '2010-02-16', 'Transfer from Available', 'null', false, '', '', 0, 0, '386c67c8-97ab-33c3-a2f6-15fc774ad4d8', 229, 1783, false);
insert into Split (id, amount, uuid, envelope_id, transaction_id) values(2034, 103.40, '5ff04c83-8806-3b39-82fa-5740177abc38', 238, 2033);
insert into Transaction (DTYPE, id, amount, balance, checkNo, date, description, externalId, initialBalance, memo, ref, status, type, uuid, account_id, transfer_id, custom) values('InternalTransaction', 2037, 23.13, 23.13, '', '2010-03-16', 'Transfer from Spending', 'null', false, '', '', 2, 0, 'd9551b88-e920-35f8-918e-50d76ef338c2', 228, 3132, false);
insert into Split (id, amount, uuid, envelope_id, transaction_id) values(2038, 23.13, 'e61dfafd-df53-31eb-baac-77bb2b51efdf', 238, 2037);
insert into Transaction (DTYPE, id, amount, balance, checkNo, date, description, externalId, initialBalance, memo, ref, status, type, uuid, account_id, transfer_id, custom) values('InternalTransaction', 2035, -2.00, 1502.31, '', '2010-04-21', 'NON-CHASE ATM FEE-WITH', '201004213', false, '', '', 2, 1, '7d8b9439-ac3b-31fb-a076-e56b09e93715', 229, null, false);
insert into Split (id, amount, uuid, envelope_id, transaction_id) values(2036, -2.00, '97d84c71-f292-3438-983b-b3b0b12946f2', 252, 2035);
insert into Transaction (DTYPE, id, amount, balance, checkNo, date, description, externalId, initialBalance, memo, ref, status, type, uuid, account_id, transfer_id, custom) values('InternalTransaction', 2041, 56.51, 706.56, '', '2010-04-16', 'Transfer from Available', 'null', false, '', '', 2, 0, '17696893-d265-3b60-a777-f21f63eeac2b', 229, 503, false);
insert into Split (id, amount, uuid, envelope_id, transaction_id) values(2042, 56.51, '3881d75d-5761-3f84-8fcc-9557d425eeb6', 239, 2041);
insert into Transaction (DTYPE, id, amount, balance, checkNo, date, description, externalId, initialBalance, memo, ref, status, type, uuid, account_id, transfer_id, custom) values('InternalTransaction', 2039, -129.01, 823.63, '', '2010-03-02', 'VZWRLSS*APOCC VISW 800-9', '201003023', false, '03/01VZWRLSS*A', '', 2, 1, 'c310ae5a-9d7d-38db-b2b1-a63228c976c8', 229, null, false);
insert into Split (id, amount, uuid, envelope_id, transaction_id) values(2040, -129.01, 'cb5e3108-3290-3243-9267-cfa804c715c2', 236, 2039);
insert into Transaction (DTYPE, id, amount, balance, checkNo, date, description, externalId, initialBalance, memo, ref, status, type, uuid, account_id, transfer_id, custom) values('InternalTransaction', 2043, -29.53, 4078.50, '', '2009-11-30', 'IHOP #1507 PHOENIX AZ', '200911307', false, '11/28IHOP #150', '', 2, 1, 'ad0bf4a8-4b44-3fe1-88e7-e580e820437c', 229, null, false);
insert into Split (id, amount, uuid, envelope_id, transaction_id) values(2044, -29.53, '5fadd622-5147-3473-a2e6-d975f2b3e3a7', 296, 2043);
insert into Transaction (DTYPE, id, amount, balance, checkNo, date, description, externalId, initialBalance, memo, ref, status, type, uuid, account_id, transfer_id, custom) values('InternalTransaction', 2045, -7.90, 2573.58, '', '2010-01-11', 'SOU THE HOME DEPOT 7308 678613', '2010011115', false, '01/09SOU THE H', '', 2, 1, '88a53fa7-3ee5-3a68-bbcd-2589f294c46b', 229, null, false);
insert into Split (id, amount, uuid, envelope_id, transaction_id) values(2046, -7.90, '0a779041-51ea-326a-8847-77a8b000e94e', 239, 2045);
insert into Transaction (DTYPE, id, amount, balance, checkNo, date, description, externalId, initialBalance, memo, ref, status, type, uuid, account_id, transfer_id, custom) values('InternalTransaction', 2047, -39.59, 1458.76, '', '2010-03-15', 'SPROUTS FARMERS MKT #7 P658330', '201003154', false, '03/13SPROUTS F', '', 2, 1, 'a25a2133-e89a-36ba-840c-adfb49175a40', 229, null, false);
insert into Split (id, amount, uuid, envelope_id, transaction_id) values(2048, -39.59, 'ae1d8dd4-4b66-3397-bdf9-7c87211cf628', 238, 2047);
insert into Transaction (DTYPE, id, amount, balance, checkNo, date, description, externalId, initialBalance, memo, ref, status, type, uuid, account_id, transfer_id, custom) values('InternalTransaction', 2049, 35.51, 5242.43, '', '2010-03-19', 'Transfer from Available', 'null', false, '', '', 2, 0, '52c092c2-d181-35f1-949e-209a0a49f2a1', 229, 2589, false);
insert into Split (id, amount, uuid, envelope_id, transaction_id) values(2050, 35.51, 'bacb3621-06f0-3c43-b004-626e32ace40e', 245, 2049);
insert into Transaction (DTYPE, id, amount, balance, checkNo, date, description, externalId, initialBalance, memo, ref, status, type, uuid, account_id, transfer_id, custom) values('InternalTransaction', 2053, -175.00, 2942.64, '', '2010-02-22', 'IRS USATAXPYMT 2700', '201002221', false, '45300928447 WEB ID: 3387702000', '', 2, 1, '83d3b20d-b198-32a0-9d0f-326487b63f00', 229, null, false);
insert into Split (id, amount, uuid, envelope_id, transaction_id) values(2054, -175.00, '87b4a1b8-98ff-38e3-a55f-318292aae1bd', 275, 2053);
insert into Transaction (DTYPE, id, amount, balance, checkNo, date, description, externalId, initialBalance, memo, ref, status, type, uuid, account_id, transfer_id, custom) values('InternalTransaction', 2051, -5.61, 1591.23, '', '2010-03-15', 'MCDONALD''S F3250 TEMPE A', '2010031511', false, '03/13MCDONALD''', '', 2, 1, 'ddc9ac8c-5f45-30cc-9775-68452e29cabb', 229, null, false);
insert into Split (id, amount, uuid, envelope_id, transaction_id) values(2052, -5.61, 'a82e0cc7-c79a-3bc2-b09a-ee8222996195', 246, 2051);
insert into Transaction (DTYPE, id, amount, balance, checkNo, date, description, externalId, initialBalance, memo, ref, status, type, uuid, account_id, transfer_id, custom) values('InternalTransaction', 2055, 7.30, 1799.74, '', '2010-03-11', 'Transfer from Available', 'null', false, '', '', 2, 0, '0df8d675-6a4e-3184-b8e4-a8f396ff8282', 229, 497, false);
insert into Split (id, amount, uuid, envelope_id, transaction_id) values(2056, 7.30, '405d6946-1673-33db-8e2c-3efae511d406', 246, 2055);
insert into Transaction (DTYPE, id, amount, balance, checkNo, date, description, externalId, initialBalance, memo, ref, status, type, uuid, account_id, transfer_id, custom) values('InternalTransaction', 2059, -2.88, 3474.51, '', '2009-12-14', 'TACO BELL #18300183459 P', '2009121428', false, '12/11TACO BELL', '', 2, 1, 'ebd394c0-6da9-37b4-a2c1-1733e82b260f', 229, null, false);
insert into Split (id, amount, uuid, envelope_id, transaction_id) values(2060, -2.88, '3591a2f2-d859-374b-88ff-0a76655733a5', 246, 2059);
insert into Transaction (DTYPE, id, amount, balance, checkNo, date, description, externalId, initialBalance, memo, ref, status, type, uuid, account_id, transfer_id, custom) values('InternalTransaction', 2057, -61.65, 2514.14, '', '2009-12-14', 'NORDSTROM #381 CHANDLER', '200912149', false, '12/10NORDSTROM', '', 2, 1, '5c3d34d0-90c8-346e-af76-a0a755e2d5a9', 229, null, false);
insert into Split (id, amount, uuid, envelope_id, transaction_id) values(2058, -61.65, 'a7155e1d-2069-3795-9e1b-a9fb46003d61', 286, 2057);
insert into Transaction (DTYPE, id, amount, balance, checkNo, date, description, externalId, initialBalance, memo, ref, status, type, uuid, account_id, transfer_id, custom) values('InternalTransaction', 2061, -113.69, 6329.73, '', '2010-03-19', 'Transfer to Auto Fuel', 'null', false, '', '', 2, 1, '9ac9f752-1ad4-30c7-b132-e43d8dc3cee0', 229, 3206, false);
insert into Split (id, amount, uuid, envelope_id, transaction_id) values(2062, -113.69, '304065ed-5d7d-3296-8653-6e2ab466c682', 293, 2061);
insert into Transaction (DTYPE, id, amount, balance, checkNo, date, description, externalId, initialBalance, memo, ref, status, type, uuid, account_id, transfer_id, custom) values('InternalTransaction', 2063, 448.74, 448.74, '', '2010-04-16', 'Transfer from Available', 'null', false, '', '', 2, 0, 'e2cb8c52-8adc-3971-a46e-1eb8902f6c6e', 228, 1131, false);
insert into Split (id, amount, uuid, envelope_id, transaction_id) values(2064, 448.74, '34bf646e-b185-3993-b841-f4443ec899a8', 264, 2063);
insert into Transaction (DTYPE, id, amount, balance, checkNo, date, description, externalId, initialBalance, memo, ref, status, type, uuid, account_id, transfer_id, custom) values('InternalTransaction', 2065, -175.00, 4791.27, '', '2009-11-16', 'IRS USATAXPYMT 2709', '200911160', false, '72000266518 WEB ID: 3387702000', '', 2, 1, 'cb96cb09-b00d-3153-8d05-cc6e1ea4e014', 229, null, false);
insert into Split (id, amount, uuid, envelope_id, transaction_id) values(2066, -175.00, 'da61ed25-3261-324a-b4d0-046c59baddec', 275, 2065);
insert into Transaction (DTYPE, id, amount, balance, checkNo, date, description, externalId, initialBalance, memo, ref, status, type, uuid, account_id, transfer_id, custom) values('InternalTransaction', 2071, 80.00, 3762.18, '', '2010-02-19', 'Transfer from Available', 'null', false, '', '', 2, 0, 'd3e17f1a-2bb1-3c09-824d-f5fb7717d9c9', 229, 2964, false);
insert into Split (id, amount, uuid, envelope_id, transaction_id) values(2072, 80.00, '588ebc03-b8b3-3514-93db-1a3e03574841', 261, 2071);
insert into Transaction (DTYPE, id, amount, balance, checkNo, date, description, externalId, initialBalance, memo, ref, status, type, uuid, account_id, transfer_id, custom) values('InternalTransaction', 2069, 0.00, 5242.43, '', '2010-03-19', 'Transfer from Available', 'null', false, '', '', 2, 1, 'd519a837-201b-3c1c-8b5d-ae9691490d19', 229, 2711, false);
insert into Split (id, amount, uuid, envelope_id, transaction_id) values(2070, 0.00, '3dc55666-f084-31ae-9ccb-b0165c4cbf79', 295, 2069);
insert into Transaction (DTYPE, id, amount, balance, checkNo, date, description, externalId, initialBalance, memo, ref, status, type, uuid, account_id, transfer_id, custom) values('InternalTransaction', 2067, -156.00, 2360.37, '', '2010-04-02', 'Transfer to Spending', 'null', false, '', '', 2, 1, '25612140-0bb0-3ebf-b52d-709c015a7abc', 229, 859, false);
insert into Split (id, amount, uuid, envelope_id, transaction_id) values(2068, -156.00, '2dbc1106-0b9e-3aec-9628-e7122916818c', 293, 2067);
insert into Transaction (DTYPE, id, amount, balance, checkNo, date, description, externalId, initialBalance, memo, ref, status, type, uuid, account_id, transfer_id, custom) values('InternalTransaction', 2073, -5.37, 0.00, '', '2010-03-18', 'Transfer to Spending', 'null', false, '', '', 2, 1, '9c965f70-3c97-32a2-8da3-d1f8ae30219b', 228, 969, false);
insert into Split (id, amount, uuid, envelope_id, transaction_id) values(2074, -5.37, 'b8a16754-5a4c-36dc-9dc2-e580def7930a', 293, 2073);
insert into Transaction (DTYPE, id, amount, balance, checkNo, date, description, externalId, initialBalance, memo, ref, status, type, uuid, account_id, transfer_id, custom) values('InternalTransaction', 2075, -7.20, 3866.38, '', '2010-03-25', 'DEL TACO #796/1901 W. N 739312', '201003252', false, '03/24DEL TACO', '', 2, 1, '4a8d816c-bb64-3ba5-b6a9-6bc0f80f7076', 229, null, false);
insert into Split (id, amount, uuid, envelope_id, transaction_id) values(2076, -7.20, 'd03fc620-ee3c-3fec-ad23-cfeb50eff2a0', 246, 2075);
insert into Transaction (DTYPE, id, amount, balance, checkNo, date, description, externalId, initialBalance, memo, ref, status, type, uuid, account_id, transfer_id, custom) values('InternalTransaction', 2081, -20.00, 0.00, '', '2010-02-23', 'Transfer to Lotto', 'null', false, '', '', 2, 1, '25bb512e-4286-380f-9264-f5d3f2f94db0', 228, 1235, false);
insert into Split (id, amount, uuid, envelope_id, transaction_id) values(2082, -20.00, '4931a8cd-3dc2-35ab-87f7-5255730bb40a', 252, 2081);
insert into Transaction (DTYPE, id, amount, balance, checkNo, date, description, externalId, initialBalance, memo, ref, status, type, uuid, account_id, transfer_id, custom) values('InternalTransaction', 2079, -2.51, 4690.60, '', '2010-03-22', 'BARRY''S ACE HARDWARE PHO', '2010032216', false, '03/21BARRY''S A', '', 2, 1, '368c9893-36c3-320e-9a38-8e1a3bbcccd6', 229, null, false);
insert into Split (id, amount, uuid, envelope_id, transaction_id) values(2080, -2.51, '9049ad23-7aed-3bf8-ae64-1926de6c1413', 239, 2079);
insert into Transaction (DTYPE, id, amount, balance, checkNo, date, description, externalId, initialBalance, memo, ref, status, type, uuid, account_id, transfer_id, custom) values('InternalTransaction', 2077, -317.51, 3916.07, '', '2010-03-23', 'Transfer to Unassigned', 'null', false, '', '', 2, 1, 'a666e4dc-ddd6-31df-a10e-8195fa5eab4a', 229, 1861, false);
insert into Split (id, amount, uuid, envelope_id, transaction_id) values(2078, -317.51, 'e532b8dc-36e0-3929-a9be-9a3ece7983dc', 293, 2077);
insert into Transaction (DTYPE, id, amount, balance, checkNo, date, description, externalId, initialBalance, memo, ref, status, type, uuid, account_id, transfer_id, custom) values('InternalTransaction', 2083, -9.03, 2406.91, '', '2009-12-29', '24 HOUR FITNESS 800-432-', '200912295', false, '12/2824 HOUR F', '', 2, 1, '6661e99d-651c-3c63-9ede-d646a425aa87', 229, null, false);
insert into Split (id, amount, uuid, envelope_id, transaction_id) values(2084, -9.03, 'a5ab6dd8-e768-3ab5-b994-932976c02dee', 271, 2083);
insert into Transaction (DTYPE, id, amount, balance, checkNo, date, description, externalId, initialBalance, memo, ref, status, type, uuid, account_id, transfer_id, custom) values('InternalTransaction', 2085, 138.08, 4042.94, '', '2010-03-30', 'Transfer from Available', 'null', false, '', '', 2, 0, '944cbf53-5107-3bf3-8ae7-eac06895d4fe', 229, 1855, false);
insert into Split (id, amount, uuid, envelope_id, transaction_id) values(2086, 138.08, '0b5b8b05-1ba4-3f0c-85ef-a3a48bd659c3', 238, 2085);
insert into Transaction (DTYPE, id, amount, balance, checkNo, date, description, externalId, initialBalance, memo, ref, status, type, uuid, account_id, transfer_id, custom) values('InternalTransaction', 2087, -16.71, 4306.01, '', '2009-12-14', 'GOLDEN RICE EXPRESS PHOE', '2009121419', false, '12/13GOLDEN RI', '', 2, 1, 'c1843024-3ed4-3543-aa03-170442dffa38', 229, null, false);
insert into Split (id, amount, uuid, envelope_id, transaction_id) values(2088, -16.71, '5a80baf8-416f-3419-9cdf-d846f3bcaf6e', 296, 2087);
insert into Transaction (DTYPE, id, amount, balance, checkNo, date, description, externalId, initialBalance, memo, ref, status, type, uuid, account_id, transfer_id, custom) values('InternalTransaction', 2093, -53.92, 0.00, '', '2010-04-21', 'Transfer to Available', 'null', false, '', '', 2, 1, '758fcfbe-9664-3516-bb81-c52720b8ef20', 228, 565, false);
insert into Split (id, amount, uuid, envelope_id, transaction_id) values(2094, -53.92, '0cfa4587-155b-3a69-b6f7-e44862ec0823', 264, 2093);
insert into Transaction (DTYPE, id, amount, balance, checkNo, date, description, externalId, initialBalance, memo, ref, status, type, uuid, account_id, transfer_id, custom) values('InternalTransaction', 2091, 150.00, 1501.69, '', '2009-12-21', 'ATM CHECK DEPOSIT', '200912210', false, '', '', 2, 0, '0c378dad-d978-3785-9f98-30cf79192069', 229, null, false);
insert into Split (id, amount, uuid, envelope_id, transaction_id) values(2092, 150.00, 'bdeae7b1-266d-34ea-8b80-b736e9258c8c', 293, 2091);
insert into Transaction (DTYPE, id, amount, balance, checkNo, date, description, externalId, initialBalance, memo, ref, status, type, uuid, account_id, transfer_id, custom) values('InternalTransaction', 2089, 163.00, 4349.84, '', '2010-03-05', 'Transfer from Available', 'null', false, '', '', 2, 0, '7d3e3cb3-d8df-3d53-b6ff-933dc370cbf0', 229, 609, false);
insert into Split (id, amount, uuid, envelope_id, transaction_id) values(2090, 163.00, '48eb831c-dc4d-398b-a7ec-16a47ed3f2b6', 258, 2089);
insert into Transaction (DTYPE, id, amount, balance, checkNo, date, description, externalId, initialBalance, memo, ref, status, type, uuid, account_id, transfer_id, custom) values('InternalTransaction', 2097, -19.48, 4507.39, '', '2009-11-16', 'COSTCO WHSE #0665 PHOENI285803', '200911166', false, '11/14COSTCO WH', '', 2, 1, '8f0a5547-9007-36da-98ae-cdbb8d64d189', 229, null, false);
insert into Split (id, amount, uuid, envelope_id, transaction_id) values(2098, -19.48, 'f6a7aa4b-f61e-36aa-b8b7-188de6215c87', 252, 2097);
insert into Transaction (DTYPE, id, amount, balance, checkNo, date, description, externalId, initialBalance, memo, ref, status, type, uuid, account_id, transfer_id, custom) values('InternalTransaction', 2095, 21.38, 1821.12, '', '2010-03-11', 'Transfer from Available', 'null', false, '', '', 2, 0, '196829bc-aea9-3e82-8b32-2685c73da86a', 229, 1797, false);
insert into Split (id, amount, uuid, envelope_id, transaction_id) values(2096, 21.38, 'ba682928-0613-3a95-891a-168a911742c4', 264, 2095);
insert into Transaction (DTYPE, id, amount, balance, checkNo, date, description, externalId, initialBalance, memo, ref, status, type, uuid, account_id, transfer_id, custom) values('InternalTransaction', 2099, -9.74, 2303.48, '', '2009-12-30', 'WALGREEN COMPANY NWC OF 231140', '200912303', false, '12/29WALGREEN', '', 2, 1, '3617024d-5001-36a0-b294-9a5942e15925', 229, null, false);
insert into Split (id, amount, uuid, envelope_id, transaction_id) values(2100, -9.74, '4e73b784-296d-39e2-90b3-64eeda94747b', 277, 2099);
insert into Transaction (DTYPE, id, amount, balance, checkNo, date, description, externalId, initialBalance, memo, ref, status, type, uuid, account_id, transfer_id, custom) values('InternalTransaction', 2101, -20.00, 801.75, '', '2010-04-13', 'Transfer to Hair Services', 'null', false, '', '', 2, 1, 'ddfd5d84-111e-3df4-a136-1a050005fb2a', 229, 2343, false);
insert into Split (id, amount, uuid, envelope_id, transaction_id) values(2102, -20.00, '69e3ca51-bff1-3aac-b572-7e5f3b5b2344', 293, 2101);
insert into Transaction (DTYPE, id, amount, balance, checkNo, date, description, externalId, initialBalance, memo, ref, status, type, uuid, account_id, transfer_id, custom) values('InternalTransaction', 2103, 4.98, 3581.56, '', '2010-04-02', 'Transfer from Available', 'null', false, '', '', 2, 0, 'dca45819-f6d1-32a9-b094-4d6304ef89bd', 229, 1445, false);
insert into Split (id, amount, uuid, envelope_id, transaction_id) values(2104, 4.98, '9747af54-ec06-366f-80b3-8889e7b1ac03', 232, 2103);
insert into Transaction (DTYPE, id, amount, balance, checkNo, date, description, externalId, initialBalance, memo, ref, status, type, uuid, account_id, transfer_id, custom) values('InternalTransaction', 2105, -21.51, 0.00, '', '2010-03-03', 'Transfer to Available', 'null', false, '', '', 2, 1, '0a2f51e5-ceec-3c06-839b-5498847e97bd', 228, 479, false);
insert into Split (id, amount, uuid, envelope_id, transaction_id) values(2106, -21.51, '7cc0f0f1-c6f7-3ba7-85b4-e984a38d754c', 264, 2105);
insert into Transaction (DTYPE, id, amount, balance, checkNo, date, description, externalId, initialBalance, memo, ref, status, type, uuid, account_id, transfer_id, custom) values('InternalTransaction', 2107, 315.39, 2904.89, '', '2010-04-30', 'Transfer from Available', 'null', false, '', '', 2, 0, '68930fe2-0525-3862-bd38-b9eeedc8779f', 229, 1935, false);
insert into Split (id, amount, uuid, envelope_id, transaction_id) values(2108, 315.39, 'c6bf5f85-393d-3d4b-b6aa-10a6dfb1eff7', 283, 2107);
insert into Transaction (DTYPE, id, amount, balance, checkNo, date, description, externalId, initialBalance, memo, ref, status, type, uuid, account_id, transfer_id, custom) values('InternalTransaction', 2109, -9.87, 1596.84, '', '2010-03-15', 'PAYPAL INST XFER 4E82', '2010031510', false, '245TLTKVA WEB ID: PAYPALSI66', '', 2, 1, 'da606966-8744-3639-bc45-7f6f739d43bb', 229, null, false);
insert into Split (id, amount, uuid, envelope_id, transaction_id) values(2110, -9.87, '3a29b042-cccc-35af-8467-95ca27d436b9', 252, 2109);
insert into Transaction (DTYPE, id, amount, balance, checkNo, date, description, externalId, initialBalance, memo, ref, status, type, uuid, account_id, transfer_id, custom) values('InternalTransaction', 2111, 13.46, 2602.96, '', '2010-04-30', 'Transfer from Available', 'null', false, '', '', 2, 0, 'dab66415-a8aa-3405-91aa-d09ee8ba9714', 229, 2429, false);
insert into Split (id, amount, uuid, envelope_id, transaction_id) values(2112, 13.46, '26528492-bbea-3e0d-a32d-dde91091b3e2', 294, 2111);
insert into Transaction (DTYPE, id, amount, balance, checkNo, date, description, externalId, initialBalance, memo, ref, status, type, uuid, account_id, transfer_id, custom) values('InternalTransaction', 2113, -21.10, 4481.51, '', '2009-11-30', 'WAL-MART #2113 CHRISTOWN472837', '2009113010', false, '11/29WAL-MART', '', 2, 1, '3f0c5e79-f963-38d3-9f6a-d8fd59432454', 229, null, false);
insert into Split (id, amount, uuid, envelope_id, transaction_id) values(2114, -21.10, '72722821-ba3b-37d5-a307-049933ee753b', 239, 2113);
insert into Transaction (DTYPE, id, amount, balance, checkNo, date, description, externalId, initialBalance, memo, ref, status, type, uuid, account_id, transfer_id, custom) values('InternalTransaction', 2115, -154.66, 2024.23, '', '2010-04-02', 'Transfer to VW Credit', 'null', false, '', '', 2, 1, 'd814d947-52af-377e-9628-7a8bdc643d14', 229, 447, false);
insert into Split (id, amount, uuid, envelope_id, transaction_id) values(2116, -154.66, 'cc8b837e-30b7-34f7-a6a9-ef06f893e858', 293, 2115);
insert into Transaction (DTYPE, id, amount, balance, checkNo, date, description, externalId, initialBalance, memo, ref, status, type, uuid, account_id, transfer_id, custom) values('InternalTransaction', 2117, 83.11, 83.11, '', '2010-03-30', 'Transfer from Household', 'null', false, '', '', 2, 0, '23b29a09-1fff-3b0d-8f9b-378d7f1d08ce', 228, 1511, false);
insert into Split (id, amount, uuid, envelope_id, transaction_id) values(2118, 83.11, '33dc3e8b-a3d7-3cc4-8b8d-2acda8844798', 242, 2117);
insert into Transaction (DTYPE, id, amount, balance, checkNo, date, description, externalId, initialBalance, memo, ref, status, type, uuid, account_id, transfer_id, custom) values('InternalTransaction', 2119, 160.00, 160.00, '', '2010-03-09', 'Transfer from Rental', 'null', false, '', '', 2, 0, '933a229d-d635-3bec-848d-e55d50d64ff1', 228, 1723, false);
insert into Split (id, amount, uuid, envelope_id, transaction_id) values(2120, 160.00, '9d9991b2-8d7e-3b90-af1b-8cdfa2a4a5ee', 293, 2119);
insert into Transaction (DTYPE, id, amount, balance, checkNo, date, description, externalId, initialBalance, memo, ref, status, type, uuid, account_id, transfer_id, custom) values('InternalTransaction', 2121, 15.45, 15.45, '', '2010-03-03', 'Transfer from Spending', 'null', false, '', '', 2, 0, '695cde55-dde6-3769-871e-c952554ba632', 228, 1457, false);
insert into Split (id, amount, uuid, envelope_id, transaction_id) values(2122, 15.45, '70e4fece-c75b-3ae9-8e3d-f121d787c39f', 293, 2121);
insert into Transaction (DTYPE, id, amount, balance, checkNo, date, description, externalId, initialBalance, memo, ref, status, type, uuid, account_id, transfer_id, custom) values('InternalTransaction', 2127, -65.73, 0.00, '', '2010-04-29', 'Transfer to Spending', 'null', false, '', '', 2, 1, 'ae2e0fed-c369-3c0c-9473-2f058ba1b8af', 228, 2783, false);
insert into Split (id, amount, uuid, envelope_id, transaction_id) values(2128, -65.73, '35896a31-b04e-3308-84af-85844d091780', 293, 2127);
insert into Transaction (DTYPE, id, amount, balance, checkNo, date, description, externalId, initialBalance, memo, ref, status, type, uuid, account_id, transfer_id, custom) values('InternalTransaction', 2125, -4.32, 4687.49, '', '2009-11-16', '#00952 ALBERTSONS PHOENI788489', '2009111613', false, '11/14#00952 AL', '', 2, 1, 'e70ef241-9700-3a1f-a916-7909070d97bd', 229, null, false);
insert into Split (id, amount, uuid, envelope_id, transaction_id) values(2126, -4.32, '4eb8501f-0b88-35dd-bd4f-e221978f5eb3', 238, 2125);
insert into Transaction (DTYPE, id, amount, balance, checkNo, date, description, externalId, initialBalance, memo, ref, status, type, uuid, account_id, transfer_id, custom) values('InternalTransaction', 2123, -7.21, 1546.31, '', '2010-04-21', 'JACK IN THE BOX 131 TEMP', '201004211', false, '04/20JACK IN T', '', 2, 1, 'b3b75536-6800-3ff5-b5e0-5d004f88aa06', 229, null, false);
insert into Split (id, amount, uuid, envelope_id, transaction_id) values(2124, -7.21, 'c941781c-8e2b-3408-b1b2-2466e59d9b13', 246, 2123);
insert into Transaction (DTYPE, id, amount, balance, checkNo, date, description, externalId, initialBalance, memo, ref, status, type, uuid, account_id, transfer_id, custom) values('InternalTransaction', 2131, -25.00, 5499.83, '', '2010-03-19', 'Transfer to Household', 'null', false, '', '', 2, 1, 'c66fbe46-0869-3fd8-849c-24ce98896518', 229, 1051, false);
insert into Split (id, amount, uuid, envelope_id, transaction_id) values(2132, -25.00, '05edf930-32c9-3d2d-89e5-a1c54b122672', 293, 2131);
insert into Transaction (DTYPE, id, amount, balance, checkNo, date, description, externalId, initialBalance, memo, ref, status, type, uuid, account_id, transfer_id, custom) values('InternalTransaction', 2129, -14.97, 4476.89, '', '2009-11-16', 'EASYNEWS.COM 866-396-397', '200911168', false, '11/14EASYNEWS.', '', 2, 1, '71eb4a33-2c7e-3d5c-bbc5-4ad03f262042', 229, null, false);
insert into Split (id, amount, uuid, envelope_id, transaction_id) values(2130, -14.97, 'd8a509c3-f258-3894-b48e-f5c9854e6e69', 254, 2129);
insert into Transaction (DTYPE, id, amount, balance, checkNo, date, description, externalId, initialBalance, memo, ref, status, type, uuid, account_id, transfer_id, custom) values('InternalTransaction', 2133, 57.49, 57.49, '', '2010-04-21', 'Transfer from Spending', 'null', false, '', '', 2, 0, '13b9a5a7-85d9-3207-8d0b-f82426697193', 228, 1505, false);
insert into Split (id, amount, uuid, envelope_id, transaction_id) values(2134, 57.49, 'cb94632e-e880-31b3-85f9-8bcadbed7bd1', 293, 2133);
insert into Transaction (DTYPE, id, amount, balance, checkNo, date, description, externalId, initialBalance, memo, ref, status, type, uuid, account_id, transfer_id, custom) values('InternalTransaction', 2137, -10.26, 0.00, '', '2010-03-11', 'Transfer to Eating Out', 'null', false, '', '', 2, 1, '740b3398-7e61-35f6-b286-c4f4a361a80b', 228, 2585, false);
insert into Split (id, amount, uuid, envelope_id, transaction_id) values(2138, -10.26, '589ba554-5d0e-3c9d-9f90-f0c01d77e993', 293, 2137);
insert into Transaction (DTYPE, id, amount, balance, checkNo, date, description, externalId, initialBalance, memo, ref, status, type, uuid, account_id, transfer_id, custom) values('InternalTransaction', 2135, 1441.12, 8670.84, '', '2010-02-16', 'Transfer from Available', 'null', false, '', '', 0, 0, '2958247f-b2b7-3a36-8748-02f230349966', 229, 3154, false);
insert into Split (id, amount, uuid, envelope_id, transaction_id) values(2136, 1441.12, '88565b8a-c0c7-31fa-9a05-16482f1a1387', 242, 2135);
insert into Transaction (DTYPE, id, amount, balance, checkNo, date, description, externalId, initialBalance, memo, ref, status, type, uuid, account_id, transfer_id, custom) values('InternalTransaction', 2139, 2103.71, 2954.99, '', '2010-03-05', 'DIFFUSION GROUP PAYROLL PPD', '201003050', false, '', '', 2, 0, 'd5b0bea6-d06a-3449-a14a-6bc1234e0366', 229, null, false);
insert into Split (id, amount, uuid, envelope_id, transaction_id) values(2140, 2103.71, '132fa441-8108-3055-9685-6ed04671a1bc', 293, 2139);
insert into Transaction (DTYPE, id, amount, balance, checkNo, date, description, externalId, initialBalance, memo, ref, status, type, uuid, account_id, transfer_id, custom) values('InternalTransaction', 2141, -80.00, 4711.27, '282', '2009-11-16', 'Annette Trijillo', '200911161', false, '', '', 2, 1, '73a756bd-821e-3165-8af5-667ae762fb0b', 229, null, false);
insert into Split (id, amount, uuid, envelope_id, transaction_id) values(2142, -80.00, 'd49a6648-a213-3d46-add2-4701258f8388', 261, 2141);
insert into Transaction (DTYPE, id, amount, balance, checkNo, date, description, externalId, initialBalance, memo, ref, status, type, uuid, account_id, transfer_id, custom) values('InternalTransaction', 2143, 5.77, 3587.33, '', '2010-04-02', 'Transfer from Available', 'null', false, '', '', 2, 0, 'ea5be750-12b6-3295-8b84-7b9a4942093d', 229, 2587, false);
insert into Split (id, amount, uuid, envelope_id, transaction_id) values(2144, 5.77, 'ab3638bd-82dd-3cd1-a1c5-28801a5a87ce', 294, 2143);
insert into Transaction (DTYPE, id, amount, balance, checkNo, date, description, externalId, initialBalance, memo, ref, status, type, uuid, account_id, transfer_id, custom) values('InternalTransaction', 2147, -36.49, 1391.85, '', '2009-12-18', 'EBAYS HALF.COM 800-545-9', '200912182', false, '12/17EBAYS HAL', '', 2, 1, '134adae0-34eb-343e-ad0c-521636cecc14', 229, null, false);
insert into Split (id, amount, uuid, envelope_id, transaction_id) values(2148, -36.49, '81e474ce-a957-3494-9deb-9c3aee05f519', 280, 2147);
insert into Transaction (DTYPE, id, amount, balance, checkNo, date, description, externalId, initialBalance, memo, ref, status, type, uuid, account_id, transfer_id, custom) values('InternalTransaction', 2145, -154.56, 2524.77, '', '2010-02-26', 'FRY''S ELECTRONICS #0 017021', '201002261', false, '02/25FRY''S ELE', '', 2, 1, 'a0785ecb-f212-3537-b31a-93a404b7043d', 229, null, false);
insert into Split (id, amount, uuid, envelope_id, transaction_id) values(2146, -154.56, '25ce16af-5167-3058-94b4-342369259dc3', 249, 2145);
insert into Transaction (DTYPE, id, amount, balance, checkNo, date, description, externalId, initialBalance, memo, ref, status, type, uuid, account_id, transfer_id, custom) values('InternalTransaction', 2149, -65.00, 3910.63, '', '2010-02-16', 'Transfer to Massage', 'null', false, '', '', 0, 1, '36efb084-433d-35c3-8c6b-e97834234d25', 229, 1531, false);
insert into Split (id, amount, uuid, envelope_id, transaction_id) values(2150, -65.00, '22fa301d-0f65-3660-8f1e-f0c4eb825039', 293, 2149);
insert into Transaction (DTYPE, id, amount, balance, checkNo, date, description, externalId, initialBalance, memo, ref, status, type, uuid, account_id, transfer_id, custom) values('InternalTransaction', 2153, -94.60, 17791.04, '', '2010-02-16', 'Transfer to Arrowhead Water', 'null', false, '', '', 0, 1, 'fd9c7311-7ccc-3d1b-af31-a6280bf68ad9', 229, 771, false);
insert into Split (id, amount, uuid, envelope_id, transaction_id) values(2154, -94.60, '58796076-31e6-353b-8df5-8ddfa952e6a1', 293, 2153);
insert into Transaction (DTYPE, id, amount, balance, checkNo, date, description, externalId, initialBalance, memo, ref, status, type, uuid, account_id, transfer_id, custom) values('InternalTransaction', 2151, -163.00, 4149.07, '', '2010-04-16', 'Transfer to Lofts @ Arcadia', 'null', false, '', '', 2, 1, '4e166db2-348c-3341-b3d2-fb98752cf23a', 229, 1295, false);
insert into Split (id, amount, uuid, envelope_id, transaction_id) values(2152, -163.00, 'b1dd5aed-7b28-3e91-8906-86ebb8f686d3', 293, 2151);
insert into Transaction (DTYPE, id, amount, balance, checkNo, date, description, externalId, initialBalance, memo, ref, status, type, uuid, account_id, transfer_id, custom) values('InternalTransaction', 2155, -154.66, 3944.99, '', '2010-03-05', 'Transfer to VW Credit', 'null', false, '', '', 2, 1, 'ee959855-f796-38df-8ea5-7fb23d12c86f', 229, 3026, false);
insert into Split (id, amount, uuid, envelope_id, transaction_id) values(2156, -154.66, '65246a1b-a8be-3a43-9d3a-60618dc365af', 293, 2155);
insert into Transaction (DTYPE, id, amount, balance, checkNo, date, description, externalId, initialBalance, memo, ref, status, type, uuid, account_id, transfer_id, custom) values('InternalTransaction', 2161, -15.95, 3799.31, '', '2010-02-19', 'Transfer to Sirius', 'null', false, '', '', 2, 1, 'bd2a4043-3c96-36a8-818a-009d099296ed', 229, 2213, false);
insert into Split (id, amount, uuid, envelope_id, transaction_id) values(2162, -15.95, 'ff77940f-a91f-32be-9cb6-8c582ca91971', 293, 2161);
insert into Transaction (DTYPE, id, amount, balance, checkNo, date, description, externalId, initialBalance, memo, ref, status, type, uuid, account_id, transfer_id, custom) values('InternalTransaction', 2159, -175.00, 7098.03, '', '2010-03-20', 'IRS USATAXPYMT 2700', '201003226', false, '', '', 2, 1, '922fb0c5-175b-38c5-9850-5fba7b93c324', 229, null, false);
insert into Split (id, amount, uuid, envelope_id, transaction_id) values(2160, -175.00, '3923e0e0-7583-37f6-bfdc-6f789862a8e2', 275, 2159);
insert into Transaction (DTYPE, id, amount, balance, checkNo, date, description, externalId, initialBalance, memo, ref, status, type, uuid, account_id, transfer_id, custom) values('InternalTransaction', 2157, -1.05, 3865.33, '', '2010-03-25', 'THE HOME DEPOT 468 PHOEN785742', '201003253', false, '03/24THE HOME', '', 2, 1, '17d60da1-2e99-3616-8f3f-b1e1f4beaecd', 229, null, false);
insert into Split (id, amount, uuid, envelope_id, transaction_id) values(2158, -1.05, 'db34e8e6-234f-3fa1-a48a-416c011383d1', 239, 2157);
insert into Transaction (DTYPE, id, amount, balance, checkNo, date, description, externalId, initialBalance, memo, ref, status, type, uuid, account_id, transfer_id, custom) values('InternalTransaction', 2163, 43.55, 43.55, '', '2010-04-06', 'Transfer from Spending', 'null', false, '', '', 2, 0, 'b15e6d0f-45d6-3829-af8a-60d9e652556d', 228, 1049, false);
insert into Split (id, amount, uuid, envelope_id, transaction_id) values(2164, 43.55, '67e0f4a9-4494-3689-b471-5bc643d2b699', 293, 2163);
insert into Transaction (DTYPE, id, amount, balance, checkNo, date, description, externalId, initialBalance, memo, ref, status, type, uuid, account_id, transfer_id, custom) values('InternalTransaction', 2167, 1.51, 1.51, '', '2010-03-30', 'Transfer from Available', 'null', false, '', '', 2, 0, '9ab118b0-66b9-342d-a680-be36f9a59802', 228, 973, false);
insert into Split (id, amount, uuid, envelope_id, transaction_id) values(2168, 1.51, '8a14f8b3-15bc-3dcc-92a5-777972669751', 277, 2167);
insert into Transaction (DTYPE, id, amount, balance, checkNo, date, description, externalId, initialBalance, memo, ref, status, type, uuid, account_id, transfer_id, custom) values('InternalTransaction', 2165, -2.16, 1466.14, '', '2010-04-06', 'Transfer to Fast Food', 'null', false, '', '', 2, 1, 'a68642d1-9758-357c-b26b-f2b64be4c166', 229, 1205, false);
insert into Split (id, amount, uuid, envelope_id, transaction_id) values(2166, -2.16, '3b6d10d1-1703-31bb-b525-b2941f03afdd', 293, 2165);
insert into Transaction (DTYPE, id, amount, balance, checkNo, date, description, externalId, initialBalance, memo, ref, status, type, uuid, account_id, transfer_id, custom) values('InternalTransaction', 2171, 20.00, 20.00, '', '2010-03-12', 'Transfer from Available', 'null', false, '', '', 2, 0, '36050646-6a33-369b-8ac2-c50117773385', 228, 1787, false);
insert into Split (id, amount, uuid, envelope_id, transaction_id) values(2172, 20.00, '27449c2f-f8cd-38dc-a41c-6709834b3ce6', 250, 2171);
insert into Transaction (DTYPE, id, amount, balance, checkNo, date, description, externalId, initialBalance, memo, ref, status, type, uuid, account_id, transfer_id, custom) values('InternalTransaction', 2169, -29.76, 2508.21, '', '2010-01-25', 'OFFICE MAX 9201 N 29TH P644794', '201001258', false, '01/22OFFICE MA', '', 2, 1, '2d46f72b-5f52-3b8f-9bb7-430d3ebbe338', 229, null, false);
insert into Split (id, amount, uuid, envelope_id, transaction_id) values(2170, -29.76, 'd3d52c97-b58f-3941-8e7f-9b23aa46aa31', 239, 2169);
insert into Transaction (DTYPE, id, amount, balance, checkNo, date, description, externalId, initialBalance, memo, ref, status, type, uuid, account_id, transfer_id, custom) values('InternalTransaction', 2173, -109.75, 2370.39, '', '2010-03-08', 'FRYS FOOD & DRUG 1815 G', '201003083', false, '03/06FRYS FOOD Purcha', '', 2, 1, 'f12a506f-af60-3c80-a3c6-23e852bd0035', 229, null, false);
insert into Split (id, amount, uuid, envelope_id, transaction_id) values(2174, -109.75, 'dde05f70-9a40-376b-a88d-a034e3a9fada', 238, 2173);
insert into Transaction (DTYPE, id, amount, balance, checkNo, date, description, externalId, initialBalance, memo, ref, status, type, uuid, account_id, transfer_id, custom) values('InternalTransaction', 2175, 25.00, 3612.33, '', '2010-04-02', 'Transfer from Available', 'null', false, '', '', 2, 0, '5269d667-7242-3cf1-ae11-4357cd7324d3', 229, 3122, false);
insert into Split (id, amount, uuid, envelope_id, transaction_id) values(2176, 25.00, 'd45179ab-6418-3782-a74a-bb9e4e4ab263', 277, 2175);
insert into Transaction (DTYPE, id, amount, balance, checkNo, date, description, externalId, initialBalance, memo, ref, status, type, uuid, account_id, transfer_id, custom) values('InternalTransaction', 2179, -80.00, 2596.96, '', '2010-04-02', 'Transfer to Housekeeping', 'null', false, '', '', 2, 1, '619b200e-b0ae-3ce7-8897-fde5570d871b', 229, 1989, false);
insert into Split (id, amount, uuid, envelope_id, transaction_id) values(2180, -80.00, '12c003b5-4827-3366-a06e-10db87067591', 293, 2179);
insert into Transaction (DTYPE, id, amount, balance, checkNo, date, description, externalId, initialBalance, memo, ref, status, type, uuid, account_id, transfer_id, custom) values('InternalTransaction', 2177, 34.93, 8705.77, '', '2010-02-16', 'Transfer from Available', 'null', false, '', '', 0, 0, 'c3a50c59-853d-3f8d-bf4a-a0260db62977', 229, 1435, false);
insert into Split (id, amount, uuid, envelope_id, transaction_id) values(2178, 34.93, 'c29dace8-1dfe-3dfd-b95b-c2da625d379c', 254, 2177);
insert into Transaction (DTYPE, id, amount, balance, checkNo, date, description, externalId, initialBalance, memo, ref, status, type, uuid, account_id, transfer_id, custom) values('InternalTransaction', 2185, -75.67, 3385.65, '', '2009-11-23', 'CNS IKEA TEMPE 8315 847889', '200911233', false, '11/22CNS IKEA', '', 2, 1, '304e22b1-049e-357d-8abe-15f45898ebf8', 229, null, false);
insert into Split (id, amount, uuid, envelope_id, transaction_id) values(2186, -75.67, 'e4a60eb7-ffe9-36b2-b5cc-1c8f0853b4cc', 235, 2185);
insert into Transaction (DTYPE, id, amount, balance, checkNo, date, description, externalId, initialBalance, memo, ref, status, type, uuid, account_id, transfer_id, custom) values('InternalTransaction', 2183, 147.24, 8853.01, '', '2010-02-16', 'Transfer from Available', 'null', false, '', '', 0, 0, 'bedf0110-4a08-3a80-9ad4-72cbf6d2f746', 229, 2397, false);
insert into Split (id, amount, uuid, envelope_id, transaction_id) values(2184, 147.24, '875c3ab4-6d8d-388a-b925-5c30ba7dd24f', 271, 2183);
insert into Transaction (DTYPE, id, amount, balance, checkNo, date, description, externalId, initialBalance, memo, ref, status, type, uuid, account_id, transfer_id, custom) values('InternalTransaction', 2181, -175.00, 2900.42, '', '2010-04-16', 'Transfer to Taxes', 'null', false, '', '', 2, 1, 'b9973c4f-5ae1-3938-ac37-eb3cc504bb78', 229, 323, false);
insert into Split (id, amount, uuid, envelope_id, transaction_id) values(2182, -175.00, '687a132e-d4af-3585-86b2-aceba07b16df', 293, 2181);
insert into Transaction (DTYPE, id, amount, balance, checkNo, date, description, externalId, initialBalance, memo, ref, status, type, uuid, account_id, transfer_id, custom) values('InternalTransaction', 2189, 1725.90, 1725.90, '', '2010-03-20', 'Transfer from Available', 'null', false, '', '', 2, 0, 'e390fced-e03a-3c58-ae88-de73782c50b1', 228, 2349, false);
insert into Split (id, amount, uuid, envelope_id, transaction_id) values(2190, 1725.90, '7bb96978-022e-3a94-82ae-83ca2a7132cf', 248, 2189);
insert into Transaction (DTYPE, id, amount, balance, checkNo, date, description, externalId, initialBalance, memo, ref, status, type, uuid, account_id, transfer_id, custom) values('InternalTransaction', 2187, -8.60, 2767.69, '', '2010-02-22', 'THE HOME DEPOT 477 PHOEN252736', '201002229', false, '02/20THE HOME', '', 2, 1, '7160db7e-78df-3782-882a-0d54d24bf474', 229, null, false);
insert into Split (id, amount, uuid, envelope_id, transaction_id) values(2188, -8.60, '2c75736f-addf-30e6-87af-6aafe309647a', 239, 2187);
insert into Transaction (DTYPE, id, amount, balance, checkNo, date, description, externalId, initialBalance, memo, ref, status, type, uuid, account_id, transfer_id, custom) values('InternalTransaction', 2191, -53.04, 1695.06, '', '2010-01-11', 'FRYS FOOD & DRUG 1815 G', '201001118', false, '01/09FRYS FOOD Purcha', '', 2, 1, '41eb510f-c35b-30f5-97ce-d58d90f516df', 229, null, false);
insert into Split (id, amount, uuid, envelope_id, transaction_id) values(2192, -53.04, '74773549-350f-3957-bc8f-a1fa7cce2acc', 238, 2191);
insert into Transaction (DTYPE, id, amount, balance, checkNo, date, description, externalId, initialBalance, memo, ref, status, type, uuid, account_id, transfer_id, custom) values('InternalTransaction', 2193, -0.32, 1297.60, '', '2010-04-07', 'Transfer to Auto Fuel', 'null', false, '', '', 2, 1, 'd1919f15-fa2c-3d68-b5bc-8997d9e28b4c', 229, 1509, false);
insert into Split (id, amount, uuid, envelope_id, transaction_id) values(2194, -0.32, '466e2a89-8f69-3155-97e7-cef78983e047', 293, 2193);
insert into Transaction (DTYPE, id, amount, balance, checkNo, date, description, externalId, initialBalance, memo, ref, status, type, uuid, account_id, transfer_id, custom) values('InternalTransaction', 2195, 38.21, 1447.49, '', '2010-04-06', 'Transfer from Available', 'null', false, '', '', 2, 0, 'f68f810a-126a-3bb2-a071-00e8b65cd363', 229, 2009, false);
insert into Split (id, amount, uuid, envelope_id, transaction_id) values(2196, 38.21, '323933f8-c79d-3b3d-a2f2-927bab6e926c', 264, 2195);
insert into Transaction (DTYPE, id, amount, balance, checkNo, date, description, externalId, initialBalance, memo, ref, status, type, uuid, account_id, transfer_id, custom) values('InternalTransaction', 2201, 142.12, 1277.16, '', '2010-02-16', 'Transfer from Available', 'null', false, '', '', 0, 0, 'dd2bad69-451e-3de3-86a4-1e789435594b', 229, 379, false);
insert into Split (id, amount, uuid, envelope_id, transaction_id) values(2202, 142.12, '325e8657-a0ee-341c-a1fc-c9dc536589e6', 245, 2201);
insert into Transaction (DTYPE, id, amount, balance, checkNo, date, description, externalId, initialBalance, memo, ref, status, type, uuid, account_id, transfer_id, custom) values('InternalTransaction', 2199, -3.25, 5689.84, '', '2009-12-11', '24 HOUR FITNESS #869 CAR', '2009121111', false, '12/0924 HOUR F', '', 2, 1, 'dd2362e5-6849-354f-8a74-146943e8b941', 229, null, false);
insert into Split (id, amount, uuid, envelope_id, transaction_id) values(2200, -3.25, 'b6409193-2a2a-34e1-b645-2017086334da', 271, 2199);
insert into Transaction (DTYPE, id, amount, balance, checkNo, date, description, externalId, initialBalance, memo, ref, status, type, uuid, account_id, transfer_id, custom) values('InternalTransaction', 2197, -65.00, 3127.59, '', '2010-02-19', 'Transfer to Verizon Wireless', 'null', false, '', '', 2, 1, '7585668f-f36d-3456-9f3d-3d726f34179e', 229, 2727, false);
insert into Split (id, amount, uuid, envelope_id, transaction_id) values(2198, -65.00, 'a74061c5-485c-368b-99ab-843566ee4eac', 293, 2197);
insert into Transaction (DTYPE, id, amount, balance, checkNo, date, description, externalId, initialBalance, memo, ref, status, type, uuid, account_id, transfer_id, custom) values('InternalTransaction', 2203, 4.13, 5246.56, '', '2010-03-19', 'Transfer from Available', 'null', false, '', '', 2, 0, '6072508d-e6f0-30e8-b84e-f2f8476f7e9a', 229, 537, false);
insert into Split (id, amount, uuid, envelope_id, transaction_id) values(2204, 4.13, 'cd1fad58-3676-3c84-bf0a-ae21ec03853c', 263, 2203);
insert into Transaction (DTYPE, id, amount, balance, checkNo, date, description, externalId, initialBalance, memo, ref, status, type, uuid, account_id, transfer_id, custom) values('InternalTransaction', 2205, 80.00, 4019.13, '', '2010-04-16', 'Transfer from Available', 'null', false, '', '', 2, 0, '210a8d01-ded1-3de8-95fc-02a061ed9818', 229, 2827, false);
insert into Split (id, amount, uuid, envelope_id, transaction_id) values(2206, 80.00, '06c3a57e-08e0-3452-911d-f8a96c4d0744', 261, 2205);
insert into Transaction (DTYPE, id, amount, balance, checkNo, date, description, externalId, initialBalance, memo, ref, status, type, uuid, account_id, transfer_id, custom) values('InternalTransaction', 2207, -55.94, 0.00, '', '2010-04-23', 'Transfer to Available', 'null', false, '', '', 2, 1, '3b6fee47-339b-3d79-8365-b86b1aaf3ead', 228, 1069, false);
insert into Split (id, amount, uuid, envelope_id, transaction_id) values(2208, -55.94, 'e13f2bc2-bcef-3187-a072-3aa679ce5577', 252, 2207);
insert into Transaction (DTYPE, id, amount, balance, checkNo, date, description, externalId, initialBalance, memo, ref, status, type, uuid, account_id, transfer_id, custom) values('InternalTransaction', 2209, -21.49, 2822.49, '', '2010-02-22', 'FRYS FOOD & DRUG 1815 G 624802', '201002224', false, '02/21FRYS FOOD', '', 2, 1, 'a28c1705-8a70-3c14-bffd-86d07145c7db', 229, null, false);
insert into Split (id, amount, uuid, envelope_id, transaction_id) values(2210, -21.49, '34eb3940-a56f-3c8d-b49b-dc217c1f37bc', 238, 2209);
insert into Transaction (DTYPE, id, amount, balance, checkNo, date, description, externalId, initialBalance, memo, ref, status, type, uuid, account_id, transfer_id, custom) values('InternalTransaction', 2211, -49.00, 1428.34, '', '2009-12-18', 'MASSAGE ENVY 0011 480-83', '200912181', false, '12/16MASSAGE E', '', 2, 1, '86f5c2a0-8ec2-3066-9a3a-f1987b1bc18d', 229, null, false);
insert into Split (id, amount, uuid, envelope_id, transaction_id) values(2212, -49.00, '994a5bd1-efa1-341c-ba50-2fe6e9eebdf8', 279, 2211);
insert into Transaction (DTYPE, id, amount, balance, checkNo, date, description, externalId, initialBalance, memo, ref, status, type, uuid, account_id, transfer_id, custom) values('InternalTransaction', 2213, 15.95, 3783.90, '', '2010-02-19', 'Transfer from Available', 'null', false, '', '', 2, 0, '158304d4-c3ec-3204-9778-863773928623', 229, 2161, false);
insert into Split (id, amount, uuid, envelope_id, transaction_id) values(2214, 15.95, 'b3a12ab3-30d6-382b-9a28-c885e3b8dab2', 233, 2213);
insert into Transaction (DTYPE, id, amount, balance, checkNo, date, description, externalId, initialBalance, memo, ref, status, type, uuid, account_id, transfer_id, custom) values('InternalTransaction', 2215, -60.00, 5526.60, '256', '2009-12-11', 'Annette Trijillo', '200912113', false, '', '', 2, 1, '8e80ae45-fba4-3530-9ac7-9d11b0b7340e', 229, null, false);
insert into Split (id, amount, uuid, envelope_id, transaction_id) values(2216, -60.00, '287bfc59-cc4c-3a23-9f7b-ed2080d0de8a', 261, 2215);
insert into Transaction (DTYPE, id, amount, balance, checkNo, date, description, externalId, initialBalance, memo, ref, status, type, uuid, account_id, transfer_id, custom) values('InternalTransaction', 2219, 75.00, 1210.04, '', '2010-02-16', 'Transfer from Available', 'null', false, '', '', 0, 0, '5f1d156e-56b2-36bf-8cbc-8390dd41e3ed', 229, 677, false);
insert into Split (id, amount, uuid, envelope_id, transaction_id) values(2220, 75.00, 'd27079ab-3cff-3d11-a571-05dee62f8585', 268, 2219);
insert into Transaction (DTYPE, id, amount, balance, checkNo, date, description, externalId, initialBalance, memo, ref, status, type, uuid, account_id, transfer_id, custom) values('InternalTransaction', 2217, -53.00, 2123.49, '', '2009-11-04', 'SPROUTS FARMERS MKT # 0 580297', '200911041', false, '11/03SPROUTS F', '', 2, 1, '227237bb-366c-33a5-ae18-e0ecb5905902', 229, null, false);
insert into Split (id, amount, uuid, envelope_id, transaction_id) values(2218, -53.00, '5f935c10-db04-3b7c-92f3-59ed5921f084', 238, 2217);
insert into Transaction (DTYPE, id, amount, balance, checkNo, date, description, externalId, initialBalance, memo, ref, status, type, uuid, account_id, transfer_id, custom) values('InternalTransaction', 2221, 15.00, 1537.85, '', '2010-02-16', 'Transfer from Available', 'null', false, '', '', 0, 0, 'a04d0d28-4656-34c1-a8d6-3cf8634085df', 229, 1021, false);
insert into Split (id, amount, uuid, envelope_id, transaction_id) values(2222, 15.00, '1e299a60-0575-3a98-bef0-9dff17ba4765', 274, 2221);
insert into Transaction (DTYPE, id, amount, balance, checkNo, date, description, externalId, initialBalance, memo, ref, status, type, uuid, account_id, transfer_id, custom) values('InternalTransaction', 2223, -4.63, 4966.27, '', '2009-11-13', 'IN-N-OUT BURGERS TEMPE A', '200911135', false, '11/11IN-N-OUT', '', 2, 1, '0b23c4d0-261a-3456-aa5c-99138a3f281e', 229, null, false);
insert into Split (id, amount, uuid, envelope_id, transaction_id) values(2224, -4.63, '15614ebc-59f8-37d2-8cbf-37cceda1e7eb', 246, 2223);
insert into Transaction (DTYPE, id, amount, balance, checkNo, date, description, externalId, initialBalance, memo, ref, status, type, uuid, account_id, transfer_id, custom) values('InternalTransaction', 2227, -50.00, 1452.60, '', '2010-04-22', 'ACTINODERMATOLOGY LTD TE', '201004222', false, '04/19ACTINODER', '', 1, 1, '071bc106-4491-337e-a231-ba622485c217', 229, null, false);
insert into Split (id, amount, uuid, envelope_id, transaction_id) values(2228, -50.00, '2f888511-3b60-3828-9148-2304dba779f4', 287, 2227);
insert into Transaction (DTYPE, id, amount, balance, checkNo, date, description, externalId, initialBalance, memo, ref, status, type, uuid, account_id, transfer_id, custom) values('InternalTransaction', 2225, -300.00, 3174.51, '', '2009-12-14', 'ATM WITHDRAWAL 000307', '200912143', false, '12/12742 E GLE', '', 2, 1, '9e061614-7d66-30c7-91cf-6ca7a4b60b99', 229, null, false);
insert into Split (id, amount, uuid, envelope_id, transaction_id) values(2226, -300.00, '70df6b4c-72cb-3910-94fc-a9d9d6184ea9', 276, 2225);
insert into Transaction (DTYPE, id, amount, balance, checkNo, date, description, externalId, initialBalance, memo, ref, status, type, uuid, account_id, transfer_id, custom) values('InternalTransaction', 2231, 20.00, 20.00, '', '2010-03-13', 'Transfer from Spending', 'null', false, '', '', 2, 0, 'fd9826fd-6bef-38b4-af8c-e994a8fd3cf9', 228, 451, false);
insert into Split (id, amount, uuid, envelope_id, transaction_id) values(2232, 20.00, 'a555749e-2837-3189-907b-6cf490003561', 251, 2231);
insert into Transaction (DTYPE, id, amount, balance, checkNo, date, description, externalId, initialBalance, memo, ref, status, type, uuid, account_id, transfer_id, custom) values('InternalTransaction', 2229, -49.80, 0.00, '', '2010-03-30', 'Transfer to Credit Cards', 'null', false, '', '', 2, 1, 'a5e4f8fe-9ef2-3f40-84f7-c033ee10ede2', 228, 3160, false);
insert into Split (id, amount, uuid, envelope_id, transaction_id) values(2230, -49.80, 'c4473921-af13-384b-bd15-f1817b348de1', 293, 2229);
insert into Transaction (DTYPE, id, amount, balance, checkNo, date, description, externalId, initialBalance, memo, ref, status, type, uuid, account_id, transfer_id, custom) values('InternalTransaction', 2233, -10.98, 5109.21, '', '2010-02-19', 'Transfer to Car Wash', 'null', false, '', '', 2, 1, '7a3b9593-c29b-39fa-bb22-3ae7f65d5d7f', 229, 361, false);
insert into Split (id, amount, uuid, envelope_id, transaction_id) values(2234, -10.98, '353829b4-7e68-31ff-83c8-66f4f218ad2d', 293, 2233);
insert into Transaction (DTYPE, id, amount, balance, checkNo, date, description, externalId, initialBalance, memo, ref, status, type, uuid, account_id, transfer_id, custom) values('InternalTransaction', 2239, 63.12, 63.12, '', '2010-03-30', 'Transfer from Unassigned', 'null', false, '', '', 2, 0, '826cdd12-cfe1-325a-865f-5a238d387243', 228, 1603, false);
insert into Split (id, amount, uuid, envelope_id, transaction_id) values(2240, 63.12, 'a3512f29-069c-3b12-98c3-43880dba85de', 293, 2239);
insert into Transaction (DTYPE, id, amount, balance, checkNo, date, description, externalId, initialBalance, memo, ref, status, type, uuid, account_id, transfer_id, custom) values('InternalTransaction', 2237, -5.00, 1586.23, '', '2010-03-15', '24 HOUR FITNESS #869 CAR', '2010031512', false, '03/1224 HOUR F', '', 2, 1, 'c3fa3804-e5f9-3f84-88cf-7ce5aff74899', 229, null, false);
insert into Split (id, amount, uuid, envelope_id, transaction_id) values(2238, -5.00, '3cc236c2-08c7-35eb-a821-bdfe480f426a', 252, 2237);
insert into Transaction (DTYPE, id, amount, balance, checkNo, date, description, externalId, initialBalance, memo, ref, status, type, uuid, account_id, transfer_id, custom) values('InternalTransaction', 2235, -200.00, 3823.11, '', '2010-04-16', 'Transfer to Spending', 'null', false, '', '', 2, 1, '3d3dcc2f-4169-31c1-a04d-52e5088e0106', 229, 939, false);
insert into Split (id, amount, uuid, envelope_id, transaction_id) values(2236, -200.00, 'a7e75b80-57fa-332a-8772-9f83cbd66daa', 293, 2235);
insert into Transaction (DTYPE, id, amount, balance, checkNo, date, description, externalId, initialBalance, memo, ref, status, type, uuid, account_id, transfer_id, custom) values('InternalTransaction', 2243, -603.00, 476.96, '', '2010-04-27', 'CAMEL VW SUBARU MAZDA PH', '201004270', false, '04/23CAMEL VW', '', 1, 1, '91568614-a852-3867-bfe3-91b31872e71a', 229, null, false);
insert into Split (id, amount, uuid, envelope_id, transaction_id) values(2244, -603.00, 'bdd94976-a889-3efd-ab71-e91176366ac7', 245, 2243);
insert into Transaction (DTYPE, id, amount, balance, checkNo, date, description, externalId, initialBalance, memo, ref, status, type, uuid, account_id, transfer_id, custom) values('InternalTransaction', 2241, 0.00, 3612.33, '', '2010-04-02', 'Transfer from Available', 'null', false, '', '', 2, 1, 'f903df48-cec9-334c-8bfe-45458d303cdd', 229, 2645, false);
insert into Split (id, amount, uuid, envelope_id, transaction_id) values(2242, 0.00, '47ef596c-7179-3150-8d87-3403314c9ba1', 258, 2241);
insert into Transaction (DTYPE, id, amount, balance, checkNo, date, description, externalId, initialBalance, memo, ref, status, type, uuid, account_id, transfer_id, custom) values('InternalTransaction', 2245, 150.00, 2739.50, '', '2010-04-30', 'Transfer from Available', 'null', false, '', '', 2, 0, 'fe877b75-e83c-3bc1-bc71-b6833b138906', 229, 1107, false);
insert into Split (id, amount, uuid, envelope_id, transaction_id) values(2246, 150.00, '6cb7f5ef-43cf-3e79-bb65-fde8a886589a', 238, 2245);
insert into Transaction (DTYPE, id, amount, balance, checkNo, date, description, externalId, initialBalance, memo, ref, status, type, uuid, account_id, transfer_id, custom) values('InternalTransaction', 2247, -0.00, 2589.50, '', '2010-04-30', 'Transfer to Tivo', 'null', false, '', '', 2, 1, 'accf3bec-775d-3787-b232-a0988632279d', 229, 733, false);
insert into Split (id, amount, uuid, envelope_id, transaction_id) values(2248, -0.00, 'e065febc-e581-37d2-a738-26a038b38686', 293, 2247);
insert into Transaction (DTYPE, id, amount, balance, checkNo, date, description, externalId, initialBalance, memo, ref, status, type, uuid, account_id, transfer_id, custom) values('InternalTransaction', 2249, -5.37, 1201.77, '', '2010-03-17', 'APL*ITUNES 866-712-7753', '201003171', false, '03/17APL*ITUNE', '', 2, 1, 'a95d9bb3-8274-3055-8f6d-2b9bf10949db', 229, null, false);
insert into Split (id, amount, uuid, envelope_id, transaction_id) values(2250, -5.37, '4683851e-7e6d-3b3d-bd01-6fc83b18f50e', 252, 2249);
insert into Transaction (DTYPE, id, amount, balance, checkNo, date, description, externalId, initialBalance, memo, ref, status, type, uuid, account_id, transfer_id, custom) values('InternalTransaction', 2251, -65.00, 2589.50, '', '2010-04-30', 'Transfer to Cox Communications', 'null', false, '', '', 2, 1, '2fb28d49-9e19-3544-b332-584f35951f82', 229, 1393, false);
insert into Split (id, amount, uuid, envelope_id, transaction_id) values(2252, -65.00, '69235ed5-ccb1-3f9f-a1ee-5c8b0d057342', 293, 2251);
insert into Transaction (DTYPE, id, amount, balance, checkNo, date, description, externalId, initialBalance, memo, ref, status, type, uuid, account_id, transfer_id, custom) values('InternalTransaction', 2253, -8.95, 1792.44, '', '2010-03-11', 'BAJA FRESH 81 00000950 T', '201003113', false, '03/05BAJA FRES', '', 2, 1, '43b78343-3a0d-3866-b5ac-037e06debedf', 229, null, false);
insert into Split (id, amount, uuid, envelope_id, transaction_id) values(2254, -8.95, '837d615b-25fb-3615-913f-a609bf13a3bd', 296, 2253);
insert into Transaction (DTYPE, id, amount, balance, checkNo, date, description, externalId, initialBalance, memo, ref, status, type, uuid, account_id, transfer_id, custom) values('InternalTransaction', 2255, -40.79, 0.00, '', '2010-03-30', 'Transfer to Credit Cards', 'null', false, '', '', 2, 1, 'd81c5bf0-ceac-32ed-9f98-5a97c92c096e', 228, 3140, false);
insert into Split (id, amount, uuid, envelope_id, transaction_id) values(2256, -40.79, '14e38f6c-7be1-3563-81be-ef754fb079f9', 273, 2255);
insert into Transaction (DTYPE, id, amount, balance, checkNo, date, description, externalId, initialBalance, memo, ref, status, type, uuid, account_id, transfer_id, custom) values('InternalTransaction', 2259, -18.53, 650.05, '', '2010-04-16', 'Transfer to Groceries', 'null', false, '', '', 2, 1, '1b542185-b917-319b-84aa-fe65f81a3c2b', 229, 1267, false);
insert into Split (id, amount, uuid, envelope_id, transaction_id) values(2260, -18.53, '534a4834-3739-370a-b748-2772753de8a4', 293, 2259);
insert into Transaction (DTYPE, id, amount, balance, checkNo, date, description, externalId, initialBalance, memo, ref, status, type, uuid, account_id, transfer_id, custom) values('InternalTransaction', 2257, -15.78, 1594.88, '', '2010-01-12', 'EBAYS HALF.COM 800-545-9', '201001122', false, '01/11EBAYS HAL', '', 2, 1, '99562fa9-3214-320e-a0bf-99e852a38af6', 229, null, false);
insert into Split (id, amount, uuid, envelope_id, transaction_id) values(2258, -15.78, 'd051dd27-aaac-34a2-a22c-138ca32b97b0', 280, 2257);
insert into Transaction (DTYPE, id, amount, balance, checkNo, date, description, externalId, initialBalance, memo, ref, status, type, uuid, account_id, transfer_id, custom) values('InternalTransaction', 2261, -5.30, 1574.58, '', '2010-01-12', 'COLDSTN CREAM #41 PHOENI', '201001124', false, '01/10COLDSTN C', '', 2, 1, '7faf6cec-eab0-39ce-b7bf-b47aee57a86c', 229, null, false);
insert into Split (id, amount, uuid, envelope_id, transaction_id) values(2262, -5.30, '915accb9-3d5d-3525-9df4-1f2c36bd51c6', 296, 2261);
insert into Transaction (DTYPE, id, amount, balance, checkNo, date, description, externalId, initialBalance, memo, ref, status, type, uuid, account_id, transfer_id, custom) values('InternalTransaction', 2265, -41.16, 3932.06, '', '2010-03-23', 'CIRCLE K 01618 PHOENIX A065491', '201003231', false, '03/22CIRCLE K', '', 2, 1, 'afe64622-5cd7-3048-b05c-d20267c2a80b', 229, null, false);
insert into Split (id, amount, uuid, envelope_id, transaction_id) values(2266, -41.16, '3839a517-be03-3734-ac61-ae67edf46fd6', 253, 2265);
insert into Transaction (DTYPE, id, amount, balance, checkNo, date, description, externalId, initialBalance, memo, ref, status, type, uuid, account_id, transfer_id, custom) values('InternalTransaction', 2263, -7.51, 4351.95, '', '2010-03-29', 'QUICK MART TEMPE AZ 605793', '2010032910', false, '03/27QUICK MAR', '', 2, 1, '9a8a6ab0-0c25-3aa7-942d-16c860c0d32c', 229, null, false);
insert into Split (id, amount, uuid, envelope_id, transaction_id) values(2264, -7.51, 'a5c27975-a9ff-3446-8545-77a0c972a1a0', 252, 2263);
insert into Transaction (DTYPE, id, amount, balance, checkNo, date, description, externalId, initialBalance, memo, ref, status, type, uuid, account_id, transfer_id, custom) values('InternalTransaction', 2267, 180.25, 9654.57, '', '2010-02-16', 'Transfer from Available', 'null', false, '', '', 0, 0, '485b77d0-65bd-3dbf-b318-5d4418ad31e2', 229, 485, false);
insert into Split (id, amount, uuid, envelope_id, transaction_id) values(2268, 180.25, 'bbac2160-ec88-3a9c-bb40-9f13c918a54f', 285, 2267);
insert into Transaction (DTYPE, id, amount, balance, checkNo, date, description, externalId, initialBalance, memo, ref, status, type, uuid, account_id, transfer_id, custom) values('InternalTransaction', 2269, -160.00, 0.00, '', '2010-03-05', 'Transfer to Household', 'null', false, '', '', 2, 1, '1fe13810-b355-3a00-b2b3-e0965046c3bf', 228, 3012, false);
insert into Split (id, amount, uuid, envelope_id, transaction_id) values(2270, -160.00, '2cdf9d5a-7d3b-36e0-86ec-aea116c3b691', 293, 2269);
insert into Transaction (DTYPE, id, amount, balance, checkNo, date, description, externalId, initialBalance, memo, ref, status, type, uuid, account_id, transfer_id, custom) values('InternalTransaction', 2271, -35.00, 1660.06, '', '2010-01-11', 'JOSEPH SCOTT SALON LLC P095901', '201001119', false, '01/08JOSEPH SC', '', 2, 1, 'bc629156-d731-386c-a117-efc0ab075e2a', 229, null, false);
insert into Split (id, amount, uuid, envelope_id, transaction_id) values(2272, -35.00, '63bc0a33-21eb-3993-8259-6c4e43e74a1b', 260, 2271);
insert into Transaction (DTYPE, id, amount, balance, checkNo, date, description, externalId, initialBalance, memo, ref, status, type, uuid, account_id, transfer_id, custom) values('InternalTransaction', 2277, -5.67, 2238.20, '', '2010-03-01', 'CARLS JR 829 Q53 TEMPE A', '201003015', false, '02/25CARLS JR', '', 2, 1, '43180995-ddf6-35fc-808c-fd16784bc9d4', 229, null, false);
insert into Split (id, amount, uuid, envelope_id, transaction_id) values(2278, -5.67, '8ce2d50b-24ef-3512-879b-002ccbdff62b', 246, 2277);
insert into Transaction (DTYPE, id, amount, balance, checkNo, date, description, externalId, initialBalance, memo, ref, status, type, uuid, account_id, transfer_id, custom) values('InternalTransaction', 2275, -21.00, 3115.54, '', '2009-11-25', 'MOVIETICKETS COM 888-440', '200911252', false, '11/24MOVIETICK', '', 2, 1, 'f028864f-07fc-300c-9c86-08875afa02bf', 229, null, false);
insert into Split (id, amount, uuid, envelope_id, transaction_id) values(2276, -21.00, 'd7e0743f-68ae-3bfd-a466-db1c67df47e9', 285, 2275);
insert into Transaction (DTYPE, id, amount, balance, checkNo, date, description, externalId, initialBalance, memo, ref, status, type, uuid, account_id, transfer_id, custom) values('InternalTransaction', 2273, -4.84, 0.00, '', '2010-03-20', 'Transfer to Fast Food', 'null', false, '', '', 2, 1, 'f6ff7667-fe1e-350b-93fb-eddb3feb9467', 228, 443, false);
insert into Split (id, amount, uuid, envelope_id, transaction_id) values(2274, -4.84, 'e3406998-9a27-347e-bbfe-a4193926f2b2', 293, 2273);
insert into Transaction (DTYPE, id, amount, balance, checkNo, date, description, externalId, initialBalance, memo, ref, status, type, uuid, account_id, transfer_id, custom) values('InternalTransaction', 2281, 13.99, 4363.83, '', '2010-03-05', 'Transfer from Available', 'null', false, '', '', 2, 0, 'f8fe7cbd-2831-3905-a7e1-d0bf917be492', 229, 1189, false);
insert into Split (id, amount, uuid, envelope_id, transaction_id) values(2282, 13.99, '0eddcf11-b008-3024-8bf8-5ac953d12c83', 266, 2281);
insert into Transaction (DTYPE, id, amount, balance, checkNo, date, description, externalId, initialBalance, memo, ref, status, type, uuid, account_id, transfer_id, custom) values('InternalTransaction', 2279, -1.25, 5080.20, '', '2010-02-16', 'Transfer to Coffee', 'null', false, '', '', 0, 1, '7f78d6f4-6a14-34dd-bcf2-e1b7d14671e3', 229, 453, false);
insert into Split (id, amount, uuid, envelope_id, transaction_id) values(2280, -1.25, '8f432c47-0bd9-38e7-a38b-35e75e7dc11e', 293, 2279);
insert into Transaction (DTYPE, id, amount, balance, checkNo, date, description, externalId, initialBalance, memo, ref, status, type, uuid, account_id, transfer_id, custom) values('InternalTransaction', 2283, -6.55, 2321.04, '', '2010-02-24', 'TACO BELL #21245 TEMPE A', '201002240', false, '02/22TACO BELL', '', 2, 1, '02049739-cbe4-3a75-b372-8231db8e00ba', 229, null, false);
insert into Split (id, amount, uuid, envelope_id, transaction_id) values(2284, -6.55, '50692780-65ad-34e5-9e3f-4099d036b72d', 246, 2283);
insert into Transaction (DTYPE, id, amount, balance, checkNo, date, description, externalId, initialBalance, memo, ref, status, type, uuid, account_id, transfer_id, custom) values('InternalTransaction', 2287, 46.30, 884.68, '', '2010-03-03', 'U-HAUL GRAND AVE PHOENIX', '201003031', false, '03/01U-HAUL GR', '', 2, 0, '0881f636-fd88-3483-88f7-ee16b110fc40', 229, null, false);
insert into Split (id, amount, uuid, envelope_id, transaction_id) values(2288, 46.30, 'c5bed15e-b65e-3142-848f-7693d3ba6546', 293, 2287);
insert into Transaction (DTYPE, id, amount, balance, checkNo, date, description, externalId, initialBalance, memo, ref, status, type, uuid, account_id, transfer_id, custom) values('InternalTransaction', 2285, -20.00, 1285.97, '', '2010-01-21', 'CIRCLE K 01346 TEMPE AZ 110656', '201001210', false, '01/20CIRCLE K', '', 2, 1, '810cf112-c090-316d-8400-5739edd1357c', 229, null, false);
insert into Split (id, amount, uuid, envelope_id, transaction_id) values(2286, -20.00, '83d86174-d78d-3c52-b007-6804174e687c', 252, 2285);
insert into Transaction (DTYPE, id, amount, balance, checkNo, date, description, externalId, initialBalance, memo, ref, status, type, uuid, account_id, transfer_id, custom) values('InternalTransaction', 2289, -7.19, 3485.28, '', '2009-12-14', 'QDOBA 428 11404282 P', '2009121425', false, '12/12QDOBA 428', '', 2, 1, 'feff83a0-1eac-3cf3-abe4-66985052e5e1', 229, null, false);
insert into Split (id, amount, uuid, envelope_id, transaction_id) values(2290, -7.19, '20e80b4b-fb13-38f8-9d03-59e98de7b936', 296, 2289);
insert into Transaction (DTYPE, id, amount, balance, checkNo, date, description, externalId, initialBalance, memo, ref, status, type, uuid, account_id, transfer_id, custom) values('InternalTransaction', 2291, -5.61, 2972.92, '', '2010-01-25', 'BURGER KING #10259 TEMPE', '2010012513', false, '01/22BURGER KI', '', 2, 1, '5ed7fc19-fff0-3995-97c5-3696782ee3de', 229, null, false);
insert into Split (id, amount, uuid, envelope_id, transaction_id) values(2292, -5.61, '44aa2b61-8213-3a89-86f4-45b9d6c9841b', 246, 2291);
insert into Transaction (DTYPE, id, amount, balance, checkNo, date, description, externalId, initialBalance, memo, ref, status, type, uuid, account_id, transfer_id, custom) values('InternalTransaction', 2293, -22.00, 341.29, '', '2010-04-28', 'NON-CHASE ATM WITHDRAW 404557', '201004281', false, '04/28202 E UNI', '', 1, 1, '8bd0e552-7b34-3ace-a3e4-b4dfcf115feb', 229, null, false);
insert into Split (id, amount, uuid, envelope_id, transaction_id) values(2294, -22.00, '99b3b38a-6a6d-3b99-be14-cc62a9881e99', 252, 2293);
insert into Transaction (DTYPE, id, amount, balance, checkNo, date, description, externalId, initialBalance, memo, ref, status, type, uuid, account_id, transfer_id, custom) values('InternalTransaction', 2295, 80.00, 5326.56, '', '2010-03-19', 'Transfer from Available', 'null', false, '', '', 2, 0, '194ad438-9a7c-3624-a82e-f0bf4bf7e992', 229, 2741, false);
insert into Split (id, amount, uuid, envelope_id, transaction_id) values(2296, 80.00, '7e0ec7a2-ff17-369e-aaf7-78bd81fb82d8', 261, 2295);
insert into Transaction (DTYPE, id, amount, balance, checkNo, date, description, externalId, initialBalance, memo, ref, status, type, uuid, account_id, transfer_id, custom) values('InternalTransaction', 2299, 150.00, 5476.56, '', '2010-03-19', 'Transfer from Available', 'null', false, '', '', 2, 0, '34d8811c-776d-36e6-a0de-b812a672d96a', 229, 1655, false);
insert into Split (id, amount, uuid, envelope_id, transaction_id) values(2300, 150.00, '9ca7cf12-01c6-3482-a687-8d444d35eaae', 238, 2299);
insert into Transaction (DTYPE, id, amount, balance, checkNo, date, description, externalId, initialBalance, memo, ref, status, type, uuid, account_id, transfer_id, custom) values('InternalTransaction', 2297, -191.20, 3250.51, '', '2010-03-30', 'JUNIPER', '201003312', false, '', '', 2, 1, 'f3f38e67-328c-3ffb-bfd2-3d5fdacda6df', 229, null, false);
insert into Split (id, amount, uuid, envelope_id, transaction_id) values(2298, -191.20, 'f5bb352f-af87-33fc-ab99-3d53c036d7a1', 242, 2297);
insert into Transaction (DTYPE, id, amount, balance, checkNo, date, description, externalId, initialBalance, memo, ref, status, type, uuid, account_id, transfer_id, custom) values('InternalTransaction', 2301, -4.13, 3900.77, '', '2010-02-19', 'Transfer to Me.com', 'null', false, '', '', 2, 1, '918d131d-aea6-3c34-9585-33881f9a2007', 229, 791, false);
insert into Split (id, amount, uuid, envelope_id, transaction_id) values(2302, -4.13, '5e135d99-a88f-37a2-afba-61b4ba0fca63', 293, 2301);
insert into Transaction (DTYPE, id, amount, balance, checkNo, date, description, externalId, initialBalance, memo, ref, status, type, uuid, account_id, transfer_id, custom) values('InternalTransaction', 2305, -52.99, 1463.19, '', '2010-01-15', 'WALGREENS #6400 PHOENIX', '201001150', false, '01/14WALGREENS', '', 2, 1, 'f0dc1a31-cab2-3c2f-b001-ceb3ca1887a3', 229, null, false);
insert into Split (id, amount, uuid, envelope_id, transaction_id) values(2306, -52.99, '0567dfc2-878e-35a4-993d-4bf03e282295', 277, 2305);
insert into Transaction (DTYPE, id, amount, balance, checkNo, date, description, externalId, initialBalance, memo, ref, status, type, uuid, account_id, transfer_id, custom) values('InternalTransaction', 2303, -29.99, 1777.67, '', '2009-11-06', '24HR FITNESS DUES 800-43', '200911063', false, '11/0524HR FITN', '', 2, 1, 'e46f3575-45b4-36fe-9314-5027c0d7a8dd', 229, null, false);
insert into Split (id, amount, uuid, envelope_id, transaction_id) values(2304, -29.99, '053c93cc-6494-35e7-a1a1-837e003fb19f', 271, 2303);
insert into Transaction (DTYPE, id, amount, balance, checkNo, date, description, externalId, initialBalance, memo, ref, status, type, uuid, account_id, transfer_id, custom) values('InternalTransaction', 2307, -10.05, 989.66, '', '2010-03-03', 'Transfer to Eating Out', 'null', false, '', '', 2, 1, 'fdff4bb7-1ea8-3132-923e-0ca6ba2f7d4c', 229, 1029, false);
insert into Split (id, amount, uuid, envelope_id, transaction_id) values(2308, -10.05, '80a15651-450e-3de3-b0f1-8eb6044ab32a', 293, 2307);
insert into Transaction (DTYPE, id, amount, balance, checkNo, date, description, externalId, initialBalance, memo, ref, status, type, uuid, account_id, transfer_id, custom) values('InternalTransaction', 2311, 0.00, 3612.33, '', '2010-04-02', 'Transfer from Available', 'null', false, '', '', 2, 1, '60716581-fda0-3e3e-9691-1010126d6ebe', 229, 1517, false);
insert into Split (id, amount, uuid, envelope_id, transaction_id) values(2312, 0.00, '8c196e5e-25ec-379a-b5eb-6bf0d3b7a27f', 287, 2311);
insert into Transaction (DTYPE, id, amount, balance, checkNo, date, description, externalId, initialBalance, memo, ref, status, type, uuid, account_id, transfer_id, custom) values('InternalTransaction', 2309, 80.00, 2669.50, '', '2010-04-30', 'Transfer from Available', 'null', false, '', '', 2, 0, 'c189d1ef-2a12-30b8-9d25-43b009e8b535', 229, 2966, false);
insert into Split (id, amount, uuid, envelope_id, transaction_id) values(2310, 80.00, 'b16f31e2-3a83-3ccb-bebe-5a656105a42a', 253, 2309);
insert into Transaction (DTYPE, id, amount, balance, checkNo, date, description, externalId, initialBalance, memo, ref, status, type, uuid, account_id, transfer_id, custom) values('InternalTransaction', 2313, -7.03, 4970.90, '', '2009-11-13', 'ROSITA''S TEMPE TEMPE AZ', '200911134', false, '11/12ROSITA''S', '', 2, 1, 'ebf2da2e-f69e-394a-9045-dc1db2a847cb', 229, null, false);
insert into Split (id, amount, uuid, envelope_id, transaction_id) values(2314, -7.03, '5c30ae42-369f-3270-85d7-53131ab06001', 296, 2313);
insert into Transaction (DTYPE, id, amount, balance, checkNo, date, description, externalId, initialBalance, memo, ref, status, type, uuid, account_id, transfer_id, custom) values('InternalTransaction', 2317, -60.00, 4541.58, '', '2010-03-23', 'Transfer to ATM Withdrawls', 'null', false, '', '', 2, 1, '17b36bc7-e496-340f-a97f-b4074b1a552e', 229, 1255, false);
insert into Split (id, amount, uuid, envelope_id, transaction_id) values(2318, -60.00, '872fc41f-9889-3419-938e-0ad877f7b758', 293, 2317);
insert into Transaction (DTYPE, id, amount, balance, checkNo, date, description, externalId, initialBalance, memo, ref, status, type, uuid, account_id, transfer_id, custom) values('InternalTransaction', 2315, 75.00, 10045.82, '', '2010-02-16', 'Transfer from Available', 'null', false, '', '', 0, 0, '55d5e1bb-b15c-3405-b326-03c05af147b3', 229, 2864, false);
insert into Split (id, amount, uuid, envelope_id, transaction_id) values(2316, 75.00, '8f7bbd3c-8e88-304a-abee-8be8e36a0f25', 247, 2315);
insert into Transaction (DTYPE, id, amount, balance, checkNo, date, description, externalId, initialBalance, memo, ref, status, type, uuid, account_id, transfer_id, custom) values('InternalTransaction', 2319, 13.37, 404.07, '', '2010-04-29', 'Transfer from Available', 'null', false, '', '', 2, 0, '5d28cba5-0143-387b-a34c-ff2a4af17983', 229, 2005, false);
insert into Split (id, amount, uuid, envelope_id, transaction_id) values(2320, 13.37, 'fc5980cd-4218-3e5e-8be2-1df7a8d31dfc', 270, 2319);
insert into Transaction (DTYPE, id, amount, balance, checkNo, date, description, externalId, initialBalance, memo, ref, status, type, uuid, account_id, transfer_id, custom) values('InternalTransaction', 2321, 247.41, 10293.23, '', '2010-02-16', 'Transfer from Available', 'null', false, '', '', 0, 0, '7d87a50f-5fc9-30e1-a95a-bd4c37ca2ff1', 229, 431, false);
insert into Split (id, amount, uuid, envelope_id, transaction_id) values(2322, 247.41, '82599af7-cd4f-3ef2-8341-ed5afce5819d', 287, 2321);
insert into Transaction (DTYPE, id, amount, balance, checkNo, date, description, externalId, initialBalance, memo, ref, status, type, uuid, account_id, transfer_id, custom) values('InternalTransaction', 2323, -65.73, 293.20, '', '2010-04-29', 'Transfer to Unassigned', 'null', false, '', '', 2, 1, '7b688e55-2cd9-36a6-900a-d1d4c3f02c6c', 229, 1609, false);
insert into Split (id, amount, uuid, envelope_id, transaction_id) values(2324, -65.73, 'c3d99deb-f04e-305a-89ea-aa8eb5a695b1', 293, 2323);
insert into Transaction (DTYPE, id, amount, balance, checkNo, date, description, externalId, initialBalance, memo, ref, status, type, uuid, account_id, transfer_id, custom) values('InternalTransaction', 2327, -8.95, 4399.43, '', '2009-11-30', 'NNT CARNECERIA EL M2602 321217', '2009113015', false, '11/28NNT CARNE', '', 2, 1, 'eb2771d1-d76d-3e48-b0f1-575e26dbd785', 229, null, false);
insert into Split (id, amount, uuid, envelope_id, transaction_id) values(2328, -8.95, '53083776-13d2-350b-bffb-12cb65e04434', 252, 2327);
insert into Transaction (DTYPE, id, amount, balance, checkNo, date, description, externalId, initialBalance, memo, ref, status, type, uuid, account_id, transfer_id, custom) values('InternalTransaction', 2325, -240.57, 5570.38, '', '2010-03-05', 'Transfer to Credit Cards', 'null', false, '', '', 2, 1, '986ca6c0-9cca-37d1-8e3d-c26fb24528f6', 229, 507, false);
insert into Split (id, amount, uuid, envelope_id, transaction_id) values(2326, -240.57, 'd9952f83-7ddc-3701-88d2-98e33ea52e34', 293, 2325);
insert into Transaction (DTYPE, id, amount, balance, checkNo, date, description, externalId, initialBalance, memo, ref, status, type, uuid, account_id, transfer_id, custom) values('InternalTransaction', 2331, 17.50, 17.50, '', '2010-03-30', 'Transfer from 24 Hour Fitness', 'null', false, '', '', 2, 0, 'b479ea0a-c8b9-3c20-ba3e-f25df34c2000', 228, 3010, false);
insert into Split (id, amount, uuid, envelope_id, transaction_id) values(2332, 17.50, '57c95fee-2dea-39ed-bdf2-f656076b105b', 242, 2331);
insert into Transaction (DTYPE, id, amount, balance, checkNo, date, description, externalId, initialBalance, memo, ref, status, type, uuid, account_id, transfer_id, custom) values('InternalTransaction', 2329, 4.97, 5481.53, '', '2010-03-19', 'Transfer from Available', 'null', false, '', '', 2, 0, '9b9aa5d9-2fcd-3c30-ae02-0ba584aed8d8', 229, 703, false);
insert into Split (id, amount, uuid, envelope_id, transaction_id) values(2330, 4.97, '46e11020-5254-3986-88b2-2e8513bb2d90', 232, 2329);
insert into Transaction (DTYPE, id, amount, balance, checkNo, date, description, externalId, initialBalance, memo, ref, status, type, uuid, account_id, transfer_id, custom) values('InternalTransaction', 2333, -14.99, 1226.50, '', '2009-12-23', 'LOWE''S #1850 SCOTTSDALE 983889', '200912232', false, '12/22LOWE''S #1', '', 2, 1, '35ef000f-12a6-3e8d-9ba0-c39953891305', 229, null, false);
insert into Split (id, amount, uuid, envelope_id, transaction_id) values(2334, -14.99, 'a53d5c09-d892-3bec-a97f-500e438ff5e2', 239, 2333);
insert into Transaction (DTYPE, id, amount, balance, checkNo, date, description, externalId, initialBalance, memo, ref, status, type, uuid, account_id, transfer_id, custom) values('InternalTransaction', 2337, -4.13, 2592.83, '', '2010-04-02', 'Transfer to Me.com', 'null', false, '', '', 2, 1, '2b714661-c5ba-3da3-be50-bb5c48f43d97', 229, 2407, false);
insert into Split (id, amount, uuid, envelope_id, transaction_id) values(2338, -4.13, 'aa4bc63a-2d2b-3871-a0bb-cce43701783e', 293, 2337);
insert into Transaction (DTYPE, id, amount, balance, checkNo, date, description, externalId, initialBalance, memo, ref, status, type, uuid, account_id, transfer_id, custom) values('InternalTransaction', 2335, -120.00, 5135.96, '', '2010-02-19', 'Transfer to Auto Fuel', 'null', false, '', '', 2, 1, '3ee8facd-c507-3537-aff3-bcaa68bb3f86', 229, 2423, false);
insert into Split (id, amount, uuid, envelope_id, transaction_id) values(2336, -120.00, '103054ae-6ee8-3219-b892-af0bd74360fd', 293, 2335);
insert into Transaction (DTYPE, id, amount, balance, checkNo, date, description, externalId, initialBalance, memo, ref, status, type, uuid, account_id, transfer_id, custom) values('InternalTransaction', 2339, 65.00, 4084.13, '', '2010-04-16', 'Transfer from Available', 'null', false, '', '', 2, 0, '39546816-ed72-3c24-a70c-8cd019b455e1', 229, 3090, false);
insert into Split (id, amount, uuid, envelope_id, transaction_id) values(2340, 65.00, '1f027979-a9d5-31cd-a180-c7c0b2069b18', 236, 2339);
insert into Transaction (DTYPE, id, amount, balance, checkNo, date, description, externalId, initialBalance, memo, ref, status, type, uuid, account_id, transfer_id, custom) values('InternalTransaction', 2341, -13.21, null, '', '2010-04-02', 'S B C AT THE FARM K PHOE', '201004022', false, '03/31S B C AT', '', 2, 1, '986b671a-cc51-388d-b787-a30a5d552e07', 229, null, false);
insert into Split (id, amount, uuid, envelope_id, transaction_id) values(2342, -13.21, 'f254b734-972d-37dd-940b-f5923a0aae69', 296, 2341);
insert into Transaction (DTYPE, id, amount, balance, checkNo, date, description, externalId, initialBalance, memo, ref, status, type, uuid, account_id, transfer_id, custom) values('InternalTransaction', 2343, 20.00, 839.74, '', '2010-04-13', 'Transfer from Available', 'null', false, '', '', 2, 0, 'fd5f47d1-c48f-3abd-8968-f40b852454ed', 229, 2101, false);
insert into Split (id, amount, uuid, envelope_id, transaction_id) values(2344, 20.00, '2a679d52-8f3a-3dfb-952a-0dfec0dd0829', 260, 2343);
insert into Transaction (DTYPE, id, amount, balance, checkNo, date, description, externalId, initialBalance, memo, ref, status, type, uuid, account_id, transfer_id, custom) values('InternalTransaction', 2347, 2157.42, 6018.21, '', '2009-12-11', 'DIFFUSION GROUP PAYROLL', '200912110', false, 'PPD ID: 1860988050', '', 2, 0, '0156a137-5d2b-3e1d-9d2c-d2baee5cbd0f', 229, null, false);
insert into Split (id, amount, uuid, envelope_id, transaction_id) values(2348, 2157.42, '3e82a3cc-4b48-3da6-a45a-77153f7fb9e1', 293, 2347);
insert into Transaction (DTYPE, id, amount, balance, checkNo, date, description, externalId, initialBalance, memo, ref, status, type, uuid, account_id, transfer_id, custom) values('InternalTransaction', 2345, 49.00, 1184.04, '', '2010-02-16', 'Transfer from Available', 'null', false, '', '', 0, 0, '776395fd-5166-3c9f-983c-3ae0cc8a13e7', 229, 3100, false);
insert into Split (id, amount, uuid, envelope_id, transaction_id) values(2346, 49.00, '790796c5-8786-329e-b6f4-6dd4834e7f2e', 279, 2345);
insert into Transaction (DTYPE, id, amount, balance, checkNo, date, description, externalId, initialBalance, memo, ref, status, type, uuid, account_id, transfer_id, custom) values('InternalTransaction', 2349, -1725.90, 0.00, '', '2010-03-20', 'Transfer to Moving', 'null', false, '', '', 2, 1, '4b1e6f1e-9550-329d-a994-6c96c0ddf46c', 228, 2189, false);
insert into Split (id, amount, uuid, envelope_id, transaction_id) values(2350, -1725.90, 'f37612de-9ca1-350c-8c18-fcba4e5afd6c', 293, 2349);
insert into Transaction (DTYPE, id, amount, balance, checkNo, date, description, externalId, initialBalance, memo, ref, status, type, uuid, account_id, transfer_id, custom) values('InternalTransaction', 2351, 24.50, 5506.03, '', '2010-03-19', 'Transfer from Available', 'null', false, '', '', 2, 0, '3fa0a5ac-1b8d-3188-9690-09e3ed536e06', 229, 1047, false);
insert into Split (id, amount, uuid, envelope_id, transaction_id) values(2352, 24.50, '3bfd3d25-ff8d-3329-ae77-a411b89e6d0c', 279, 2351);
insert into Transaction (DTYPE, id, amount, balance, checkNo, date, description, externalId, initialBalance, memo, ref, status, type, uuid, account_id, transfer_id, custom) values('InternalTransaction', 2353, -4.89, 821.75, '', '2010-04-13', 'Transfer to Fast Food', 'null', false, '', '', 2, 1, 'b8a7e27a-88f2-3323-a98d-b1d2a0a73889', 229, 1371, false);
insert into Split (id, amount, uuid, envelope_id, transaction_id) values(2354, -4.89, '41507fde-17a4-3934-aa1a-5b883aba9cdb', 293, 2353);
insert into Transaction (DTYPE, id, amount, balance, checkNo, date, description, externalId, initialBalance, memo, ref, status, type, uuid, account_id, transfer_id, custom) values('InternalTransaction', 2357, -0.00, 2851.96, '', '2010-04-02', 'Transfer to GMAC Mortgage', 'null', false, '', '', 2, 1, '7bbb0fc3-af41-3199-a508-ca33fb571351', 229, 1733, false);
insert into Split (id, amount, uuid, envelope_id, transaction_id) values(2358, -0.00, 'bf8060c1-c1f9-3649-965c-bbdae80bebba', 293, 2357);
insert into Transaction (DTYPE, id, amount, balance, checkNo, date, description, externalId, initialBalance, memo, ref, status, type, uuid, account_id, transfer_id, custom) values('InternalTransaction', 2355, -4.98, 1135.04, '', '2010-02-16', 'Transfer to Chase Bank', 'null', false, '', '', 0, 1, 'd0503b96-6d02-3839-8f59-42364a8f53a8', 229, 1891, false);
insert into Split (id, amount, uuid, envelope_id, transaction_id) values(2356, -4.98, 'bd0f06db-eea5-33de-8300-5aeaf95317f7', 293, 2355);
insert into Transaction (DTYPE, id, amount, balance, checkNo, date, description, externalId, initialBalance, memo, ref, status, type, uuid, account_id, transfer_id, custom) values('InternalTransaction', 2359, -175.00, 4099.65, '', '2010-03-05', 'Transfer to Taxes', 'null', false, '', '', 2, 1, 'b391f9c3-3d1d-3219-87e1-beaa990091b7', 229, 2843, false);
insert into Split (id, amount, uuid, envelope_id, transaction_id) values(2360, -175.00, 'f8a51e9d-bbb6-319c-b841-4e220be33cb9', 293, 2359);
insert into Transaction (DTYPE, id, amount, balance, checkNo, date, description, externalId, initialBalance, memo, ref, status, type, uuid, account_id, transfer_id, custom) values('InternalTransaction', 2361, -65.00, 1135.04, '', '2010-02-16', 'Transfer to Verizon Wireless', 'null', false, '', '', 0, 1, '65afb02f-ebc3-32d6-ab65-7b7daeac2275', 229, 1289, false);
insert into Split (id, amount, uuid, envelope_id, transaction_id) values(2362, -65.00, '4c284961-30c6-32e6-89eb-6552039dd201', 293, 2361);
insert into Transaction (DTYPE, id, amount, balance, checkNo, date, description, externalId, initialBalance, memo, ref, status, type, uuid, account_id, transfer_id, custom) values('InternalTransaction', 2367, -14.95, 0.00, '', '2010-03-17', 'Transfer to Directv', 'null', false, '', '', 2, 1, '24f16d3c-869a-3348-a9a5-206c4cf49c2d', 228, 593, false);
insert into Split (id, amount, uuid, envelope_id, transaction_id) values(2368, -14.95, '34a4a6f7-e0ef-39c3-bff8-caa389f53a22', 293, 2367);
insert into Transaction (DTYPE, id, amount, balance, checkNo, date, description, externalId, initialBalance, memo, ref, status, type, uuid, account_id, transfer_id, custom) values('InternalTransaction', 2365, -1.00, 2896.93, '', '2009-12-03', 'FRYS FOOD & DRUG 1815 G 921107', '200912036', false, '12/02FRYS FOOD', '', 2, 1, 'cd657ac0-9259-3b6b-b2ef-803092ae77db', 229, null, false);
insert into Split (id, amount, uuid, envelope_id, transaction_id) values(2366, -1.00, '18d550c3-a112-39f8-8783-8e0a9b78404a', 238, 2365);
insert into Transaction (DTYPE, id, amount, balance, checkNo, date, description, externalId, initialBalance, memo, ref, status, type, uuid, account_id, transfer_id, custom) values('InternalTransaction', 2363, -492.22, 1135.04, '', '2010-02-16', 'Transfer to Personal Care', 'null', false, '', '', 0, 1, '2943127c-e781-3414-b88c-f3084dee3408', 229, 647, false);
insert into Split (id, amount, uuid, envelope_id, transaction_id) values(2364, -492.22, 'f5e7955c-01c4-3b5f-a5cb-19783d249741', 293, 2363);
insert into Transaction (DTYPE, id, amount, balance, checkNo, date, description, externalId, initialBalance, memo, ref, status, type, uuid, account_id, transfer_id, custom) values('InternalTransaction', 2369, 9.74, 1144.78, '', '2010-02-16', 'Transfer from Available', 'null', false, '', '', 0, 0, 'a702e36a-399a-324b-8fb6-487678401509', 229, 1139, false);
insert into Split (id, amount, uuid, envelope_id, transaction_id) values(2370, 9.74, '0e3c7e03-ce4d-3421-84e2-7a839dc81001', 277, 2369);
insert into Transaction (DTYPE, id, amount, balance, checkNo, date, description, externalId, initialBalance, memo, ref, status, type, uuid, account_id, transfer_id, custom) values('InternalTransaction', 2371, -9.94, 1553.52, '', '2010-04-21', 'CVSPHARMACY #9205 Q03 T', '201004210', false, '04/19CVSPHARMA', '', 2, 1, 'c101f094-b928-349b-bde3-ce5662c51e0e', 229, null, false);
insert into Split (id, amount, uuid, envelope_id, transaction_id) values(2372, -9.94, '6b8c0bfe-bb1f-31d2-bc2b-d54aa4bb8606', 287, 2371);
insert into Transaction (DTYPE, id, amount, balance, checkNo, date, description, externalId, initialBalance, memo, ref, status, type, uuid, account_id, transfer_id, custom) values('InternalTransaction', 2373, 84.20, 5590.23, '', '2010-03-19', 'Transfer from Available', 'null', false, '', '', 2, 0, '3c7f2c9d-e839-3bc5-b427-92e7ae6e9950', 229, 1489, false);
insert into Split (id, amount, uuid, envelope_id, transaction_id) values(2374, 84.20, 'c6123be6-1a10-317d-b065-073ca7461b69', 291, 2373);
insert into Transaction (DTYPE, id, amount, balance, checkNo, date, description, externalId, initialBalance, memo, ref, status, type, uuid, account_id, transfer_id, custom) values('InternalTransaction', 2375, -20.57, 686.17, '', '2010-03-02', 'PETCO ANIMAL SUPPLIES PH193625', '201003026', false, '03/01PETCO ANI', '', 2, 1, '5f630c6e-00e5-32e7-b2dd-58e1390a9ca6', 229, null, false);
insert into Split (id, amount, uuid, envelope_id, transaction_id) values(2376, -20.57, '05d16ebd-c0a2-3d70-8df6-d395c79126a7', 244, 2375);
insert into Transaction (DTYPE, id, amount, balance, checkNo, date, description, externalId, initialBalance, memo, ref, status, type, uuid, account_id, transfer_id, custom) values('InternalTransaction', 2377, 12.00, 969.70, '', '2010-03-03', 'Transfer from Available', 'null', false, '', '', 2, 0, 'f73f9dd6-564b-349a-9542-4428e509fa4b', 229, 2717, false);
insert into Split (id, amount, uuid, envelope_id, transaction_id) values(2378, 12.00, '3968e23b-f593-3678-8555-55dc2e277591', 258, 2377);
insert into Transaction (DTYPE, id, amount, balance, checkNo, date, description, externalId, initialBalance, memo, ref, status, type, uuid, account_id, transfer_id, custom) values('InternalTransaction', 2379, 226.26, 10519.49, '', '2010-02-16', 'Transfer from Available', 'null', false, '', '', 0, 0, '534fac05-b2f7-3472-a6dd-aa63bf46b734', 229, 1497, false);
insert into Split (id, amount, uuid, envelope_id, transaction_id) values(2380, 226.26, '3569ab83-e8dc-3db1-80ce-0fc6c320a93b', 286, 2379);
insert into Transaction (DTYPE, id, amount, balance, checkNo, date, description, externalId, initialBalance, memo, ref, status, type, uuid, account_id, transfer_id, custom) values('InternalTransaction', 2385, -10.05, 0.00, '', '2010-03-13', 'Transfer to Eating Out', 'null', false, '', '', 2, 1, '03ad3055-1351-3953-871f-bc31109e6917', 228, 1591, false);
insert into Split (id, amount, uuid, envelope_id, transaction_id) values(2386, -10.05, '1f884efd-5ec3-3e72-8bdb-304e91a5d5a1', 252, 2385);
insert into Transaction (DTYPE, id, amount, balance, checkNo, date, description, externalId, initialBalance, memo, ref, status, type, uuid, account_id, transfer_id, custom) values('InternalTransaction', 2383, -15.95, 4558.85, '', '2010-03-05', 'Transfer to Sirius', 'null', false, '', '', 2, 1, '55c3c39a-3762-3fd5-8893-0beb2dcc5aa3', 229, 1243, false);
insert into Split (id, amount, uuid, envelope_id, transaction_id) values(2384, -15.95, '35c6b90b-cc99-3a5c-a75a-f88e4b66c402', 293, 2383);
insert into Transaction (DTYPE, id, amount, balance, checkNo, date, description, externalId, initialBalance, memo, ref, status, type, uuid, account_id, transfer_id, custom) values('InternalTransaction', 2381, -0.00, 2589.50, '', '2010-04-30', 'Transfer to Rent', 'null', false, '', '', 2, 1, '9a8692cb-42e7-377c-aa41-c5ec5bfe8bc9', 229, 919, false);
insert into Split (id, amount, uuid, envelope_id, transaction_id) values(2382, -0.00, '608949ab-0cf0-34bc-9e9b-2df00e1b3c56', 293, 2381);
insert into Transaction (DTYPE, id, amount, balance, checkNo, date, description, externalId, initialBalance, memo, ref, status, type, uuid, account_id, transfer_id, custom) values('InternalTransaction', 2387, -5.77, 5120.19, '', '2010-02-19', 'Transfer to Auto Registration', 'null', false, '', '', 2, 1, '8fe3123d-b5e2-39a2-a916-cfd866c11f45', 229, 673, false);
insert into Split (id, amount, uuid, envelope_id, transaction_id) values(2388, -5.77, '840fc65c-f6ef-3c5c-82f4-680b710b4aa3', 293, 2387);
insert into Transaction (DTYPE, id, amount, balance, checkNo, date, description, externalId, initialBalance, memo, ref, status, type, uuid, account_id, transfer_id, custom) values('InternalTransaction', 2389, -10.05, 2350.35, '', '2010-02-23', 'Transfer to Eating Out', 'null', false, '', '', 2, 1, 'b6eda4f5-1438-336c-a6e7-40c10100eaeb', 229, 1085, false);
insert into Split (id, amount, uuid, envelope_id, transaction_id) values(2390, -10.05, '2153ef76-2f0f-3481-b97e-d1a975f44044', 293, 2389);
insert into Transaction (DTYPE, id, amount, balance, checkNo, date, description, externalId, initialBalance, memo, ref, status, type, uuid, account_id, transfer_id, custom) values('InternalTransaction', 2391, -20.00, 1801.39, '', '2010-03-11', 'CIRCLE K 01346 TEMPE AZ 460108', '201003112', false, '03/10CIRCLE K', '', 2, 1, 'f7b2258b-7cdb-3e5d-871e-35d254942f6d', 229, null, false);
insert into Split (id, amount, uuid, envelope_id, transaction_id) values(2392, -20.00, '431ba275-3ae3-3252-955f-de2dddcdec47', 250, 2391);
insert into Transaction (DTYPE, id, amount, balance, checkNo, date, description, externalId, initialBalance, memo, ref, status, type, uuid, account_id, transfer_id, custom) values('InternalTransaction', 2393, -40.00, 3736.46, '', '2010-04-02', 'Transfer to Auto Fuel', 'null', false, '', '', 2, 1, '58c17018-3a69-3f74-aeaa-a965fef25762', 229, 473, false);
insert into Split (id, amount, uuid, envelope_id, transaction_id) values(2394, -40.00, '6bf99e81-c63b-3db5-8f26-a892000208dd', 293, 2393);
insert into Transaction (DTYPE, id, amount, balance, checkNo, date, description, externalId, initialBalance, memo, ref, status, type, uuid, account_id, transfer_id, custom) values('InternalTransaction', 2395, 20.97, 10698.03, '', '2010-02-16', 'Transfer from Available', 'null', false, '', '', 0, 0, 'b26185ec-8e20-329a-8b36-c269249af5cd', 229, 2912, false);
insert into Split (id, amount, uuid, envelope_id, transaction_id) values(2396, 20.97, '3f326b3f-d338-3c95-a764-fc3c435cfbf0', 265, 2395);
insert into Transaction (DTYPE, id, amount, balance, checkNo, date, description, externalId, initialBalance, memo, ref, status, type, uuid, account_id, transfer_id, custom) values('InternalTransaction', 2399, 0.15, 1502.46, '', '2010-04-22', 'TD AMERITRADE ACH MICRO', '201004220', false, 'PPD ID: 4470533629', '', 1, 0, '9155baf6-4d42-3c08-b384-72de4dc5f48c', 229, null, false);
insert into Split (id, amount, uuid, envelope_id, transaction_id) values(2400, 0.15, 'cc3cab82-e66b-342d-b23d-4bfa75d88d69', 293, 2399);
insert into Transaction (DTYPE, id, amount, balance, checkNo, date, description, externalId, initialBalance, memo, ref, status, type, uuid, account_id, transfer_id, custom) values('InternalTransaction', 2397, -147.24, 18925.64, '', '2010-02-16', 'Transfer to 24 Hour Fitness', 'null', false, '', '', 0, 1, '91286c5c-bc70-3654-9c11-d53f418bfd6c', 229, 2183, false);
insert into Split (id, amount, uuid, envelope_id, transaction_id) values(2398, -147.24, '65c1b4bc-8692-3289-a810-b036bcf99220', 293, 2397);
insert into Transaction (DTYPE, id, amount, balance, checkNo, date, description, externalId, initialBalance, memo, ref, status, type, uuid, account_id, transfer_id, custom) values('InternalTransaction', 2405, 5.50, 3910.36, '', '2010-03-30', 'Transfer from Available', 'null', false, '', '', 2, 0, 'f28fc52d-52eb-3062-8d8a-6fd89d1a49af', 229, 1233, false);
insert into Split (id, amount, uuid, envelope_id, transaction_id) values(2406, 5.50, 'd9213401-549a-3dd6-82d7-c3607eeb08ed', 246, 2405);
insert into Transaction (DTYPE, id, amount, balance, checkNo, date, description, externalId, initialBalance, memo, ref, status, type, uuid, account_id, transfer_id, custom) values('InternalTransaction', 2403, 5.67, 975.37, '', '2010-03-03', 'Transfer from Available', 'null', false, '', '', 2, 0, '0f899f6e-64a7-3e66-9b30-b3fcb3b6f63d', 229, 3080, false);
insert into Split (id, amount, uuid, envelope_id, transaction_id) values(2404, 5.67, 'a047b122-aee6-3b9d-8716-75c87759bddd', 246, 2403);
insert into Transaction (DTYPE, id, amount, balance, checkNo, date, description, externalId, initialBalance, memo, ref, status, type, uuid, account_id, transfer_id, custom) values('InternalTransaction', 2401, -12.95, 0.00, '', '2010-03-30', 'Transfer to Tivo', 'null', false, '', '', 2, 1, 'bb970a94-9331-3842-8f21-8ec4d425f646', 228, 1977, false);
insert into Split (id, amount, uuid, envelope_id, transaction_id) values(2402, -12.95, 'bb985ade-38f7-32ab-9c4f-81c4faaa94c2', 293, 2401);
insert into Transaction (DTYPE, id, amount, balance, checkNo, date, description, externalId, initialBalance, memo, ref, status, type, uuid, account_id, transfer_id, custom) values('InternalTransaction', 2407, 4.13, 3616.46, '', '2010-04-02', 'Transfer from Available', 'null', false, '', '', 2, 0, 'b0087cf9-ba85-3c0c-b43a-89ea8b1758ef', 229, 2337, false);
insert into Split (id, amount, uuid, envelope_id, transaction_id) values(2408, 4.13, '33074d9c-4ee2-3f57-9465-607c7527ebb1', 263, 2407);
insert into Transaction (DTYPE, id, amount, balance, checkNo, date, description, externalId, initialBalance, memo, ref, status, type, uuid, account_id, transfer_id, custom) values('InternalTransaction', 2411, -5.48, 650.05, '', '2010-04-16', 'Transfer to Spending', 'null', false, '', '', 2, 1, 'c2856db8-1c99-3c25-abfc-ffd3a2801061', 229, 2789, false);
insert into Split (id, amount, uuid, envelope_id, transaction_id) values(2412, -5.48, '2646ee38-3409-3c44-9bf8-c4117a5cb645', 293, 2411);
insert into Transaction (DTYPE, id, amount, balance, checkNo, date, description, externalId, initialBalance, memo, ref, status, type, uuid, account_id, transfer_id, custom) values('InternalTransaction', 2409, -25.00, 4147.90, '', '2010-02-19', 'Transfer to Household', 'null', false, '', '', 2, 1, '519d5e72-8564-39da-82e7-62f9340d88a0', 229, 2541, false);
insert into Split (id, amount, uuid, envelope_id, transaction_id) values(2410, -25.00, '44d65ce5-1f3c-310a-93c2-cc5f5c650abf', 293, 2409);
insert into Transaction (DTYPE, id, amount, balance, checkNo, date, description, externalId, initialBalance, memo, ref, status, type, uuid, account_id, transfer_id, custom) values('InternalTransaction', 2413, -61.81, 2518.77, '', '2010-04-19', 'FRESH & EASY #1399 SCOTT454077', '201004196', false, '04/18FRESH & E', '', 2, 1, '1bd4e9c8-ad76-31ca-8175-6cb227b08bec', 229, null, false);
insert into Split (id, amount, uuid, envelope_id, transaction_id) values(2414, -61.81, 'c684d945-b3ec-393f-9bd3-3ab902cb2e5a', 238, 2413);
insert into Transaction (DTYPE, id, amount, balance, checkNo, date, description, externalId, initialBalance, memo, ref, status, type, uuid, account_id, transfer_id, custom) values('InternalTransaction', 2415, -1.75, 3906.45, '', '2009-12-09', '24 HOUR FITNESS #869 CAR', '200912091', false, '12/0724 HOUR F', '', 2, 1, 'b5f03f24-b452-3433-9f25-2f42f891894d', 229, null, false);
insert into Split (id, amount, uuid, envelope_id, transaction_id) values(2416, -1.75, '55b568d3-70bf-3f19-8f86-0087bfadbc01', 271, 2415);
insert into Transaction (DTYPE, id, amount, balance, checkNo, date, description, externalId, initialBalance, memo, ref, status, type, uuid, account_id, transfer_id, custom) values('InternalTransaction', 2417, -31.90, 1628.16, '', '2010-01-12', 'SRR*SIRIUS RADIO 888-539', '201001120', false, '01/11SRR*SIRIU', '', 2, 1, 'd45c5008-c8ca-3906-936c-1557db07abe2', 229, null, false);
insert into Split (id, amount, uuid, envelope_id, transaction_id) values(2418, -31.90, '3f9f63ee-d2c9-3f29-bd59-1c68a9eff6d7', 233, 2417);
insert into Transaction (DTYPE, id, amount, balance, checkNo, date, description, externalId, initialBalance, memo, ref, status, type, uuid, account_id, transfer_id, custom) values('InternalTransaction', 2419, -4.98, 5810.95, '', '2010-03-05', 'Transfer to Chase Bank', 'null', false, '', '', 2, 1, '08bb70a6-187e-38d8-99ad-8f817e26666e', 229, 841, false);
insert into Split (id, amount, uuid, envelope_id, transaction_id) values(2420, -4.98, '375de8e6-7dec-3056-9784-89010b8d73bc', 293, 2419);
insert into Transaction (DTYPE, id, amount, balance, checkNo, date, description, externalId, initialBalance, memo, ref, status, type, uuid, account_id, transfer_id, custom) values('InternalTransaction', 2421, -8.11, 826.64, '', '2010-04-13', 'Transfer to Eating Out', 'null', false, '', '', 2, 1, '6a332954-1702-3cbe-a754-2f836769a29e', 229, 1881, false);
insert into Split (id, amount, uuid, envelope_id, transaction_id) values(2422, -8.11, '4246482c-e3d0-395e-b4cc-e100fe80049f', 293, 2421);
insert into Transaction (DTYPE, id, amount, balance, checkNo, date, description, externalId, initialBalance, memo, ref, status, type, uuid, account_id, transfer_id, custom) values('InternalTransaction', 2423, 120.00, 3951.99, '', '2010-02-19', 'Transfer from Available', 'null', false, '', '', 2, 0, 'd5ec17cf-40f9-3c37-9bee-f042b13d0425', 229, 2335, false);
insert into Split (id, amount, uuid, envelope_id, transaction_id) values(2424, 120.00, 'f2a6f372-d4f6-3792-a93e-93524aa36092', 253, 2423);
insert into Transaction (DTYPE, id, amount, balance, checkNo, date, description, externalId, initialBalance, memo, ref, status, type, uuid, account_id, transfer_id, custom) values('InternalTransaction', 2427, -25.00, 1982.28, '', '2009-11-05', 'WALGREENS #4722 PHOENIX', '200911052', false, '11/03WALGREENS', '', 2, 1, 'ae73cd7b-9d0c-3f41-b3a9-8a4ed30794f6', 229, null, false);
insert into Split (id, amount, uuid, envelope_id, transaction_id) values(2428, -25.00, 'b9b0dcc4-a9c8-34f4-a1e5-69c92dcbba3e', 277, 2427);
insert into Transaction (DTYPE, id, amount, balance, checkNo, date, description, externalId, initialBalance, memo, ref, status, type, uuid, account_id, transfer_id, custom) values('InternalTransaction', 2425, -261.97, 1692.15, '', '2010-04-05', 'BARCLAYCARD US CREDITCARD 8713', '201004058', false, '3816 WEB ID: 2510407970', '', 2, 1, '71b2814a-b64e-3597-a513-8cb914c5f3f3', 229, null, false);
insert into Split (id, amount, uuid, envelope_id, transaction_id) values(2426, -261.97, '43ecc6f5-4797-3e8f-90fd-cc70025ebba8', 242, 2425);
insert into Transaction (DTYPE, id, amount, balance, checkNo, date, description, externalId, initialBalance, memo, ref, status, type, uuid, account_id, transfer_id, custom) values('InternalTransaction', 2429, -13.46, 2589.50, '', '2010-04-30', 'Transfer to Auto Registration', 'null', false, '', '', 2, 1, 'fa081693-38ea-3a41-96ce-f3ba7bdd08fa', 229, 2111, false);
insert into Split (id, amount, uuid, envelope_id, transaction_id) values(2430, -13.46, '32715f94-3eb5-391c-97f6-d225335b661d', 293, 2429);
insert into Transaction (DTYPE, id, amount, balance, checkNo, date, description, externalId, initialBalance, memo, ref, status, type, uuid, account_id, transfer_id, custom) values('InternalTransaction', 2433, 13.00, 1299.38, '', '2010-04-08', 'Transfer from Available', 'null', false, '', '', 2, 0, 'dac878f6-d4c9-348f-a58b-e0bae9c9def5', 229, 1839, false);
insert into Split (id, amount, uuid, envelope_id, transaction_id) values(2434, 13.00, '97a9f29e-29e2-31d8-97f6-fce57342074b', 296, 2433);
insert into Transaction (DTYPE, id, amount, balance, checkNo, date, description, externalId, initialBalance, memo, ref, status, type, uuid, account_id, transfer_id, custom) values('InternalTransaction', 2431, 0.00, 4084.13, '', '2010-04-16', 'Transfer from Available', 'null', false, '', '', 2, 1, '40f5f6af-9cc4-35c5-8acf-33c22c65c516', 229, 1585, false);
insert into Split (id, amount, uuid, envelope_id, transaction_id) values(2432, 0.00, '049f4178-50be-3a04-9b45-2cbb10ac43b6', 295, 2431);
insert into Transaction (DTYPE, id, amount, balance, checkNo, date, description, externalId, initialBalance, memo, ref, status, type, uuid, account_id, transfer_id, custom) values('InternalTransaction', 2435, -154.11, 831.98, '', '2010-02-02', 'STATE FARM RO 27 SFPP', '201002022', false, 'PPD ID: 9000307001', '', 2, 1, 'de63e35f-fac0-3c08-a8bf-32befc725059', 229, null, false);
insert into Split (id, amount, uuid, envelope_id, transaction_id) values(2436, -154.11, 'f5aee47f-0f60-339c-9585-ca01b6c77940', 291, 2435);
insert into Transaction (DTYPE, id, amount, balance, checkNo, date, description, externalId, initialBalance, memo, ref, status, type, uuid, account_id, transfer_id, custom) values('InternalTransaction', 2439, -175.00, 4669.36, '', '2010-03-19', 'Transfer to Taxes', 'null', false, '', '', 2, 1, '59adb5da-8454-3516-bf0d-62f821a81700', 229, 1217, false);
insert into Split (id, amount, uuid, envelope_id, transaction_id) values(2440, -175.00, '5af468cd-4375-3d13-8da6-7ab196d9f0a1', 293, 2439);
insert into Transaction (DTYPE, id, amount, balance, checkNo, date, description, externalId, initialBalance, memo, ref, status, type, uuid, account_id, transfer_id, custom) values('InternalTransaction', 2437, -8.97, 2006.32, '', '2009-12-15', 'CHIPOTLE 1208 TEMPE AZ', '200912154', false, '12/14CHIPOTLE', '', 2, 1, '16fcf8b0-609b-3cc7-b6cc-8791a73fa083', 229, null, false);
insert into Split (id, amount, uuid, envelope_id, transaction_id) values(2438, -8.97, '84d4f080-9aed-38dc-8247-63964d50e8cd', 296, 2437);
insert into Transaction (DTYPE, id, amount, balance, checkNo, date, description, externalId, initialBalance, memo, ref, status, type, uuid, account_id, transfer_id, custom) values('InternalTransaction', 2443, -11.52, 0.00, '', '2010-04-29', 'Transfer to New Car', 'null', false, '', '', 2, 1, '6b3eb7e7-dfbc-3139-b673-18e1881eb86f', 228, 2651, false);
insert into Split (id, amount, uuid, envelope_id, transaction_id) values(2444, -11.52, 'f16516ef-a882-320d-9a5d-9c039af2703a', 274, 2443);
insert into Transaction (DTYPE, id, amount, balance, checkNo, date, description, externalId, initialBalance, memo, ref, status, type, uuid, account_id, transfer_id, custom) values('InternalTransaction', 2441, 14.72, 14.72, '', '2010-03-27', 'Transfer from Spending', 'null', false, '', '', 2, 0, '8dc83b0d-1519-304f-af7e-dfe1952c743c', 228, 913, false);
insert into Split (id, amount, uuid, envelope_id, transaction_id) values(2442, 14.72, '72ab5052-3f6c-373a-8d25-ff58491c3327', 246, 2441);
insert into Transaction (DTYPE, id, amount, balance, checkNo, date, description, externalId, initialBalance, memo, ref, status, type, uuid, account_id, transfer_id, custom) values('InternalTransaction', 2449, 15.95, 5606.18, '', '2010-03-19', 'Transfer from Available', 'null', false, '', '', 2, 0, '37706a07-b8e1-3c6b-9bb1-94c3606d0aab', 229, 3006, false);
insert into Split (id, amount, uuid, envelope_id, transaction_id) values(2450, 15.95, 'c928fce7-65e2-3659-b983-c288c7d8d9b6', 233, 2449);
insert into Transaction (DTYPE, id, amount, balance, checkNo, date, description, externalId, initialBalance, memo, ref, status, type, uuid, account_id, transfer_id, custom) values('InternalTransaction', 2447, -59.00, 1768.32, '253', '2009-12-16', 'Campbell''s Steam Pro', '200912161', false, '', '', 2, 1, 'c30bf23c-7d54-3801-8bac-17247ca0520a', 229, null, false);
insert into Split (id, amount, uuid, envelope_id, transaction_id) values(2448, -59.00, '5f0020f6-ed2e-3e61-83e7-06269392f129', 239, 2447);
insert into Transaction (DTYPE, id, amount, balance, checkNo, date, description, externalId, initialBalance, memo, ref, status, type, uuid, account_id, transfer_id, custom) values('InternalTransaction', 2445, 151.00, 1286.04, '', '2010-02-16', 'Transfer from Available', 'null', false, '', '', 0, 0, '664db00e-8381-38f0-a9c1-fc23c07f9090', 229, 2894, false);
insert into Split (id, amount, uuid, envelope_id, transaction_id) values(2446, 151.00, 'e244afc3-ff23-3245-a28f-7a0979acc9d8', 258, 2445);
insert into Transaction (DTYPE, id, amount, balance, checkNo, date, description, externalId, initialBalance, memo, ref, status, type, uuid, account_id, transfer_id, custom) values('InternalTransaction', 2451, 80.00, 2669.50, '', '2010-04-30', 'Transfer from Available', 'null', false, '', '', 2, 0, 'd3875e38-b3dc-3cb4-a95e-4bc19d27e937', 229, 745, false);
insert into Split (id, amount, uuid, envelope_id, transaction_id) values(2452, 80.00, 'e8da4b6e-8053-305d-b140-e1486e1939c0', 261, 2451);
insert into Transaction (DTYPE, id, amount, balance, checkNo, date, description, externalId, initialBalance, memo, ref, status, type, uuid, account_id, transfer_id, custom) values('InternalTransaction', 2457, 25.98, 1563.83, '', '2010-02-16', 'Transfer from Available', 'null', false, '', '', 0, 0, 'efc5f603-ee75-3e39-a992-a4531cf4f0ba', 229, 1957, false);
insert into Split (id, amount, uuid, envelope_id, transaction_id) values(2458, 25.98, 'd378878d-7e29-3828-8dfe-b7b7c2a46c0e', 286, 2457);
insert into Transaction (DTYPE, id, amount, balance, checkNo, date, description, externalId, initialBalance, memo, ref, status, type, uuid, account_id, transfer_id, custom) values('InternalTransaction', 2455, -10.00, 1135.04, '', '2010-02-16', 'Transfer to Auto Maintenance', 'null', false, '', '', 0, 1, 'cec20526-cc30-3385-8732-6d595e80ee4c', 229, 369, false);
insert into Split (id, amount, uuid, envelope_id, transaction_id) values(2456, -10.00, '9c2fe9b8-0c19-3ebe-85ca-884dbcb6232a', 293, 2455);
insert into Transaction (DTYPE, id, amount, balance, checkNo, date, description, externalId, initialBalance, memo, ref, status, type, uuid, account_id, transfer_id, custom) values('InternalTransaction', 2453, -84.20, 4274.65, '', '2010-03-05', 'Transfer to State Farm Insurance', 'null', false, '', '', 2, 1, 'c6bbb182-5a72-3b83-a995-77e4feeec71f', 229, 3232, false);
insert into Split (id, amount, uuid, envelope_id, transaction_id) values(2454, -84.20, 'bcf48480-d0c5-395e-943f-5aea1b37a719', 293, 2453);
insert into Transaction (DTYPE, id, amount, balance, checkNo, date, description, externalId, initialBalance, memo, ref, status, type, uuid, account_id, transfer_id, custom) values('InternalTransaction', 2461, -128.24, 6185.72, '', '2010-03-19', 'Transfer to Available', 'null', false, '', '', 2, 1, '1543f0a2-7954-3112-89e9-a63fe03376ea', 229, 1791, false);
insert into Split (id, amount, uuid, envelope_id, transaction_id) values(2462, -128.24, '8c993a38-05eb-3664-84ab-5ab7eb61c2a7', 293, 2461);
insert into Transaction (DTYPE, id, amount, balance, checkNo, date, description, externalId, initialBalance, memo, ref, status, type, uuid, account_id, transfer_id, custom) values('InternalTransaction', 2459, -31.89, 0.00, '', '2010-03-03', 'Transfer to Pet', 'null', false, '', '', 2, 1, '893f6c34-ac33-393b-9c80-d1b161d47d5b', 228, 1491, false);
insert into Split (id, amount, uuid, envelope_id, transaction_id) values(2460, -31.89, 'e3d95398-6feb-37ad-bdac-00b8ae042be3', 252, 2459);
insert into Transaction (DTYPE, id, amount, balance, checkNo, date, description, externalId, initialBalance, memo, ref, status, type, uuid, account_id, transfer_id, custom) values('InternalTransaction', 2465, -18.69, 0.00, '', '2010-04-29', 'Transfer to Eating Out', 'null', false, '', '', 2, 1, '26d1e241-0b3a-34ca-a8e8-c63d3786162b', 228, 2773, false);
insert into Split (id, amount, uuid, envelope_id, transaction_id) values(2466, -18.69, '6cb19b6e-aafc-3379-a1f6-c896f376e763', 267, 2465);
insert into Transaction (DTYPE, id, amount, balance, checkNo, date, description, externalId, initialBalance, memo, ref, status, type, uuid, account_id, transfer_id, custom) values('InternalTransaction', 2463, -70.41, 879.26, '', '2010-03-03', 'Transfer to Unassigned', 'null', false, '', '', 2, 1, '222c6679-6b98-3fc5-b3ad-86b61f7e4a33', 229, 1947, false);
insert into Split (id, amount, uuid, envelope_id, transaction_id) values(2464, -70.41, '730e0fc3-e17f-31aa-959d-ee9a30583683', 293, 2463);
insert into Transaction (DTYPE, id, amount, balance, checkNo, date, description, externalId, initialBalance, memo, ref, status, type, uuid, account_id, transfer_id, custom) values('InternalTransaction', 2467, -38.55, 4049.22, '', '2009-12-07', 'CHEVRON 00098544 PHOENIX', '200912072', false, '12/05CHEVRON 0', '', 2, 1, '71205b11-1bfc-307a-a1fa-8deb727b74e8', 229, null, false);
insert into Split (id, amount, uuid, envelope_id, transaction_id) values(2468, -38.55, '8421cf11-23e8-3bc4-8ee1-c37616cb2158', 253, 2467);
insert into Transaction (DTYPE, id, amount, balance, checkNo, date, description, externalId, initialBalance, memo, ref, status, type, uuid, account_id, transfer_id, custom) values('InternalTransaction', 2469, 53.79, 1498.29, '', '2010-01-19', 'ATM CHECK DEPOSIT', '201001190', false, '', '', 2, 0, '24934e0a-40d9-3a30-a97e-55bc8b4a53ae', 229, null, false);
insert into Split (id, amount, uuid, envelope_id, transaction_id) values(2470, 53.79, 'e2a98940-a302-3307-a2b7-3e387d77c97c', 293, 2469);
insert into Transaction (DTYPE, id, amount, balance, checkNo, date, description, externalId, initialBalance, memo, ref, status, type, uuid, account_id, transfer_id, custom) values('InternalTransaction', 2473, -11.46, 0.00, '', '2010-03-16', 'Transfer to Hair Services', 'null', false, '', '', 2, 1, 'ce7b8c2f-bfa8-33cb-be9d-b4c38f9ffa80', 228, 3024, false);
insert into Split (id, amount, uuid, envelope_id, transaction_id) values(2474, -11.46, '84522fed-d36b-3f99-8476-6efb6b6ae4d6', 239, 2473);
insert into Transaction (DTYPE, id, amount, balance, checkNo, date, description, externalId, initialBalance, memo, ref, status, type, uuid, account_id, transfer_id, custom) values('InternalTransaction', 2471, -47.63, 4143.68, '', '2009-11-30', 'BEDBATH&BEYOND# BEDBATH 514785', '200911305', false, '11/29BEDBATH&B', '', 2, 1, 'ced01a65-6d4d-3032-aed4-e7eed730a50d', 229, null, false);
insert into Split (id, amount, uuid, envelope_id, transaction_id) values(2472, -47.63, '9f525e87-68a8-3274-bb3f-ade88449fb01', 239, 2471);
insert into Transaction (DTYPE, id, amount, balance, checkNo, date, description, externalId, initialBalance, memo, ref, status, type, uuid, account_id, transfer_id, custom) values('InternalTransaction', 2477, -8.11, 1230.86, '', '2010-04-12', 'CHIPOTLE 1208 TEMPE AZ', '201004120', false, '04/09CHIPOTLE', '', 2, 1, 'fc5c1a96-95c2-3055-b01f-a7fea19c78b5', 229, null, false);
insert into Split (id, amount, uuid, envelope_id, transaction_id) values(2478, -8.11, '7407bafc-61ab-3889-bf17-eb90cf71c354', 296, 2477);
insert into Transaction (DTYPE, id, amount, balance, checkNo, date, description, externalId, initialBalance, memo, ref, status, type, uuid, account_id, transfer_id, custom) values('InternalTransaction', 2475, -30.50, 2441.08, '', '2009-12-29', 'AMC DEER VALLE04001020 P', '200912292', false, '12/27AMC DEER', '', 2, 1, '61b54488-c2b2-3b67-b855-078ebfcab35a', 229, null, false);
insert into Split (id, amount, uuid, envelope_id, transaction_id) values(2476, -30.50, '5e29d2ac-c312-3849-a9b8-79eb544cc884', 285, 2475);
insert into Transaction (DTYPE, id, amount, balance, checkNo, date, description, externalId, initialBalance, memo, ref, status, type, uuid, account_id, transfer_id, custom) values('InternalTransaction', 2479, 395.45, 6001.63, '', '2010-03-19', 'Transfer from Available', 'null', false, '', '', 2, 0, '8c886325-4c7d-34fb-91d8-bdb54cb09f35', 229, 3014, false);
insert into Split (id, amount, uuid, envelope_id, transaction_id) values(2480, 395.45, '83fc99ee-23fe-31d4-971f-b5a50803a9e5', 231, 2479);
insert into Transaction (DTYPE, id, amount, balance, checkNo, date, description, externalId, initialBalance, memo, ref, status, type, uuid, account_id, transfer_id, custom) values('InternalTransaction', 2485, 28.87, 432.94, '', '2010-04-29', 'Transfer from Available', 'null', false, '', '', 2, 0, '79abcdf0-a0a8-3d1a-b82b-2675d808d2ab', 229, 1341, false);
insert into Split (id, amount, uuid, envelope_id, transaction_id) values(2486, 28.87, '44e8ab7a-841a-3854-8a70-e344a5f51631', 296, 2485);
insert into Transaction (DTYPE, id, amount, balance, checkNo, date, description, externalId, initialBalance, memo, ref, status, type, uuid, account_id, transfer_id, custom) values('InternalTransaction', 2483, 114.68, 10812.71, '', '2010-02-16', 'Transfer from Available', 'null', false, '', '', 0, 0, 'b1cd268d-5db8-3a71-9683-c2175231f60d', 229, 603, false);
insert into Split (id, amount, uuid, envelope_id, transaction_id) values(2484, 114.68, 'e39e1597-5c2f-3932-80d0-9da60c857d4f', 244, 2483);
insert into Transaction (DTYPE, id, amount, balance, checkNo, date, description, externalId, initialBalance, memo, ref, status, type, uuid, account_id, transfer_id, custom) values('InternalTransaction', 2481, -25.00, 1366.85, '', '2009-12-18', 'LDW GROUP 8006017097 MA', '200912183', false, '12/16LDW GROUP', '', 2, 1, 'f4e53852-971d-36f1-a020-f86194b41bdf', 229, null, false);
insert into Split (id, amount, uuid, envelope_id, transaction_id) values(2482, -25.00, 'fef7ed64-3224-3e95-9895-6b2a5dc77298', 247, 2481);
insert into Transaction (DTYPE, id, amount, balance, checkNo, date, description, externalId, initialBalance, memo, ref, status, type, uuid, account_id, transfer_id, custom) values('InternalTransaction', 2487, -12.00, 516.63, '', '2009-11-12', 'CHINA CHILI PHOENIX AZ', '200911124', false, '11/09CHINA CHI', '', 2, 1, '96b46c94-59d4-3aa2-a6d7-6d73d2c47a18', 229, null, false);
insert into Split (id, amount, uuid, envelope_id, transaction_id) values(2488, -12.00, '5967a875-846e-371a-9f55-f49dfc3a0b8f', 296, 2487);
insert into Transaction (DTYPE, id, amount, balance, checkNo, date, description, externalId, initialBalance, memo, ref, status, type, uuid, account_id, transfer_id, custom) values('InternalTransaction', 2489, -11.86, 3260.62, '', '2009-11-23', 'PIE ZANOS KITCHEN PHOENI', '200911237', false, '11/20PIE ZANOS', '', 2, 1, 'c6de5311-9d07-3edc-8ab1-5508311d6db8', 229, null, false);
insert into Split (id, amount, uuid, envelope_id, transaction_id) values(2490, -11.86, '372759a7-e074-308c-8881-bae47a96f027', 296, 2489);
insert into Transaction (DTYPE, id, amount, balance, checkNo, date, description, externalId, initialBalance, memo, ref, status, type, uuid, account_id, transfer_id, custom) values('InternalTransaction', 2495, -7.50, 1254.13, '', '2010-04-08', 'BRICKYARD ON MILL GAR 31', '201004081', false, '04/07BRICKYARD', '', 2, 1, 'bb42558a-96b8-3686-a119-a053074bc094', 229, null, false);
insert into Split (id, amount, uuid, envelope_id, transaction_id) values(2496, -7.50, 'ceadb920-092a-3715-90a1-cd84272390dd', 264, 2495);
insert into Transaction (DTYPE, id, amount, balance, checkNo, date, description, externalId, initialBalance, memo, ref, status, type, uuid, account_id, transfer_id, custom) values('InternalTransaction', 2493, -175.00, 3001.12, '', '2010-01-25', 'IRS USATAXPYMT 2700', '201001251', false, '42500203145 WEB ID: 3387702000', '', 2, 1, 'da093915-cb3b-3876-89b8-b6f6adea2426', 229, null, false);
insert into Split (id, amount, uuid, envelope_id, transaction_id) values(2494, -175.00, '35fdab35-6dc9-31a7-8d2a-230b67819c07', 275, 2493);
insert into Transaction (DTYPE, id, amount, balance, checkNo, date, description, externalId, initialBalance, memo, ref, status, type, uuid, account_id, transfer_id, custom) values('InternalTransaction', 2491, -175.00, 0.00, '', '2010-02-19', 'Transfer to Massage', 'null', false, '', '', 2, 1, '9fe70f0c-809e-3cb2-b123-fea41fa9a995', 228, 1123, false);
insert into Split (id, amount, uuid, envelope_id, transaction_id) values(2492, -175.00, '1ae651de-22b9-3ec6-a6d9-73b020cc884d', 275, 2491);
insert into Transaction (DTYPE, id, amount, balance, checkNo, date, description, externalId, initialBalance, memo, ref, status, type, uuid, account_id, transfer_id, custom) values('InternalTransaction', 2497, -200.00, 3599.31, '', '2010-02-19', 'Transfer to Spending', 'null', false, '', '', 2, 1, 'eb872e85-0417-333c-9df6-23270927054c', 229, 3210, false);
insert into Split (id, amount, uuid, envelope_id, transaction_id) values(2498, -200.00, '6f785408-7194-355f-ae04-0ecb7b21994a', 293, 2497);
insert into Transaction (DTYPE, id, amount, balance, checkNo, date, description, externalId, initialBalance, memo, ref, status, type, uuid, account_id, transfer_id, custom) values('InternalTransaction', 2499, -52.49, 0.00, '', '2010-04-13', 'Transfer to Available', 'null', false, '', '', 2, 1, '9ed8046e-4d85-3924-bd19-f8ddbfdc9b81', 228, 839, false);
insert into Split (id, amount, uuid, envelope_id, transaction_id) values(2500, -52.49, '11adac60-a123-3a86-9e59-c9a5ea68ad4e', 263, 2499);
insert into Transaction (DTYPE, id, amount, balance, checkNo, date, description, externalId, initialBalance, memo, ref, status, type, uuid, account_id, transfer_id, custom) values('InternalTransaction', 2501, -204.78, 5068.18, '', '2009-11-27', 'VZWRLSS-MYACCT VW 800-92', '200911271', false, '11/26VZWRLSS-M', '', 2, 1, 'd6c62b38-3e37-34b7-b371-91b9732614d5', 229, null, false);
insert into Split (id, amount, uuid, envelope_id, transaction_id) values(2502, -204.78, '0ccde728-7905-3726-8e11-cdaaa407547c', 236, 2501);
insert into Transaction (DTYPE, id, amount, balance, checkNo, date, description, externalId, initialBalance, memo, ref, status, type, uuid, account_id, transfer_id, custom) values('InternalTransaction', 2503, -44.40, 3127.59, '', '2010-02-19', 'OFFICE MAX 928 W CAMELB 700534', '201002191', false, '02/18OFFICE MA', '', 2, 1, '87b2231d-d2dc-3371-b6fc-8736957c2891', 229, null, false);
insert into Split (id, amount, uuid, envelope_id, transaction_id) values(2504, -44.40, 'f467e764-dd33-3a48-bc57-7e50ef333255', 239, 2503);
insert into Transaction (DTYPE, id, amount, balance, checkNo, date, description, externalId, initialBalance, memo, ref, status, type, uuid, account_id, transfer_id, custom) values('InternalTransaction', 2505, -21.61, 4359.91, '', '2009-12-14', 'TRAILS #27 PHOENIX AZ', '2009121416', false, '12/11TRAILS #2', '', 2, 1, '9d10c4e0-5773-399f-a0d8-0963ba6da448', 229, null, false);
insert into Split (id, amount, uuid, envelope_id, transaction_id) values(2506, -21.61, '4aa70dcd-479f-3673-84dc-c8c5fe2719e3', 252, 2505);
insert into Transaction (DTYPE, id, amount, balance, checkNo, date, description, externalId, initialBalance, memo, ref, status, type, uuid, account_id, transfer_id, custom) values('InternalTransaction', 2507, -22.22, 3228.29, '', '2010-03-31', 'WHOLE FOODS MARK 5120 S 110687', '201003311', false, '03/30WHOLE FOO', '', 2, 1, 'e835691b-e7c7-33b6-98b5-55d20687b985', 229, null, false);
insert into Split (id, amount, uuid, envelope_id, transaction_id) values(2508, -22.22, '24feefba-df2d-36de-b620-f65684bd6e5a', 238, 2507);
insert into Transaction (DTYPE, id, amount, balance, checkNo, date, description, externalId, initialBalance, memo, ref, status, type, uuid, account_id, transfer_id, custom) values('InternalTransaction', 2509, -25.00, 4099.57, '', '2010-04-16', 'Transfer to Medical', 'null', false, '', '', 2, 1, '2aeadf91-c159-3808-9a2f-4f1fcb4d978e', 229, 493, false);
insert into Split (id, amount, uuid, envelope_id, transaction_id) values(2510, -25.00, '806ff213-e7ea-3dbb-a53b-f27ab2712d95', 293, 2509);
insert into Transaction (DTYPE, id, amount, balance, checkNo, date, description, externalId, initialBalance, memo, ref, status, type, uuid, account_id, transfer_id, custom) values('InternalTransaction', 2511, -8.95, 4977.93, '', '2009-11-13', 'SAFEWAY STORE 2716 PHO962999', '200911133', false, '11/12SAFEWAY', '', 2, 1, '84bb7e6b-f481-3ac8-8d71-297929a19982', 229, null, false);
insert into Split (id, amount, uuid, envelope_id, transaction_id) values(2512, -8.95, '022e38f5-cd54-350e-96ac-459d8dddfa04', 238, 2511);
insert into Transaction (DTYPE, id, amount, balance, checkNo, date, description, externalId, initialBalance, memo, ref, status, type, uuid, account_id, transfer_id, custom) values('InternalTransaction', 2513, -15.75, 4408.38, '', '2009-11-30', 'HARKINS SHEA CINEMAQ9 SC', '2009113014', false, '11/26HARKINS S', '', 2, 1, '3bd1bff6-db8b-3a0b-8411-9b7414964796', 229, null, false);
insert into Split (id, amount, uuid, envelope_id, transaction_id) values(2514, -15.75, '4b3f41f6-01a9-3fb6-a6e9-b4e1fa6a8d74', 285, 2513);
insert into Transaction (DTYPE, id, amount, balance, checkNo, date, description, externalId, initialBalance, memo, ref, status, type, uuid, account_id, transfer_id, custom) values('InternalTransaction', 2517, -29.37, 3938.07, '', '2009-12-08', 'THE ORIGINAL WINEBURGER', '200912080', false, '12/05THE ORIGI', '', 2, 1, '47dd6c64-71cb-3812-b069-0ac0a7523d08', 229, null, false);
insert into Split (id, amount, uuid, envelope_id, transaction_id) values(2518, -29.37, 'b7098a71-d738-3541-9d58-66fc446abd72', 296, 2517);
insert into Transaction (DTYPE, id, amount, balance, checkNo, date, description, externalId, initialBalance, memo, ref, status, type, uuid, account_id, transfer_id, custom) values('InternalTransaction', 2515, 40.00, 40.00, '', '2010-03-09', 'Transfer from Spending', 'null', false, '', '', 2, 0, 'bfec621d-1684-3b6f-acc8-8fbded65f7ef', 228, 3146, false);
insert into Split (id, amount, uuid, envelope_id, transaction_id) values(2516, 40.00, 'c85141d8-b890-353a-b455-391c339cd57a', 247, 2515);
insert into Transaction (DTYPE, id, amount, balance, checkNo, date, description, externalId, initialBalance, memo, ref, status, type, uuid, account_id, transfer_id, custom) values('InternalTransaction', 2519, -31.90, 1760.54, '', '2010-03-12', 'SRR*SIRIUS RADIO 888-539', '201003120', false, '03/11SRR*SIRIU', '', 2, 1, 'f7df0fd6-ec0c-3d4a-b540-420f4f730e2e', 229, null, false);
insert into Split (id, amount, uuid, envelope_id, transaction_id) values(2520, -31.90, '4c1fb108-d2f1-30b8-96b7-43a354eac530', 233, 2519);
insert into Transaction (DTYPE, id, amount, balance, checkNo, date, description, externalId, initialBalance, memo, ref, status, type, uuid, account_id, transfer_id, custom) values('InternalTransaction', 2525, 41.17, 41.17, '', '2010-04-29', 'Transfer from Auto Fuel', 'null', false, '', '', 2, 0, '119dd81f-3999-33b1-b5ee-672881d82274', 228, 1991, false);
insert into Split (id, amount, uuid, envelope_id, transaction_id) values(2526, 41.17, '99c99908-5b0c-368f-8500-59a45a26ffd1', 252, 2525);
insert into Transaction (DTYPE, id, amount, balance, checkNo, date, description, externalId, initialBalance, memo, ref, status, type, uuid, account_id, transfer_id, custom) values('InternalTransaction', 2523, -6.85, 1098.19, '', '2010-02-17', 'FRYS FOOD & DRUG 3232 S 540513', '201002172', false, '02/16FRYS FOOD', '', 2, 1, 'fa6c66e2-e9a8-31ff-918d-4e757c6e6e26', 229, null, false);
insert into Split (id, amount, uuid, envelope_id, transaction_id) values(2524, -6.85, '58037761-5386-3443-8c56-af12a183800c', 238, 2523);
insert into Transaction (DTYPE, id, amount, balance, checkNo, date, description, externalId, initialBalance, memo, ref, status, type, uuid, account_id, transfer_id, custom) values('InternalTransaction', 2521, -309.33, 2653.65, '', '2010-01-11', 'VW CREDIT, INC. AUTO DEBIT WE', '201001111', false, 'B 852539481 WEB ID: 1382362409', '', 2, 1, 'e978c0a4-dbe5-3d7f-ab6c-9dafdfb0daec', 229, null, false);
insert into Split (id, amount, uuid, envelope_id, transaction_id) values(2522, -309.33, 'd08da0db-9389-320b-bfd5-45f6585b9086', 267, 2521);
insert into Transaction (DTYPE, id, amount, balance, checkNo, date, description, externalId, initialBalance, memo, ref, status, type, uuid, account_id, transfer_id, custom) values('InternalTransaction', 2529, -1.51, 3916.07, '', '2010-03-24', 'Transfer to Eating Out', 'null', false, '', '', 2, 1, '1ce76407-dd62-3997-990f-6d2900d5b805', 229, 995, false);
insert into Split (id, amount, uuid, envelope_id, transaction_id) values(2530, -1.51, 'bfb639e6-0855-3279-8ef8-b7d40dfe6900', 293, 2529);
insert into Transaction (DTYPE, id, amount, balance, checkNo, date, description, externalId, initialBalance, memo, ref, status, type, uuid, account_id, transfer_id, custom) values('InternalTransaction', 2527, -41.35, 3394.52, '', '2010-01-22', 'CHEVRON 00206657 PHOENIX', '201001222', false, '01/20CHEVRON 0', '', 2, 1, '835fc24b-fb7f-3840-b869-04211a66bb25', 229, null, false);
insert into Split (id, amount, uuid, envelope_id, transaction_id) values(2528, -41.35, 'cd246532-5ff3-3422-861e-9c4cc112ac9c', 253, 2527);
insert into Transaction (DTYPE, id, amount, balance, checkNo, date, description, externalId, initialBalance, memo, ref, status, type, uuid, account_id, transfer_id, custom) values('InternalTransaction', 2531, -31.85, 2043.38, '', '2010-01-04', 'HARD ROCK PHOENIX R PHOE', '201001043', false, '12/30HARD ROCK', '', 2, 1, '5dc1ae06-4e0e-376d-902e-3b3505268797', 229, null, false);
insert into Split (id, amount, uuid, envelope_id, transaction_id) values(2532, -31.85, 'e13dc263-1a0e-37fb-9362-31078db65ae1', 296, 2531);
insert into Transaction (DTYPE, id, amount, balance, checkNo, date, description, externalId, initialBalance, memo, ref, status, type, uuid, account_id, transfer_id, custom) values('InternalTransaction', 2535, -5.50, 4047.40, '', '2010-03-29', 'TACO BELL 233800233866 M', '201003293', false, '03/26TACO BELL', '', 2, 1, '25cb08d9-ed5e-3d4d-ae1c-9e30ebf0075b', 229, null, false);
insert into Split (id, amount, uuid, envelope_id, transaction_id) values(2536, -5.50, '8c18fa94-c663-3655-ad5e-14fe0723badd', 246, 2535);
insert into Transaction (DTYPE, id, amount, balance, checkNo, date, description, externalId, initialBalance, memo, ref, status, type, uuid, account_id, transfer_id, custom) values('InternalTransaction', 2533, -649.88, 3230.11, '', '2010-03-08', 'HSBC CARD SRVCS Online Pmt 0000', '201003080', false, '00542347337 WEB ID: 2000000510', '', 2, 1, '9a04035d-8ffa-3f7a-a5fc-f860b4b38ff0', 229, null, false);
insert into Split (id, amount, uuid, envelope_id, transaction_id) values(2534, -649.88, '15d74adb-414e-33fc-ab80-47198a3a3f64', 242, 2533);
insert into Transaction (DTYPE, id, amount, balance, checkNo, date, description, externalId, initialBalance, memo, ref, status, type, uuid, account_id, transfer_id, custom) values('InternalTransaction', 2537, -49.00, 2465.27, '', '2010-03-18', 'MASSAGE ENVY 0011 480-83', '201003181', false, '03/16MASSAGE E', '', 2, 1, '69a421dc-4581-3e9a-87b0-69301dfd3755', 229, null, false);
insert into Split (id, amount, uuid, envelope_id, transaction_id) values(2538, -49.00, '2b9b778e-22ba-30d7-b316-37907591c621', 279, 2537);
insert into Transaction (DTYPE, id, amount, balance, checkNo, date, description, externalId, initialBalance, memo, ref, status, type, uuid, account_id, transfer_id, custom) values('InternalTransaction', 2541, 25.00, 3976.99, '', '2010-02-19', 'Transfer from Available', 'null', false, '', '', 2, 0, '01d7e3ed-7d12-39a5-8d7d-3b544b851da2', 229, 2409, false);
insert into Split (id, amount, uuid, envelope_id, transaction_id) values(2542, 25.00, '7ddfc4c8-d47c-3bd9-ade3-81b45cce6526', 239, 2541);
insert into Transaction (DTYPE, id, amount, balance, checkNo, date, description, externalId, initialBalance, memo, ref, status, type, uuid, account_id, transfer_id, custom) values('InternalTransaction', 2539, -308.00, 4233.58, '', '2010-03-23', 'Transfer to Taxes', 'null', false, '', '', 2, 1, '5c758395-828f-32fa-b910-0672b6b3356d', 229, 2609, false);
insert into Split (id, amount, uuid, envelope_id, transaction_id) values(2540, -308.00, '8cddc714-8f69-3801-a0f0-6fcc23da6900', 293, 2539);
insert into Transaction (DTYPE, id, amount, balance, checkNo, date, description, externalId, initialBalance, memo, ref, status, type, uuid, account_id, transfer_id, custom) values('InternalTransaction', 2543, -13.85, 1021.41, '', '2009-11-09', 'SPROUTS FARMERS MKT # 0 460613', '200911095', false, '11/07SPROUTS F', '', 2, 1, 'b4129903-25a5-3f3a-9844-e368a3fc3905', 229, null, false);
insert into Split (id, amount, uuid, envelope_id, transaction_id) values(2544, -13.85, 'fccd9c6d-af64-3ee0-8767-83f2df8093d2', 238, 2543);
insert into Transaction (DTYPE, id, amount, balance, checkNo, date, description, externalId, initialBalance, memo, ref, status, type, uuid, account_id, transfer_id, custom) values('InternalTransaction', 2545, -2.00, 339.29, '', '2010-04-28', 'NON-CHASE ATM FEE-WITH', '201004282', false, '', '', 1, 1, '67bcbfe3-ef91-39f8-b124-d7db13dbdaf3', 229, null, false);
insert into Split (id, amount, uuid, envelope_id, transaction_id) values(2546, -2.00, 'c5980339-ea55-37d8-bae3-d232daf45ffd', 252, 2545);
insert into Transaction (DTYPE, id, amount, balance, checkNo, date, description, externalId, initialBalance, memo, ref, status, type, uuid, account_id, transfer_id, custom) values('InternalTransaction', 2547, 10.16, 10.16, '', '2010-03-20', 'Transfer from Available', 'null', false, '', '', 2, 0, '175f2917-eadd-3b16-a5e6-512e2124c5cf', 228, 1113, false);
insert into Split (id, amount, uuid, envelope_id, transaction_id) values(2548, 10.16, '5d5d255f-4390-336f-94ea-b84a7f14f22d', 270, 2547);
insert into Transaction (DTYPE, id, amount, balance, checkNo, date, description, externalId, initialBalance, memo, ref, status, type, uuid, account_id, transfer_id, custom) values('InternalTransaction', 2549, 31.10, 1478.59, '', '2010-04-06', 'Transfer from Available', 'null', false, '', '', 2, 0, '2a5960aa-cf96-3cfb-8523-727093f43412', 229, 585, false);
insert into Split (id, amount, uuid, envelope_id, transaction_id) values(2550, 31.10, '5df8111e-c6d0-3311-9cdb-d50f78ade485', 238, 2549);
insert into Transaction (DTYPE, id, amount, balance, checkNo, date, description, externalId, initialBalance, memo, ref, status, type, uuid, account_id, transfer_id, custom) values('InternalTransaction', 2551, -10.05, 1700.49, '', '2010-03-12', 'CHIPOTLE 1208 TEMPE AZ', '201003123', false, '03/11CHIPOTLE', '', 2, 1, 'a79200ff-9e1e-3fb0-b567-af52738a643b', 229, null, false);
insert into Split (id, amount, uuid, envelope_id, transaction_id) values(2552, -10.05, '92a018a9-5cb0-30d9-a2d6-cfacfda55137', 296, 2551);
insert into Transaction (DTYPE, id, amount, balance, checkNo, date, description, externalId, initialBalance, memo, ref, status, type, uuid, account_id, transfer_id, custom) values('InternalTransaction', 2553, -0.00, 2589.50, '', '2010-04-30', 'Transfer to VW Credit', 'null', false, '', '', 2, 1, '561f6d01-00c8-3e91-9e98-b67888b46082', 229, 881, false);
insert into Split (id, amount, uuid, envelope_id, transaction_id) values(2554, -0.00, 'a8ce3ad0-6de7-3ca6-aa21-0312fc4db213', 293, 2553);
insert into Transaction (DTYPE, id, amount, balance, checkNo, date, description, externalId, initialBalance, memo, ref, status, type, uuid, account_id, transfer_id, custom) values('InternalTransaction', 2555, -135.18, 722.05, '', '2010-01-05', 'STATE FARM RO 27 SFPP', '201001052', false, 'PPD ID: 9000307001', '', 2, 1, '2f111e2f-500a-3457-8cd1-c1807354f4eb', 229, null, false);
insert into Split (id, amount, uuid, envelope_id, transaction_id) values(2556, -135.18, 'b6a300a4-8c20-3a32-aeba-6280cc8bb244', 291, 2555);
insert into Transaction (DTYPE, id, amount, balance, checkNo, date, description, externalId, initialBalance, memo, ref, status, type, uuid, account_id, transfer_id, custom) values('InternalTransaction', 2561, 40.79, 4017.78, '', '2010-02-19', 'Transfer from Available', 'null', false, '', '', 2, 0, '0fa35f64-5a05-3a26-a988-782d64636c5c', 229, 387, false);
insert into Split (id, amount, uuid, envelope_id, transaction_id) values(2562, 40.79, 'c6765032-56a2-390a-9e22-78bd6dee5284', 273, 2561);
insert into Transaction (DTYPE, id, amount, balance, checkNo, date, description, externalId, initialBalance, memo, ref, status, type, uuid, account_id, transfer_id, custom) values('InternalTransaction', 2559, 165.38, 165.38, '', '2010-02-28', 'Transfer from Unassigned', 'null', false, '', '', 2, 0, '8cc32b77-375c-3e14-9de5-138de2237383', 228, 3110, false);
insert into Split (id, amount, uuid, envelope_id, transaction_id) values(2560, 165.38, 'edee897c-6c9e-3d38-aa75-7628004d1995', 249, 2559);
insert into Transaction (DTYPE, id, amount, balance, checkNo, date, description, externalId, initialBalance, memo, ref, status, type, uuid, account_id, transfer_id, custom) values('InternalTransaction', 2557, -15.95, 4023.11, '', '2010-04-16', 'Transfer to Sirius', 'null', false, '', '', 2, 1, '580b10b6-ca2b-3aab-9854-f6a64af8bd12', 229, 1137, false);
insert into Split (id, amount, uuid, envelope_id, transaction_id) values(2558, -15.95, '300ed002-c8fc-3617-9db2-84ca32c79b10', 293, 2557);
insert into Transaction (DTYPE, id, amount, balance, checkNo, date, description, externalId, initialBalance, memo, ref, status, type, uuid, account_id, transfer_id, custom) values('InternalTransaction', 2563, -60.52, 1748.10, '', '2010-01-11', 'BARCLAYCARD US CREDITCARD 8091', '201001117', false, '8847 WEB ID: 2510407970', '', 2, 1, 'bcada5b7-bc13-3cba-8d1c-a7f9cf6c55cc', 229, null, false);
insert into Split (id, amount, uuid, envelope_id, transaction_id) values(2564, -60.52, '5b35ea12-3d41-34ed-916c-e1fe7273bde2', 242, 2563);
insert into Transaction (DTYPE, id, amount, balance, checkNo, date, description, externalId, initialBalance, memo, ref, status, type, uuid, account_id, transfer_id, custom) values('InternalTransaction', 2565, -38.61, 1468.43, '', '2010-02-11', 'CIRCLE K #9158 MESA AZ 449520', '201002111', false, '02/10CIRCLE K', '', 2, 1, '72888ecd-0c48-31db-a6c5-ed899441e880', 229, null, false);
insert into Split (id, amount, uuid, envelope_id, transaction_id) values(2566, -38.61, 'a26c3165-aa3e-35c0-a537-81ae70dd6b84', 252, 2565);
insert into Transaction (DTYPE, id, amount, balance, checkNo, date, description, externalId, initialBalance, memo, ref, status, type, uuid, account_id, transfer_id, custom) values('InternalTransaction', 2569, 49.23, 49.23, '', '2010-04-08', 'Transfer from Spending', 'null', false, '', '', 2, 0, '3d4ecfc8-b869-34e9-8965-c56972cd4f7b', 228, 2860, false);
insert into Split (id, amount, uuid, envelope_id, transaction_id) values(2570, 49.23, 'eb6e081a-a560-3cf8-b49e-476f2cd63fc9', 293, 2569);
insert into Transaction (DTYPE, id, amount, balance, checkNo, date, description, externalId, initialBalance, memo, ref, status, type, uuid, account_id, transfer_id, custom) values('InternalTransaction', 2567, 24.90, 1588.73, '', '2010-02-16', 'Transfer from Available', 'null', false, '', '', 0, 0, 'e796b782-50e4-3bdd-b164-debd01bf4d33', 229, 879, false);
insert into Split (id, amount, uuid, envelope_id, transaction_id) values(2568, 24.90, '60f42645-8780-30a6-814f-7cb26d47fc2b', 244, 2567);
insert into Transaction (DTYPE, id, amount, balance, checkNo, date, description, externalId, initialBalance, memo, ref, status, type, uuid, account_id, transfer_id, custom) values('InternalTransaction', 2573, -1.11, 2608.74, '', '2010-04-19', 'QT 400 TEMPE AZ 567217', '201004193', false, '04/16QT 400 TE', '', 2, 1, '4050e8f3-e6b4-3f4e-a540-768f1c44fba5', 229, null, false);
insert into Split (id, amount, uuid, envelope_id, transaction_id) values(2574, -1.11, 'a6296723-6547-3082-9be4-e46e1ea9dd85', 252, 2573);
insert into Transaction (DTYPE, id, amount, balance, checkNo, date, description, externalId, initialBalance, memo, ref, status, type, uuid, account_id, transfer_id, custom) values('InternalTransaction', 2571, -275.00, 0.00, '', '2010-03-23', 'Transfer to Moving', 'null', false, '', '', 2, 1, 'a356dac8-708d-3f92-844f-7e257cf0f3f1', 228, 2655, false);
insert into Split (id, amount, uuid, envelope_id, transaction_id) values(2572, -275.00, '867aad74-1ef4-3710-9642-17df65e0da5d', 293, 2571);
insert into Transaction (DTYPE, id, amount, balance, checkNo, date, description, externalId, initialBalance, memo, ref, status, type, uuid, account_id, transfer_id, custom) values('InternalTransaction', 2575, 347.62, 11629.03, '', '2010-02-16', 'Transfer from Available', 'null', false, '', '', 0, 0, 'b4a663cb-e592-3814-83d1-c8beb4793403', 229, 1359, false);
insert into Split (id, amount, uuid, envelope_id, transaction_id) values(2576, 347.62, 'bd94df06-bc30-3f3e-9d48-eb5975c6ce83', 294, 2575);
insert into Transaction (DTYPE, id, amount, balance, checkNo, date, description, externalId, initialBalance, memo, ref, status, type, uuid, account_id, transfer_id, custom) values('InternalTransaction', 2577, 292.74, 1881.47, '', '2010-02-16', 'Transfer from Available', 'null', false, '', '', 0, 0, '726981c8-994f-37a9-b5e5-5cf0984c74f0', 229, 2956, false);
insert into Split (id, amount, uuid, envelope_id, transaction_id) values(2578, 292.74, 'a4419c29-8827-3975-915f-cd99a15be411', 280, 2577);
insert into Transaction (DTYPE, id, amount, balance, checkNo, date, description, externalId, initialBalance, memo, ref, status, type, uuid, account_id, transfer_id, custom) values('InternalTransaction', 2579, -9.74, 1170.04, '', '2010-02-15', 'WALGREEN', '201002166', false, '', '', 2, 1, '6fc5e131-3e34-34cd-9ec5-a550902fbb4f', 229, null, false);
insert into Split (id, amount, uuid, envelope_id, transaction_id) values(2580, -9.74, '82619c7f-8b6b-3b80-afd7-98da110b73b7', 277, 2579);
insert into Transaction (DTYPE, id, amount, balance, checkNo, date, description, externalId, initialBalance, memo, ref, status, type, uuid, account_id, transfer_id, custom) values('InternalTransaction', 2581, -69.24, 0.00, '', '2010-04-29', 'Transfer to New Car', 'null', false, '', '', 2, 1, '74e6b5d1-d2b8-39aa-a636-c6739cfd8e7c', 228, 1279, false);
insert into Split (id, amount, uuid, envelope_id, transaction_id) values(2582, -69.24, 'b7d61003-7eb7-3abb-ac44-ef0aa0d0579d', 294, 2581);
insert into Transaction (DTYPE, id, amount, balance, checkNo, date, description, externalId, initialBalance, memo, ref, status, type, uuid, account_id, transfer_id, custom) values('InternalTransaction', 2587, -5.77, 3720.69, '', '2010-04-02', 'Transfer to Auto Registration', 'null', false, '', '', 2, 1, '1498697f-e3ac-3d8a-afa4-d10aaa5098e6', 229, 2143, false);
insert into Split (id, amount, uuid, envelope_id, transaction_id) values(2588, -5.77, '836109d1-cb56-35e0-a32f-66416de45bd3', 293, 2587);
insert into Transaction (DTYPE, id, amount, balance, checkNo, date, description, externalId, initialBalance, memo, ref, status, type, uuid, account_id, transfer_id, custom) values('InternalTransaction', 2585, 10.26, 10.26, '', '2010-03-11', 'Transfer from Available', 'null', false, '', '', 2, 0, '63dd0cf9-7f58-3bb8-a3f7-4e0ad9fc98ba', 228, 2137, false);
insert into Split (id, amount, uuid, envelope_id, transaction_id) values(2586, 10.26, '826a64a3-5298-36ae-a10d-3e58998f6fbb', 296, 2585);
insert into Transaction (DTYPE, id, amount, balance, checkNo, date, description, externalId, initialBalance, memo, ref, status, type, uuid, account_id, transfer_id, custom) values('InternalTransaction', 2583, -10.00, 6319.73, '', '2010-03-19', 'Transfer to Auto Maintenance', 'null', false, '', '', 2, 1, 'cb5624f0-3e83-373c-9640-04e7c7d0929e', 229, 1127, false);
insert into Split (id, amount, uuid, envelope_id, transaction_id) values(2584, -10.00, '2813864d-3083-3fc5-bac1-f2b1fbc34b6d', 293, 2583);
insert into Transaction (DTYPE, id, amount, balance, checkNo, date, description, externalId, initialBalance, memo, ref, status, type, uuid, account_id, transfer_id, custom) values('InternalTransaction', 2589, -35.51, 5169.51, '', '2010-03-19', 'Transfer to New Car', 'null', false, '', '', 2, 1, 'f817e2ed-bbe0-34cd-99fc-518217ed8699', 229, 2049, false);
insert into Split (id, amount, uuid, envelope_id, transaction_id) values(2590, -35.51, '52b19758-ec02-34f4-8812-12b4c580a912', 293, 2589);
insert into Transaction (DTYPE, id, amount, balance, checkNo, date, description, externalId, initialBalance, memo, ref, status, type, uuid, account_id, transfer_id, custom) values('InternalTransaction', 2593, -39.70, 5383.76, '', '2009-12-11', 'LOWE''S #1204 PHOENIX AZ 945841', '200912116', false, '12/10LOWE''S #1', '', 2, 1, '310ef368-1822-3440-8234-e3ce6e271c68', 229, null, false);
insert into Split (id, amount, uuid, envelope_id, transaction_id) values(2594, -39.70, '58638a6a-b06c-36ca-943f-d2ca7d3caa20', 239, 2593);
insert into Transaction (DTYPE, id, amount, balance, checkNo, date, description, externalId, initialBalance, memo, ref, status, type, uuid, account_id, transfer_id, custom) values('InternalTransaction', 2591, -80.00, 5053.26, '', '2010-04-16', 'Transfer to Auto Fuel', 'null', false, '', '', 2, 1, '555b7f7d-08b4-3d08-b59d-ff0de471dd06', 229, 1565, false);
insert into Split (id, amount, uuid, envelope_id, transaction_id) values(2592, -80.00, '27dfb6f0-74a9-3813-b03b-f3fc3a1d2387', 293, 2591);
insert into Transaction (DTYPE, id, amount, balance, checkNo, date, description, externalId, initialBalance, memo, ref, status, type, uuid, account_id, transfer_id, custom) values('InternalTransaction', 2597, 0.31, 1563.33, '', '2010-04-20', 'TD AMERITRADE ACH MICRO', '201004200', false, 'PPD ID: 4470533629', '', 2, 0, 'd41fb359-68a8-3ea7-8798-7f19bd4bfc54', 229, null, false);
insert into Split (id, amount, uuid, envelope_id, transaction_id) values(2598, 0.31, '54c8be1b-929b-30ec-a062-c4539d14c08f', 252, 2597);
insert into Transaction (DTYPE, id, amount, balance, checkNo, date, description, externalId, initialBalance, memo, ref, status, type, uuid, account_id, transfer_id, custom) values('InternalTransaction', 2595, -17.49, 5966.21, '', '2010-03-05', 'Transfer to 24 Hour Fitness', 'null', false, '', '', 2, 1, 'b71290de-0878-3864-99a7-928c069f96ea', 229, 1253, false);
insert into Split (id, amount, uuid, envelope_id, transaction_id) values(2596, -17.49, 'c452b012-43d1-3eaa-b922-9b5fa070207c', 293, 2595);
insert into Transaction (DTYPE, id, amount, balance, checkNo, date, description, externalId, initialBalance, memo, ref, status, type, uuid, account_id, transfer_id, custom) values('InternalTransaction', 2603, -10.00, 3726.46, '', '2010-04-02', 'Transfer to Auto Maintenance', 'null', false, '', '', 2, 1, '7256175e-f152-3c66-94c0-43e06abd8ff6', 229, 2906, false);
insert into Split (id, amount, uuid, envelope_id, transaction_id) values(2604, -10.00, '98036b5a-1e4d-3715-84c2-0b3ed5338ddf', 293, 2603);
insert into Transaction (DTYPE, id, amount, balance, checkNo, date, description, externalId, initialBalance, memo, ref, status, type, uuid, account_id, transfer_id, custom) values('InternalTransaction', 2601, -175.00, 4502.61, '', '2009-11-30', 'IRS USATAXPYMT 2709', '200911301', false, '73400908051 WEB ID: 3387702000', '', 2, 1, 'eab309d8-7805-3d67-8c04-ac6deefa055c', 229, null, false);
insert into Split (id, amount, uuid, envelope_id, transaction_id) values(2602, -175.00, 'f6d5f2bf-36cc-3967-beb0-55769709ad84', 275, 2601);
insert into Transaction (DTYPE, id, amount, balance, checkNo, date, description, externalId, initialBalance, memo, ref, status, type, uuid, account_id, transfer_id, custom) values('InternalTransaction', 2599, 150.00, 4234.13, '', '2010-04-16', 'Transfer from Available', 'null', false, '', '', 2, 0, '32f579fe-479c-386a-a3b5-6d9c525018c6', 229, 1621, false);
insert into Split (id, amount, uuid, envelope_id, transaction_id) values(2600, 150.00, '8b07af18-2530-316d-aa6b-bec638631e1a', 238, 2599);
insert into Transaction (DTYPE, id, amount, balance, checkNo, date, description, externalId, initialBalance, memo, ref, status, type, uuid, account_id, transfer_id, custom) values('InternalTransaction', 2607, 14.95, 12920.53, '', '2010-02-16', 'Transfer from Available', 'null', false, '', '', 0, 0, 'd33fd859-0c10-37f2-84a6-751716a7afdb', 229, 1659, false);
insert into Split (id, amount, uuid, envelope_id, transaction_id) values(2608, 14.95, '1960f8c5-27cd-3b06-9397-481cb4806d48', 268, 2607);
insert into Transaction (DTYPE, id, amount, balance, checkNo, date, description, externalId, initialBalance, memo, ref, status, type, uuid, account_id, transfer_id, custom) values('InternalTransaction', 2605, 59.44, 59.44, '', '2010-03-27', 'Transfer from Spending', 'null', false, '', '', 2, 0, 'ad6eabe3-2925-3311-a346-692d18e7afbd', 228, 735, false);
insert into Split (id, amount, uuid, envelope_id, transaction_id) values(2606, 59.44, 'cf0de198-5a13-38bc-adef-d9e59e8315f9', 293, 2605);
insert into Transaction (DTYPE, id, amount, balance, checkNo, date, description, externalId, initialBalance, memo, ref, status, type, uuid, account_id, transfer_id, custom) values('InternalTransaction', 2611, -40.79, 5529.59, '', '2010-03-05', 'Transfer to Directv', 'null', false, '', '', 2, 1, '8dc5e538-f8e3-3393-aa1d-04b9a3ce9ff2', 229, 1607, false);
insert into Split (id, amount, uuid, envelope_id, transaction_id) values(2612, -40.79, '865d88b4-a131-3c43-8de4-f2683ec3e09a', 293, 2611);
insert into Transaction (DTYPE, id, amount, balance, checkNo, date, description, externalId, initialBalance, memo, ref, status, type, uuid, account_id, transfer_id, custom) values('InternalTransaction', 2609, 308.00, 4601.58, '', '2010-03-23', 'Transfer from Available', 'null', false, '', '', 2, 0, '30929ff0-0db1-30cc-bf22-b3bbe4975411', 229, 2539, false);
insert into Split (id, amount, uuid, envelope_id, transaction_id) values(2610, 308.00, 'b227cc71-1fed-373b-8422-0b5ce600fb32', 275, 2609);
insert into Transaction (DTYPE, id, amount, balance, checkNo, date, description, externalId, initialBalance, memo, ref, status, type, uuid, account_id, transfer_id, custom) values('InternalTransaction', 2613, -163.00, 5256.83, '', '2010-03-19', 'Transfer to Lofts @ Arcadia', 'null', false, '', '', 2, 1, '0d294dd3-692c-3ea4-a4e9-3f37612ec8ad', 229, 1061, false);
insert into Split (id, amount, uuid, envelope_id, transaction_id) values(2614, -163.00, '3cc7b306-703d-38f5-b6e5-890fe06a4e94', 293, 2613);
insert into Transaction (DTYPE, id, amount, balance, checkNo, date, description, externalId, initialBalance, memo, ref, status, type, uuid, account_id, transfer_id, custom) values('InternalTransaction', 2615, 1504.76, 1504.76, '', '2009-10-27', 'Initial Balance', 'null', true, '', '', 2, 0, '1d727567-1fcb-3e69-9f84-2a6d2e71bc9d', 229, null, false);
insert into Split (id, amount, uuid, envelope_id, transaction_id) values(2616, 1504.76, '55b4e751-2e2a-3a1a-adaf-6cfb1783e8d4', 293, 2615);
insert into Transaction (DTYPE, id, amount, balance, checkNo, date, description, externalId, initialBalance, memo, ref, status, type, uuid, account_id, transfer_id, custom) values('InternalTransaction', 2617, -208.00, 6417.07, '', '2010-02-16', 'Transfer to Massage Envy', 'null', false, '', '', 0, 1, '7e19d2ea-9213-3a0e-990b-9252be893fec', 229, 849, false);
insert into Split (id, amount, uuid, envelope_id, transaction_id) values(2618, -208.00, 'f96c619b-a5d7-3ebc-8303-7b77b5ac751c', 293, 2617);
insert into Transaction (DTYPE, id, amount, balance, checkNo, date, description, externalId, initialBalance, memo, ref, status, type, uuid, account_id, transfer_id, custom) values('InternalTransaction', 2623, 106.88, 106.88, '', '2010-03-30', 'Transfer from Available', 'null', false, '', '', 2, 0, '0a2d27cf-90fb-3fb7-a9bb-be5ad5c0b4b0', 228, 1441, false);
insert into Split (id, amount, uuid, envelope_id, transaction_id) values(2624, 106.88, '40622379-ba01-3ca7-8272-02ebd706161c', 248, 2623);
insert into Transaction (DTYPE, id, amount, balance, checkNo, date, description, externalId, initialBalance, memo, ref, status, type, uuid, account_id, transfer_id, custom) values('InternalTransaction', 2621, 50.00, 3661.83, '', '2010-02-08', 'INTOWN SUITES MCDOWELL P', '201002080', false, '02/05INTOWN SU', '', 2, 0, '2bf0e9c8-c49c-35fc-9eda-fcc1edb5d88b', 229, null, false);
insert into Split (id, amount, uuid, envelope_id, transaction_id) values(2622, 50.00, 'c8e1ebed-d302-324c-a360-ce3994218036', 293, 2621);
insert into Transaction (DTYPE, id, amount, balance, checkNo, date, description, externalId, initialBalance, memo, ref, status, type, uuid, account_id, transfer_id, custom) values('InternalTransaction', 2619, -15.00, 2327.59, '267', '2010-02-23', 'Dr Bowley', '201002232', false, '', '', 2, 1, '3e436ed7-a448-397e-95aa-4f1523dbb79a', 229, null, false);
insert into Split (id, amount, uuid, envelope_id, transaction_id) values(2620, -15.00, '4f1f3669-7281-3258-820c-ab8ecc668291', 287, 2619);
insert into Transaction (DTYPE, id, amount, balance, checkNo, date, description, externalId, initialBalance, memo, ref, status, type, uuid, account_id, transfer_id, custom) values('InternalTransaction', 2627, -11.15, 1226.28, '', '2010-04-26', 'STARBUCKS USA 00096230 T', '201004263', false, '04/23STARBUCKS', '', 1, 1, 'ac6e2924-041e-3340-88c0-f90f7bd7827f', 229, null, false);
insert into Split (id, amount, uuid, envelope_id, transaction_id) values(2628, -11.15, 'c46a1a05-5008-3841-abd7-4da2257d6f7f', 270, 2627);
insert into Transaction (DTYPE, id, amount, balance, checkNo, date, description, externalId, initialBalance, memo, ref, status, type, uuid, account_id, transfer_id, custom) values('InternalTransaction', 2625, -19.15, 5308.97, '', '2009-12-11', 'SOU THE HOME DEPOT 8618 139350', '200912119', false, '12/10SOU THE H', '', 2, 1, 'ded4f9b8-766c-332a-a78d-2ce4604559a4', 229, null, false);
insert into Split (id, amount, uuid, envelope_id, transaction_id) values(2626, -19.15, 'f03d0bdf-8cef-3ec6-bd12-67264f7d5c70', 239, 2625);
insert into Transaction (DTYPE, id, amount, balance, checkNo, date, description, externalId, initialBalance, memo, ref, status, type, uuid, account_id, transfer_id, custom) values('InternalTransaction', 2629, 5.00, 5.00, '', '2010-02-25', 'Transfer from Spending', 'null', false, '', '', 2, 0, 'bdddbc32-2509-318a-9e52-72b1ce59324e', 228, 689, false);
insert into Split (id, amount, uuid, envelope_id, transaction_id) values(2630, 5.00, '7b2408e9-b63b-359f-8473-87457b8613a4', 287, 2629);
insert into Transaction (DTYPE, id, amount, balance, checkNo, date, description, externalId, initialBalance, memo, ref, status, type, uuid, account_id, transfer_id, custom) values('InternalTransaction', 2631, -79.88, 2555.68, '', '2010-04-05', 'SPROUTS FARMERS MKT # 0', '201004056', false, '04/03SPROUTS F Purcha', '', 2, 1, '7ba411dd-45af-34b6-84ca-7b4fb1cb7dbf', 229, null, false);
insert into Split (id, amount, uuid, envelope_id, transaction_id) values(2632, -79.88, 'b22beabb-cf56-3e4d-a226-3ce63a342b28', 238, 2631);
insert into Transaction (DTYPE, id, amount, balance, checkNo, date, description, externalId, initialBalance, memo, ref, status, type, uuid, account_id, transfer_id, custom) values('InternalTransaction', 2635, -48.90, 0.00, '', '2010-03-03', 'Transfer to PS', 'null', false, '', '', 2, 1, '5367c663-d8bc-3359-a160-07bc84d5691b', 228, 1721, false);
insert into Split (id, amount, uuid, envelope_id, transaction_id) values(2636, -48.90, 'dbacc35e-0a66-32dd-8276-35d93fe5702b', 264, 2635);
insert into Transaction (DTYPE, id, amount, balance, checkNo, date, description, externalId, initialBalance, memo, ref, status, type, uuid, account_id, transfer_id, custom) values('InternalTransaction', 2633, -60.47, 2645.85, '', '2010-04-05', 'WHOLE FOODS MARK 5120 S 610486', '201004054', false, '04/03WHOLE FOO', '', 2, 1, '4351da8e-0695-38e3-976a-b5f1535a7262', 229, null, false);
insert into Split (id, amount, uuid, envelope_id, transaction_id) values(2634, -60.47, 'a11ade39-9975-3075-b08f-60f7898931ed', 238, 2633);
insert into Transaction (DTYPE, id, amount, balance, checkNo, date, description, externalId, initialBalance, memo, ref, status, type, uuid, account_id, transfer_id, custom) values('InternalTransaction', 2637, -23.77, null, '', '2010-03-30', 'RADIO SHACK TEMPE AZ 625261', '201003301', false, '03/29RADIO SHA', '', 2, 1, '5b2269f2-5814-316b-9f61-383908d06ad1', 229, null, false);
insert into Split (id, amount, uuid, envelope_id, transaction_id) values(2638, -23.77, 'fcf61aad-5f2b-351f-ac04-9fdca914c3b8', 252, 2637);
insert into Transaction (DTYPE, id, amount, balance, checkNo, date, description, externalId, initialBalance, memo, ref, status, type, uuid, account_id, transfer_id, custom) values('InternalTransaction', 2639, -4.81, 2072.28, '', '2009-11-04', 'SPROUTS FARMERS MKT # 0 064651', '200911044', false, '11/03SPROUTS F', '', 2, 1, '6b6b7c19-249f-33de-acf9-81e4cfdd3733', 229, null, false);
insert into Split (id, amount, uuid, envelope_id, transaction_id) values(2640, -4.81, 'bb1daecf-b885-3d18-8ec2-148be4526790', 238, 2639);
insert into Transaction (DTYPE, id, amount, balance, checkNo, date, description, externalId, initialBalance, memo, ref, status, type, uuid, account_id, transfer_id, custom) values('InternalTransaction', 2643, -60.00, 1316.83, '', '2010-04-07', 'CVSPHARMACY #9205 Q03 T', '201004070', false, '04/05CVSPHARMA', '', 2, 1, '38ac29b6-f603-3c3f-9099-21b0cedb2f78', 229, null, false);
insert into Split (id, amount, uuid, envelope_id, transaction_id) values(2644, -60.00, 'a843ae53-2cf9-3657-a56e-74c7cf227851', 287, 2643);
insert into Transaction (DTYPE, id, amount, balance, checkNo, date, description, externalId, initialBalance, memo, ref, status, type, uuid, account_id, transfer_id, custom) values('InternalTransaction', 2641, -13.99, 851.28, '', '2010-03-05', 'Transfer to Arrowhead Water', 'null', false, '', '', 2, 1, '7f69707e-0cd0-3b39-8cf9-e5f44682ed76', 229, 1903, false);
insert into Split (id, amount, uuid, envelope_id, transaction_id) values(2642, -13.99, '219ae5dc-4264-3c00-b27d-b7f6d10668a0', 293, 2641);
insert into Transaction (DTYPE, id, amount, balance, checkNo, date, description, externalId, initialBalance, memo, ref, status, type, uuid, account_id, transfer_id, custom) values('InternalTransaction', 2645, -0.00, 2596.96, '', '2010-04-02', 'Transfer to Lofts @ Arcadia', 'null', false, '', '', 2, 1, '2c6d92f5-c88c-3c86-996e-b8ce69f3bb39', 229, 2241, false);
insert into Split (id, amount, uuid, envelope_id, transaction_id) values(2646, -0.00, '31c04f10-356d-3efc-8627-7ed9a0dd00c0', 293, 2645);
insert into Transaction (DTYPE, id, amount, balance, checkNo, date, description, externalId, initialBalance, memo, ref, status, type, uuid, account_id, transfer_id, custom) values('InternalTransaction', 2647, -981.06, 0.00, '', '2010-03-05', 'Transfer to Credit Cards', 'null', false, '', '', 2, 1, 'dd660d08-b758-308d-9c3a-b5c1b543fe60', 228, 417, false);
insert into Split (id, amount, uuid, envelope_id, transaction_id) values(2648, -981.06, '8f3a6ab7-65d4-3a9b-bdeb-bff2eb85e4c6', 293, 2647);
insert into Transaction (DTYPE, id, amount, balance, checkNo, date, description, externalId, initialBalance, memo, ref, status, type, uuid, account_id, transfer_id, custom) values('InternalTransaction', 2649, -1040.00, 17885.64, '', '2010-02-16', 'Transfer to ATM Withdrawls', 'null', false, '', '', 0, 1, 'afbca80e-ad81-33e3-b65a-52d278ae0037', 229, 2693, false);
insert into Split (id, amount, uuid, envelope_id, transaction_id) values(2650, -1040.00, '39d7d75f-2f34-3988-9f87-17797f44f00e', 293, 2649);
insert into Transaction (DTYPE, id, amount, balance, checkNo, date, description, externalId, initialBalance, memo, ref, status, type, uuid, account_id, transfer_id, custom) values('InternalTransaction', 2651, 11.52, 11.52, '', '2010-04-29', 'Transfer from Car Wash', 'null', false, '', '', 2, 0, 'a6662d97-fa98-3607-a144-6206773a1902', 228, 2443, false);
insert into Split (id, amount, uuid, envelope_id, transaction_id) values(2652, 11.52, '6c965894-bb94-3e83-a245-03fbce6ed4b3', 245, 2651);
insert into Transaction (DTYPE, id, amount, balance, checkNo, date, description, externalId, initialBalance, memo, ref, status, type, uuid, account_id, transfer_id, custom) values('InternalTransaction', 2653, 23.77, 23.77, '', '2010-03-31', 'Transfer from Household', 'null', false, '', '', 2, 0, '255bf423-af64-32a7-bc34-c2eb2f31f4a4', 228, 993, false);
insert into Split (id, amount, uuid, envelope_id, transaction_id) values(2654, 23.77, '370856c9-78f0-35a7-9431-060f1e3eb20c', 252, 2653);
insert into Transaction (DTYPE, id, amount, balance, checkNo, date, description, externalId, initialBalance, memo, ref, status, type, uuid, account_id, transfer_id, custom) values('InternalTransaction', 2655, 275.00, 275.00, '', '2010-03-23', 'Transfer from Available', 'null', false, '', '', 2, 0, '0bdf1aac-6ed0-3b05-8ce8-83de123fea50', 228, 2571, false);
insert into Split (id, amount, uuid, envelope_id, transaction_id) values(2656, 275.00, '375e7c94-c44e-381e-9c4a-02e98789fa1a', 248, 2655);
insert into Transaction (DTYPE, id, amount, balance, checkNo, date, description, externalId, initialBalance, memo, ref, status, type, uuid, account_id, transfer_id, custom) values('InternalTransaction', 2657, -534.00, 3561.38, '', '2009-11-23', 'CNS IKEA TEMPE 9328 789139', '200911231', false, '11/21CNS IKEA', '', 2, 1, '672c2e2d-b041-365a-a10c-ff2c87da42ff', 229, null, false);
insert into Split (id, amount, uuid, envelope_id, transaction_id) values(2658, -534.00, '716e73d3-8f14-3d40-9f63-00acc86cbf67', 235, 2657);
insert into Transaction (DTYPE, id, amount, balance, checkNo, date, description, externalId, initialBalance, memo, ref, status, type, uuid, account_id, transfer_id, custom) values('InternalTransaction', 2659, -30.00, 1844.35, '', '2010-02-10', 'C AND C THERAPEUTIC SER', '201002100', false, '02/09C AND C T', '', 2, 1, 'ec1ab69c-fb45-39ad-9503-bead04bfcb36', 229, null, false);
insert into Split (id, amount, uuid, envelope_id, transaction_id) values(2660, -30.00, '01242bac-8181-344c-8d21-26b853027d12', 287, 2659);
insert into Transaction (DTYPE, id, amount, balance, checkNo, date, description, externalId, initialBalance, memo, ref, status, type, uuid, account_id, transfer_id, custom) values('InternalTransaction', 2663, -150.00, 4956.94, '', '2010-03-05', 'Transfer to Groceries', 'null', false, '', '', 2, 1, 'b2cc4d2d-2321-342b-953f-04b5520d897e', 229, 3152, false);
insert into Split (id, amount, uuid, envelope_id, transaction_id) values(2664, -150.00, '4bd51861-0456-385c-967a-f5757c48be11', 293, 2663);
insert into Transaction (DTYPE, id, amount, balance, checkNo, date, description, externalId, initialBalance, memo, ref, status, type, uuid, account_id, transfer_id, custom) values('InternalTransaction', 2661, -4.97, 5104.24, '', '2010-02-19', 'Transfer to Chase Bank', 'null', false, '', '', 2, 1, 'ce78d5f8-f01e-371d-9784-5130d0f346c0', 229, 865, false);
insert into Split (id, amount, uuid, envelope_id, transaction_id) values(2662, -4.97, 'd86fdda1-4d83-35a8-aa3e-4668e66c410d', 293, 2661);
insert into Transaction (DTYPE, id, amount, balance, checkNo, date, description, externalId, initialBalance, memo, ref, status, type, uuid, account_id, transfer_id, custom) values('InternalTransaction', 2665, -898.38, 1135.04, '', '2010-02-16', 'Transfer to Spending', 'null', false, '', '', 0, 1, 'e59adca9-87e0-3c7c-96b8-3746851d3339', 229, 1543, false);
insert into Split (id, amount, uuid, envelope_id, transaction_id) values(2666, -898.38, '195952e3-ac96-3a9b-8e4d-6687fd6becd7', 293, 2665);
insert into Transaction (DTYPE, id, amount, balance, checkNo, date, description, externalId, initialBalance, memo, ref, status, type, uuid, account_id, transfer_id, custom) values('InternalTransaction', 2667, -38.03, 7273.03, '', '2010-03-20', '7-ELEVEN', '201003229', false, '', '', 2, 1, 'b580a3f6-4163-355d-b83f-369b1d48679b', 229, null, false);
insert into Split (id, amount, uuid, envelope_id, transaction_id) values(2668, -38.03, '0f74ba3c-596e-33a1-82bf-3c7b20f44f57', 253, 2667);
insert into Transaction (DTYPE, id, amount, balance, checkNo, date, description, externalId, initialBalance, memo, ref, status, type, uuid, account_id, transfer_id, custom) values('InternalTransaction', 2671, 150.00, 3766.46, '', '2010-04-02', 'Transfer from Available', 'null', false, '', '', 2, 0, '8d607aa3-3ef0-325d-9e4f-4f14772fabe6', 229, 2940, false);
insert into Split (id, amount, uuid, envelope_id, transaction_id) values(2672, 150.00, '216918e7-7d59-38f8-a3a6-2701a14f795b', 238, 2671);
insert into Transaction (DTYPE, id, amount, balance, checkNo, date, description, externalId, initialBalance, memo, ref, status, type, uuid, account_id, transfer_id, custom) values('InternalTransaction', 2669, 17.44, 17.44, '', '2010-04-29', 'Transfer from Personal Care', 'null', false, '', '', 2, 0, '61876f89-d0b1-3673-889e-fa44c60bce34', 228, 2908, false);
insert into Split (id, amount, uuid, envelope_id, transaction_id) values(2670, 17.44, '56f4014d-245d-3a56-8310-e102b1419758', 245, 2669);
insert into Transaction (DTYPE, id, amount, balance, checkNo, date, description, externalId, initialBalance, memo, ref, status, type, uuid, account_id, transfer_id, custom) values('InternalTransaction', 2673, 23.18, 6024.81, '', '2010-03-19', 'Transfer from Available', 'null', false, '', '', 2, 0, 'db4443d7-bcb1-36ae-a1c0-2ea25d1d40da', 229, 3008, false);
insert into Split (id, amount, uuid, envelope_id, transaction_id) values(2674, 23.18, '1ae3d9fa-9926-3302-878b-62f91d6d776e', 287, 2673);
insert into Transaction (DTYPE, id, amount, balance, checkNo, date, description, externalId, initialBalance, memo, ref, status, type, uuid, account_id, transfer_id, custom) values('InternalTransaction', 2677, 64.01, 6088.82, '', '2010-03-19', 'Transfer from Available', 'null', false, '', '', 2, 0, 'a0223249-a98a-3cb0-856e-f06d3cd4250a', 229, 803, false);
insert into Split (id, amount, uuid, envelope_id, transaction_id) values(2678, 64.01, '6acdffda-f5e4-307b-82e5-a1743a741968', 236, 2677);
insert into Transaction (DTYPE, id, amount, balance, checkNo, date, description, externalId, initialBalance, memo, ref, status, type, uuid, account_id, transfer_id, custom) values('InternalTransaction', 2675, -10.97, 5815.93, '', '2010-03-05', 'Transfer to Car Wash', 'null', false, '', '', 2, 1, '42642f51-10bc-30b5-9b5d-179ce200b461', 229, 897, false);
insert into Split (id, amount, uuid, envelope_id, transaction_id) values(2676, -10.97, 'fce00fd4-2568-34ce-8b64-7411f90abedf', 293, 2675);
insert into Transaction (DTYPE, id, amount, balance, checkNo, date, description, externalId, initialBalance, memo, ref, status, type, uuid, account_id, transfer_id, custom) values('InternalTransaction', 2683, -20.00, 3929.71, '', '2010-03-29', 'CIRCLE K 03747 TEMPE AZ 562969', '201003297', false, '03/27CIRCLE K', '', 2, 1, '9f0e15ec-b880-30f8-80ae-a786d4133874', 229, null, false);
insert into Split (id, amount, uuid, envelope_id, transaction_id) values(2684, -20.00, '79d493f1-d367-3e76-8b20-8ee2637df6d9', 250, 2683);
insert into Transaction (DTYPE, id, amount, balance, checkNo, date, description, externalId, initialBalance, memo, ref, status, type, uuid, account_id, transfer_id, custom) values('InternalTransaction', 2681, -76.90, 0.00, '', '2010-02-28', 'Transfer to Medical', 'null', false, '', '', 2, 1, '3564d36b-a30f-3dd3-bf32-fcd7b3102596', 228, 2928, false);
insert into Split (id, amount, uuid, envelope_id, transaction_id) values(2682, -76.90, 'c3c0b1f6-5b1a-3989-a290-eb86ac60baf2', 264, 2681);
insert into Transaction (DTYPE, id, amount, balance, checkNo, date, description, externalId, initialBalance, memo, ref, status, type, uuid, account_id, transfer_id, custom) values('InternalTransaction', 2679, 176.64, 2766.14, '', '2010-04-30', 'Transfer from Available', 'null', false, '', '', 2, 0, '4a2a1acd-20ca-3696-92d7-86adcdf35758', 229, 1291, false);
insert into Split (id, amount, uuid, envelope_id, transaction_id) values(2680, 176.64, '6bfb567a-9d1f-3ea7-bee4-c63c458c0638', 252, 2679);
insert into Transaction (DTYPE, id, amount, balance, checkNo, date, description, externalId, initialBalance, memo, ref, status, type, uuid, account_id, transfer_id, custom) values('InternalTransaction', 2685, -10.42, 2786.34, '', '2010-02-22', 'SPROUTS FARMERS MKT #7 P287066', '201002227', false, '02/21SPROUTS F', '', 2, 1, '9cfcd84e-ae6a-3968-bc16-1045bea579f6', 229, null, false);
insert into Split (id, amount, uuid, envelope_id, transaction_id) values(2686, -10.42, '0d2763a1-cb23-399d-83ed-7554e4f7b6e9', 238, 2685);
insert into Transaction (DTYPE, id, amount, balance, checkNo, date, description, externalId, initialBalance, memo, ref, status, type, uuid, account_id, transfer_id, custom) values('InternalTransaction', 2687, -25.00, 3815.26, '', '2010-02-19', 'Transfer to Personal Care', 'null', false, '', '', 2, 1, '93ed3c18-d30d-3c7b-a9e2-256b0ff41e3c', 229, 2942, false);
insert into Split (id, amount, uuid, envelope_id, transaction_id) values(2688, -25.00, '1d368429-aa44-3864-8b3d-ab1812d31b5b', 293, 2687);
insert into Transaction (DTYPE, id, amount, balance, checkNo, date, description, externalId, initialBalance, memo, ref, status, type, uuid, account_id, transfer_id, custom) values('InternalTransaction', 2691, -13.46, 2252.48, '', '2009-11-03', 'SPROUTS FARMERS MKT # 0 572663', '200911034', false, '11/02SPROUTS F', '', 2, 1, 'c1588e21-3dd5-36b0-9caf-0daa595f6369', 229, null, false);
insert into Split (id, amount, uuid, envelope_id, transaction_id) values(2692, -13.46, 'd1cb5ab2-1151-31ee-8df8-0718cdb41756', 238, 2691);
insert into Transaction (DTYPE, id, amount, balance, checkNo, date, description, externalId, initialBalance, memo, ref, status, type, uuid, account_id, transfer_id, custom) values('InternalTransaction', 2689, -51.93, 4529.93, '', '2009-12-14', 'BORDERS BKS&MU01000546 P', '2009121410', false, '12/12BORDERS B', '', 2, 1, '6da0273e-9fe8-3d8c-9322-37c9f855d236', 229, null, false);
insert into Split (id, amount, uuid, envelope_id, transaction_id) values(2690, -51.93, '4003e268-97b2-34e8-be0b-a6f17fdf4a71', 280, 2689);
insert into Transaction (DTYPE, id, amount, balance, checkNo, date, description, externalId, initialBalance, memo, ref, status, type, uuid, account_id, transfer_id, custom) values('InternalTransaction', 2695, -100.58, 1260.69, '', '2010-03-16', 'DTV*DIRECTV SERVICE 800-', '201003160', false, '03/15DTV*DIREC', '', 2, 1, 'a5822389-0f1f-32f9-8892-f3fc1cde183c', 229, null, false);
insert into Split (id, amount, uuid, envelope_id, transaction_id) values(2696, -100.58, 'f5fb069c-6f01-3a27-aba4-8afcc92832a4', 273, 2695);
insert into Transaction (DTYPE, id, amount, balance, checkNo, date, description, externalId, initialBalance, memo, ref, status, type, uuid, account_id, transfer_id, custom) values('InternalTransaction', 2693, 1040.00, 14608.20, '', '2010-02-16', 'Transfer from Available', 'null', false, '', '', 0, 0, '556dcf55-83ce-3f26-8b96-d081bb7564d1', 229, 2649, false);
insert into Split (id, amount, uuid, envelope_id, transaction_id) values(2694, 1040.00, 'acc93da0-22a4-3cb3-a9df-0b5d9faf33de', 276, 2693);
insert into Transaction (DTYPE, id, amount, balance, checkNo, date, description, externalId, initialBalance, memo, ref, status, type, uuid, account_id, transfer_id, custom) values('InternalTransaction', 2697, -10.16, 6968.55, '', '2010-03-20', 'DUNKIN DONUTS', '2010032213', false, '', '', 2, 1, '78e01421-9bb9-3b87-a603-9e897fee6ae3', 229, null, false);
insert into Split (id, amount, uuid, envelope_id, transaction_id) values(2698, -10.16, '4bf25794-f8b7-3ba8-a21e-d97ad5703611', 270, 2697);
insert into Transaction (DTYPE, id, amount, balance, checkNo, date, description, externalId, initialBalance, memo, ref, status, type, uuid, account_id, transfer_id, custom) values('InternalTransaction', 2701, -32.34, 5047.86, '', '2010-02-16', 'Transfer to Comics', 'null', false, '', '', 0, 1, '5edd922e-8b57-3950-b2a3-f50cfe66f170', 229, 1899, false);
insert into Split (id, amount, uuid, envelope_id, transaction_id) values(2702, -32.34, '2dfe9888-ef6c-33c0-b0dc-544940764842', 293, 2701);
insert into Transaction (DTYPE, id, amount, balance, checkNo, date, description, externalId, initialBalance, memo, ref, status, type, uuid, account_id, transfer_id, custom) values('InternalTransaction', 2699, -54.38, 0.00, '', '2010-03-27', 'Transfer to Available', 'null', false, '', '', 2, 1, '94924dc9-ba82-3131-a575-3ad17b9134f1', 228, 547, false);
insert into Split (id, amount, uuid, envelope_id, transaction_id) values(2700, -54.38, 'cf3c25fe-663e-3ee5-ba50-a174cd61914c', 264, 2699);
insert into Transaction (DTYPE, id, amount, balance, checkNo, date, description, externalId, initialBalance, memo, ref, status, type, uuid, account_id, transfer_id, custom) values('InternalTransaction', 2703, -640.00, 7592.57, '', '2010-02-16', 'Transfer to Housekeeping', 'null', false, '', '', 0, 1, '11a26464-015a-3c4f-9d4f-cb8bf010b893', 229, 619, false);
insert into Split (id, amount, uuid, envelope_id, transaction_id) values(2704, -640.00, '47e6982b-370e-34d0-9b7e-515c070891ce', 293, 2703);
insert into Transaction (DTYPE, id, amount, balance, checkNo, date, description, externalId, initialBalance, memo, ref, status, type, uuid, account_id, transfer_id, custom) values('InternalTransaction', 2705, -17.50, 6457.41, '', '2010-03-19', 'Transfer to 24 Hour Fitness', 'null', false, '', '', 2, 1, 'd56018a6-7668-30e8-a394-dbe23b7e981f', 229, 1035, false);
insert into Split (id, amount, uuid, envelope_id, transaction_id) values(2706, -17.50, 'fffe8c93-a4a2-3600-b362-e19929b47fbe', 293, 2705);
insert into Transaction (DTYPE, id, amount, balance, checkNo, date, description, externalId, initialBalance, memo, ref, status, type, uuid, account_id, transfer_id, custom) values('InternalTransaction', 2707, -0.00, 2851.96, '', '2010-04-02', 'Transfer to Easynews.com', 'null', false, '', '', 2, 1, '1a452f0c-4ce7-31b3-9d86-dbc5ce0b7064', 229, 2972, false);
insert into Split (id, amount, uuid, envelope_id, transaction_id) values(2708, -0.00, '178c8764-f1fe-3eea-a6c8-d3e4c54c0468', 293, 2707);
insert into Transaction (DTYPE, id, amount, balance, checkNo, date, description, externalId, initialBalance, memo, ref, status, type, uuid, account_id, transfer_id, custom) values('InternalTransaction', 2709, -4.97, 1288.19, '', '2009-12-22', 'SUBWAY 24754 00247544 P', '200912223', false, '12/20SUBWAY 24', '', 2, 1, 'fe3e4456-fee1-34e7-8429-b9f8b5ec5a04', 229, null, false);
insert into Split (id, amount, uuid, envelope_id, transaction_id) values(2710, -4.97, 'a60a0300-9e28-3282-9116-b68968017522', 246, 2709);
insert into Transaction (DTYPE, id, amount, balance, checkNo, date, description, externalId, initialBalance, memo, ref, status, type, uuid, account_id, transfer_id, custom) values('InternalTransaction', 2711, -0.00, 5144.51, '', '2010-03-19', 'Transfer to Rent', 'null', false, '', '', 2, 1, '0c0f6ebc-2a9e-3f0d-9f44-32480bf0a14c', 229, 2069, false);
insert into Split (id, amount, uuid, envelope_id, transaction_id) values(2712, -0.00, '2dc94322-7978-393f-a030-e873ff785393', 293, 2711);
insert into Transaction (DTYPE, id, amount, balance, checkNo, date, description, externalId, initialBalance, memo, ref, status, type, uuid, account_id, transfer_id, custom) values('InternalTransaction', 2713, 25.00, 2614.50, '', '2010-04-30', 'Transfer from Available', 'null', false, '', '', 2, 0, 'd39a8820-2230-3019-b06e-176bdd24ae92', 229, 2823, false);
insert into Split (id, amount, uuid, envelope_id, transaction_id) values(2714, 25.00, '632dfb2d-24b1-35f3-8f13-19bc9099796c', 277, 2713);
insert into Transaction (DTYPE, id, amount, balance, checkNo, date, description, externalId, initialBalance, memo, ref, status, type, uuid, account_id, transfer_id, custom) values('InternalTransaction', 2715, -1020.99, 5947.56, '', '2010-03-20', 'SHADETREE', '201003221', false, '', '', 2, 1, '2358477d-45b6-3b96-b5e9-89261f61396e', 229, null, false);
insert into Split (id, amount, uuid, envelope_id, transaction_id) values(2716, -1020.99, '41dc4ee9-3756-3af6-8caa-9d7b6ef5e850', 248, 2715);
insert into Transaction (DTYPE, id, amount, balance, checkNo, date, description, externalId, initialBalance, memo, ref, status, type, uuid, account_id, transfer_id, custom) values('InternalTransaction', 2719, 21.65, 872.93, '', '2010-03-04', 'Transfer from Available', 'null', false, '', '', 2, 0, 'e2d88525-317d-35d2-b5e5-cd5f11217598', 229, 2958, false);
insert into Split (id, amount, uuid, envelope_id, transaction_id) values(2720, 21.65, 'd9005d79-4fa6-3eda-a6ea-d9f0f4646e46', 244, 2719);
insert into Transaction (DTYPE, id, amount, balance, checkNo, date, description, externalId, initialBalance, memo, ref, status, type, uuid, account_id, transfer_id, custom) values('InternalTransaction', 2717, -12.00, 963.96, '', '2010-03-03', 'Transfer to Lofts @ Arcadia', 'null', false, '', '', 2, 1, '985f9d00-47c0-3566-884b-a6f7363fd8ef', 229, 2377, false);
insert into Split (id, amount, uuid, envelope_id, transaction_id) values(2718, -12.00, 'bf9d27f8-bddd-30b0-985b-fc0e1a9fa7c7', 293, 2717);
insert into Transaction (DTYPE, id, amount, balance, checkNo, date, description, externalId, initialBalance, memo, ref, status, type, uuid, account_id, transfer_id, custom) values('InternalTransaction', 2721, -240.47, 1652.34, '', '2009-12-17', 'EBAYS HALF.COM 800-545-9', '200912171', false, '12/16EBAYS HAL', '', 2, 1, 'cac72a82-06b7-30bb-8b99-d839d36f0387', 229, null, false);
insert into Split (id, amount, uuid, envelope_id, transaction_id) values(2722, -240.47, 'e4fe196f-fed0-385d-bee8-6c7a3085e000', 280, 2721);
insert into Transaction (DTYPE, id, amount, balance, checkNo, date, description, externalId, initialBalance, memo, ref, status, type, uuid, account_id, transfer_id, custom) values('InternalTransaction', 2725, -3163.64, 10296.07, '', '2010-02-16', 'Transfer to GMAC Mortgage', 'null', false, '', '', 0, 1, 'f5ecca2b-427f-3e51-bbd3-3a6a6cba40c8', 229, 477, false);
insert into Split (id, amount, uuid, envelope_id, transaction_id) values(2726, -3163.64, '2bda606a-dcb8-3f40-8ad9-feb585babfaa', 293, 2725);
insert into Transaction (DTYPE, id, amount, balance, checkNo, date, description, externalId, initialBalance, memo, ref, status, type, uuid, account_id, transfer_id, custom) values('InternalTransaction', 2723, 154.67, 4172.45, '', '2010-02-19', 'Transfer from Available', 'null', false, '', '', 2, 0, 'dc262aec-d479-3cad-9a7d-9d2856fe7ceb', 229, 1883, false);
insert into Split (id, amount, uuid, envelope_id, transaction_id) values(2724, 154.67, 'a11400f3-d9ce-38e9-a3dc-87828a3fa25c', 267, 2723);
insert into Transaction (DTYPE, id, amount, balance, checkNo, date, description, externalId, initialBalance, memo, ref, status, type, uuid, account_id, transfer_id, custom) values('InternalTransaction', 2729, -60.00, 0.00, '', '2010-03-30', 'Transfer to Lotto', 'null', false, '', '', 2, 1, 'b336be0d-78cf-3d4b-b044-edda1dce7a38', 228, 1351, false);
insert into Split (id, amount, uuid, envelope_id, transaction_id) values(2730, -60.00, 'd1773089-d0b4-3612-943f-841c83328aae', 293, 2729);
insert into Transaction (DTYPE, id, amount, balance, checkNo, date, description, externalId, initialBalance, memo, ref, status, type, uuid, account_id, transfer_id, custom) values('InternalTransaction', 2727, 65.00, 4237.45, '', '2010-02-19', 'Transfer from Available', 'null', false, '', '', 2, 0, 'a11a9f1e-dfc1-38ba-817c-5c07c658864c', 229, 2197, false);
insert into Split (id, amount, uuid, envelope_id, transaction_id) values(2728, 65.00, '6df45d19-50fa-3480-a4eb-3a951dd159a3', 236, 2727);
insert into Transaction (DTYPE, id, amount, balance, checkNo, date, description, externalId, initialBalance, memo, ref, status, type, uuid, account_id, transfer_id, custom) values('InternalTransaction', 2731, -27.98, 1816.37, '', '2010-02-10', 'ARROWHEAD WATER 800-950-', '201002101', false, '02/09ARROWHEAD', '', 2, 1, 'd4419e0a-01db-3a10-bca8-2df7d1423bd6', 229, null, false);
insert into Split (id, amount, uuid, envelope_id, transaction_id) values(2732, -27.98, '27058f02-b480-35fb-b447-3911905a4093', 266, 2731);
insert into Transaction (DTYPE, id, amount, balance, checkNo, date, description, externalId, initialBalance, memo, ref, status, type, uuid, account_id, transfer_id, custom) values('InternalTransaction', 2733, -42.00, 1504.31, '', '2010-04-21', 'NON-CHASE ATM WITHDRAW 561080', '201004212', false, '04/21202 E UNI', '', 2, 1, '21e16b45-e828-3ebd-badb-53d5746dda1f', 229, null, false);
insert into Split (id, amount, uuid, envelope_id, transaction_id) values(2734, -42.00, 'a80f0a90-5f16-3c2d-9026-e2fbd4542805', 252, 2733);
insert into Transaction (DTYPE, id, amount, balance, checkNo, date, description, externalId, initialBalance, memo, ref, status, type, uuid, account_id, transfer_id, custom) values('InternalTransaction', 2737, -14.95, 4135.33, '', '2009-11-19', 'COX*PHOENIX COMM SER 602', '200911192', false, '11/18COX*PHOEN', '', 2, 1, '0b1347c8-6714-374b-b348-fa32fd7d2406', 229, null, false);
insert into Split (id, amount, uuid, envelope_id, transaction_id) values(2738, -14.95, 'b0f3a806-bba5-3acd-a077-155f18108842', 268, 2737);
insert into Transaction (DTYPE, id, amount, balance, checkNo, date, description, externalId, initialBalance, memo, ref, status, type, uuid, account_id, transfer_id, custom) values('InternalTransaction', 2735, -80.00, 2123.64, '258', '2009-12-15', 'Annette Trijillo', '200912151', false, '', '', 2, 1, 'd05b97c5-2f51-32ac-b223-04da79f1af7f', 229, null, false);
insert into Split (id, amount, uuid, envelope_id, transaction_id) values(2736, -80.00, '6e38c2ee-0553-31bc-882d-125d4db2be3b', 261, 2735);
insert into Transaction (DTYPE, id, amount, balance, checkNo, date, description, externalId, initialBalance, memo, ref, status, type, uuid, account_id, transfer_id, custom) values('InternalTransaction', 2741, -80.00, 5419.83, '', '2010-03-19', 'Transfer to Housekeeping', 'null', false, '', '', 2, 1, '8092d4e0-0670-3ef0-a285-45c4439abee4', 229, 2295, false);
insert into Split (id, amount, uuid, envelope_id, transaction_id) values(2742, -80.00, 'c83ef1c5-7143-311a-a75f-1e105d426e24', 293, 2741);
insert into Transaction (DTYPE, id, amount, balance, checkNo, date, description, externalId, initialBalance, memo, ref, status, type, uuid, account_id, transfer_id, custom) values('InternalTransaction', 2739, -0.00, 2589.50, '', '2010-04-30', 'Transfer to Taxes', 'null', false, '', '', 2, 1, '99384453-42a4-3265-ab66-8c73fe38a1c7', 229, 1169, false);
insert into Split (id, amount, uuid, envelope_id, transaction_id) values(2740, -0.00, 'ce4e81ff-9ad7-36a9-8a38-578b6c6d0055', 293, 2739);
insert into Transaction (DTYPE, id, amount, balance, checkNo, date, description, externalId, initialBalance, memo, ref, status, type, uuid, account_id, transfer_id, custom) values('InternalTransaction', 2743, -12.96, 3916.75, '', '2010-03-29', 'UDUPI CAFE TEMPE AZ', '201003298', false, '03/27UDUPI CAF', '', 2, 1, '101ccc06-c559-34eb-af5e-998e00be2b1b', 229, null, false);
insert into Split (id, amount, uuid, envelope_id, transaction_id) values(2744, -12.96, 'c0ac0679-f2c0-3f06-944b-be5420bfef18', 296, 2743);
insert into Transaction (DTYPE, id, amount, balance, checkNo, date, description, externalId, initialBalance, memo, ref, status, type, uuid, account_id, transfer_id, custom) values('InternalTransaction', 2745, 725.00, 2749.23, '', '2010-04-05', 'ATM CHECK DEPOSIT', '201004050', false, '', '', 2, 0, '3e914195-de0f-3864-87fc-dca978060579', 229, null, false);
insert into Split (id, amount, uuid, envelope_id, transaction_id) values(2746, 725.00, '485e1cb7-240d-36d4-ae83-b343c34094e8', 293, 2745);
insert into Transaction (DTYPE, id, amount, balance, checkNo, date, description, externalId, initialBalance, memo, ref, status, type, uuid, account_id, transfer_id, custom) values('InternalTransaction', 2747, -44.00, 1293.81, '', '2010-04-22', 'Transfer to Unassigned', 'null', false, '', '', 2, 1, '30c19f82-823b-36d9-9b68-dc6a84944f03', 229, 3020, false);
insert into Split (id, amount, uuid, envelope_id, transaction_id) values(2748, -44.00, '39fe5ec3-c35d-336d-9189-b74d5e978303', 293, 2747);
insert into Transaction (DTYPE, id, amount, balance, checkNo, date, description, externalId, initialBalance, memo, ref, status, type, uuid, account_id, transfer_id, custom) values('InternalTransaction', 2749, -317.51, 0.00, '', '2010-03-23', 'Transfer to Available', 'null', false, '', '', 2, 1, 'f064eb4d-4446-3389-b4b9-acc1298e1237', 228, 903, false);
insert into Split (id, amount, uuid, envelope_id, transaction_id) values(2750, -317.51, 'c07b458f-5e17-33cd-bc8d-ff5e148db723', 264, 2749);
insert into Transaction (DTYPE, id, amount, balance, checkNo, date, description, externalId, initialBalance, memo, ref, status, type, uuid, account_id, transfer_id, custom) values('InternalTransaction', 2751, 80.00, 4704.96, '', '2010-03-05', 'Transfer from Available', 'null', false, '', '', 2, 0, 'd8ac26b3-15a8-37ab-9b6e-5e880eb12461', 229, 659, false);
insert into Split (id, amount, uuid, envelope_id, transaction_id) values(2752, 80.00, '9eb7edd5-9171-30e6-82d0-90c53c97a1db', 261, 2751);
insert into Transaction (DTYPE, id, amount, balance, checkNo, date, description, externalId, initialBalance, memo, ref, status, type, uuid, account_id, transfer_id, custom) values('InternalTransaction', 2753, -35.51, 4599.80, '', '2010-03-05', 'Transfer to New Car', 'null', false, '', '', 2, 1, '9c59471f-f1f0-3c0c-b925-786da5b44246', 229, 1857, false);
insert into Split (id, amount, uuid, envelope_id, transaction_id) values(2754, -35.51, '0029fcec-3707-3aa3-9ea6-e14a94eafe7e', 293, 2753);
insert into Transaction (DTYPE, id, amount, balance, checkNo, date, description, externalId, initialBalance, memo, ref, status, type, uuid, account_id, transfer_id, custom) values('InternalTransaction', 2755, -23.69, 3967.44, '', '2009-12-07', 'SPROUTS FARMERS MKT #7 P468284', '200912075', false, '12/05SPROUTS F', '', 2, 1, 'ef0c2b26-7552-3af2-bf72-39fcd02b9ea0', 229, null, false);
insert into Split (id, amount, uuid, envelope_id, transaction_id) values(2756, -23.69, 'f692baa4-5da1-3bd2-a114-b9ba9fc119fe', 238, 2755);
insert into Transaction (DTYPE, id, amount, balance, checkNo, date, description, externalId, initialBalance, memo, ref, status, type, uuid, account_id, transfer_id, custom) values('InternalTransaction', 2757, -97.83, 1888.62, '', '2010-01-11', 'BARCLAYCARD US CREDITCARD 8108', '201001115', false, '8390 WEB ID: 2510407970', '', 2, 1, '4feaf55c-fbf7-3e64-9110-1543436d57c2', 229, null, false);
insert into Split (id, amount, uuid, envelope_id, transaction_id) values(2758, -97.83, 'c0059750-5ab4-3e4d-bfc8-6fdb5ccf954b', 242, 2757);
insert into Transaction (DTYPE, id, amount, balance, checkNo, date, description, externalId, initialBalance, memo, ref, status, type, uuid, account_id, transfer_id, custom) values('InternalTransaction', 2759, -30.00, 0.00, '', '2010-02-18', 'Transfer to Medical', 'null', false, '', '', 2, 1, 'f2ed3d5b-3f55-3b5a-ab6c-be3996537e18', 228, 715, false);
insert into Split (id, amount, uuid, envelope_id, transaction_id) values(2760, -30.00, 'ae1018ce-d019-3c5a-adce-e09dbdc43def', 293, 2759);
insert into Transaction (DTYPE, id, amount, balance, checkNo, date, description, externalId, initialBalance, memo, ref, status, type, uuid, account_id, transfer_id, custom) values('InternalTransaction', 2761, -10.76, 2404.78, '', '2010-02-26', 'THAI ELEPHANT BISTRO TEM', '201002265', false, '02/25THAI ELEP', '', 2, 1, 'd0160e8d-1d27-31ae-8133-2351f5b858c4', 229, null, false);
insert into Split (id, amount, uuid, envelope_id, transaction_id) values(2762, -10.76, 'a9448c9d-fe36-3ffe-8e57-bed45ea051c6', 296, 2761);
insert into Transaction (DTYPE, id, amount, balance, checkNo, date, description, externalId, initialBalance, memo, ref, status, type, uuid, account_id, transfer_id, custom) values('InternalTransaction', 2765, -54.92, 1293.81, '', '2010-04-23', 'Transfer to Medical', 'null', false, '', '', 2, 1, 'ee0735cb-6077-3be9-bc38-5ea73920108e', 229, 1965, false);
insert into Split (id, amount, uuid, envelope_id, transaction_id) values(2766, -54.92, '8c2eb372-01e2-3d1c-b89e-e29b5da2c828', 293, 2765);
insert into Transaction (DTYPE, id, amount, balance, checkNo, date, description, externalId, initialBalance, memo, ref, status, type, uuid, account_id, transfer_id, custom) values('InternalTransaction', 2763, 441.52, 2647.99, '', '2010-02-16', 'Transfer from Available', 'null', false, '', '', 0, 0, '8f641969-7c79-3491-8ca1-e81e22cb6f8e', 229, 355, false);
insert into Split (id, amount, uuid, envelope_id, transaction_id) values(2764, 441.52, '861b41a7-40aa-31c9-abc9-84760e2d493b', 239, 2763);
insert into Transaction (DTYPE, id, amount, balance, checkNo, date, description, externalId, initialBalance, memo, ref, status, type, uuid, account_id, transfer_id, custom) values('InternalTransaction', 2767, -49.00, 1049.19, '', '2010-02-18', 'MASSAGE ENVY 0011 480-83', '201002180', false, '02/16MASSAGE E', '', 2, 1, '2dc954c6-281c-33bc-8b3b-e620a9d04e68', 229, null, false);
insert into Split (id, amount, uuid, envelope_id, transaction_id) values(2768, -49.00, '727f32f0-e982-3e33-a83c-82ec0903d765', 279, 2767);
insert into Transaction (DTYPE, id, amount, balance, checkNo, date, description, externalId, initialBalance, memo, ref, status, type, uuid, account_id, transfer_id, custom) values('InternalTransaction', 2769, -21.51, 2426.36, '', '2010-02-26', 'THAI ELEPHANT BISTRO TEM', '201002263', false, '02/25THAI ELEP', '', 2, 1, '3e150bfb-f433-3e81-b74b-68bafa5d7f92', 229, null, false);
insert into Split (id, amount, uuid, envelope_id, transaction_id) values(2770, -21.51, '30503073-fc18-353d-9ea9-a1d1822bf707', 296, 2769);
insert into Transaction (DTYPE, id, amount, balance, checkNo, date, description, externalId, initialBalance, memo, ref, status, type, uuid, account_id, transfer_id, custom) values('InternalTransaction', 2773, 18.69, 18.69, '', '2010-04-29', 'Transfer from VW Credit', 'null', false, '', '', 2, 0, '6b7a57c5-591f-3fd8-8c26-879fa1ba1897', 228, 2465, false);
insert into Split (id, amount, uuid, envelope_id, transaction_id) values(2774, 18.69, 'c8142d4f-e34e-37e2-877d-b192502c87e4', 296, 2773);
insert into Transaction (DTYPE, id, amount, balance, checkNo, date, description, externalId, initialBalance, memo, ref, status, type, uuid, account_id, transfer_id, custom) values('InternalTransaction', 2771, -75.00, 1477.34, '', '2009-12-18', 'ATOMIC PEST CONTROL 480-', '200912180', false, '12/16ATOMIC PE', '', 2, 1, '98b38d62-d11c-3c88-93f8-8c01d11f3d88', 229, null, false);
insert into Split (id, amount, uuid, envelope_id, transaction_id) values(2772, -75.00, 'da76c425-abb1-3019-ab43-3cf19ab41030', 239, 2771);
insert into Transaction (DTYPE, id, amount, balance, checkNo, date, description, externalId, initialBalance, memo, ref, status, type, uuid, account_id, transfer_id, custom) values('InternalTransaction', 2779, -10.48, 1283.33, '', '2010-04-26', 'PEI WEI #0091 Q02 T', '201004260', false, '04/22PEI WEI #', '', 1, 1, '54e57766-4049-32a3-a0f3-b298ff1f8c8c', 229, null, false);
insert into Split (id, amount, uuid, envelope_id, transaction_id) values(2780, -10.48, '7ecce135-7a77-3bb8-8bc6-f3d954db71d9', 296, 2779);
insert into Transaction (DTYPE, id, amount, balance, checkNo, date, description, externalId, initialBalance, memo, ref, status, type, uuid, account_id, transfer_id, custom) values('InternalTransaction', 2777, 5.39, 5.39, '', '2010-03-18', 'Transfer from Available', 'null', false, '', '', 2, 0, 'b3884f96-9b5e-3858-b91b-ec4bc1692022', 228, 1663, false);
insert into Split (id, amount, uuid, envelope_id, transaction_id) values(2778, 5.39, '533edd2c-1cf3-35c9-b3f3-7efb2e55f020', 246, 2777);
insert into Transaction (DTYPE, id, amount, balance, checkNo, date, description, externalId, initialBalance, memo, ref, status, type, uuid, account_id, transfer_id, custom) values('InternalTransaction', 2775, 5.77, 4239.90, '', '2010-04-16', 'Transfer from Available', 'null', false, '', '', 2, 0, '6c389f90-5c17-35fd-a876-9c406f3b6d0b', 229, 1057, false);
insert into Split (id, amount, uuid, envelope_id, transaction_id) values(2776, 5.77, '5d574ef0-b650-3321-a975-f4e5bd37d1cf', 294, 2775);
insert into Transaction (DTYPE, id, amount, balance, checkNo, date, description, externalId, initialBalance, memo, ref, status, type, uuid, account_id, transfer_id, custom) values('InternalTransaction', 2781, -100.63, 4815.15, '', '2010-02-16', 'Transfer to Flowers', 'null', false, '', '', 0, 1, '5a92bf63-1471-3466-9697-d1544ef42267', 229, 2920, false);
insert into Split (id, amount, uuid, envelope_id, transaction_id) values(2782, -100.63, '6e691132-f986-3d52-bc23-e83604c342c0', 293, 2781);
insert into Transaction (DTYPE, id, amount, balance, checkNo, date, description, externalId, initialBalance, memo, ref, status, type, uuid, account_id, transfer_id, custom) values('InternalTransaction', 2783, 65.73, 65.73, '', '2010-04-29', 'Transfer from Available', 'null', false, '', '', 2, 0, '8a7476bf-d05e-3827-b4d7-3909cda2aef8', 228, 2127, false);
insert into Split (id, amount, uuid, envelope_id, transaction_id) values(2784, 65.73, '6a423b66-1180-3dac-a968-0bda26b3f078', 252, 2783);
insert into Transaction (DTYPE, id, amount, balance, checkNo, date, description, externalId, initialBalance, memo, ref, status, type, uuid, account_id, transfer_id, custom) values('InternalTransaction', 2787, -863.53, 0.00, '', '2010-04-02', 'Transfer to Credit Cards', 'null', false, '', '', 2, 1, '43bbd25b-3e38-312b-b510-e5a442a26022', 228, 3218, false);
insert into Split (id, amount, uuid, envelope_id, transaction_id) values(2788, -863.53, '785f6a32-f5d1-3878-8852-4a2ef291df41', 293, 2787);
insert into Transaction (DTYPE, id, amount, balance, checkNo, date, description, externalId, initialBalance, memo, ref, status, type, uuid, account_id, transfer_id, custom) values('InternalTransaction', 2785, -10.05, 2243.87, '', '2010-03-01', 'CHIPOTLE 1208 TEMPE AZ', '201003014', false, '02/26CHIPOTLE', '', 2, 1, 'ad4dfcc9-8b93-33b8-9e00-bd6b40f2efd2', 229, null, false);
insert into Split (id, amount, uuid, envelope_id, transaction_id) values(2786, -10.05, 'b2e13627-7dec-3106-8c89-0d596eb388db', 296, 2785);
insert into Transaction (DTYPE, id, amount, balance, checkNo, date, description, externalId, initialBalance, memo, ref, status, type, uuid, account_id, transfer_id, custom) values('InternalTransaction', 2789, 5.48, 655.53, '', '2010-04-16', 'Transfer from Available', 'null', false, '', '', 2, 0, '92a9c47e-704a-310a-b321-64cc555023d1', 229, 2411, false);
insert into Split (id, amount, uuid, envelope_id, transaction_id) values(2790, 5.48, 'b8b129b6-65cf-39c0-af57-bd391f029bd4', 252, 2789);
insert into Transaction (DTYPE, id, amount, balance, checkNo, date, description, externalId, initialBalance, memo, ref, status, type, uuid, account_id, transfer_id, custom) values('InternalTransaction', 2795, -4.84, 7093.19, '', '2010-03-20', 'MCDONALDS', '2010032214', false, '', '', 2, 1, '0484dc66-50c1-3333-bfe8-497a3f87fc2e', 229, null, false);
insert into Split (id, amount, uuid, envelope_id, transaction_id) values(2796, -4.84, '1c1633c2-492e-3164-a08a-ac8ad4652958', 246, 2795);
insert into Transaction (DTYPE, id, amount, balance, checkNo, date, description, externalId, initialBalance, memo, ref, status, type, uuid, account_id, transfer_id, custom) values('InternalTransaction', 2793, -31.90, 1393.51, '', '2010-02-12', 'SRR*SIRIUS RADIO 888-539', '201002120', false, '02/11SRR*SIRIU', '', 2, 1, 'd9c8dbb0-1b63-3f9a-9555-244b24f4099f', 229, null, false);
insert into Split (id, amount, uuid, envelope_id, transaction_id) values(2794, -31.90, '7f813afc-2c73-38f1-912b-c43ee35164a4', 233, 2793);
insert into Transaction (DTYPE, id, amount, balance, checkNo, date, description, externalId, initialBalance, memo, ref, status, type, uuid, account_id, transfer_id, custom) values('InternalTransaction', 2791, -129.01, 702.97, '', '2010-02-02', 'VZWRLSS*APOCC VISW 800-9', '201002023', false, '02/01VZWRLSS*A', '', 2, 1, '1d007cea-324f-31e8-a21b-d7442d5b129e', 229, null, false);
insert into Split (id, amount, uuid, envelope_id, transaction_id) values(2792, -129.01, 'efa4ee5c-5ce1-3f0a-ae68-2f2e20481175', 236, 2791);
insert into Transaction (DTYPE, id, amount, balance, checkNo, date, description, externalId, initialBalance, memo, ref, status, type, uuid, account_id, transfer_id, custom) values('InternalTransaction', 2797, -54.38, 3973.22, '', '2010-03-23', 'GRAND & CAMELBACK SELF G', '201003230', false, '03/21GRAND & C', '', 2, 1, '3368bbac-650f-3307-a776-4d566bf1048b', 229, null, false);
insert into Split (id, amount, uuid, envelope_id, transaction_id) values(2798, -54.38, '2a57470a-34a5-3b42-b34c-a93cc24ae2b1', 259, 2797);
insert into Transaction (DTYPE, id, amount, balance, checkNo, date, description, externalId, initialBalance, memo, ref, status, type, uuid, account_id, transfer_id, custom) values('InternalTransaction', 2799, 40.00, 40.00, '', '2010-02-23', 'Transfer from Spending', 'null', false, '', '', 2, 0, 'cdf7f745-f471-3ea5-8393-69e87e56cf44', 228, 303, false);
insert into Split (id, amount, uuid, envelope_id, transaction_id) values(2800, 40.00, '5f165005-1bed-3edc-bdca-856b6bec34ed', 276, 2799);
insert into Transaction (DTYPE, id, amount, balance, checkNo, date, description, externalId, initialBalance, memo, ref, status, type, uuid, account_id, transfer_id, custom) values('InternalTransaction', 2803, -22.24, 2233.16, '', '2010-03-08', 'SYLVIA''S LA CANASTA PHOE', '201003086', false, '03/06SYLVIA''S', '', 2, 1, '60879d18-8b4e-3891-81e8-68269687856c', 229, null, false);
insert into Split (id, amount, uuid, envelope_id, transaction_id) values(2804, -22.24, '8f166483-139d-36b8-955b-a426f270414d', 296, 2803);
insert into Transaction (DTYPE, id, amount, balance, checkNo, date, description, externalId, initialBalance, memo, ref, status, type, uuid, account_id, transfer_id, custom) values('InternalTransaction', 2801, -30.00, 1105.04, '', '2010-02-17', 'C AND C THERAPEUTIC SER', '201002170', false, '02/16C AND C T', '', 2, 1, 'be5a1109-f1b8-3ded-8db6-c0331edaf4e2', 229, null, false);
insert into Split (id, amount, uuid, envelope_id, transaction_id) values(2802, -30.00, '4a7c3778-8ec1-39ba-ac40-d027163b8047', 287, 2801);
insert into Transaction (DTYPE, id, amount, balance, checkNo, date, description, externalId, initialBalance, memo, ref, status, type, uuid, account_id, transfer_id, custom) values('InternalTransaction', 2805, -19.00, 4447.05, '', '2009-11-17', 'HARKINS CHRISTOWN 14 PHO', '200911170', false, '11/15HARKINS C', '', 2, 1, 'a7548ffb-cfec-3b48-bfa0-e9450bbdf5b5', 229, null, false);
insert into Split (id, amount, uuid, envelope_id, transaction_id) values(2806, -19.00, 'd319da80-dc09-30ac-aac3-2b9873c8d0b5', 285, 2805);
insert into Transaction (DTYPE, id, amount, balance, checkNo, date, description, externalId, initialBalance, memo, ref, status, type, uuid, account_id, transfer_id, custom) values('InternalTransaction', 2807, -326.00, 1121.04, '', '2010-03-02', 'Rossmar & Graham RESIDENT', '201003021', false, 'WEB ID: W050568743', '', 2, 1, 'b739c1fc-7020-3dd4-9155-49840ee2d29e', 229, null, false);
insert into Split (id, amount, uuid, envelope_id, transaction_id) values(2808, -326.00, 'd38b8234-985a-3623-a1be-d7e120fcb88e', 258, 2807);
insert into Transaction (DTYPE, id, amount, balance, checkNo, date, description, externalId, initialBalance, memo, ref, status, type, uuid, account_id, transfer_id, custom) values('InternalTransaction', 2809, -12.27, 1343.19, '', '2009-10-28', 'SPROUTS FARMERS MKT #7 P595404', '200910280', false, '10/27SPROUTS F', '', 2, 1, '3e072017-0728-38b1-a272-8370fad96f23', 229, null, false);
insert into Split (id, amount, uuid, envelope_id, transaction_id) values(2810, -12.27, '357255ec-f97c-39f7-9a6b-95c43c0bb738', 238, 2809);
insert into Transaction (DTYPE, id, amount, balance, checkNo, date, description, externalId, initialBalance, memo, ref, status, type, uuid, account_id, transfer_id, custom) values('InternalTransaction', 2811, 0.00, 2589.50, '', '2010-04-30', 'Transfer from Available', 'null', false, '', '', 2, 1, '187eb681-fcbd-3c4c-8bee-ba632654868b', 229, 1873, false);
insert into Split (id, amount, uuid, envelope_id, transaction_id) values(2812, 0.00, '6bc2246e-e575-3ff0-bc44-56a5451f975b', 231, 2811);
insert into Transaction (DTYPE, id, amount, balance, checkNo, date, description, externalId, initialBalance, memo, ref, status, type, uuid, account_id, transfer_id, custom) values('InternalTransaction', 2813, -57.89, 3441.71, '', '2010-03-30', 'TIV*TIVO', '201004010', false, '', '', 2, 1, '41f84e77-70e9-3ee7-9887-41187b9a7bfa', 229, null, false);
insert into Split (id, amount, uuid, envelope_id, transaction_id) values(2814, -57.89, '6dc8ebce-0dcc-3faa-a3da-57d9e5eb1356', 252, 2813);
insert into Transaction (DTYPE, id, amount, balance, checkNo, date, description, externalId, initialBalance, memo, ref, status, type, uuid, account_id, transfer_id, custom) values('InternalTransaction', 2817, -7.56, 2617.72, '', '2010-04-19', 'CVS 09205 09205--802 SO 942633', '201004191', false, '04/16CVS 09205', '', 2, 1, '7bea9793-c5b2-32ea-a524-b5b48ffdb747', 229, null, false);
insert into Split (id, amount, uuid, envelope_id, transaction_id) values(2818, -7.56, '27b53318-4845-3c3e-b990-3fbcd632d1b1', 277, 2817);
insert into Transaction (DTYPE, id, amount, balance, checkNo, date, description, externalId, initialBalance, memo, ref, status, type, uuid, account_id, transfer_id, custom) values('InternalTransaction', 2815, 3.98, 1303.36, '', '2010-04-08', 'Transfer from Available', 'null', false, '', '', 2, 0, '061c97cc-edd3-33a5-a562-3e88e7a7ebcf', 229, 1299, false);
insert into Split (id, amount, uuid, envelope_id, transaction_id) values(2816, 3.98, 'd234fdc7-de9f-357d-98cc-23d48fdf7561', 246, 2815);
insert into Transaction (DTYPE, id, amount, balance, checkNo, date, description, externalId, initialBalance, memo, ref, status, type, uuid, account_id, transfer_id, custom) values('InternalTransaction', 2821, -38.83, null, '', '2010-04-16', 'QT 429 TEMPE AZ 138692', '201004163', false, '04/15QT 429 TE', '', 2, 1, '7dae6570-2d30-35a2-97d8-4306629e317b', 229, null, false);
insert into Split (id, amount, uuid, envelope_id, transaction_id) values(2822, -38.83, '337bf3ef-f370-3859-a793-d13c05a39cfb', 253, 2821);
insert into Transaction (DTYPE, id, amount, balance, checkNo, date, description, externalId, initialBalance, memo, ref, status, type, uuid, account_id, transfer_id, custom) values('InternalTransaction', 2819, -324.29, 3540.53, '', '2010-03-30', 'BEST BUY', '201003300', false, '', '', 2, 1, '0f5e9a84-25fc-3573-b4aa-d6fb83f136c6', 229, null, false);
insert into Split (id, amount, uuid, envelope_id, transaction_id) values(2820, -324.29, '2953adcd-4258-38e3-be3b-dca55917e687', 252, 2819);
insert into Transaction (DTYPE, id, amount, balance, checkNo, date, description, externalId, initialBalance, memo, ref, status, type, uuid, account_id, transfer_id, custom) values('InternalTransaction', 2823, -25.00, 2589.50, '', '2010-04-30', 'Transfer to Personal Care', 'null', false, '', '', 2, 1, 'f3dd2313-4cbf-3f55-8d49-f11065b52c9b', 229, 2713, false);
insert into Split (id, amount, uuid, envelope_id, transaction_id) values(2824, -25.00, '4951c34a-89b2-3f0f-a380-f31d91c10160', 293, 2823);
insert into Transaction (DTYPE, id, amount, balance, checkNo, date, description, externalId, initialBalance, memo, ref, status, type, uuid, account_id, transfer_id, custom) values('InternalTransaction', 2829, -11.00, 4328.06, '', '2009-11-18', 'ROSITA''S PLACE PHOENIX A', '200911183', false, '11/17ROSITA''S', '', 2, 1, '51f1b871-062f-3b01-8cf7-7391e5f10941', 229, null, false);
insert into Split (id, amount, uuid, envelope_id, transaction_id) values(2830, -11.00, 'fe27cefa-9316-3872-8bcc-e26906f28f2c', 296, 2829);
insert into Transaction (DTYPE, id, amount, balance, checkNo, date, description, externalId, initialBalance, memo, ref, status, type, uuid, account_id, transfer_id, custom) values('InternalTransaction', 2827, -80.00, 4312.07, '', '2010-04-16', 'Transfer to Housekeeping', 'null', false, '', '', 2, 1, '741a006f-229c-3a93-bf60-88481e1455e0', 229, 2205, false);
insert into Split (id, amount, uuid, envelope_id, transaction_id) values(2828, -80.00, '6428cb1b-7e56-3741-b25c-fb5149d96ad7', 293, 2827);
insert into Transaction (DTYPE, id, amount, balance, checkNo, date, description, externalId, initialBalance, memo, ref, status, type, uuid, account_id, transfer_id, custom) values('InternalTransaction', 2825, -7.21, 0.00, '', '2010-04-22', 'Transfer to Available', 'null', false, '', '', 2, 1, '79933393-c875-3f28-8db3-7e3fa0d92e25', 228, 1631, false);
insert into Split (id, amount, uuid, envelope_id, transaction_id) values(2826, -7.21, '831d32ec-6cf0-328f-bd6b-e0d6730832a6', 252, 2825);
insert into Transaction (DTYPE, id, amount, balance, checkNo, date, description, externalId, initialBalance, memo, ref, status, type, uuid, account_id, transfer_id, custom) values('InternalTransaction', 2831, 4.99, 4244.89, '', '2010-04-16', 'Transfer from Available', 'null', false, '', '', 2, 0, '567abe9f-cd9a-39cb-869b-95a75ced3241', 229, 1385, false);
insert into Split (id, amount, uuid, envelope_id, transaction_id) values(2832, 4.99, '38828b76-6b3d-365e-8589-88b15f3e8012', 254, 2831);
insert into Transaction (DTYPE, id, amount, balance, checkNo, date, description, externalId, initialBalance, memo, ref, status, type, uuid, account_id, transfer_id, custom) values('InternalTransaction', 2837, -10.43, 0.00, '', '2010-04-29', 'Transfer to Spending', 'null', false, '', '', 2, 1, '6cd8673e-afe8-33d4-816a-39ad24b41c2a', 228, 1073, false);
insert into Split (id, amount, uuid, envelope_id, transaction_id) values(2838, -10.43, 'b2ef737e-4ce8-3872-a60d-7ebc4f18483f', 274, 2837);
insert into Transaction (DTYPE, id, amount, balance, checkNo, date, description, externalId, initialBalance, memo, ref, status, type, uuid, account_id, transfer_id, custom) values('InternalTransaction', 2835, -29.99, 4019.23, '', '2009-12-07', '24HR FITNESS DUES 800-43', '200912073', false, '12/0524HR FITN', '', 2, 1, '0df159af-d0b0-3d4f-acb7-8d65b2625773', 229, null, false);
insert into Split (id, amount, uuid, envelope_id, transaction_id) values(2836, -29.99, '67f1f608-fdd5-3a8f-aa64-15f922d62aad', 271, 2835);
insert into Transaction (DTYPE, id, amount, balance, checkNo, date, description, externalId, initialBalance, memo, ref, status, type, uuid, account_id, transfer_id, custom) values('InternalTransaction', 2833, 154.67, 4399.56, '', '2010-04-16', 'Transfer from Available', 'null', false, '', '', 2, 0, '02ed3805-0602-3d40-b162-46055708f57a', 229, 371, false);
insert into Split (id, amount, uuid, envelope_id, transaction_id) values(2834, 154.67, 'b79a19a3-c180-3ba4-aa65-1ef0bba84d92', 267, 2833);
insert into Transaction (DTYPE, id, amount, balance, checkNo, date, description, externalId, initialBalance, memo, ref, status, type, uuid, account_id, transfer_id, custom) values('InternalTransaction', 2839, -34.39, 2118.34, '', '2010-02-01', 'PEI WEI #0023 Q02 P', '201002012', false, '01/30PEI WEI #', '', 2, 1, 'a2c06094-32e4-306b-b34b-85e31a983bcd', 229, null, false);
insert into Split (id, amount, uuid, envelope_id, transaction_id) values(2840, -34.39, '53584fcb-c0bd-3953-a987-964ddb5889d4', 296, 2839);
insert into Transaction (DTYPE, id, amount, balance, checkNo, date, description, externalId, initialBalance, memo, ref, status, type, uuid, account_id, transfer_id, custom) values('InternalTransaction', 2845, -34.62, 5349.14, '', '2009-12-11', 'BEDBATH&BEYOND# BEDBATH 416746', '200912117', false, '12/10BEDBATH&B', '', 2, 1, 'ec513743-b069-3320-b7a5-717b68b1be05', 229, null, false);
insert into Split (id, amount, uuid, envelope_id, transaction_id) values(2846, -34.62, '8465d9f7-a483-3980-b9c0-00701518e174', 239, 2845);
insert into Transaction (DTYPE, id, amount, balance, checkNo, date, description, externalId, initialBalance, memo, ref, status, type, uuid, account_id, transfer_id, custom) values('InternalTransaction', 2843, 175.00, 4879.96, '', '2010-03-05', 'Transfer from Available', 'null', false, '', '', 2, 0, '50ddf9be-eec5-3011-99db-d8da0c3f3387', 229, 2359, false);
insert into Split (id, amount, uuid, envelope_id, transaction_id) values(2844, 175.00, 'b31667ef-1aa1-356e-8fab-488cfcc163db', 275, 2843);
insert into Transaction (DTYPE, id, amount, balance, checkNo, date, description, externalId, initialBalance, memo, ref, status, type, uuid, account_id, transfer_id, custom) values('InternalTransaction', 2841, -0.00, 6185.72, '', '2010-03-19', 'Transfer to Car Wash', 'null', false, '', '', 2, 1, 'f8939b34-9070-340c-a75f-c11a51de7b77', 229, 1293, false);
insert into Split (id, amount, uuid, envelope_id, transaction_id) values(2842, -0.00, '5fa2d6c3-7213-3212-9c74-40a279e89b38', 293, 2841);
insert into Transaction (DTYPE, id, amount, balance, checkNo, date, description, externalId, initialBalance, memo, ref, status, type, uuid, account_id, transfer_id, custom) values('InternalTransaction', 2849, -60.00, 2879.21, '', '2010-02-22', 'CIRCLE K 00039 TEMPE AZ', '201002222', false, '02/19CIRCLE K Purcha', '', 2, 1, '2d71dc8a-6ff8-3944-9563-f29ef9b2c1c9', 229, null, false);
insert into Split (id, amount, uuid, envelope_id, transaction_id) values(2850, -40.00, 'f4184f5b-5e94-38e9-b711-4924e59786e4', 276, 2849);
insert into Split (id, amount, uuid, envelope_id, transaction_id) values(2851, -20.00, '4b6b206d-a961-3a02-af9b-bd378c972056', 250, 2849);
insert into Transaction (DTYPE, id, amount, balance, checkNo, date, description, externalId, initialBalance, memo, ref, status, type, uuid, account_id, transfer_id, custom) values('InternalTransaction', 2847, 51.93, 14739.40, '', '2010-02-16', 'Transfer from Available', 'null', false, '', '', 0, 0, '6a0e9492-cf40-3f51-a21d-f29186268e99', 229, 1499, false);
insert into Split (id, amount, uuid, envelope_id, transaction_id) values(2848, 51.93, 'ee89e3d9-b6bf-36cb-90e8-96c5b2a16955', 280, 2847);
insert into Transaction (DTYPE, id, amount, balance, checkNo, date, description, externalId, initialBalance, memo, ref, status, type, uuid, account_id, transfer_id, custom) values('InternalTransaction', 2854, 0.00, 4237.45, '', '2010-02-19', 'Transfer from Available', 'null', false, '', '', 2, 1, '3ca297a3-f648-37ac-8582-5123ed138c7d', 229, 1223, false);
insert into Split (id, amount, uuid, envelope_id, transaction_id) values(2855, 0.00, '1d6f37d3-491f-3458-8b99-7aa301e954cc', 268, 2854);
insert into Transaction (DTYPE, id, amount, balance, checkNo, date, description, externalId, initialBalance, memo, ref, status, type, uuid, account_id, transfer_id, custom) values('InternalTransaction', 2852, 4.13, 4884.09, '', '2010-03-05', 'Transfer from Available', 'null', false, '', '', 2, 0, '577ac9eb-6c6e-35e0-93b4-2a5c086fec83', 229, 1227, false);
insert into Split (id, amount, uuid, envelope_id, transaction_id) values(2853, 4.13, '4cafa1c3-e706-359e-8a21-8f1eac7d22f7', 263, 2852);
insert into Transaction (DTYPE, id, amount, balance, checkNo, date, description, externalId, initialBalance, memo, ref, status, type, uuid, account_id, transfer_id, custom) values('InternalTransaction', 2856, -10.99, 5022.81, '', '2009-11-27', 'WAL-MART #5330 PHOENIX (897496', '200911274', false, '11/26WAL-MART', '', 2, 1, '27fae6a8-6fdd-3991-9497-4285160b378f', 229, null, false);
insert into Split (id, amount, uuid, envelope_id, transaction_id) values(2857, -10.99, '88a1955f-a4c7-36cd-8b55-d09728230376', 239, 2856);
insert into Transaction (DTYPE, id, amount, balance, checkNo, date, description, externalId, initialBalance, memo, ref, status, type, uuid, account_id, transfer_id, custom) values('InternalTransaction', 2860, -49.23, 0.00, '', '2010-04-08', 'Transfer to Available', 'null', false, '', '', 2, 1, 'e155afd0-77b1-393c-b472-9c67aec4a66b', 228, 2569, false);
insert into Split (id, amount, uuid, envelope_id, transaction_id) values(2861, -49.23, '3e2dba7a-ba9d-3ca2-96cf-07bbabf72a75', 252, 2860);
insert into Transaction (DTYPE, id, amount, balance, checkNo, date, description, externalId, initialBalance, memo, ref, status, type, uuid, account_id, transfer_id, custom) values('InternalTransaction', 2858, -118.71, 2296.94, '', '2009-11-03', 'STATE FARM RO 27 SFPP', '200911032', false, 'PPD ID: 9000307001', '', 2, 1, '790d21f3-91a7-3061-8d91-496b3667cbcf', 229, null, false);
insert into Split (id, amount, uuid, envelope_id, transaction_id) values(2859, -118.71, '0b7fb703-723e-3a63-91ad-bd725a560855', 291, 2858);
insert into Transaction (DTYPE, id, amount, balance, checkNo, date, description, externalId, initialBalance, memo, ref, status, type, uuid, account_id, transfer_id, custom) values('InternalTransaction', 2864, -75.00, 5893.44, '', '2010-02-16', 'Transfer to PS', 'null', false, '', '', 0, 1, '143730e9-842a-3916-8417-6f148d7cb2fc', 229, 2315, false);
insert into Split (id, amount, uuid, envelope_id, transaction_id) values(2865, -75.00, '301f34b6-fb3a-3b5a-bf76-cf042e4afd32', 293, 2864);
insert into Transaction (DTYPE, id, amount, balance, checkNo, date, description, externalId, initialBalance, memo, ref, status, type, uuid, account_id, transfer_id, custom) values('InternalTransaction', 2862, -11.78, 2077.09, '', '2009-11-04', 'SPROUTS FARMERS MKT # 0 293761', '200911043', false, '11/03SPROUTS F', '', 2, 1, 'e1ccd81d-7561-391a-bda4-afb3381a0d1a', 229, null, false);
insert into Split (id, amount, uuid, envelope_id, transaction_id) values(2863, -11.78, 'e69ac7aa-6c70-3ac7-bb77-1b35719292fd', 238, 2862);
insert into Transaction (DTYPE, id, amount, balance, checkNo, date, description, externalId, initialBalance, memo, ref, status, type, uuid, account_id, transfer_id, custom) values('InternalTransaction', 2868, -1.00, 4012.23, '', '2009-12-01', 'USPS CHANGE OF661009 800', '200912012', false, '11/30USPS CHAN', '', 2, 1, '78e4682b-11f6-35ab-aa4c-4027a28eeb1c', 229, null, false);
insert into Split (id, amount, uuid, envelope_id, transaction_id) values(2869, -1.00, 'be819584-23f4-3dd3-9322-5977b7538593', 252, 2868);
insert into Transaction (DTYPE, id, amount, balance, checkNo, date, description, externalId, initialBalance, memo, ref, status, type, uuid, account_id, transfer_id, custom) values('InternalTransaction', 2866, 84.20, 4483.76, '', '2010-04-16', 'Transfer from Available', 'null', false, '', '', 2, 0, '3f0d67db-8d6d-3e6f-894e-93b285dbadb3', 229, 3220, false);
insert into Split (id, amount, uuid, envelope_id, transaction_id) values(2867, 84.20, 'f342ce2e-46a3-3068-ac02-337b909cec70', 291, 2866);
insert into Transaction (DTYPE, id, amount, balance, checkNo, date, description, externalId, initialBalance, memo, ref, status, type, uuid, account_id, transfer_id, custom) values('InternalTransaction', 2870, -23.02, 1241.49, '', '2009-12-23', 'FAST EDDIE''S DINER PHOEN', '200912231', false, '12/21FAST EDDI', '', 2, 1, '3cab3815-b4d0-37a7-a2ac-fc60754af0c1', 229, null, false);
insert into Split (id, amount, uuid, envelope_id, transaction_id) values(2871, -23.02, '170d3385-198a-3869-b303-de374b47e5c0', 296, 2870);
insert into Transaction (DTYPE, id, amount, balance, checkNo, date, description, externalId, initialBalance, memo, ref, status, type, uuid, account_id, transfer_id, custom) values('InternalTransaction', 2874, 10.74, 660.79, '', '2010-04-16', 'Transfer from Available', 'null', false, '', '', 2, 0, '0d3108e7-a189-313d-a3fd-7768ad3e5a88', 229, 1997, false);
insert into Split (id, amount, uuid, envelope_id, transaction_id) values(2875, 10.74, '34a6866c-0540-3a72-92c3-e5524aa99cb2', 246, 2874);
insert into Transaction (DTYPE, id, amount, balance, checkNo, date, description, externalId, initialBalance, memo, ref, status, type, uuid, account_id, transfer_id, custom) values('InternalTransaction', 2872, -790.91, 1295.09, '', '2010-02-02', 'LOANSERVICING AUTOMATIC', '201002020', false, 'PPD ID: 1231694840', '', 2, 1, '94bdc0f5-db15-3bd1-a75d-fb3a89ce62ff', 229, null, false);
insert into Split (id, amount, uuid, envelope_id, transaction_id) values(2873, -790.91, '42a82d9e-25ff-3ca2-bdf9-11a588d0c563', 231, 2872);
insert into Transaction (DTYPE, id, amount, balance, checkNo, date, description, externalId, initialBalance, memo, ref, status, type, uuid, account_id, transfer_id, custom) values('InternalTransaction', 2878, 127.60, 15834.50, '', '2010-02-16', 'Transfer from Available', 'null', false, '', '', 0, 0, 'cac930e5-3af5-39b2-b84d-c88cae23552a', 229, 1171, false);
insert into Split (id, amount, uuid, envelope_id, transaction_id) values(2879, 127.60, 'fcd94061-9776-3c4d-a96e-b61621fea3d9', 233, 2878);
insert into Transaction (DTYPE, id, amount, balance, checkNo, date, description, externalId, initialBalance, memo, ref, status, type, uuid, account_id, transfer_id, custom) values('InternalTransaction', 2876, -13.80, 5033.80, '', '2009-11-27', 'WAL-MART #2113 CHRISTOWN489449', '200911273', false, '11/26WAL-MART', '', 2, 1, 'a497f02f-ea86-3b63-b805-cf6459478787', 229, null, false);
insert into Split (id, amount, uuid, envelope_id, transaction_id) values(2877, -13.80, '336d290c-167d-3c74-8606-6df5a2e36df6', 239, 2876);
insert into Transaction (DTYPE, id, amount, balance, checkNo, date, description, externalId, initialBalance, memo, ref, status, type, uuid, account_id, transfer_id, custom) values('InternalTransaction', 2882, 25.00, 4933.59, '', '2010-03-05', 'Transfer from Available', 'null', false, '', '', 2, 0, 'd975dba0-c9d2-32e4-980c-d314d758291c', 229, 3050, false);
insert into Split (id, amount, uuid, envelope_id, transaction_id) values(2883, 25.00, '2451e890-9fac-3382-a60e-d9cfd6b492e6', 287, 2882);
insert into Transaction (DTYPE, id, amount, balance, checkNo, date, description, externalId, initialBalance, memo, ref, status, type, uuid, account_id, transfer_id, custom) values('InternalTransaction', 2880, 24.50, 2614.00, '', '2010-04-30', 'Transfer from Available', 'null', false, '', '', 2, 0, 'ea985351-800a-3cfe-9c06-2ba3751f9e96', 229, 331, false);
insert into Split (id, amount, uuid, envelope_id, transaction_id) values(2881, 24.50, 'a721658d-7873-30e9-9392-89d57ba96658', 279, 2880);
insert into Transaction (DTYPE, id, amount, balance, checkNo, date, description, externalId, initialBalance, memo, ref, status, type, uuid, account_id, transfer_id, custom) values('InternalTransaction', 2884, -863.75, 2856.94, '', '2010-04-02', 'Transfer to Available', 'null', false, '', '', 2, 1, '632fcdc8-d83c-3d65-a009-d2472ec1d0f9', 229, 661, false);
insert into Split (id, amount, uuid, envelope_id, transaction_id) values(2885, -863.75, '49b76856-feaf-3da9-b647-f2824a0f9b78', 293, 2884);
insert into Transaction (DTYPE, id, amount, balance, checkNo, date, description, externalId, initialBalance, memo, ref, status, type, uuid, account_id, transfer_id, custom) values('InternalTransaction', 2886, 1312.50, 2514.27, '', '2010-03-18', 'ATM CHECK DEPOSIT', '201003180', false, '', '', 2, 0, '00cb6116-8d1a-3d18-a395-6881db18259e', 229, null, false);
insert into Split (id, amount, uuid, envelope_id, transaction_id) values(2887, 1312.50, 'f75c9e98-3805-3169-a962-a402db5e69d6', 293, 2886);
insert into Transaction (DTYPE, id, amount, balance, checkNo, date, description, externalId, initialBalance, memo, ref, status, type, uuid, account_id, transfer_id, custom) values('InternalTransaction', 2888, -10.00, 1216.28, '', '2010-04-26', 'QT 435 PHOENIX AZ 563193', '201004264', false, '04/24QT 435 PH', '', 1, 1, '524e6ab6-3956-38da-84c9-da288430b727', 229, null, false);
insert into Split (id, amount, uuid, envelope_id, transaction_id) values(2889, -10.00, '5fe19412-c6ba-3525-bb87-47f967434d0a', 252, 2888);
insert into Transaction (DTYPE, id, amount, balance, checkNo, date, description, externalId, initialBalance, memo, ref, status, type, uuid, account_id, transfer_id, custom) values('InternalTransaction', 2890, 40.79, 6129.61, '', '2010-03-19', 'Transfer from Available', 'null', false, '', '', 2, 0, 'c1b6a39b-6ff4-35a8-958b-965ebc1e6347', 229, 1973, false);
insert into Split (id, amount, uuid, envelope_id, transaction_id) values(2891, 40.79, '28ac25d1-d2a2-3541-b502-c8d848cb992d', 273, 2890);
insert into Transaction (DTYPE, id, amount, balance, checkNo, date, description, externalId, initialBalance, memo, ref, status, type, uuid, account_id, transfer_id, custom) values('InternalTransaction', 2892, 88.19, 88.19, '', '2010-04-29', 'Transfer from Groceries', 'null', false, '', '', 2, 0, 'ed289851-0426-3140-9647-38903744bd90', 228, 1551, false);
insert into Split (id, amount, uuid, envelope_id, transaction_id) values(2893, 88.19, '5fcc4368-af70-35c3-af94-192d16f85939', 252, 2892);
insert into Transaction (DTYPE, id, amount, balance, checkNo, date, description, externalId, initialBalance, memo, ref, status, type, uuid, account_id, transfer_id, custom) values('InternalTransaction', 2894, -151.00, 1135.04, '', '2010-02-16', 'Transfer to Lofts @ Arcadia', 'null', false, '', '', 0, 1, '2592cc3e-dc72-3b54-8b72-155e35c37d18', 229, 2445, false);
insert into Split (id, amount, uuid, envelope_id, transaction_id) values(2895, -151.00, 'da74ab94-61c9-34db-b8b6-d246d75a00a6', 293, 2894);
insert into Transaction (DTYPE, id, amount, balance, checkNo, date, description, externalId, initialBalance, memo, ref, status, type, uuid, account_id, transfer_id, custom) values('InternalTransaction', 2896, -10.98, 2589.50, '', '2010-04-30', 'Transfer to Car Wash', 'null', false, '', '', 2, 1, 'f8c42660-f8ce-3353-a986-dedb04da3f21', 229, 1225, false);
insert into Split (id, amount, uuid, envelope_id, transaction_id) values(2897, -10.98, 'f757f39e-8c8b-3b2f-965a-89ad52cb7d56', 293, 2896);
insert into Transaction (DTYPE, id, amount, balance, checkNo, date, description, externalId, initialBalance, memo, ref, status, type, uuid, account_id, transfer_id, custom) values('InternalTransaction', 2898, 2157.42, 5272.96, '', '2009-11-27', 'DIFFUSION GROUP PAYROLL', '200911270', false, 'PPD ID: 1860988050', '', 2, 0, '260545b2-cafe-3dc2-9b5b-afd7178b9cea', 229, null, false);
insert into Split (id, amount, uuid, envelope_id, transaction_id) values(2899, 2157.42, '4aa9af3b-2f42-32e5-842a-87822b0b0e56', 293, 2898);
insert into Transaction (DTYPE, id, amount, balance, checkNo, date, description, externalId, initialBalance, memo, ref, status, type, uuid, account_id, transfer_id, custom) values('InternalTransaction', 2904, -6.65, 4697.06, '', '2009-11-16', 'SOU BLOCKBUSTER VID8301 785204', '2009111611', false, '11/13SOU BLOCK', '', 2, 1, '86998c95-9770-35bf-8d53-712875309174', 229, null, false);
insert into Split (id, amount, uuid, envelope_id, transaction_id) values(2905, -6.65, 'd8ef1c03-f0c4-351f-bc15-853706a26b92', 265, 2904);
insert into Transaction (DTYPE, id, amount, balance, checkNo, date, description, externalId, initialBalance, memo, ref, status, type, uuid, account_id, transfer_id, custom) values('InternalTransaction', 2902, 10.02, 10.02, '', '2010-03-16', 'Transfer from Easynews.com', 'null', false, '', '', 2, 0, '1df247d9-08dd-3eae-a6c4-bbef7c84d0ae', 228, 1261, false);
insert into Split (id, amount, uuid, envelope_id, transaction_id) values(2903, 10.02, 'a061a88a-4471-3c2a-ad1f-1843aecfc871', 293, 2902);
insert into Transaction (DTYPE, id, amount, balance, checkNo, date, description, externalId, initialBalance, memo, ref, status, type, uuid, account_id, transfer_id, custom) values('InternalTransaction', 2900, -35.65, 4108.03, '', '2009-11-30', 'SHELL OIL 57442276200 GL', '200911306', false, '11/28SHELL OIL', '', 2, 1, '80773680-6028-34af-9c19-65032d97f59d', 229, null, false);
insert into Split (id, amount, uuid, envelope_id, transaction_id) values(2901, -35.65, '5cd976d5-0867-3757-ba01-e30e3d215a5a', 253, 2900);
insert into Transaction (DTYPE, id, amount, balance, checkNo, date, description, externalId, initialBalance, memo, ref, status, type, uuid, account_id, transfer_id, custom) values('InternalTransaction', 2906, 10.00, 3776.46, '', '2010-04-02', 'Transfer from Available', 'null', false, '', '', 2, 0, '32c0421f-9008-32f0-9a1c-91a33d4b986e', 229, 2603, false);
insert into Split (id, amount, uuid, envelope_id, transaction_id) values(2907, 10.00, '50a6b6b1-b0bd-305b-969d-e9a2d5108db7', 234, 2906);
insert into Transaction (DTYPE, id, amount, balance, checkNo, date, description, externalId, initialBalance, memo, ref, status, type, uuid, account_id, transfer_id, custom) values('InternalTransaction', 2908, -17.44, 0.00, '', '2010-04-29', 'Transfer to New Car', 'null', false, '', '', 2, 1, '876fd3aa-0c42-30d1-8c3c-bb5b5359614c', 228, 2669, false);
insert into Split (id, amount, uuid, envelope_id, transaction_id) values(2909, -17.44, '05396c5f-c85e-38ab-a0d6-0ee57b4d341a', 277, 2908);
insert into Transaction (DTYPE, id, amount, balance, checkNo, date, description, externalId, initialBalance, memo, ref, status, type, uuid, account_id, transfer_id, custom) values('InternalTransaction', 2910, -3.22, 2655.14, '', '2010-03-08', 'WAL-MART #2113 CHRISTOWN788842', '2010030810', false, '03/05WAL-MART', '', 2, 1, 'a6751af9-b5c7-35d6-aba2-9fb1785e535f', 229, null, false);
insert into Split (id, amount, uuid, envelope_id, transaction_id) values(2911, -3.22, '162d2b53-d57e-3225-9d31-a882d1a5aca9', 239, 2910);
insert into Transaction (DTYPE, id, amount, balance, checkNo, date, description, externalId, initialBalance, memo, ref, status, type, uuid, account_id, transfer_id, custom) values('InternalTransaction', 2912, -20.97, 6148.69, '', '2010-02-16', 'Transfer to Movie Rental', 'null', false, '', '', 0, 1, '57c0c92c-c3f8-3b90-83b3-64c745c02364', 229, 2395, false);
insert into Split (id, amount, uuid, envelope_id, transaction_id) values(2913, -20.97, '2eef0595-80dd-3d6e-a9aa-3121ef670bf6', 293, 2912);
insert into Transaction (DTYPE, id, amount, balance, checkNo, date, description, externalId, initialBalance, memo, ref, status, type, uuid, account_id, transfer_id, custom) values('InternalTransaction', 2914, -25.00, 4574.80, '', '2010-03-05', 'Transfer to Personal Care', 'null', false, '', '', 2, 1, '9f0e79c0-4042-332e-966c-8a6fee8b728d', 229, 1557, false);
insert into Split (id, amount, uuid, envelope_id, transaction_id) values(2915, -25.00, '8189c007-eb0e-321d-9b4f-99e3d59a710a', 293, 2914);
insert into Transaction (DTYPE, id, amount, balance, checkNo, date, description, externalId, initialBalance, memo, ref, status, type, uuid, account_id, transfer_id, custom) values('InternalTransaction', 2916, -19.50, 1305.97, '', '2010-01-20', 'Rossmar & Graham TENANT', '201001200', false, 'WEB ID: W050568743', '', 2, 1, '2f1cf1d0-4e8a-3fcf-8d2c-a8174671935c', 229, null, false);
insert into Split (id, amount, uuid, envelope_id, transaction_id) values(2917, -19.50, 'aca37f29-a802-328b-ae17-8ee21bcb4754', 258, 2916);
insert into Transaction (DTYPE, id, amount, balance, checkNo, date, description, externalId, initialBalance, memo, ref, status, type, uuid, account_id, transfer_id, custom) values('InternalTransaction', 2918, -5.99, 2589.50, '', '2010-04-30', 'Transfer to Sirius', 'null', false, '', '', 2, 1, '1a9891b0-0feb-339d-804c-57340d5bb4c9', 229, 1959, false);
insert into Split (id, amount, uuid, envelope_id, transaction_id) values(2919, -5.99, 'cad0ec26-5098-315c-a562-91fba1eef818', 293, 2918);
insert into Transaction (DTYPE, id, amount, balance, checkNo, date, description, externalId, initialBalance, memo, ref, status, type, uuid, account_id, transfer_id, custom) values('InternalTransaction', 2920, 100.63, 2864.48, '', '2010-02-16', 'Transfer from Available', 'null', false, '', '', 0, 0, '39b73b23-8f83-3e72-babf-561df224b032', 229, 2781, false);
insert into Split (id, amount, uuid, envelope_id, transaction_id) values(2921, 100.63, '65d258d0-1adc-3310-8ca4-62a62de26ec4', 284, 2920);
insert into Transaction (DTYPE, id, amount, balance, checkNo, date, description, externalId, initialBalance, memo, ref, status, type, uuid, account_id, transfer_id, custom) values('InternalTransaction', 2922, -790.91, 1166.23, '', '2010-01-05', 'LOANSERVICING AUTOMATIC', '201001050', false, 'PPD ID: 1231694840', '', 2, 1, 'cbdcf6e4-d347-3949-8f0e-e555c03313c3', 229, null, false);
insert into Split (id, amount, uuid, envelope_id, transaction_id) values(2923, -790.91, '4041bf4e-dce2-3a03-8796-c7369ee43760', 231, 2922);
insert into Transaction (DTYPE, id, amount, balance, checkNo, date, description, externalId, initialBalance, memo, ref, status, type, uuid, account_id, transfer_id, custom) values('InternalTransaction', 2928, 76.90, 76.90, '', '2010-02-28', 'Transfer from Unassigned', 'null', false, '', '', 2, 0, '3aa39a69-e252-38b1-a8ef-54a95152bec0', 228, 2681, false);
insert into Split (id, amount, uuid, envelope_id, transaction_id) values(2929, 76.90, '2ef9c224-4c50-3db9-96de-c2e7421f223b', 287, 2928);
insert into Transaction (DTYPE, id, amount, balance, checkNo, date, description, externalId, initialBalance, memo, ref, status, type, uuid, account_id, transfer_id, custom) values('InternalTransaction', 2926, 32.19, 2896.67, '', '2010-02-16', 'Transfer from Available', 'null', false, '', '', 0, 0, 'be4ae61b-3b75-3c7f-91d5-64c65488897d', 229, 1651, false);
insert into Split (id, amount, uuid, envelope_id, transaction_id) values(2927, 32.19, '25ce1c29-4548-3145-81f2-bc35bdbd23c9', 232, 2926);
insert into Transaction (DTYPE, id, amount, balance, checkNo, date, description, externalId, initialBalance, memo, ref, status, type, uuid, account_id, transfer_id, custom) values('InternalTransaction', 2924, -250.00, 2228.65, '272', '2010-03-30', 'CHECK 272', '201003303', false, '', '', 2, 1, 'eae727d5-4901-36d6-8890-72c4a19ba7d8', 229, null, false);
insert into Split (id, amount, uuid, envelope_id, transaction_id) values(2925, -250.00, '994bdb9a-198c-3cd1-beb3-4d3c5c29a9f7', 248, 2924);
insert into Transaction (DTYPE, id, amount, balance, checkNo, date, description, externalId, initialBalance, memo, ref, status, type, uuid, account_id, transfer_id, custom) values('InternalTransaction', 2930, -35.51, 4064.06, '', '2010-04-16', 'Transfer to New Car', 'null', false, '', '', 2, 1, 'd1ca70af-680e-3d00-ba82-fd8b3989fb6c', 229, 617, false);
insert into Split (id, amount, uuid, envelope_id, transaction_id) values(2931, -35.51, '2233ba7e-4faa-3934-82fb-4ec96caaf884', 293, 2930);
insert into Transaction (DTYPE, id, amount, balance, checkNo, date, description, externalId, initialBalance, memo, ref, status, type, uuid, account_id, transfer_id, custom) values('InternalTransaction', 2934, 0.00, 3776.46, '', '2010-04-02', 'Transfer from Available', 'null', false, '', '', 2, 1, '8effa396-4fb1-3f44-807b-fda94de46a54', 229, 3106, false);
insert into Split (id, amount, uuid, envelope_id, transaction_id) values(2935, 0.00, '663d0d6f-d83b-3626-b14f-216d1c292f96', 268, 2934);
insert into Transaction (DTYPE, id, amount, balance, checkNo, date, description, externalId, initialBalance, memo, ref, status, type, uuid, account_id, transfer_id, custom) values('InternalTransaction', 2932, -35.00, 2537.97, '', '2010-01-25', 'JOSEPH SCOTT SALON LLC P276773', '201001257', false, '01/22JOSEPH SC', '', 2, 1, '81c3d7d7-e0ca-3194-a70c-12508ae3e0e4', 229, null, false);
insert into Split (id, amount, uuid, envelope_id, transaction_id) values(2933, -35.00, '25ce05eb-c66a-3dcd-b366-1d93a1b35857', 260, 2932);
insert into Transaction (DTYPE, id, amount, balance, checkNo, date, description, externalId, initialBalance, memo, ref, status, type, uuid, account_id, transfer_id, custom) values('InternalTransaction', 2936, 25.00, 6154.61, '', '2010-03-19', 'Transfer from Available', 'null', false, '', '', 2, 0, '0af5d98a-34d6-3ab7-8be7-5b2cc56abbd0', 229, 1053, false);
insert into Split (id, amount, uuid, envelope_id, transaction_id) values(2937, 25.00, '8aa13982-061b-3176-8cb6-8f7492339a4a', 277, 2936);
insert into Transaction (DTYPE, id, amount, balance, checkNo, date, description, externalId, initialBalance, memo, ref, status, type, uuid, account_id, transfer_id, custom) values('InternalTransaction', 2940, -150.00, 2701.96, '', '2010-04-02', 'Transfer to Groceries', 'null', false, '', '', 2, 1, 'd850c889-ba3e-3e4b-8502-0fcdda9b3466', 229, 2671, false);
insert into Split (id, amount, uuid, envelope_id, transaction_id) values(2941, -150.00, '0727d34b-e2d7-39d4-a6b7-aa204bac9c97', 293, 2940);
insert into Transaction (DTYPE, id, amount, balance, checkNo, date, description, externalId, initialBalance, memo, ref, status, type, uuid, account_id, transfer_id, custom) values('InternalTransaction', 2938, -7.40, 0.00, '', '2010-03-30', 'Transfer to Coffee', 'null', false, '', '', 2, 1, '652706dd-fe9e-3d14-8fc4-047c162feba6', 228, 1017, false);
insert into Split (id, amount, uuid, envelope_id, transaction_id) values(2939, -7.40, '48a603e1-c5ab-3979-b227-b45c4361ad1e', 293, 2938);
insert into Transaction (DTYPE, id, amount, balance, checkNo, date, description, externalId, initialBalance, memo, ref, status, type, uuid, account_id, transfer_id, custom) values('InternalTransaction', 2944, -228.64, 4088.15, '', '2010-03-29', 'WHOLE FOODS MARK 5120 S 728182', '2010032914', false, '03/28WHOLE FOO', '', 2, 1, '3ae1dcf3-f561-3a75-9420-8be6f488a1a2', 229, null, false);
insert into Split (id, amount, uuid, envelope_id, transaction_id) values(2945, -228.64, '0c75eba1-27fb-354c-a43b-2613d8361bac', 238, 2944);
insert into Transaction (DTYPE, id, amount, balance, checkNo, date, description, externalId, initialBalance, memo, ref, status, type, uuid, account_id, transfer_id, custom) values('InternalTransaction', 2942, 25.00, 4272.45, '', '2010-02-19', 'Transfer from Available', 'null', false, '', '', 2, 0, '3bf2ecf9-18db-32fe-9ad4-f09481682cd4', 229, 2687, false);
insert into Split (id, amount, uuid, envelope_id, transaction_id) values(2943, 25.00, 'a6df33cd-e519-36e9-a1ef-42cede03dbf5', 277, 2942);
insert into Transaction (DTYPE, id, amount, balance, checkNo, date, description, externalId, initialBalance, memo, ref, status, type, uuid, account_id, transfer_id, custom) values('InternalTransaction', 2946, -5.82, 2426.45, '', '2010-03-19', 'Transfer to Fast Food', 'null', false, '', '', 2, 1, '082876a6-4a5a-382b-ab36-3b8b8e57b41f', 229, 1535, false);
insert into Split (id, amount, uuid, envelope_id, transaction_id) values(2947, -5.82, '9702c224-b919-3022-9c61-46c0e914d0f3', 293, 2946);
insert into Transaction (DTYPE, id, amount, balance, checkNo, date, description, externalId, initialBalance, memo, ref, status, type, uuid, account_id, transfer_id, custom) values('InternalTransaction', 2948, -14.29, 949.67, '', '2010-03-03', 'Transfer to State Farm Insurance', 'null', false, '', '', 2, 1, 'ca2267a1-00ac-3e43-9c5e-5144db10ba8d', 229, 3184, false);
insert into Split (id, amount, uuid, envelope_id, transaction_id) values(2949, -14.29, '21109bd1-b4ee-3b42-aaa0-2a6682f96aae', 293, 2948);
insert into Transaction (DTYPE, id, amount, balance, checkNo, date, description, externalId, initialBalance, memo, ref, status, type, uuid, account_id, transfer_id, custom) values('InternalTransaction', 2950, 2.11, 2.11, '', '2010-04-21', 'Transfer from Coffee', 'null', false, '', '', 2, 0, '9a3b111a-2491-3cbf-84a6-729acd377df9', 228, 335, false);
insert into Split (id, amount, uuid, envelope_id, transaction_id) values(2951, 2.11, '6b64b660-ea4b-39ac-b39d-6c4f4d536842', 293, 2950);
insert into Transaction (DTYPE, id, amount, balance, checkNo, date, description, externalId, initialBalance, memo, ref, status, type, uuid, account_id, transfer_id, custom) values('InternalTransaction', 2952, 2296.30, 2589.50, '', '2010-04-30', 'DIFFUSION GROUP PAYROLL PPD', 'null', false, '', '', 0, 0, '0312685f-805d-33c4-97d5-d97d837d568b', 229, null, false);
insert into Split (id, amount, uuid, envelope_id, transaction_id) values(2953, 2296.30, '93b533fd-3170-3185-8459-92090c2b6bc1', 293, 2952);
insert into Transaction (DTYPE, id, amount, balance, checkNo, date, description, externalId, initialBalance, memo, ref, status, type, uuid, account_id, transfer_id, custom) values('InternalTransaction', 2954, -9.95, 3117.64, '', '2010-02-22', 'Financial Management Software:', '201002220', false, 'Monthly Service Fee', '', 2, 1, '2e9a9437-3306-3bfc-8477-ed58aa9ae79e', 229, null, false);
insert into Split (id, amount, uuid, envelope_id, transaction_id) values(2955, -9.95, '78924bf5-3657-3c2d-9059-1e7765adc7cb', 232, 2954);
insert into Transaction (DTYPE, id, amount, balance, checkNo, date, description, externalId, initialBalance, memo, ref, status, type, uuid, account_id, transfer_id, custom) values('InternalTransaction', 2956, -292.74, 5154.62, '', '2010-02-16', 'Transfer to Books', 'null', false, '', '', 0, 1, 'bdaad675-9316-38b9-9324-a3a96bcdd61c', 229, 2577, false);
insert into Split (id, amount, uuid, envelope_id, transaction_id) values(2957, -292.74, 'e1fc2ad5-56e8-3304-a217-e154cb5ae609', 293, 2956);
insert into Transaction (DTYPE, id, amount, balance, checkNo, date, description, externalId, initialBalance, memo, ref, status, type, uuid, account_id, transfer_id, custom) values('InternalTransaction', 2958, -21.65, 851.28, '', '2010-03-04', 'Transfer to Pet', 'null', false, '', '', 2, 1, '5589f90d-caaa-3928-8899-fc19cd8c90be', 229, 2719, false);
insert into Split (id, amount, uuid, envelope_id, transaction_id) values(2959, -21.65, 'fe0127a8-f3b9-3c3a-8e22-206ba87ee86c', 293, 2958);
insert into Transaction (DTYPE, id, amount, balance, checkNo, date, description, externalId, initialBalance, memo, ref, status, type, uuid, account_id, transfer_id, custom) values('InternalTransaction', 2960, -13.99, 2589.50, '', '2010-04-30', 'Transfer to Arrowhead Water', 'null', false, '', '', 2, 1, '438070e8-274f-3360-9697-0011d6cc18e4', 229, 1969, false);
insert into Split (id, amount, uuid, envelope_id, transaction_id) values(2961, -13.99, 'a9f4fe39-1e5b-32c7-90a7-c009aff2272e', 293, 2960);
insert into Transaction (DTYPE, id, amount, balance, checkNo, date, description, externalId, initialBalance, memo, ref, status, type, uuid, account_id, transfer_id, custom) values('InternalTransaction', 2962, 395.00, 2679.33, '', '2010-02-26', 'AZ DEPT OF REV DIR.DEP.', '201002260', false, 'PPD ID: 1866004799', '', 2, 0, '4c5ad4e7-d923-33d7-87f2-21a983fb70fb', 229, null, false);
insert into Split (id, amount, uuid, envelope_id, transaction_id) values(2963, 395.00, 'b66509ec-929c-34d5-b07a-2d4938198320', 293, 2962);
insert into Transaction (DTYPE, id, amount, balance, checkNo, date, description, externalId, initialBalance, memo, ref, status, type, uuid, account_id, transfer_id, custom) values('InternalTransaction', 2964, -80.00, 4067.90, '', '2010-02-19', 'Transfer to Housekeeping', 'null', false, '', '', 2, 1, '0b3916ea-df2c-3ff8-922d-53736a7859d6', 229, 2071, false);
insert into Split (id, amount, uuid, envelope_id, transaction_id) values(2965, -80.00, 'db6f32aa-3a52-37ea-b034-0aa27839b855', 293, 2964);
insert into Transaction (DTYPE, id, amount, balance, checkNo, date, description, externalId, initialBalance, memo, ref, status, type, uuid, account_id, transfer_id, custom) values('InternalTransaction', 2966, -80.00, 2589.50, '', '2010-04-30', 'Transfer to Auto Fuel', 'null', false, '', '', 2, 1, 'cd2bb3e0-cf23-3fb3-99ee-18c66ef77f27', 229, 2309, false);
insert into Split (id, amount, uuid, envelope_id, transaction_id) values(2967, -80.00, '51c9dfbe-4f64-3498-94d6-bf7524271b50', 293, 2966);
insert into Transaction (DTYPE, id, amount, balance, checkNo, date, description, externalId, initialBalance, memo, ref, status, type, uuid, account_id, transfer_id, custom) values('InternalTransaction', 2968, -113.15, 0.00, '', '2010-02-18', 'Transfer to Available', 'null', false, '', '', 2, 1, 'c12b029f-9ad2-3c94-9dce-ed7623572c3e', 228, 1895, false);
insert into Split (id, amount, uuid, envelope_id, transaction_id) values(2969, -113.15, '25e4aa6c-009f-3b86-befa-4a0d2df1cf74', 253, 2968);
insert into Transaction (DTYPE, id, amount, balance, checkNo, date, description, externalId, initialBalance, memo, ref, status, type, uuid, account_id, transfer_id, custom) values('InternalTransaction', 2970, -8.54, 0.00, '', '2010-03-09', 'Transfer to Fast Food', 'null', false, '', '', 2, 1, '14ce3162-9df7-3995-ad17-b713ed469838', 228, 1413, false);
insert into Split (id, amount, uuid, envelope_id, transaction_id) values(2971, -8.54, '5dcfc157-d3a2-36be-891f-13026762f15f', 252, 2970);
insert into Transaction (DTYPE, id, amount, balance, checkNo, date, description, externalId, initialBalance, memo, ref, status, type, uuid, account_id, transfer_id, custom) values('InternalTransaction', 2972, 0.00, 3776.46, '', '2010-04-02', 'Transfer from Available', 'null', false, '', '', 2, 1, '3fbd7eaf-e735-3b3a-a407-6b37ab8cb83c', 229, 2707, false);
insert into Split (id, amount, uuid, envelope_id, transaction_id) values(2973, 0.00, '43320f96-2e72-3636-9be9-4ac289efd268', 254, 2972);
insert into Transaction (DTYPE, id, amount, balance, checkNo, date, description, externalId, initialBalance, memo, ref, status, type, uuid, account_id, transfer_id, custom) values('InternalTransaction', 2974, -0.00, 2024.23, '', '2010-04-02', 'Transfer to Verizon Wireless', 'null', false, '', '', 2, 1, '9c8c579d-c2d2-3c0a-8f27-c0eeef4d78bd', 229, 3150, false);
insert into Split (id, amount, uuid, envelope_id, transaction_id) values(2975, -0.00, '4a4fddd0-8574-38f2-8588-48927df70b0f', 293, 2974);
insert into Transaction (DTYPE, id, amount, balance, checkNo, date, description, externalId, initialBalance, memo, ref, status, type, uuid, account_id, transfer_id, custom) values('InternalTransaction', 2976, -163.00, 2589.50, '', '2010-04-30', 'Transfer to Lofts @ Arcadia', 'null', false, '', '', 2, 1, 'ebe1ee5c-2c28-31ad-81d6-11d217002d08', 229, 1789, false);
insert into Split (id, amount, uuid, envelope_id, transaction_id) values(2977, -163.00, '61798ea4-428c-32ce-9d64-e0254b2a61c9', 293, 2976);
insert into Transaction (DTYPE, id, amount, balance, checkNo, date, description, externalId, initialBalance, memo, ref, status, type, uuid, account_id, transfer_id, custom) values('InternalTransaction', 2980, -15.16, 1351.69, '', '2009-12-18', 'BUFFALO EXCHANGE AZ04 PH322690', '200912184', false, '12/17BUFFALO E', '', 2, 1, '18d7ddea-a9da-3fe1-87d4-4f67e9478c62', 229, null, false);
insert into Split (id, amount, uuid, envelope_id, transaction_id) values(2981, -15.16, '125e0966-0b21-39c1-8b24-77e7c8b6b744', 286, 2980);
insert into Transaction (DTYPE, id, amount, balance, checkNo, date, description, externalId, initialBalance, memo, ref, status, type, uuid, account_id, transfer_id, custom) values('InternalTransaction', 2978, -7.21, 1337.81, '', '2010-04-22', 'Transfer to Fast Food', 'null', false, '', '', 2, 1, 'b13505aa-8be8-34f2-a39a-12cce728d72f', 229, 1027, false);
insert into Split (id, amount, uuid, envelope_id, transaction_id) values(2979, -7.21, '385577ae-4cbe-3304-b3ad-3b98ce6f10ee', 293, 2978);
insert into Transaction (DTYPE, id, amount, balance, checkNo, date, description, externalId, initialBalance, memo, ref, status, type, uuid, account_id, transfer_id, custom) values('InternalTransaction', 2986, -77.73, 4359.46, '', '2010-03-29', 'BEDBATH&BEYOND# BEDB 202935517', '201003291', false, '03/26BEDBATH&B', '', 2, 1, 'ccdb2f59-070d-3aa4-8e73-c8b5ac93850d', 229, null, false);
insert into Split (id, amount, uuid, envelope_id, transaction_id) values(2987, -77.73, '70e86c8c-70c4-3909-ba97-7900256a6d06', 248, 2986);
insert into Transaction (DTYPE, id, amount, balance, checkNo, date, description, externalId, initialBalance, memo, ref, status, type, uuid, account_id, transfer_id, custom) values('InternalTransaction', 2984, 5.00, 5.00, '', '2010-03-13', 'Transfer from Spending', 'null', false, '', '', 2, 0, 'bfbc2da6-6046-3abb-822a-bc74f12357ed', 228, 351, false);
insert into Split (id, amount, uuid, envelope_id, transaction_id) values(2985, 5.00, 'cce882e2-b3ef-3aa4-be48-7e69cbb51760', 287, 2984);
insert into Transaction (DTYPE, id, amount, balance, checkNo, date, description, externalId, initialBalance, memo, ref, status, type, uuid, account_id, transfer_id, custom) values('InternalTransaction', 2982, -163.00, 3904.90, '', '2010-02-19', 'Transfer to Lofts @ Arcadia', 'null', false, '', '', 2, 1, 'db03fc69-0567-31b8-8011-2a2bdef29777', 229, 1827, false);
insert into Split (id, amount, uuid, envelope_id, transaction_id) values(2983, -163.00, '60761bfb-67f8-35ab-ad7d-c543a2590c49', 293, 2982);
insert into Transaction (DTYPE, id, amount, balance, checkNo, date, description, externalId, initialBalance, memo, ref, status, type, uuid, account_id, transfer_id, custom) values('InternalTransaction', 2990, -73.45, 655.53, '', '2010-04-15', 'BEDBATH&BEYOND# BEDB 202837614', '201004150', false, '04/14BEDBATH&B', '', 2, 1, '3c011ea7-a9e9-3b0a-9908-413dac84cb43', 229, null, false);
insert into Split (id, amount, uuid, envelope_id, transaction_id) values(2991, -73.45, 'a45f0a4d-8a5a-3f07-b22c-a5668f9d29dd', 239, 2990);
insert into Transaction (DTYPE, id, amount, balance, checkNo, date, description, externalId, initialBalance, memo, ref, status, type, uuid, account_id, transfer_id, custom) values('InternalTransaction', 2988, 77.05, 4349.50, '', '2010-02-19', 'Transfer from Available', 'null', false, '', '', 2, 0, '5c2e96d0-7072-383d-8b0e-c40ad10721d9', 229, 1089, false);
insert into Split (id, amount, uuid, envelope_id, transaction_id) values(2989, 77.05, 'e0a2b449-197e-3767-822c-d0f8915c6a33', 291, 2988);
insert into Transaction (DTYPE, id, amount, balance, checkNo, date, description, externalId, initialBalance, memo, ref, status, type, uuid, account_id, transfer_id, custom) values('InternalTransaction', 2992, -175.00, 1517.15, '', '2010-04-05', 'IRS USATAXPYMT 2700', '201004059', false, '49500919957 WEB ID: 3387702000', '', 2, 1, 'bb0d0a10-9203-3da0-817c-7629264c83d8', 229, null, false);
insert into Split (id, amount, uuid, envelope_id, transaction_id) values(2993, -175.00, 'b88a077c-6b7e-3394-b4ef-3db843792ee9', 275, 2992);
insert into Transaction (DTYPE, id, amount, balance, checkNo, date, description, externalId, initialBalance, memo, ref, status, type, uuid, account_id, transfer_id, custom) values('InternalTransaction', 2994, -9.95, 4693.11, '', '2010-03-22', 'Financial Management Software:', '201003220', false, 'Monthly Service Fee', '', 2, 1, '9d6bc9f9-1e3d-3c80-9680-7d2a64711706', 229, null, false);
insert into Split (id, amount, uuid, envelope_id, transaction_id) values(2995, -9.95, '9dde6f9a-1376-392c-94d3-82a51659630f', 232, 2994);
insert into Transaction (DTYPE, id, amount, balance, checkNo, date, description, externalId, initialBalance, memo, ref, status, type, uuid, account_id, transfer_id, custom) values('InternalTransaction', 2998, 100.49, 4005.35, '', '2010-03-30', 'Transfer from Available', 'null', false, '', '', 2, 0, '96392536-2cad-3b46-ac98-b82068a0469a', 229, 611, false);
insert into Split (id, amount, uuid, envelope_id, transaction_id) values(2999, 100.49, '859c2ad6-8996-3b69-940b-3c9546ad8526', 239, 2998);
insert into Transaction (DTYPE, id, amount, balance, checkNo, date, description, externalId, initialBalance, memo, ref, status, type, uuid, account_id, transfer_id, custom) values('InternalTransaction', 2996, -100.00, 6978.71, '', '2010-03-20', 'SHADETREE', '201003227', false, '', '', 2, 1, '8fb15685-3e7e-38d7-89f9-1674d54cde7a', 229, null, false);
insert into Split (id, amount, uuid, envelope_id, transaction_id) values(2997, -100.00, '8442d2a9-76cc-3db3-a30e-50bd05623af1', 248, 2996);
insert into Transaction (DTYPE, id, amount, balance, checkNo, date, description, externalId, initialBalance, memo, ref, status, type, uuid, account_id, transfer_id, custom) values('InternalTransaction', 3000, -953.45, 2589.50, '', '2010-04-30', 'Transfer to Credit Cards', 'null', false, '', '', 2, 1, '0222ba1f-2304-389d-8ba4-9f538324d868', 229, 629, false);
insert into Split (id, amount, uuid, envelope_id, transaction_id) values(3001, -953.45, '2ac4840a-f3f5-300e-9c80-1310b2705719', 293, 3000);
insert into Transaction (DTYPE, id, amount, balance, checkNo, date, description, externalId, initialBalance, memo, ref, status, type, uuid, account_id, transfer_id, custom) values('InternalTransaction', 3004, -5.81, 2978.53, '', '2010-01-25', 'DUNKIN #304847 Q35 P', '2010012512', false, '01/22DUNKIN #3', '', 2, 1, '9727813d-bc62-35db-bd3f-413fdefe93e5', 229, null, false);
insert into Split (id, amount, uuid, envelope_id, transaction_id) values(3005, -5.81, 'b9ceb82f-ac49-3bf9-ac2a-2f78155c6a53', 246, 3004);
insert into Transaction (DTYPE, id, amount, balance, checkNo, date, description, externalId, initialBalance, memo, ref, status, type, uuid, account_id, transfer_id, custom) values('InternalTransaction', 3002, -34.62, 2088.87, '', '2009-11-04', 'QT 425 PHOENIX AZ 923857', '200911042', false, '11/03QT 425 PH', '', 2, 1, '0f3f37e8-4b02-36ae-8a27-bcabe56560a4', 229, null, false);
insert into Split (id, amount, uuid, envelope_id, transaction_id) values(3003, -34.62, '5e995403-ddd2-3f8c-b2b6-0f37c1502997', 252, 3002);
insert into Transaction (DTYPE, id, amount, balance, checkNo, date, description, externalId, initialBalance, memo, ref, status, type, uuid, account_id, transfer_id, custom) values('InternalTransaction', 3006, -15.95, 5128.56, '', '2010-03-19', 'Transfer to Sirius', 'null', false, '', '', 2, 1, 'd417e83e-04af-3256-972b-a54791f28e60', 229, 2449, false);
insert into Split (id, amount, uuid, envelope_id, transaction_id) values(3007, -15.95, '7bc784a7-50d3-37e7-a6d6-5c9ade1d6ab6', 293, 3006);
insert into Transaction (DTYPE, id, amount, balance, checkNo, date, description, externalId, initialBalance, memo, ref, status, type, uuid, account_id, transfer_id, custom) values('InternalTransaction', 3008, -23.18, 5205.02, '', '2010-03-19', 'Transfer to Medical', 'null', false, '', '', 2, 1, 'b4bc1974-2770-3bbf-8a70-203eaa764c99', 229, 2673, false);
insert into Split (id, amount, uuid, envelope_id, transaction_id) values(3009, -23.18, '1ea1538a-9bda-30a1-b72f-f5d3052e6025', 293, 3008);
insert into Transaction (DTYPE, id, amount, balance, checkNo, date, description, externalId, initialBalance, memo, ref, status, type, uuid, account_id, transfer_id, custom) values('InternalTransaction', 3010, -17.50, 0.00, '', '2010-03-30', 'Transfer to Credit Cards', 'null', false, '', '', 2, 1, 'b798dd73-fb9f-3e37-ba07-05031c5337de', 228, 2331, false);
insert into Split (id, amount, uuid, envelope_id, transaction_id) values(3011, -17.50, 'ec2c5210-c0a3-3055-8903-5efa8f1d6ad2', 271, 3010);
insert into Transaction (DTYPE, id, amount, balance, checkNo, date, description, externalId, initialBalance, memo, ref, status, type, uuid, account_id, transfer_id, custom) values('InternalTransaction', 3012, 160.00, 160.00, '', '2010-03-05', 'Transfer from Available', 'null', false, '', '', 2, 0, 'cf87d59f-32cd-3fdd-8881-26b9062459cc', 228, 2269, false);
insert into Split (id, amount, uuid, envelope_id, transaction_id) values(3013, 160.00, 'bdfbf074-cb06-3205-ba22-b8e08732a5c5', 239, 3012);
insert into Transaction (DTYPE, id, amount, balance, checkNo, date, description, externalId, initialBalance, memo, ref, status, type, uuid, account_id, transfer_id, custom) values('InternalTransaction', 3014, -395.45, 5702.02, '', '2010-03-19', 'Transfer to GMAC Mortgage', 'null', false, '', '', 2, 1, '7a35bdc0-7463-33a6-8381-acff7b669144', 229, 2479, false);
insert into Split (id, amount, uuid, envelope_id, transaction_id) values(3015, -395.45, '55d69e16-2c71-3d89-9a07-c7da435d3b27', 293, 3014);
insert into Transaction (DTYPE, id, amount, balance, checkNo, date, description, externalId, initialBalance, memo, ref, status, type, uuid, account_id, transfer_id, custom) values('InternalTransaction', 3016, 395.46, 5554.05, '', '2010-03-05', 'Transfer from Available', 'null', false, '', '', 2, 0, 'ee3e5d89-82c7-34f1-8f97-4f19a406cbbf', 229, 1193, false);
insert into Split (id, amount, uuid, envelope_id, transaction_id) values(3017, 395.46, '5c25aa4e-6216-31a1-a800-82e23f238692', 231, 3016);
insert into Transaction (DTYPE, id, amount, balance, checkNo, date, description, externalId, initialBalance, memo, ref, status, type, uuid, account_id, transfer_id, custom) values('InternalTransaction', 3018, 27.19, 6181.80, '', '2010-03-19', 'Transfer from Available', 'null', false, '', '', 2, 0, '13b64461-ae60-3db8-a455-f56b099b60f0', 229, 1381, false);
insert into Split (id, amount, uuid, envelope_id, transaction_id) values(3019, 27.19, '6ab3cafc-9cc0-3dbe-801a-e9b21b23335a', 259, 3018);
insert into Transaction (DTYPE, id, amount, balance, checkNo, date, description, externalId, initialBalance, memo, ref, status, type, uuid, account_id, transfer_id, custom) values('InternalTransaction', 3020, 44.00, 1345.02, '', '2010-04-22', 'Transfer from Available', 'null', false, '', '', 2, 0, 'f8261f2c-053f-3897-955a-d80e766689fb', 229, 2747, false);
insert into Split (id, amount, uuid, envelope_id, transaction_id) values(3021, 44.00, '44911e04-1351-3474-b83c-7df6d064df76', 264, 3020);
insert into Transaction (DTYPE, id, amount, balance, checkNo, date, description, externalId, initialBalance, memo, ref, status, type, uuid, account_id, transfer_id, custom) values('InternalTransaction', 3022, -81.98, 1286.09, '', '2010-02-15', 'DIRECTV', '201002160', false, '', '', 2, 1, 'b6cf34b5-affa-3535-8345-29d5939ce5c3', 229, null, false);
insert into Split (id, amount, uuid, envelope_id, transaction_id) values(3023, -81.98, '770e68dc-f752-379e-b741-dbe14ea425e4', 273, 3022);
insert into Transaction (DTYPE, id, amount, balance, checkNo, date, description, externalId, initialBalance, memo, ref, status, type, uuid, account_id, transfer_id, custom) values('InternalTransaction', 3026, 154.66, 5708.71, '', '2010-03-05', 'Transfer from Available', 'null', false, '', '', 2, 0, 'e316c28d-a079-3963-ba75-c3810569f40b', 229, 2155, false);
insert into Split (id, amount, uuid, envelope_id, transaction_id) values(3027, 154.66, 'e752e28e-db14-3c31-b9cf-1615d4d20932', 267, 3026);
insert into Transaction (DTYPE, id, amount, balance, checkNo, date, description, externalId, initialBalance, memo, ref, status, type, uuid, account_id, transfer_id, custom) values('InternalTransaction', 3024, 11.46, 11.46, '', '2010-03-16', 'Transfer from Household', 'null', false, '', '', 2, 0, '6d4e82e4-a7fd-3ef9-8d8d-d99875bec1d8', 228, 2473, false);
insert into Split (id, amount, uuid, envelope_id, transaction_id) values(3025, 11.46, '6bc84829-75ab-3b55-9c32-63cbc24f8bd9', 260, 3024);
insert into Transaction (DTYPE, id, amount, balance, checkNo, date, description, externalId, initialBalance, memo, ref, status, type, uuid, account_id, transfer_id, custom) values('InternalTransaction', 3028, -10.26, 2180.43, '', '2010-03-10', 'MY BIG FAT GREEK REST TE', '201003100', false, '03/09MY BIG FA', '', 2, 1, '2bf4fe92-9975-3a40-8a16-970ecd0bdbfe', 229, null, false);
insert into Split (id, amount, uuid, envelope_id, transaction_id) values(3029, -10.26, 'f9412002-6245-31e1-be75-2260558e2fab', 296, 3028);
insert into Transaction (DTYPE, id, amount, balance, checkNo, date, description, externalId, initialBalance, memo, ref, status, type, uuid, account_id, transfer_id, custom) values('InternalTransaction', 3030, -12.49, 1977.24, '', '2010-01-04', 'EINSTEIN BROS #2021 PHOE', '201001046', false, '12/30EINSTEIN', '', 2, 1, '6ca5a822-6d6b-3d65-b1c9-a84a3e47970c', 229, null, false);
insert into Split (id, amount, uuid, envelope_id, transaction_id) values(3031, -12.49, 'ac19c225-6072-3507-a31c-9d7e58715600', 296, 3030);
insert into Transaction (DTYPE, id, amount, balance, checkNo, date, description, externalId, initialBalance, memo, ref, status, type, uuid, account_id, transfer_id, custom) values('InternalTransaction', 3032, 17.50, 4367.00, '', '2010-02-19', 'Transfer from Available', 'null', false, '', '', 2, 0, '4a59028d-7fb3-3d4c-8b81-fa884315e955', 229, 575, false);
insert into Split (id, amount, uuid, envelope_id, transaction_id) values(3033, 17.50, '154e57b0-ef70-3106-a6e9-66c416812075', 271, 3032);
insert into Transaction (DTYPE, id, amount, balance, checkNo, date, description, externalId, initialBalance, memo, ref, status, type, uuid, account_id, transfer_id, custom) values('InternalTransaction', 3034, 65.73, 65.73, '', '2010-04-29', 'Transfer from Unassigned', 'null', false, '', '', 2, 0, 'e213cb81-ee51-385f-94a4-0aa1d1f2967e', 228, 1683, false);
insert into Split (id, amount, uuid, envelope_id, transaction_id) values(3035, 65.73, '23e02890-dd40-3163-976c-0d06458c2941', 293, 3034);
insert into Transaction (DTYPE, id, amount, balance, checkNo, date, description, externalId, initialBalance, memo, ref, status, type, uuid, account_id, transfer_id, custom) values('InternalTransaction', 3036, -2472.97, 0.00, '', '2010-04-16', 'Transfer to Available', 'null', false, '', '', 2, 1, '8500ee61-37eb-374c-8329-9d910e13d78b', 228, 461, false);
insert into Split (id, amount, uuid, envelope_id, transaction_id) values(3037, -2472.97, '0746aded-495f-333d-ae7f-b8623b22cd5b', 264, 3036);
insert into Transaction (DTYPE, id, amount, balance, checkNo, date, description, externalId, initialBalance, memo, ref, status, type, uuid, account_id, transfer_id, custom) values('InternalTransaction', 3042, -17.50, 1610.66, '', '2010-01-12', 'AMC DEER VALLE04001020 P', '201001121', false, '01/10AMC DEER', '', 2, 1, '23e3983c-7265-3914-bb3c-8e4091d56b87', 229, null, false);
insert into Split (id, amount, uuid, envelope_id, transaction_id) values(3043, -17.50, '6048910e-11d3-37d0-a985-a5fe1c839375', 285, 3042);
insert into Transaction (DTYPE, id, amount, balance, checkNo, date, description, externalId, initialBalance, memo, ref, status, type, uuid, account_id, transfer_id, custom) values('InternalTransaction', 3040, -49.00, 4390.15, '', '2009-11-18', 'MASSAGE ENVY 0011 480-83', '200911180', false, '11/16MASSAGE E', '', 2, 1, '1334c443-ce80-3e7e-8715-2b2981c26b40', 229, null, false);
insert into Split (id, amount, uuid, envelope_id, transaction_id) values(3041, -49.00, '469f5474-f60c-3f67-a429-0292d8eec7b7', 279, 3040);
insert into Transaction (DTYPE, id, amount, balance, checkNo, date, description, externalId, initialBalance, memo, ref, status, type, uuid, account_id, transfer_id, custom) values('InternalTransaction', 3038, -35.00, 1807.66, '', '2009-11-06', 'JOSEPH SCOTT SALON LLC P185216', '200911062', false, '11/05JOSEPH SC', '', 2, 1, '2ddda1fc-2811-3a3a-a099-5eba225c33c6', 229, null, false);
insert into Split (id, amount, uuid, envelope_id, transaction_id) values(3039, -35.00, '3f8293cf-c62c-34f4-afd6-041ebbb330a2', 260, 3038);
insert into Transaction (DTYPE, id, amount, balance, checkNo, date, description, externalId, initialBalance, memo, ref, status, type, uuid, account_id, transfer_id, custom) values('InternalTransaction', 3048, -20.00, 4115.33, '', '2009-11-20', 'WITHDRAWAL', '200911200', false, '', '', 2, 1, 'f053682c-60b2-3434-b917-027e6d6fe22f', 229, null, false);
insert into Split (id, amount, uuid, envelope_id, transaction_id) values(3049, -20.00, '21806438-c0ee-3e3c-9af2-3601050da2fb', 252, 3048);
insert into Transaction (DTYPE, id, amount, balance, checkNo, date, description, externalId, initialBalance, memo, ref, status, type, uuid, account_id, transfer_id, custom) values('InternalTransaction', 3046, -28.75, 2014.63, '', '2010-01-04', 'SPROUTS FARMERS MKT #7 P590160', '201001044', false, '01/02SPROUTS F', '', 2, 1, 'c2c39f06-9509-3ce7-ae7c-ff5f1406c315', 229, null, false);
insert into Split (id, amount, uuid, envelope_id, transaction_id) values(3047, -28.75, '4e164384-1d13-3025-81d9-ebe6bacf51e0', 238, 3046);
insert into Transaction (DTYPE, id, amount, balance, checkNo, date, description, externalId, initialBalance, memo, ref, status, type, uuid, account_id, transfer_id, custom) values('InternalTransaction', 3044, 0.00, 5708.71, '', '2010-03-05', 'Transfer from Available', 'null', false, '', '', 2, 1, '7e55b68d-bd76-3e14-af3b-768afa1d2deb', 229, 3226, false);
insert into Split (id, amount, uuid, envelope_id, transaction_id) values(3045, 0.00, 'fd75990f-6214-30e4-b088-11475849b6fe', 268, 3044);
insert into Transaction (DTYPE, id, amount, balance, checkNo, date, description, externalId, initialBalance, memo, ref, status, type, uuid, account_id, transfer_id, custom) values('InternalTransaction', 3050, -25.00, 4635.31, '', '2010-03-05', 'Transfer to Medical', 'null', false, '', '', 2, 1, 'e2927dbf-6922-3f85-91b5-ab1558eb77d5', 229, 2882, false);
insert into Split (id, amount, uuid, envelope_id, transaction_id) values(3051, -25.00, '18ce09d0-9ac6-39b8-8cc4-9bb1444f30f5', 293, 3050);
insert into Transaction (DTYPE, id, amount, balance, checkNo, date, description, externalId, initialBalance, memo, ref, status, type, uuid, account_id, transfer_id, custom) values('InternalTransaction', 3054, 9.98, 9.98, '', '2010-03-16', 'Transfer from Spending', 'null', false, '', '', 2, 0, 'c05cfb53-2472-3e25-a15a-f286d11f8bbf', 228, 1925, false);
insert into Split (id, amount, uuid, envelope_id, transaction_id) values(3055, 9.98, '84a094d7-b9ea-35dc-862b-fcc7c881412b', 254, 3054);
insert into Transaction (DTYPE, id, amount, balance, checkNo, date, description, externalId, initialBalance, memo, ref, status, type, uuid, account_id, transfer_id, custom) values('InternalTransaction', 3052, 5.77, 6187.57, '', '2010-03-19', 'Transfer from Available', 'null', false, '', '', 2, 0, '9695776e-5757-3cb4-9421-d314cee71b10', 229, 1695, false);
insert into Split (id, amount, uuid, envelope_id, transaction_id) values(3053, 5.77, '259efc59-9730-301e-aa2f-d9f89078d1a3', 294, 3052);
insert into Transaction (DTYPE, id, amount, balance, checkNo, date, description, externalId, initialBalance, memo, ref, status, type, uuid, account_id, transfer_id, custom) values('InternalTransaction', 3056, 14.50, 14.50, '', '2010-03-27', 'Transfer from Spending', 'null', false, '', '', 2, 0, '42cf278f-1462-3ad3-a948-15e7d76a51b3', 228, 389, false);
insert into Split (id, amount, uuid, envelope_id, transaction_id) values(3057, 14.50, 'dce46235-d418-3b32-a1ac-993c046d3adf', 270, 3056);
insert into Transaction (DTYPE, id, amount, balance, checkNo, date, description, externalId, initialBalance, memo, ref, status, type, uuid, account_id, transfer_id, custom) values('InternalTransaction', 3060, 6.18, 2432.63, '', '2010-03-19', 'Transfer from Available', 'null', false, '', '', 2, 0, 'd06569e3-43a0-3933-80d4-5536a2b50ee1', 229, 781, false);
insert into Split (id, amount, uuid, envelope_id, transaction_id) values(3061, 6.18, 'ad5d2ccb-f428-3b10-ab88-aea84e84d8dd', 238, 3060);
insert into Transaction (DTYPE, id, amount, balance, checkNo, date, description, externalId, initialBalance, memo, ref, status, type, uuid, account_id, transfer_id, custom) values('InternalTransaction', 3058, -25.00, 2589.50, '', '2010-04-30', 'Transfer to Household', 'null', false, '', '', 2, 1, '6acd0e39-3a79-36d0-9d7a-188508518683', 229, 1201, false);
insert into Split (id, amount, uuid, envelope_id, transaction_id) values(3059, -25.00, '9451f925-af24-3449-946f-5d4d13452281', 293, 3058);
insert into Transaction (DTYPE, id, amount, balance, checkNo, date, description, externalId, initialBalance, memo, ref, status, type, uuid, account_id, transfer_id, custom) values('InternalTransaction', 3062, -19.40, 3127.59, '', '2010-02-20', 'Transfer to Household', 'null', false, '', '', 2, 1, 'f1b89995-987e-3a8a-879f-aa87cd640fb3', 229, 515, false);
insert into Split (id, amount, uuid, envelope_id, transaction_id) values(3063, -19.40, '165006f5-e88e-3e78-b5cb-4d4ec45f7cea', 293, 3062);
insert into Transaction (DTYPE, id, amount, balance, checkNo, date, description, externalId, initialBalance, memo, ref, status, type, uuid, account_id, transfer_id, custom) values('InternalTransaction', 3064, -625.00, 0.00, '', '2010-03-19', 'Transfer to Moving', 'null', false, '', '', 2, 1, '12317833-41a3-3517-bcd5-826ba1bbe053', 228, 305, false);
insert into Split (id, amount, uuid, envelope_id, transaction_id) values(3065, -625.00, '027174eb-ed77-3036-8382-912cba0ba0e4', 293, 3064);
insert into Transaction (DTYPE, id, amount, balance, checkNo, date, description, externalId, initialBalance, memo, ref, status, type, uuid, account_id, transfer_id, custom) values('InternalTransaction', 3066, -77.06, 1135.04, '', '2010-02-16', 'Transfer to State Farm Insurance', 'null', false, '', '', 0, 1, '9dc0674a-4c6c-3f05-855d-ad3a243d3acd', 229, 1623, false);
insert into Split (id, amount, uuid, envelope_id, transaction_id) values(3067, -77.06, '761c18ce-a45e-3b6b-a8ba-f9f32590c5b8', 293, 3066);
insert into Transaction (DTYPE, id, amount, balance, checkNo, date, description, externalId, initialBalance, memo, ref, status, type, uuid, account_id, transfer_id, custom) values('InternalTransaction', 3068, 23.57, 1581.91, '', '2010-04-21', 'Transfer from Available', 'null', false, '', '', 2, 0, '14a89329-77bc-3474-8021-320b59dee7d3', 229, 1005, false);
insert into Split (id, amount, uuid, envelope_id, transaction_id) values(3069, 23.57, '3b698174-d923-3950-b06c-1746c070745f', 296, 3068);
insert into Transaction (DTYPE, id, amount, balance, checkNo, date, description, externalId, initialBalance, memo, ref, status, type, uuid, account_id, transfer_id, custom) values('InternalTransaction', 3074, 917.31, 18653.80, '', '2010-02-16', 'Transfer from Available', 'null', false, '', '', 0, 0, '1b0bccb9-5060-3831-b5ec-c14f2612bd77', 229, 1209, false);
insert into Split (id, amount, uuid, envelope_id, transaction_id) values(3075, 917.31, '066bffc7-b4b1-348c-af8f-d997a43d3b2a', 296, 3074);
insert into Transaction (DTYPE, id, amount, balance, checkNo, date, description, externalId, initialBalance, memo, ref, status, type, uuid, account_id, transfer_id, custom) values('InternalTransaction', 3072, 175.00, 4542.00, '', '2010-02-19', 'Transfer from Available', 'null', false, '', '', 2, 0, '24dc2b2f-9a6b-313b-90ad-10993e260d41', 229, 1913, false);
insert into Split (id, amount, uuid, envelope_id, transaction_id) values(3073, 175.00, '6d1c07f8-1c15-3d91-9e63-34b3bab99a98', 275, 3072);
insert into Transaction (DTYPE, id, amount, balance, checkNo, date, description, externalId, initialBalance, memo, ref, status, type, uuid, account_id, transfer_id, custom) values('InternalTransaction', 3070, -168.40, null, '', '2010-04-02', 'STATE FARM RO 27 SFPP', '201004027', false, 'PPD ID: 9000307001', '', 2, 1, '7c7562d4-5f70-385e-b34b-838ec1142ec2', 229, null, false);
insert into Split (id, amount, uuid, envelope_id, transaction_id) values(3071, -168.40, '5882b64c-9482-38da-acd6-fdf7da212368', 291, 3070);
insert into Transaction (DTYPE, id, amount, balance, checkNo, date, description, externalId, initialBalance, memo, ref, status, type, uuid, account_id, transfer_id, custom) values('InternalTransaction', 3076, -2.81, 1290.60, '', '2010-04-07', 'CVS 09205 09205--802 SO 403966', '201004073', false, '04/06CVS 09205', '', 2, 1, 'e5b18e3d-1c23-3189-bb88-95dcb0f964c1', 229, null, false);
insert into Split (id, amount, uuid, envelope_id, transaction_id) values(3077, -2.81, '0de5fa9f-a4a2-3654-b9b8-04ecefb44332', 287, 3076);
insert into Transaction (DTYPE, id, amount, balance, checkNo, date, description, externalId, initialBalance, memo, ref, status, type, uuid, account_id, transfer_id, custom) values('InternalTransaction', 3078, 25.00, 2614.50, '', '2010-04-30', 'Transfer from Available', 'null', false, '', '', 2, 0, '0c7b0d16-c99d-3a96-b121-99c685cd59f3', 229, 705, false);
insert into Split (id, amount, uuid, envelope_id, transaction_id) values(3079, 25.00, 'a99fb907-a7be-3e1c-a72c-bd4e6c8f492c', 287, 3078);
insert into Transaction (DTYPE, id, amount, balance, checkNo, date, description, externalId, initialBalance, memo, ref, status, type, uuid, account_id, transfer_id, custom) values('InternalTransaction', 3082, -149.43, 1986.45, '', '2010-01-11', 'SOU JCPENNEY STORE 3328 556722', '201001114', false, '01/09SOU JCPEN', '', 2, 1, '3e2f5afa-5db5-3f1a-8bca-28d5edaaef49', 229, null, false);
insert into Split (id, amount, uuid, envelope_id, transaction_id) values(3083, -149.43, '969928cc-31cd-3776-8ee0-30886e67587d', 239, 3082);
insert into Transaction (DTYPE, id, amount, balance, checkNo, date, description, externalId, initialBalance, memo, ref, status, type, uuid, account_id, transfer_id, custom) values('InternalTransaction', 3080, -5.67, 983.99, '', '2010-03-03', 'Transfer to Fast Food', 'null', false, '', '', 2, 1, '5a603c25-4344-3d5d-9050-53d5d6172ad0', 229, 2403, false);
insert into Split (id, amount, uuid, envelope_id, transaction_id) values(3081, -5.67, 'd147e0b6-5fd3-3bee-9d25-8be099266eb5', 293, 3080);
insert into Transaction (DTYPE, id, amount, balance, checkNo, date, description, externalId, initialBalance, memo, ref, status, type, uuid, account_id, transfer_id, custom) values('InternalTransaction', 3088, -32.25, 1254.13, '', '2010-04-08', 'Transfer to Medical', 'null', false, '', '', 2, 1, '80d9b659-c87e-3dcf-969d-c6f2762e6ccf', 229, 1501, false);
insert into Split (id, amount, uuid, envelope_id, transaction_id) values(3089, -32.25, '5415a0b0-6b37-3086-bba4-1a061715e390', 293, 3088);
insert into Transaction (DTYPE, id, amount, balance, checkNo, date, description, externalId, initialBalance, memo, ref, status, type, uuid, account_id, transfer_id, custom) values('InternalTransaction', 3086, -48.68, 4191.31, '', '2009-11-30', 'SPROUTS FARMERS MKT #7 P085284', '200911304', false, '11/27SPROUTS F', '', 2, 1, 'd9b0ff76-a094-36eb-84e0-a8fd895da2f4', 229, null, false);
insert into Split (id, amount, uuid, envelope_id, transaction_id) values(3087, -48.68, 'a6a01903-868b-3fa8-8273-366f9bad57bb', 238, 3086);
insert into Transaction (DTYPE, id, amount, balance, checkNo, date, description, externalId, initialBalance, memo, ref, status, type, uuid, account_id, transfer_id, custom) values('InternalTransaction', 3084, -0.25, 2237.95, '', '2010-03-01', 'PETCO ANIMAL SUPPLIES PH661669', '201003016', false, '02/28PETCO ANI', '', 2, 1, '8b048cd6-911a-3f5f-86b8-55bdd8f7d086', 229, null, false);
insert into Split (id, amount, uuid, envelope_id, transaction_id) values(3085, -0.25, '85571147-92af-3da7-b7e6-de221866b3fa', 244, 3084);
insert into Transaction (DTYPE, id, amount, balance, checkNo, date, description, externalId, initialBalance, memo, ref, status, type, uuid, account_id, transfer_id, custom) values('InternalTransaction', 3090, -65.00, 2674.28, '', '2010-04-16', 'Transfer to Verizon Wireless', 'null', false, '', '', 2, 1, '76ed5ee2-9d0e-3f77-8b92-a0218a553961', 229, 2339, false);
insert into Split (id, amount, uuid, envelope_id, transaction_id) values(3091, -65.00, '1d0b8d8e-a321-30e7-b592-7479f25ead51', 293, 3090);
insert into Transaction (DTYPE, id, amount, balance, checkNo, date, description, externalId, initialBalance, memo, ref, status, type, uuid, account_id, transfer_id, custom) values('InternalTransaction', 3092, 10.81, 2907.74, '', '2009-12-04', 'VERIZON WRLS 40000-50 FO', '200912040', false, '12/02VERIZON W', '', 2, 0, 'af37b4cd-51a0-3539-a718-bec1bf5b69f6', 229, null, false);
insert into Split (id, amount, uuid, envelope_id, transaction_id) values(3093, 10.81, '74fcce9a-2192-3fcf-81ae-6f952b7e8526', 236, 3092);
insert into Transaction (DTYPE, id, amount, balance, checkNo, date, description, externalId, initialBalance, memo, ref, status, type, uuid, account_id, transfer_id, custom) values('InternalTransaction', 3094, -7.90, 4439.15, '', '2009-11-17', 'BOSTON MARKET #525 PHOEN', '200911171', false, '11/16BOSTON MA', '', 2, 1, 'cc949b5e-533f-33a4-94b2-fd29ee9c3a67', 229, null, false);
insert into Split (id, amount, uuid, envelope_id, transaction_id) values(3095, -7.90, '1e5bcdb0-a260-336c-8e1e-d12625c5d36c', 296, 3094);
insert into Transaction (DTYPE, id, amount, balance, checkNo, date, description, externalId, initialBalance, memo, ref, status, type, uuid, account_id, transfer_id, custom) values('InternalTransaction', 3098, -37.06, 1012.13, '', '2010-02-18', 'CIRCLE K 01618 PHOENIX A123913', '201002181', false, '02/17CIRCLE K', '', 2, 1, '0bdc019a-74c4-3880-a318-c2dd11937967', 229, null, false);
insert into Split (id, amount, uuid, envelope_id, transaction_id) values(3099, -37.06, '4619603a-8b52-3d01-99c5-4ed4ec9187bd', 253, 3098);
insert into Transaction (DTYPE, id, amount, balance, checkNo, date, description, externalId, initialBalance, memo, ref, status, type, uuid, account_id, transfer_id, custom) values('InternalTransaction', 3096, -5.00, 0.00, '', '2010-04-08', 'Transfer to Spending', 'null', false, '', '', 2, 1, '123c6ca8-8116-3c9b-99d7-0adff3357a98', 228, 901, false);
insert into Split (id, amount, uuid, envelope_id, transaction_id) values(3097, -5.00, 'bb2b7c76-34b5-3ed6-9843-50e1da4d0819', 277, 3096);
insert into Transaction (DTYPE, id, amount, balance, checkNo, date, description, externalId, initialBalance, memo, ref, status, type, uuid, account_id, transfer_id, custom) values('InternalTransaction', 3102, 6.17, 6.17, '', '2010-03-16', 'Transfer from Personal Care', 'null', false, '', '', 2, 0, '0074876c-cc87-3313-8006-d8eb7380e98e', 228, 385, false);
insert into Split (id, amount, uuid, envelope_id, transaction_id) values(3103, 6.17, '5392ab5f-cab0-3663-ac2a-ce9738ef2691', 293, 3102);
insert into Transaction (DTYPE, id, amount, balance, checkNo, date, description, externalId, initialBalance, memo, ref, status, type, uuid, account_id, transfer_id, custom) values('InternalTransaction', 3100, -49.00, 1135.04, '', '2010-02-16', 'Transfer to Massage Envy', 'null', false, '', '', 0, 1, 'fcdabe5d-1f33-3749-916e-a30a4910516f', 229, 2345, false);
insert into Split (id, amount, uuid, envelope_id, transaction_id) values(3101, -49.00, '774641eb-0268-3ce4-974c-d170a4f216be', 293, 3100);
insert into Transaction (DTYPE, id, amount, balance, checkNo, date, description, externalId, initialBalance, memo, ref, status, type, uuid, account_id, transfer_id, custom) values('InternalTransaction', 3106, -0.00, 2851.96, '', '2010-04-02', 'Transfer to Cox Communications', 'null', false, '', '', 2, 1, '60e3977d-f791-3498-9443-afbf2f22020f', 229, 2934, false);
insert into Split (id, amount, uuid, envelope_id, transaction_id) values(3107, -0.00, '8b2823cc-7244-3d7e-ac81-abe729548fcf', 293, 3106);
insert into Transaction (DTYPE, id, amount, balance, checkNo, date, description, externalId, initialBalance, memo, ref, status, type, uuid, account_id, transfer_id, custom) values('InternalTransaction', 3104, -64.32, 1842.66, '', '2009-11-06', 'LEVIS STORE 01001668 J', '200911061', false, '11/04LEVIS STO', '', 2, 1, 'd02f6e6c-b002-37a5-bffe-3f3cefd6306a', 229, null, false);
insert into Split (id, amount, uuid, envelope_id, transaction_id) values(3105, -64.32, 'b6b23d41-11cf-3b06-9879-ab3bf43be252', 286, 3104);
insert into Transaction (DTYPE, id, amount, balance, checkNo, date, description, externalId, initialBalance, memo, ref, status, type, uuid, account_id, transfer_id, custom) values('InternalTransaction', 3108, -98.81, 3461.32, '', '2009-11-23', 'FRYS FOOD & DRUG 1815 G', '200911232', false, '11/22FRYS FOOD Purcha', '', 2, 1, 'c5be23f0-e261-3bbd-86a6-14c28202f40a', 229, null, false);
insert into Split (id, amount, uuid, envelope_id, transaction_id) values(3109, -98.81, 'df0a9e77-11f8-3f72-a8f2-4dc3c7b5d241', 238, 3108);
insert into Transaction (DTYPE, id, amount, balance, checkNo, date, description, externalId, initialBalance, memo, ref, status, type, uuid, account_id, transfer_id, custom) values('InternalTransaction', 3112, -5.48, 650.05, '', '2010-04-15', 'PAYPAL INST XFER 4E82', '201004151', false, '247FNW6J6 WEB ID: PAYPALSI66', '', 2, 1, 'e3a0b710-a06f-3df5-aae2-44c3e0e11feb', 229, null, false);
insert into Split (id, amount, uuid, envelope_id, transaction_id) values(3113, -5.48, '9d01fd28-1754-36e0-af59-cadc9cacd238', 252, 3112);
insert into Transaction (DTYPE, id, amount, balance, checkNo, date, description, externalId, initialBalance, memo, ref, status, type, uuid, account_id, transfer_id, custom) values('InternalTransaction', 3110, -165.38, 0.00, '', '2010-02-28', 'Transfer to Hardware', 'null', false, '', '', 2, 1, '25906134-3c53-3202-a343-3f2024ceb4c4', 228, 2559, false);
insert into Split (id, amount, uuid, envelope_id, transaction_id) values(3111, -165.38, '15a9123e-2430-33da-bf39-897db8c9fd76', 264, 3110);
insert into Transaction (DTYPE, id, amount, balance, checkNo, date, description, externalId, initialBalance, memo, ref, status, type, uuid, account_id, transfer_id, custom) values('InternalTransaction', 3114, -8.54, 2208.80, '', '2010-03-08', 'CARLS JR 829 Q53 TEMPE A', '201003088', false, '03/04CARLS JR', '', 2, 1, 'fbab3877-70d4-3a2e-a6a1-1d45df89e62c', 229, null, false);
insert into Split (id, amount, uuid, envelope_id, transaction_id) values(3115, -8.54, '5972175d-ee77-37d5-ae9b-f32ccd01755e', 246, 3114);
insert into Transaction (DTYPE, id, amount, balance, checkNo, date, description, externalId, initialBalance, memo, ref, status, type, uuid, account_id, transfer_id, custom) values('InternalTransaction', 3120, -100.00, 1552.34, '', '2009-12-17', 'HSBC CARD SRVCS Online Pmt 0000', '200912172', false, '00516073196 WEB ID: 2000000510', '', 2, 1, '4ea65b93-73e1-35d4-9167-c87c657366ed', 229, null, false);
insert into Split (id, amount, uuid, envelope_id, transaction_id) values(3121, -100.00, 'e067dfec-0ad3-3a98-a58c-bc4ca6b78566', 242, 3120);
insert into Transaction (DTYPE, id, amount, balance, checkNo, date, description, externalId, initialBalance, memo, ref, status, type, uuid, account_id, transfer_id, custom) values('InternalTransaction', 3118, -4.70, 5002.61, '', '2009-11-27', 'WAL-MART #5330 PHOENIX (679065', '200911277', false, '11/26WAL-MART', '', 2, 1, '87fe5cb0-4795-3c08-a550-31d4b550365f', 229, null, false);
insert into Split (id, amount, uuid, envelope_id, transaction_id) values(3119, -4.70, 'e4478c75-70ea-34ce-8fd4-8ac59afe6b1f', 239, 3118);
insert into Transaction (DTYPE, id, amount, balance, checkNo, date, description, externalId, initialBalance, memo, ref, status, type, uuid, account_id, transfer_id, custom) values('InternalTransaction', 3116, -4.97, 5032.52, '', '2010-04-16', 'Transfer to Chase Bank', 'null', false, '', '', 2, 1, 'f60a62ea-320c-3bcf-b153-c07d59dfe489', 229, 701, false);
insert into Split (id, amount, uuid, envelope_id, transaction_id) values(3117, -4.97, '2a8346f9-f599-3df3-8b74-3f1a7ededd04', 293, 3116);
insert into Transaction (DTYPE, id, amount, balance, checkNo, date, description, externalId, initialBalance, memo, ref, status, type, uuid, account_id, transfer_id, custom) values('InternalTransaction', 3122, -25.00, 2532.32, '', '2010-04-02', 'Transfer to Personal Care', 'null', false, '', '', 2, 1, '1f82429e-8acb-37a0-a10c-e7b9ec9ee5bc', 229, 2175, false);
insert into Split (id, amount, uuid, envelope_id, transaction_id) values(3123, -25.00, '4cb6d5d4-9231-39b8-825e-da04f02a1295', 293, 3122);
insert into Transaction (DTYPE, id, amount, balance, checkNo, date, description, externalId, initialBalance, memo, ref, status, type, uuid, account_id, transfer_id, custom) values('InternalTransaction', 3130, -118.84, 3098.91, '', '2010-02-08', 'BARCLAYCARD US CREDITCARD 8295', '201002083', false, '2753 WEB ID: 2510407970', '', 2, 1, '2b3907f7-5d96-3434-81f4-a57479ac362e', 229, null, false);
insert into Split (id, amount, uuid, envelope_id, transaction_id) values(3131, -118.84, '8e78be0f-d615-3e8b-9042-40f211608f85', 242, 3130);
insert into Transaction (DTYPE, id, amount, balance, checkNo, date, description, externalId, initialBalance, memo, ref, status, type, uuid, account_id, transfer_id, custom) values('InternalTransaction', 3128, -1492.12, 2834.94, '', '2010-02-16', 'Transfer to Taxes', 'null', false, '', '', 0, 1, '810fb3f1-a944-3df6-be6c-1716ad8a67d5', 229, 1931, false);
insert into Split (id, amount, uuid, envelope_id, transaction_id) values(3129, -1492.12, 'e09287b1-3ac6-3d7c-814f-428601422c42', 293, 3128);
insert into Transaction (DTYPE, id, amount, balance, checkNo, date, description, externalId, initialBalance, memo, ref, status, type, uuid, account_id, transfer_id, custom) values('InternalTransaction', 3126, 154.67, 6342.24, '', '2010-03-19', 'Transfer from Available', 'null', false, '', '', 2, 0, '72017ca2-5792-3be1-a587-3088be5df74c', 229, 1493, false);
insert into Split (id, amount, uuid, envelope_id, transaction_id) values(3127, 154.67, 'f884df40-8625-337a-a65c-362471317fd8', 267, 3126);
insert into Transaction (DTYPE, id, amount, balance, checkNo, date, description, externalId, initialBalance, memo, ref, status, type, uuid, account_id, transfer_id, custom) values('InternalTransaction', 3124, -13.21, 0.00, '', '2010-04-06', 'Transfer to Eating Out', 'null', false, '', '', 2, 1, 'a768073c-aa68-3947-8dcf-8fbb660b9d8a', 228, 1821, false);
insert into Split (id, amount, uuid, envelope_id, transaction_id) values(3125, -13.21, 'edd4b6cf-4937-34f7-a938-84c4d8c70db7', 252, 3124);
insert into Transaction (DTYPE, id, amount, balance, checkNo, date, description, externalId, initialBalance, memo, ref, status, type, uuid, account_id, transfer_id, custom) values('InternalTransaction', 3132, -23.13, 0.00, '', '2010-03-16', 'Transfer to Groceries', 'null', false, '', '', 2, 1, '7cd937d3-fff7-3995-a3d8-a46a22cc02a7', 228, 2037, false);
insert into Split (id, amount, uuid, envelope_id, transaction_id) values(3133, -23.13, 'a6c29def-3529-3042-9a4e-909981456cf5', 252, 3132);
insert into Transaction (DTYPE, id, amount, balance, checkNo, date, description, externalId, initialBalance, memo, ref, status, type, uuid, account_id, transfer_id, custom) values('InternalTransaction', 3134, -35.25, 4052.90, '', '2010-03-29', 'CASEY MOORES TEMPE AZ', '201003292', false, '03/26CASEY MOO', '', 2, 1, '9514a32d-eb50-3f49-b636-44b2514a54ee', 229, null, false);
insert into Split (id, amount, uuid, envelope_id, transaction_id) values(3135, -35.25, '83c6980a-4794-3d89-98a9-3e4849382ac6', 296, 3134);
insert into Transaction (DTYPE, id, amount, balance, checkNo, date, description, externalId, initialBalance, memo, ref, status, type, uuid, account_id, transfer_id, custom) values('InternalTransaction', 3136, 10.26, 443.20, '', '2010-04-29', 'Transfer from Available', 'null', false, '', '', 2, 0, '12a2d92a-0292-3e88-8806-6ba76d60eab0', 229, 2025, false);
insert into Split (id, amount, uuid, envelope_id, transaction_id) values(3137, 10.26, '63f8c09b-dfff-3f22-936a-c9d212aea3da', 246, 3136);
insert into Transaction (DTYPE, id, amount, balance, checkNo, date, description, externalId, initialBalance, memo, ref, status, type, uuid, account_id, transfer_id, custom) values('InternalTransaction', 3140, 40.79, 40.79, '', '2010-03-30', 'Transfer from Directv', 'null', false, '', '', 2, 0, '07365704-5b7f-3b4e-9ef6-3765048c68ff', 228, 2255, false);
insert into Split (id, amount, uuid, envelope_id, transaction_id) values(3141, 40.79, '2de1e2b5-e689-330d-9400-9366f0514369', 242, 3140);
insert into Transaction (DTYPE, id, amount, balance, checkNo, date, description, externalId, initialBalance, memo, ref, status, type, uuid, account_id, transfer_id, custom) values('InternalTransaction', 3138, 63.12, 3967.98, '', '2010-03-30', 'Transfer from Available', 'null', false, '', '', 2, 0, 'cf752685-b963-329c-b995-1b7f14fa03ec', 229, 1173, false);
insert into Split (id, amount, uuid, envelope_id, transaction_id) values(3139, 63.12, '79783c53-c15c-3223-b5f2-6ad77a01cb79', 264, 3138);
insert into Transaction (DTYPE, id, amount, balance, checkNo, date, description, externalId, initialBalance, memo, ref, status, type, uuid, account_id, transfer_id, custom) values('InternalTransaction', 3144, -0.00, 4574.80, '', '2010-03-05', 'Transfer to Rent', 'null', false, '', '', 2, 1, '285f13ee-23fe-3d9f-ac6e-bf376ae0f34a', 229, 947, false);
insert into Split (id, amount, uuid, envelope_id, transaction_id) values(3145, -0.00, 'bca4f1d2-653b-30b6-b3bf-d703dc8bba4a', 293, 3144);
insert into Transaction (DTYPE, id, amount, balance, checkNo, date, description, externalId, initialBalance, memo, ref, status, type, uuid, account_id, transfer_id, custom) values('InternalTransaction', 3142, 21.95, 18713.16, '', '2010-02-16', 'Transfer from Available', 'null', false, '', '', 0, 0, 'a1a962b0-4dc3-3869-93db-d6d5bf68dcbc', 229, 541, false);
insert into Split (id, amount, uuid, envelope_id, transaction_id) values(3143, 21.95, '325ca2ef-2608-3326-83d5-3dbfb407535a', 274, 3142);
insert into Transaction (DTYPE, id, amount, balance, checkNo, date, description, externalId, initialBalance, memo, ref, status, type, uuid, account_id, transfer_id, custom) values('InternalTransaction', 3150, 0.00, 3776.46, '', '2010-04-02', 'Transfer from Available', 'null', false, '', '', 2, 1, 'd36c1294-f99b-3721-ac04-28d7d14a25a5', 229, 2974, false);
insert into Split (id, amount, uuid, envelope_id, transaction_id) values(3151, 0.00, '5a7e1dae-32c8-3c89-9c4b-1d894725e9db', 236, 3150);
insert into Transaction (DTYPE, id, amount, balance, checkNo, date, description, externalId, initialBalance, memo, ref, status, type, uuid, account_id, transfer_id, custom) values('InternalTransaction', 3148, 17.50, 1337.92, '', '2010-02-16', 'Transfer from Available', 'null', false, '', '', 0, 0, '18a3d6aa-3257-3885-964c-74b634ed0cb8', 229, 823, false);
insert into Split (id, amount, uuid, envelope_id, transaction_id) values(3149, 17.50, '4fbe0556-a408-34e3-ab92-1d6ed4e3c511', 285, 3148);
insert into Transaction (DTYPE, id, amount, balance, checkNo, date, description, externalId, initialBalance, memo, ref, status, type, uuid, account_id, transfer_id, custom) values('InternalTransaction', 3146, -40.00, 0.00, '', '2010-03-09', 'Transfer to PS', 'null', false, '', '', 2, 1, '0877a27c-dedb-38cc-b22f-b9432afdf4d5', 228, 2515, false);
insert into Split (id, amount, uuid, envelope_id, transaction_id) values(3147, -40.00, '567ed6a3-0d21-3f6c-b129-bc7b0275fdb9', 252, 3146);
insert into Transaction (DTYPE, id, amount, balance, checkNo, date, description, externalId, initialBalance, memo, ref, status, type, uuid, account_id, transfer_id, custom) values('InternalTransaction', 3154, -1441.12, 15313.46, '', '2010-02-16', 'Transfer to Credit Cards', 'null', false, '', '', 0, 1, 'b22115cf-05d8-39f3-868f-66a6ceda3a45', 229, 2135, false);
insert into Split (id, amount, uuid, envelope_id, transaction_id) values(3155, -1441.12, '38ede291-c2b2-36b1-9cf9-8892f489f11c', 293, 3154);
insert into Transaction (DTYPE, id, amount, balance, checkNo, date, description, externalId, initialBalance, memo, ref, status, type, uuid, account_id, transfer_id, custom) values('InternalTransaction', 3152, 150.00, 5899.50, '', '2010-03-05', 'Transfer from Available', 'null', false, '', '', 2, 0, '7ec032bb-4f90-3c79-988b-210cfc248909', 229, 2663, false);
insert into Split (id, amount, uuid, envelope_id, transaction_id) values(3153, 150.00, '78f879e9-ee17-39c3-860d-f2d372d2287d', 238, 3152);
insert into Transaction (DTYPE, id, amount, balance, checkNo, date, description, externalId, initialBalance, memo, ref, status, type, uuid, account_id, transfer_id, custom) values('InternalTransaction', 3160, 49.80, 49.80, '', '2010-03-30', 'Transfer from Available', 'null', false, '', '', 2, 0, 'cb21650c-782b-3b1c-9ed7-38a54398eaa8', 228, 2229, false);
insert into Split (id, amount, uuid, envelope_id, transaction_id) values(3161, 49.80, '378e2fad-3cba-3d6a-87d4-22e9ab4a3609', 242, 3160);
insert into Transaction (DTYPE, id, amount, balance, checkNo, date, description, externalId, initialBalance, memo, ref, status, type, uuid, account_id, transfer_id, custom) values('InternalTransaction', 3158, -10.66, 3860.79, '', '2009-12-10', 'ARROWHEAD WATER 800-950-', '200912101', false, '12/09ARROWHEAD', '', 2, 1, 'bf871607-3101-3818-ad05-1745a613c84f', 229, null, false);
insert into Split (id, amount, uuid, envelope_id, transaction_id) values(3159, -10.66, '9f23b38b-6c84-316e-a587-5e82fd054277', 266, 3158);
insert into Transaction (DTYPE, id, amount, balance, checkNo, date, description, externalId, initialBalance, memo, ref, status, type, uuid, account_id, transfer_id, custom) values('InternalTransaction', 3156, -37.50, 6143.25, '', '2010-03-19', 'Transfer to Cox Communications', 'null', false, '', '', 2, 1, '87e2e032-bcc2-34bc-9734-bac97242d4d6', 229, 383, false);
insert into Split (id, amount, uuid, envelope_id, transaction_id) values(3157, -37.50, 'bf09d749-d601-3d6f-8959-e486b3e4fa3f', 293, 3156);
insert into Transaction (DTYPE, id, amount, balance, checkNo, date, description, externalId, initialBalance, memo, ref, status, type, uuid, account_id, transfer_id, custom) values('InternalTransaction', 3162, -33.89, 1594.08, '', '2010-02-03', 'THAI ELEPHANT BISTRO TEM', '201002031', false, '02/01THAI ELEP', '', 2, 1, '1a928595-97b9-3cb2-b88b-659463b0ae0b', 229, null, false);
insert into Split (id, amount, uuid, envelope_id, transaction_id) values(3163, -33.89, '04fcc967-2224-3f57-bce1-1c43de7e9d84', 296, 3162);
insert into Transaction (DTYPE, id, amount, balance, checkNo, date, description, externalId, initialBalance, memo, ref, status, type, uuid, account_id, transfer_id, custom) values('InternalTransaction', 3168, 0.32, 0.32, '', '2010-04-07', 'Transfer from Spending', 'null', false, '', '', 2, 0, '67a5a9ce-9fc4-3d28-90bc-9543b7cfccc0', 228, 1801, false);
insert into Split (id, amount, uuid, envelope_id, transaction_id) values(3169, 0.32, '9190a810-4b1b-3c93-9205-3b375b7448fd', 293, 3168);
insert into Transaction (DTYPE, id, amount, balance, checkNo, date, description, externalId, initialBalance, memo, ref, status, type, uuid, account_id, transfer_id, custom) values('InternalTransaction', 3166, -23.68, 1264.51, '', '2009-12-23', 'LOWE''S #1850 SCOTTSDALE 506253', '200912230', false, '12/22LOWE''S #1', '', 2, 1, '8f11ad45-a755-3e34-87a3-ceab21e1c542', 229, null, false);
insert into Split (id, amount, uuid, envelope_id, transaction_id) values(3167, -23.68, 'd73e2a90-c7d0-31a7-a265-bae55aa2c5b2', 239, 3166);
insert into Transaction (DTYPE, id, amount, balance, checkNo, date, description, externalId, initialBalance, memo, ref, status, type, uuid, account_id, transfer_id, custom) values('InternalTransaction', 3164, 150.00, 4692.00, '', '2010-02-19', 'Transfer from Available', 'null', false, '', '', 2, 0, '0ae7465a-d6d1-36e0-aab0-f6cd57177992', 229, 557, false);
insert into Split (id, amount, uuid, envelope_id, transaction_id) values(3165, 150.00, '4079c1f7-35f2-39b5-9578-db51f439561e', 238, 3164);
insert into Transaction (DTYPE, id, amount, balance, checkNo, date, description, externalId, initialBalance, memo, ref, status, type, uuid, account_id, transfer_id, custom) values('InternalTransaction', 3174, -65.00, 3879.99, '', '2010-03-05', 'Transfer to Verizon Wireless', 'null', false, '', '', 2, 1, '969c0612-83c7-3683-98d6-1da99eae3ebc', 229, 915, false);
insert into Split (id, amount, uuid, envelope_id, transaction_id) values(3175, -65.00, 'b097444a-4ec3-332a-820a-d0e61e71a7ca', 293, 3174);
insert into Transaction (DTYPE, id, amount, balance, checkNo, date, description, externalId, initialBalance, memo, ref, status, type, uuid, account_id, transfer_id, custom) values('InternalTransaction', 3172, 4.99, 6347.23, '', '2010-03-19', 'Transfer from Available', 'null', false, '', '', 2, 0, '8d086275-0dcb-3e31-b0a6-ee2110216932', 229, 1547, false);
insert into Split (id, amount, uuid, envelope_id, transaction_id) values(3173, 4.99, '802dba39-f905-3cd3-874c-7e7bc96f5498', 254, 3172);
insert into Transaction (DTYPE, id, amount, balance, checkNo, date, description, externalId, initialBalance, memo, ref, status, type, uuid, account_id, transfer_id, custom) values('InternalTransaction', 3170, -5.42, 4440.33, '', '2010-03-27', 'Transfer to Fast Food', 'null', false, '', '', 2, 1, 'db71ebf6-76ce-3395-ac70-661d942c4485', 229, 1403, false);
insert into Split (id, amount, uuid, envelope_id, transaction_id) values(3171, -5.42, '4f5c4f17-a3ca-35a7-a809-7e3b69060a93', 293, 3170);
insert into Transaction (DTYPE, id, amount, balance, checkNo, date, description, externalId, initialBalance, memo, ref, status, type, uuid, account_id, transfer_id, custom) values('InternalTransaction', 3176, -36.37, 4584.85, '', '2009-11-16', 'QT 405 PHOENIX AZ 078234', '200911163', false, '11/14QT 405 PH', '', 2, 1, '1e0f1bf7-71a0-3160-aee7-fb961a21b260', 229, null, false);
insert into Split (id, amount, uuid, envelope_id, transaction_id) values(3177, -36.37, '0cb8cd75-b89c-3cb6-9315-1d56fb23d840', 252, 3176);
insert into Transaction (DTYPE, id, amount, balance, checkNo, date, description, externalId, initialBalance, memo, ref, status, type, uuid, account_id, transfer_id, custom) values('InternalTransaction', 3178, -24.25, 4054.25, '', '2009-11-30', 'ROSITA''S PLACE PHOENIX A', '200911308', false, '11/29ROSITA''S', '', 2, 1, 'd9865598-42d6-35b3-bf70-d70c14151754', 229, null, false);
insert into Split (id, amount, uuid, envelope_id, transaction_id) values(3179, -24.25, '4af9e4f2-8705-3848-8f64-a786dba4b672', 296, 3178);
insert into Transaction (DTYPE, id, amount, balance, checkNo, date, description, externalId, initialBalance, memo, ref, status, type, uuid, account_id, transfer_id, custom) values('InternalTransaction', 3180, -6.85, 0.00, '', '2010-02-18', 'Transfer to Groceries', 'null', false, '', '', 2, 1, '643c32ed-f729-3b93-9333-be0b207793e3', 228, 1075, false);
insert into Split (id, amount, uuid, envelope_id, transaction_id) values(3181, -6.85, 'b36f224a-d787-3091-84e4-abdfaa7caaa3', 253, 3180);
insert into Transaction (DTYPE, id, amount, balance, checkNo, date, description, externalId, initialBalance, memo, ref, status, type, uuid, account_id, transfer_id, custom) values('InternalTransaction', 3182, -3.38, 1582.85, '', '2010-03-15', 'FRYS FOOD & DRUG 1815 G 313554', '2010031513', false, '03/13FRYS FOOD', '', 2, 1, 'e2eb2c3a-6b4c-3893-8e73-e23c7910da74', 229, null, false);
insert into Split (id, amount, uuid, envelope_id, transaction_id) values(3183, -3.38, 'd1331f1b-f873-38f3-9629-64e5f748534a', 238, 3182);
insert into Transaction (DTYPE, id, amount, balance, checkNo, date, description, externalId, initialBalance, memo, ref, status, type, uuid, account_id, transfer_id, custom) values('InternalTransaction', 3184, 14.29, 999.71, '', '2010-03-03', 'Transfer from Available', 'null', false, '', '', 2, 0, '5f73f1eb-8ef4-33cf-a5bb-846909f90c9e', 229, 2948, false);
insert into Split (id, amount, uuid, envelope_id, transaction_id) values(3185, 14.29, 'e7b94c7f-9238-3b3b-9cde-4449d7a231f8', 291, 3184);
insert into Transaction (DTYPE, id, amount, balance, checkNo, date, description, externalId, initialBalance, memo, ref, status, type, uuid, account_id, transfer_id, custom) values('InternalTransaction', 3186, -25.00, 650.05, '', '2010-04-16', 'Transfer to Unassigned', 'null', false, '', '', 2, 1, 'a8e50d7b-eaf4-3873-8cbe-aa9bb3ff3a75', 229, 655, false);
insert into Split (id, amount, uuid, envelope_id, transaction_id) values(3187, -25.00, '64ab117a-f306-31ea-91b6-37233acac134', 293, 3186);
insert into Transaction (DTYPE, id, amount, balance, checkNo, date, description, externalId, initialBalance, memo, ref, status, type, uuid, account_id, transfer_id, custom) values('InternalTransaction', 3192, -48.21, 0.00, '', '2010-03-30', 'Transfer to Eating Out', 'null', false, '', '', 2, 1, '15f903ab-47b0-3e32-9ee0-6bc4915a5298', 228, 1411, false);
insert into Split (id, amount, uuid, envelope_id, transaction_id) values(3193, -48.21, '9ee7cc92-d4f5-34fc-b57a-511b009c4d93', 293, 3192);
insert into Transaction (DTYPE, id, amount, balance, checkNo, date, description, externalId, initialBalance, memo, ref, status, type, uuid, account_id, transfer_id, custom) values('InternalTransaction', 3190, -1497.31, 2033.42, '', '2010-02-16', 'Transfer to Rental', 'null', false, '', '', 0, 1, 'd16bcd94-b26a-3e35-891a-01b1877560ea', 229, 1715, false);
insert into Split (id, amount, uuid, envelope_id, transaction_id) values(3191, -1497.31, '4970962e-f093-39ba-a5c1-8bb953b21262', 293, 3190);
insert into Transaction (DTYPE, id, amount, balance, checkNo, date, description, externalId, initialBalance, memo, ref, status, type, uuid, account_id, transfer_id, custom) values('InternalTransaction', 3188, 13.99, 6361.22, '', '2010-03-19', 'Transfer from Available', 'null', false, '', '', 2, 0, 'bedb8974-5a0c-3895-b41e-b5735d7c5a31', 229, 1327, false);
insert into Split (id, amount, uuid, envelope_id, transaction_id) values(3189, 13.99, 'b0c3325e-3ec0-3573-a4e4-8ed0003e4e2f', 266, 3188);
insert into Transaction (DTYPE, id, amount, balance, checkNo, date, description, externalId, initialBalance, memo, ref, status, type, uuid, account_id, transfer_id, custom) values('InternalTransaction', 3194, -0.00, 2360.37, '', '2010-04-02', 'Transfer to State Farm Insurance', 'null', false, '', '', 2, 1, 'd806f991-ce0e-3ce2-b367-b9a5f3911abc', 229, 1375, false);
insert into Split (id, amount, uuid, envelope_id, transaction_id) values(3195, -0.00, '1419f2c3-a565-3fdf-84cf-e49cd8c93434', 293, 3194);
insert into Transaction (DTYPE, id, amount, balance, checkNo, date, description, externalId, initialBalance, memo, ref, status, type, uuid, account_id, transfer_id, custom) values('InternalTransaction', 3196, 20.20, 5329.17, '', '2009-12-14', 'PNCBANK_XTRANSFR TRANSFER', '200912140', false, 'PPD ID: 1770527921', '', 2, 0, '4e831d77-86a0-3db7-9321-670fddd6f4ff', 229, null, false);
insert into Split (id, amount, uuid, envelope_id, transaction_id) values(3197, 20.20, 'ae58c0f6-7825-3a28-b907-b6e86f95d736', 293, 3196);
insert into Transaction (DTYPE, id, amount, balance, checkNo, date, description, externalId, initialBalance, memo, ref, status, type, uuid, account_id, transfer_id, custom) values('InternalTransaction', 3202, -35.79, 1732.53, '', '2009-12-16', 'TAYLOR''S ON GLENDALE PHO063871', '200912162', false, '12/15TAYLOR''S', '', 2, 1, 'fc856f05-09da-383a-8b92-860aa8c16a91', 229, null, false);
insert into Split (id, amount, uuid, envelope_id, transaction_id) values(3203, -35.79, '43b60711-56d0-33c1-b4a1-76ac5c194b65', 252, 3202);
insert into Transaction (DTYPE, id, amount, balance, checkNo, date, description, externalId, initialBalance, memo, ref, status, type, uuid, account_id, transfer_id, custom) values('InternalTransaction', 3200, 663.49, 5147.25, '', '2010-04-16', 'Transfer from Available', 'null', false, '', '', 2, 0, '5f79c507-34b7-344a-9fed-2237aa2a1d52', 229, 729, false);
insert into Split (id, amount, uuid, envelope_id, transaction_id) values(3201, 663.49, 'cba251a1-c2cc-3da5-9b39-7dfadb67ac48', 275, 3200);
insert into Transaction (DTYPE, id, amount, balance, checkNo, date, description, externalId, initialBalance, memo, ref, status, type, uuid, account_id, transfer_id, custom) values('InternalTransaction', 3198, 44.00, 44.00, '', '2010-04-22', 'Transfer from Unassigned', 'null', false, '', '', 2, 0, '909e159c-5ab0-31af-a408-c45d9dafb145', 228, 1439, false);
insert into Split (id, amount, uuid, envelope_id, transaction_id) values(3199, 44.00, '8c3ac9d5-4cc1-3812-808f-8f2949a7954a', 293, 3198);
insert into Transaction (DTYPE, id, amount, balance, checkNo, date, description, externalId, initialBalance, memo, ref, status, type, uuid, account_id, transfer_id, custom) values('InternalTransaction', 3210, 200.00, 5287.45, '', '2010-02-19', 'Transfer from Available', 'null', false, '', '', 2, 0, '0a51f12b-ea39-39b2-9d07-810cd78542f2', 229, 2497, false);
insert into Split (id, amount, uuid, envelope_id, transaction_id) values(3211, 200.00, '6fe00877-e9be-32cc-a0f9-4ac1d4e2d6a3', 252, 3210);
insert into Transaction (DTYPE, id, amount, balance, checkNo, date, description, externalId, initialBalance, memo, ref, status, type, uuid, account_id, transfer_id, custom) values('InternalTransaction', 3208, -218.40, 3176.12, '', '2010-01-25', 'INTOWN SUITES MCDOWELL P', '201001250', false, '01/22INTOWN SU', '', 2, 1, '744cbbcc-db04-3abb-ae42-930ec2ea55df', 229, null, false);
insert into Split (id, amount, uuid, envelope_id, transaction_id) values(3209, -218.40, 'e02b25f5-99b7-3766-8764-44a54a8d9939', 252, 3208);
insert into Transaction (DTYPE, id, amount, balance, checkNo, date, description, externalId, initialBalance, memo, ref, status, type, uuid, account_id, transfer_id, custom) values('InternalTransaction', 3206, 113.69, 6474.91, '', '2010-03-19', 'Transfer from Available', 'null', false, '', '', 2, 0, 'e9646d9c-39db-3f0b-90ae-35a4f3d5c310', 229, 2061, false);
insert into Split (id, amount, uuid, envelope_id, transaction_id) values(3207, 113.69, '0d2856bf-5a70-33ab-938d-ef30a72088d4', 253, 3206);
insert into Transaction (DTYPE, id, amount, balance, checkNo, date, description, externalId, initialBalance, memo, ref, status, type, uuid, account_id, transfer_id, custom) values('InternalTransaction', 3204, -250.00, 0.00, '', '2010-03-31', 'Transfer to Moving', 'null', false, '', '', 2, 1, 'a0d6db6c-8da8-39de-bae5-623b83bd9c5e', 228, 1297, false);
insert into Split (id, amount, uuid, envelope_id, transaction_id) values(3205, -250.00, 'ac850081-d4f0-387f-8bfd-bc3fc3c8927d', 293, 3204);
insert into Transaction (DTYPE, id, amount, balance, checkNo, date, description, externalId, initialBalance, memo, ref, status, type, uuid, account_id, transfer_id, custom) values('InternalTransaction', 3212, 149.72, 18862.88, '', '2010-02-16', 'Transfer from Available', 'null', false, '', '', 0, 0, 'e3254440-845e-3a3f-9074-53292c017612', 229, 657, false);
insert into Split (id, amount, uuid, envelope_id, transaction_id) values(3213, 149.72, 'ec118a3e-247e-39ec-bd0e-c642a7c6420b', 262, 3212);
insert into Transaction (DTYPE, id, amount, balance, checkNo, date, description, externalId, initialBalance, memo, ref, status, type, uuid, account_id, transfer_id, custom) values('InternalTransaction', 3214, -29.85, 17033.20, '', '2010-02-16', 'Transfer to Chase Bank', 'null', false, '', '', 0, 1, 'bed77a4c-9e17-3b32-938e-32e663b4e713', 229, 321, false);
insert into Split (id, amount, uuid, envelope_id, transaction_id) values(3215, -29.85, '3929741b-38c4-3a7a-af9e-8a59ac72dd3c', 293, 3214);
insert into Transaction (DTYPE, id, amount, balance, checkNo, date, description, externalId, initialBalance, memo, ref, status, type, uuid, account_id, transfer_id, custom) values('InternalTransaction', 3218, 863.53, 863.53, '', '2010-04-02', 'Transfer from Available', 'null', false, '', '', 2, 0, '65580ade-ebcf-3350-aa24-db1054142bda', 228, 2787, false);
insert into Split (id, amount, uuid, envelope_id, transaction_id) values(3219, 863.53, '1cdd111c-8e96-35ab-a282-d456a2c67ba6', 242, 3218);
insert into Transaction (DTYPE, id, amount, balance, checkNo, date, description, externalId, initialBalance, memo, ref, status, type, uuid, account_id, transfer_id, custom) values('InternalTransaction', 3216, -15.82, 0.00, '', '2010-03-09', 'Transfer to Movie Rental', 'null', false, '', '', 2, 1, '4973a849-c51f-36ea-a2a7-036516e92a48', 228, 425, false);
insert into Split (id, amount, uuid, envelope_id, transaction_id) values(3217, -15.82, 'b92950a0-c89a-3f1e-8810-9cbd2c36ba36', 252, 3216);
insert into Transaction (DTYPE, id, amount, balance, checkNo, date, description, externalId, initialBalance, memo, ref, status, type, uuid, account_id, transfer_id, custom) values('InternalTransaction', 3220, -84.20, 3738.91, '', '2010-04-16', 'Transfer to State Farm Insurance', 'null', false, '', '', 2, 1, '64be1b5e-95bc-3bf4-9858-dc577ee45dcc', 229, 2866, false);
insert into Split (id, amount, uuid, envelope_id, transaction_id) values(3221, -84.20, '9894c104-5eed-3844-a377-43f3a8815d68', 293, 3220);
insert into Transaction (DTYPE, id, amount, balance, checkNo, date, description, externalId, initialBalance, memo, ref, status, type, uuid, account_id, transfer_id, custom) values('InternalTransaction', 3222, -6.77, 383.93, '', '2010-04-29', 'Transfer to Household', 'null', false, '', '', 2, 1, '62bfc5ad-3b52-3918-84b5-0b752454d19d', 229, 1539, false);
insert into Split (id, amount, uuid, envelope_id, transaction_id) values(3223, -6.77, '66a6a687-78ec-36df-be1d-68d6a852999a', 293, 3222);
insert into Transaction (DTYPE, id, amount, balance, checkNo, date, description, externalId, initialBalance, memo, ref, status, type, uuid, account_id, transfer_id, custom) values('InternalTransaction', 3226, -0.00, 5810.95, '', '2010-03-05', 'Transfer to Cox Communications', 'null', false, '', '', 2, 1, '6397d7da-a8e5-3d2f-8006-3dc74d8a6206', 229, 3044, false);
insert into Split (id, amount, uuid, envelope_id, transaction_id) values(3227, -0.00, '33b2c5c2-9e19-3cbf-9b0b-64285136c1a2', 293, 3226);
insert into Transaction (DTYPE, id, amount, balance, checkNo, date, description, externalId, initialBalance, memo, ref, status, type, uuid, account_id, transfer_id, custom) values('InternalTransaction', 3224, 18.14, 1376.47, '', '2010-02-16', 'Transfer from Available', 'null', false, '', '', 0, 0, '1c82b6bc-b0be-3f26-8ec5-92f800d3cfc7', 229, 837, false);
insert into Split (id, amount, uuid, envelope_id, transaction_id) values(3225, 18.14, '32710f64-93a1-30d0-8559-114a49fb48ec', 296, 3224);
insert into Transaction (DTYPE, id, amount, balance, checkNo, date, description, externalId, initialBalance, memo, ref, status, type, uuid, account_id, transfer_id, custom) values('InternalTransaction', 3228, 0.00, 5287.45, '', '2010-02-19', 'Transfer from Available', 'null', false, '', '', 2, 1, '6469f1e2-445d-3871-b762-a74c8e2a0c81', 229, 571, false);
insert into Split (id, amount, uuid, envelope_id, transaction_id) values(3229, 0.00, 'ab4ef809-e5e5-36dd-bb60-12d07c6078dc', 295, 3228);
insert into Transaction (DTYPE, id, amount, balance, checkNo, date, description, externalId, initialBalance, memo, ref, status, type, uuid, account_id, transfer_id, custom) values('InternalTransaction', 3230, 507.26, 2962.98, '', '2010-01-11', 'ATM CHECK DEPOSIT', '201001110', false, '', '', 2, 0, '2054e30f-a0bc-3936-a012-a8b65d327662', 229, null, false);
insert into Split (id, amount, uuid, envelope_id, transaction_id) values(3231, 507.26, 'ab534605-64ff-33f2-82de-eed0421a9c27', 293, 3230);
insert into Transaction (DTYPE, id, amount, balance, checkNo, date, description, externalId, initialBalance, memo, ref, status, type, uuid, account_id, transfer_id, custom) values('InternalTransaction', 3232, 84.20, 5983.70, '', '2010-03-05', 'Transfer from Available', 'null', false, '', '', 2, 0, 'ef6ce737-6b90-3edf-b27a-3612902fff41', 229, 2453, false);
insert into Split (id, amount, uuid, envelope_id, transaction_id) values(3233, 84.20, '2b58d6e4-d769-32b6-90b0-aefbfc50c25f', 291, 3232);
insert into Transaction (DTYPE, id, amount, balance, checkNo, date, description, externalId, initialBalance, memo, ref, status, type, uuid, account_id, transfer_id, custom) values('InternalTransaction', 3234, -28.12, 1055.88, '', '2009-11-09', 'THE GOOD EGG PARK CENTR', '200911093', false, '11/08THE GOOD', '', 2, 1, 'da71ff0e-4ae1-3e60-824a-80263b2872f1', 229, null, false);
insert into Split (id, amount, uuid, envelope_id, transaction_id) values(3235, -28.12, '0057257d-ea7e-3857-ac1c-ca4aa3f70dba', 296, 3234);
insert into Rule (id, user_id, amount, cond, conversion, enabled, expression, uuid, envelope_id) values(3236, 1, null, 0, '', true, 'usps', '1b713147-8d14-3468-8110-2faf7ee9f8a0', 252);
insert into Rule (id, user_id, amount, cond, conversion, enabled, expression, uuid, envelope_id) values(3237, 1, null, 0, '', true, 'OFFICE MAX', '385eafd3-2985-350e-968c-1c47121dc230', 239);
insert into Rule (id, user_id, amount, cond, conversion, enabled, expression, uuid, envelope_id) values(3238, 1, null, 0, '', true, 'ROSITA''S', 'b15e4871-8ffa-3326-8848-d1f3e5f32d74', 296);
insert into Rule (id, user_id, amount, cond, conversion, enabled, expression, uuid, envelope_id) values(3240, 1, null, 0, '', true, '24HR FITNESS', 'dbd37c8f-475f-3347-81ac-caf68594c6b5', 271);
insert into Rule (id, user_id, amount, cond, conversion, enabled, expression, uuid, envelope_id) values(3239, 1, null, 0, '', true, 'cox', '51a2c7d5-8006-33ee-ad70-c93a8480a4ea', 268);
insert into Rule (id, user_id, amount, cond, conversion, enabled, expression, uuid, envelope_id) values(3242, 1, null, 0, '', true, 'barclaycard', 'f795e97c-a801-3d65-a917-c2ac99c57f67', 242);
insert into Rule (id, user_id, amount, cond, conversion, enabled, expression, uuid, envelope_id) values(3241, 1, null, 0, '', true, 'BAJA FRESH', 'ee45c259-a2b5-304b-a737-aea894663f6b', 296);
insert into Rule (id, user_id, amount, cond, conversion, enabled, expression, uuid, envelope_id) values(3243, 1, null, 0, '', true, 'walgreen', '9c2f3ac0-95d3-3f6d-922b-27073331a883', 277);
insert into Rule (id, user_id, amount, cond, conversion, enabled, expression, uuid, envelope_id) values(3244, 1, null, 0, '', true, 'trader joe', '6aa676cb-cbc4-378d-9f20-bdc250d44115', 238);
insert into Rule (id, user_id, amount, cond, conversion, enabled, expression, uuid, envelope_id) values(3246, 1, null, 0, '', true, 'easynews', '800aad40-ceb7-3877-8e5d-f51464ec2424', 254);
insert into Rule (id, user_id, amount, cond, conversion, enabled, expression, uuid, envelope_id) values(3245, 1, null, 0, '', true, 'BLOCKBUSTER', '749fa671-767c-3648-bf7b-2cd82c11c63f', 265);
insert into Rule (id, user_id, amount, cond, conversion, enabled, expression, uuid, envelope_id) values(3248, 1, null, 0, '', true, 'QDOBA', 'b56a4ac5-47d8-3748-bb84-bae40959aefe', 296);
insert into Rule (id, user_id, amount, cond, conversion, enabled, expression, uuid, envelope_id) values(3247, 1, null, 0, '', true, 'HONEY BEARS', '52a98276-10a3-3941-8e64-29b784280156', 296);
insert into Rule (id, user_id, amount, cond, conversion, enabled, expression, uuid, envelope_id) values(3249, 1, null, 0, '', true, 'HSBC CARD', '58accddb-e7b3-34d1-a2b8-ba5f064346ba', 242);
insert into Rule (id, user_id, amount, cond, conversion, enabled, expression, uuid, envelope_id) values(3250, 1, null, 0, '', true, 'FRYS FOOD', 'a2a3e7b7-1db1-3ddf-842c-8e728bb7942d', 238);
insert into Rule (id, user_id, amount, cond, conversion, enabled, expression, uuid, envelope_id) values(3251, 1, null, 0, '', true, 'BORDERS', '02759aed-c397-34e6-963e-f484594b82ef', 280);
insert into Rule (id, user_id, amount, cond, conversion, enabled, expression, uuid, envelope_id) values(3252, 1, null, 0, '', true, 'TIV*TIVO', 'ac20d542-0d66-3c7b-8198-9fab6de627bf', 272);
insert into Rule (id, user_id, amount, cond, conversion, enabled, expression, uuid, envelope_id) values(3253, 1, null, 0, '', true, 'STATE FARM', 'ad443320-a90d-3b5c-98e5-4c76fbd24bc3', 291);
insert into Rule (id, user_id, amount, cond, conversion, enabled, expression, uuid, envelope_id) values(3254, 1, null, 0, '', true, 'HARKINS', 'c296966f-8ba5-39c8-af57-db811fd604ec', 285);
insert into Rule (id, user_id, amount, cond, conversion, enabled, expression, uuid, envelope_id) values(3255, 1, null, 0, '', true, 'ATOMIC COMICS', '634b392e-b8f0-3aff-887e-23c6ec95a504', 241);
insert into Rule (id, user_id, amount, cond, conversion, enabled, expression, uuid, envelope_id) values(3256, 1, null, 0, '', true, 'ORIGINAL WINEBURGER', '0b702387-5bfe-32fc-b032-cd03aff2e9ad', 296);
insert into Rule (id, user_id, amount, cond, conversion, enabled, expression, uuid, envelope_id) values(3257, 1, null, 0, '', true, 'LDW GROUP', '3de83588-0ac0-3bf1-9397-e5317015666b', 247);
insert into Rule (id, user_id, amount, cond, conversion, enabled, expression, uuid, envelope_id) values(3258, 1, null, 0, '', true, 'HARD ROCK', '0f496cd3-41f9-370c-8925-c908f763bcfd', 296);
insert into Rule (id, user_id, amount, cond, conversion, enabled, expression, uuid, envelope_id) values(3259, 1, null, 0, '', true, 'REUNION.COM', 'a9d454d0-3360-363d-86e3-36bde52501e9', 281);
insert into Rule (id, user_id, amount, cond, conversion, enabled, expression, uuid, envelope_id) values(3260, 1, null, 0, '', true, 'THAI RAMA', '198c21de-b445-35b8-991f-afb86ed0b347', 296);
insert into Rule (id, user_id, amount, cond, conversion, enabled, expression, uuid, envelope_id) values(3261, 1, null, 0, '', true, 'DELHI PALACE', 'b111ca62-3c9d-3895-9983-546fdf34ebb8', 296);
insert into Rule (id, user_id, amount, cond, conversion, enabled, expression, uuid, envelope_id) values(3262, 1, null, 0, '', true, 'SPINATOS', 'ca0eeb67-8fa6-3d7f-a60c-45b5c84a9968', 296);
insert into Rule (id, user_id, amount, cond, conversion, enabled, expression, uuid, envelope_id) values(3264, 1, null, 0, '', true, 'SUBWAY', 'd85e7fa2-ac64-3394-b4a9-0eff4c7f57af', 246);
insert into Rule (id, user_id, amount, cond, conversion, enabled, expression, uuid, envelope_id) values(3263, 1, null, 1, '', true, '24 ?HOUR', '4c999dcc-421b-35b1-88b9-b637ea637c78', 271);
insert into Rule (id, user_id, amount, cond, conversion, enabled, expression, uuid, envelope_id) values(3265, 1, null, 0, '', true, 'WHATABURGER', '3c878fa0-19cf-371f-be64-510bfcd1756f', 246);
insert into Rule (id, user_id, amount, cond, conversion, enabled, expression, uuid, envelope_id) values(3266, 1, null, 0, '', true, 'JACK IN THE', 'ccf0a379-55be-3033-9523-4fbb42af3cd2', 246);
insert into Rule (id, user_id, amount, cond, conversion, enabled, expression, uuid, envelope_id) values(3267, 1, null, 0, '', true, 'GAMEFLY', '8201be32-a9ca-3af1-a0e5-f8fabf4fda75', 281);
insert into Rule (id, user_id, amount, cond, conversion, enabled, expression, uuid, envelope_id) values(3268, 1, null, 0, '', true, 'ALBERTSONS', '27667fce-c86b-3261-8d64-afbf3e3a652c', 238);
insert into Rule (id, user_id, amount, cond, conversion, enabled, expression, uuid, envelope_id) values(3269, 1, null, 0, '', true, 'IHOP', 'c742e5d4-ed4a-376a-8286-300d6d4a5625', 296);
insert into Rule (id, user_id, amount, cond, conversion, enabled, expression, uuid, envelope_id) values(3271, 1, null, 0, '', true, '7-ELEVEN', '05e02e47-fbc3-3172-a2db-fca6c955d3e7', 252);
insert into Rule (id, user_id, amount, cond, conversion, enabled, expression, uuid, envelope_id) values(3270, 1, null, 0, '', true, 'BAJA FRESH', '8f34252a-20bf-3bf9-aac1-2ae36a4e7b33', 238);
insert into Rule (id, user_id, amount, cond, conversion, enabled, expression, uuid, envelope_id) values(3273, 1, null, 0, '', true, 'Amazon.com', '0fe2b426-ba8b-3448-81d9-1ec8cd80fe0b', 252);
insert into Rule (id, user_id, amount, cond, conversion, enabled, expression, uuid, envelope_id) values(3272, 1, null, 0, '', true, 'THAI ELEPHANT', 'a7b49d64-de9c-3c74-928c-fa16266bafc9', 296);
insert into Rule (id, user_id, amount, cond, conversion, enabled, expression, uuid, envelope_id) values(3274, 1, null, 0, '', true, 'BLIMPIE', '93d91b10-f99b-3d1a-b865-1d9da68d6e0d', 246);
insert into Rule (id, user_id, amount, cond, conversion, enabled, expression, uuid, envelope_id) values(3275, 1, null, 0, '', true, 'COLDSTN', 'f95fb346-d675-3e91-8c76-f34a6b7d5755', 296);
insert into Rule (id, user_id, amount, cond, conversion, enabled, expression, uuid, envelope_id) values(3276, 1, null, 0, '', true, 'BEACON CREDIT', 'a559f646-a5c7-3658-ad32-7bfa7db1b16d', 252);
insert into Rule (id, user_id, amount, cond, conversion, enabled, expression, uuid, envelope_id) values(3277, 1, null, 1, '', true, 'RUBIO''?S', 'e12a903b-49a2-3873-a48d-aa756f41a377', 296);
insert into Rule (id, user_id, amount, cond, conversion, enabled, expression, uuid, envelope_id) values(3278, 1, null, 0, '', true, 'PIZZA HUT', 'ede5ede3-b346-342e-a132-6e40bdd0d708', 246);
insert into Rule (id, user_id, amount, cond, conversion, enabled, expression, uuid, envelope_id) values(3281, 1, null, 0, '', true, 'WENDYS', '540adc84-ccb9-3c8e-956d-868735237116', 246);
insert into Rule (id, user_id, amount, cond, conversion, enabled, expression, uuid, envelope_id) values(3280, 1, null, 0, '', true, 'AJ''S', 'f1110bc6-7220-305e-830f-b8ac2e5e0b07', 238);
insert into Rule (id, user_id, amount, cond, conversion, enabled, expression, uuid, envelope_id) values(3279, 1, null, 0, '', true, 'SAFEWAY', '9bc239f0-25cb-3719-bbc2-a358ada032ed', 238);
insert into Rule (id, user_id, amount, cond, conversion, enabled, expression, uuid, envelope_id) values(3282, 1, null, 0, '', true, 'Camden', '41f2b289-c47e-3cb1-a630-a57ec0d192de', 295);
insert into Rule (id, user_id, amount, cond, conversion, enabled, expression, uuid, envelope_id) values(3283, 1, null, 0, '', true, 'LIDS', 'c0d40b73-ce07-3202-a211-c0dc8978724c', 286);
insert into Rule (id, user_id, amount, cond, conversion, enabled, expression, uuid, envelope_id) values(3284, 1, null, 0, '', true, 'SHELL Service', 'e9630f78-f6fc-3537-a188-a49c847c110e', 253);
insert into Rule (id, user_id, amount, cond, conversion, enabled, expression, uuid, envelope_id) values(3285, 1, null, 0, '', true, 'MARY COYLE', '6e2ac883-c40b-394b-901c-65628ed7115a', 296);
insert into Rule (id, user_id, amount, cond, conversion, enabled, expression, uuid, envelope_id) values(3286, 1, null, 0, '', true, 'BIG TIGER', '8d13b43e-ce38-3906-89c8-fbfb4e30ac0d', 253);
insert into Rule (id, user_id, amount, cond, conversion, enabled, expression, uuid, envelope_id) values(3287, 1, null, 0, '', true, 'SHELL OIL', '3b26c537-7b7a-374b-8de3-67e76961b15a', 253);
insert into Rule (id, user_id, amount, cond, conversion, enabled, expression, uuid, envelope_id) values(3288, 1, null, 0, '', true, 'MOVIETICKETS', '779f6db6-2dce-37fa-adbc-86256829792f', 285);
insert into Rule (id, user_id, amount, cond, conversion, enabled, expression, uuid, envelope_id) values(3289, 1, null, 0, '', true, 'PIHMA', 'a5ddd8cc-bcab-3a77-9e44-b43ce8a50fdd', 287);
insert into Rule (id, user_id, amount, cond, conversion, enabled, expression, uuid, envelope_id) values(3290, 1, null, 0, '', true, 'CHEVON', '90461100-3b0d-368e-b8b0-3236b70290a4', 253);
insert into Rule (id, user_id, amount, cond, conversion, enabled, expression, uuid, envelope_id) values(3291, 1, -80.00, 0, 'Annette Trijillo', true, 'check', '9d397e1d-c375-33da-95b2-392f8684dfc1', 261);
insert into Rule (id, user_id, amount, cond, conversion, enabled, expression, uuid, envelope_id) values(3292, 1, null, 0, '', true, 'SKIN AND CANCER', '4cdb75d9-1111-38de-85da-44065dbcc553', 287);
insert into Rule (id, user_id, amount, cond, conversion, enabled, expression, uuid, envelope_id) values(3293, 1, null, 0, '', true, 'CONTAINERSTORE', '94d8e217-5606-3707-8df0-e7655fc6303e', 239);
insert into Rule (id, user_id, amount, cond, conversion, enabled, expression, uuid, envelope_id) values(3294, 1, null, 0, '', true, 'PIE ZANOS', 'a08fa0b2-c379-3ceb-8770-557906d1ff50', 296);
insert into Rule (id, user_id, amount, cond, conversion, enabled, expression, uuid, envelope_id) values(3295, 1, null, 0, '', true, 'CHIPOTLE', 'a1d95a7a-9944-342d-a4b3-4dfd5e61f820', 296);
insert into Rule (id, user_id, amount, cond, conversion, enabled, expression, uuid, envelope_id) values(3296, 1, null, 0, '', true, 'BEDBATH', 'f89be182-56a3-3265-8880-08d82e92fdb9', 239);
insert into Rule (id, user_id, amount, cond, conversion, enabled, expression, uuid, envelope_id) values(3297, 1, null, 0, '', true, 'CHINA CHILI', '807b5414-e171-35ec-b109-817252f43614', 296);
insert into Rule (id, user_id, amount, cond, conversion, enabled, expression, uuid, envelope_id) values(3298, 1, null, 0, '', true, 'WWW.ME.COM', 'b6d5a657-eaf1-34a4-840a-77f9061e9672', 263);
insert into Rule (id, user_id, amount, cond, conversion, enabled, expression, uuid, envelope_id) values(3299, 1, null, 0, '', true, 'LEVIS', 'd7334898-cb63-3edc-ad42-a5edccb56004', 286);
insert into Rule (id, user_id, amount, cond, conversion, enabled, expression, uuid, envelope_id) values(3300, 1, null, 0, '', true, 'QWEST', '1669eea7-b0fe-3f67-bc5e-cad614f7b53d', 262);
insert into Rule (id, user_id, amount, cond, conversion, enabled, expression, uuid, envelope_id) values(3301, 1, null, 0, '', true, 'AGAVE CHIRO', 'f3fcc6bd-269f-3ca5-914a-a53c9ff0ac5d', 287);
insert into Rule (id, user_id, amount, cond, conversion, enabled, expression, uuid, envelope_id) values(3302, 1, null, 0, '', true, 'MACY''S', 'a8118d6f-d219-358b-94dc-47d0c613f2cb', 286);
insert into Rule (id, user_id, amount, cond, conversion, enabled, expression, uuid, envelope_id) values(3303, 1, null, 0, '', true, 'STARBUCKS', '26b498a0-1bd9-3aed-8c61-20616a11ca3f', 270);
insert into Rule (id, user_id, amount, cond, conversion, enabled, expression, uuid, envelope_id) values(3304, 1, null, 0, '', true, 'NORDSTROM', 'de368866-2024-34da-91c8-bbbde1c5c9b7', 286);
insert into Rule (id, user_id, amount, cond, conversion, enabled, expression, uuid, envelope_id) values(3305, 1, null, 0, '', true, 'qt', '0625495a-1799-3c83-84de-41ebd77d202f', 252);
insert into Rule (id, user_id, amount, cond, conversion, enabled, expression, uuid, envelope_id) values(3306, 1, null, 0, '', true, 'circle k', '3797cfb5-ef7b-3609-9948-925388068b95', 252);
insert into Rule (id, user_id, amount, cond, conversion, enabled, expression, uuid, envelope_id) values(3307, 1, null, 0, '', true, 'USATAX', 'ab54df26-fcb8-31c3-be02-16ebcf148e28', 275);
insert into Rule (id, user_id, amount, cond, conversion, enabled, expression, uuid, envelope_id) values(3308, 1, null, 0, '', true, 'ACTINODERMATOLOGY', '9fc4f299-38a9-3fb5-927d-7bb417379a9a', 287);
insert into Rule (id, user_id, amount, cond, conversion, enabled, expression, uuid, envelope_id) values(3309, 1, null, 0, '', true, 'Financial Management Software', '4bf76022-1bc5-3081-ac23-72dee5e0e8c2', 232);
insert into Rule (id, user_id, amount, cond, conversion, enabled, expression, uuid, envelope_id) values(3310, 1, null, 0, '', true, 'ATM WITHDRAWAL', 'e1113004-472f-3468-baf3-7982112f8a10', 276);
insert into Rule (id, user_id, amount, cond, conversion, enabled, expression, uuid, envelope_id) values(3311, 1, null, 0, '', true, 'QUICK MART', 'eac2aae7-025a-3b75-8341-ef54696b4c87', 252);
insert into Rule (id, user_id, amount, cond, conversion, enabled, expression, uuid, envelope_id) values(3312, 1, null, 0, '', true, 'whole foods', '4a5c5e9c-25d1-3a05-9ff4-8b7dd83c1384', 238);
insert into Rule (id, user_id, amount, cond, conversion, enabled, expression, uuid, envelope_id) values(3313, 1, null, 0, '', true, 'REI', 'eaa9d42a-d5df-3314-bb79-10143d8e83d7', 286);
insert into Rule (id, user_id, amount, cond, conversion, enabled, expression, uuid, envelope_id) values(3314, 1, null, 0, '', true, 'sprouts', 'af629d98-22b9-3e0f-a5db-086486ef2c9f', 238);
insert into Rule (id, user_id, amount, cond, conversion, enabled, expression, uuid, envelope_id) values(3315, 1, null, 0, '', true, 'VZWRLSS', '7c0a7728-c592-3f28-bf1e-6b8e0818c2c9', 236);
insert into Rule (id, user_id, amount, cond, conversion, enabled, expression, uuid, envelope_id) values(3316, 1, null, 0, '', true, 'AMC', '03d3581c-d940-3907-89aa-245e72a453d2', 285);
insert into Rule (id, user_id, amount, cond, conversion, enabled, expression, uuid, envelope_id) values(3317, 1, null, 0, '', true, 'vw credit', 'e1cdb034-772e-3ede-9e56-4f7d300d77db', 267);
insert into Rule (id, user_id, amount, cond, conversion, enabled, expression, uuid, envelope_id) values(3318, 1, null, 0, '', true, 'Gluten Free Creations', '359cb331-e893-338e-a297-b0b86b8d01e9', 238);
insert into Rule (id, user_id, amount, cond, conversion, enabled, expression, uuid, envelope_id) values(3319, 1, null, 0, '', true, 'Joseph Scott Salon', 'e0348522-0b51-33e3-9ab2-e13a1d265504', 260);
insert into Rule (id, user_id, amount, cond, conversion, enabled, expression, uuid, envelope_id) values(3320, 1, null, 0, '', true, 'PETSMART', '16a426a9-07ed-375a-a751-ccd490888b5f', 244);
insert into Rule (id, user_id, amount, cond, conversion, enabled, expression, uuid, envelope_id) values(3321, 1, null, 0, '', true, 'ARROWHEAD WATER', '2f7807de-8c1e-33b6-aa43-364aa3dd45c1', 266);
insert into Rule (id, user_id, amount, cond, conversion, enabled, expression, uuid, envelope_id) values(3322, 1, null, 0, '', true, 'SRR*SIRIUS', '74fa8167-fa77-32c4-87a3-c8d01e821686', 233);
insert into Rule (id, user_id, amount, cond, conversion, enabled, expression, uuid, envelope_id) values(3323, 1, null, 0, '', true, 'Rossmar & Graham', 'a06ed6f8-3729-3af3-a16a-208944b4f2e7', 258);
insert into Rule (id, user_id, amount, cond, conversion, enabled, expression, uuid, envelope_id) values(3324, 1, null, 0, '', true, 'Wal-Mart', '2501ae58-b658-35f3-89b9-e4906437046a', 239);
insert into Rule (id, user_id, amount, cond, conversion, enabled, expression, uuid, envelope_id) values(3325, 1, null, 0, '', true, 'APPLE STORE', '189f4ba6-2e3d-3dfa-9005-51ad95502fe6', 249);
insert into Rule (id, user_id, amount, cond, conversion, enabled, expression, uuid, envelope_id) values(3326, 1, null, 0, '', true, 'PAYPAL', '5eb1965c-d8a1-3d93-a90f-ff044ec26043', 252);
insert into Rule (id, user_id, amount, cond, conversion, enabled, expression, uuid, envelope_id) values(3327, 1, null, 0, '', true, 'COSTCO', '931a1577-9b8c-3f3f-af8b-c51a9bee5147', 252);
insert into Rule (id, user_id, amount, cond, conversion, enabled, expression, uuid, envelope_id) values(3328, 1, null, 0, '', true, 'GOOD EGG', '7f00c3bb-e245-39d3-9e7f-ca0c60c80ec6', 296);
insert into Rule (id, user_id, amount, cond, conversion, enabled, expression, uuid, envelope_id) values(3329, 1, null, 0, '', true, 'DIRECTV', '0cb0b3bb-be82-3096-9c2f-01d1c3cc1dcc', 273);
insert into Rule (id, user_id, amount, cond, conversion, enabled, expression, uuid, envelope_id) values(3330, 1, null, 0, '', true, 'CVSPHARMACY', '097f9ddb-5d05-37ef-a1d0-3739b7d3b5a6', 287);
insert into Rule (id, user_id, amount, cond, conversion, enabled, expression, uuid, envelope_id) values(3331, 1, null, 0, '', true, 'PEI WEI', '561a280c-875d-389c-a0e8-a475718630fd', 296);
insert into Rule (id, user_id, amount, cond, conversion, enabled, expression, uuid, envelope_id) values(3332, 1, null, 0, '', true, 'El Pollo Loco', '9776140e-09b6-3a8d-8a2f-98de96c04527', 246);
insert into Rule (id, user_id, amount, cond, conversion, enabled, expression, uuid, envelope_id) values(3333, 1, null, 0, '', true, 'MYLIFE/REUNION', 'f35d528a-0a81-30f0-9186-bfa82161d501', 281);
insert into Rule (id, user_id, amount, cond, conversion, enabled, expression, uuid, envelope_id) values(3334, 1, null, 0, '', true, 'AZ MOTOR VEHICLE', 'fc4a717e-4180-33e8-a554-a9e5d71a9ef3', 294);
insert into Rule (id, user_id, amount, cond, conversion, enabled, expression, uuid, envelope_id) values(3336, 1, null, 0, '', true, 'ikea', 'fc312e03-2ea5-34ae-bfcf-02e65e8e5742', 235);
insert into Rule (id, user_id, amount, cond, conversion, enabled, expression, uuid, envelope_id) values(3335, 1, null, 0, '', true, 'BURGER KING', '2d9136a2-dd6b-3a2d-a6a5-5b05ab9f3ee1', 246);
insert into Rule (id, user_id, amount, cond, conversion, enabled, expression, uuid, envelope_id) values(3338, 1, null, 0, '', true, 'TACOBELL', '453c1a47-0819-34c0-b591-869267020ceb', 246);
insert into Rule (id, user_id, amount, cond, conversion, enabled, expression, uuid, envelope_id) values(3337, 1, null, 0, '', true, 'VERIZON', 'aa9610bf-b23b-3606-a0e3-9989bf2cdbfa', 236);
insert into Rule (id, user_id, amount, cond, conversion, enabled, expression, uuid, envelope_id) values(3339, 1, null, 1, '', true, 'MCDONALD''?S', 'fc88b808-62b5-303d-ac92-bfafaea41d1c', 246);
insert into Rule (id, user_id, amount, cond, conversion, enabled, expression, uuid, envelope_id) values(3340, 1, null, 0, '', true, 'SYLVIA''S LA CANASTA', '60326151-70e5-3e34-913c-eead9433315e', 296);
insert into Rule (id, user_id, amount, cond, conversion, enabled, expression, uuid, envelope_id) values(3341, 1, null, 0, '', true, 'TACO BELL', '29caf8bb-b644-3d66-a246-91c4d5431bb3', 246);
insert into Rule (id, user_id, amount, cond, conversion, enabled, expression, uuid, envelope_id) values(3342, 1, null, 0, '', true, 'CARLS JR', '2266f1d9-404d-3e2a-b8f8-0e6b88cfdf61', 246);
insert into Rule (id, user_id, amount, cond, conversion, enabled, expression, uuid, envelope_id) values(3343, 1, null, 0, '', true, 'LOS DIOS MOLINOS', 'c9c6f416-115f-3872-af1e-faad0628b94f', 296);
insert into Rule (id, user_id, amount, cond, conversion, enabled, expression, uuid, envelope_id) values(3344, 1, null, 0, '', true, 'TURF IRISH PUB', 'b3de5bce-b79c-30b5-8667-8c5774e70188', 296);
insert into Rule (id, user_id, amount, cond, conversion, enabled, expression, uuid, envelope_id) values(3345, 1, null, 0, '', true, 'OFFICIAL CHECKS CHARGE', '45e63f10-1c04-37ca-88a5-c9f2be97293a', 232);
insert into Rule (id, user_id, amount, cond, conversion, enabled, expression, uuid, envelope_id) values(3346, 1, null, 0, '', true, 'SONIC DRIVE IN', 'aaccce2e-8180-38d3-a1c2-c4fe473c779f', 246);
insert into Rule (id, user_id, amount, cond, conversion, enabled, expression, uuid, envelope_id) values(3347, 1, null, 0, '', true, 'SLOTEN', 'c7a2648d-8de3-3559-87d1-7956721b827f', 287);
insert into Rule (id, user_id, amount, cond, conversion, enabled, expression, uuid, envelope_id) values(3348, 1, null, 0, '', true, 'C AND C THERAPEUTIC', '0c31fa01-544e-37e4-9910-a6a94f4dab19', 287);
insert into Rule (id, user_id, amount, cond, conversion, enabled, expression, uuid, envelope_id) values(3349, 1, null, 0, '', true, 'BUMBLE AND BUMBLE', 'de5ed812-d19b-3de0-876b-8741c4064d1f', 277);
insert into Rule (id, user_id, amount, cond, conversion, enabled, expression, uuid, envelope_id) values(3350, 1, null, 0, '', true, 'BOSTON MARKET', 'cdd2ace1-1703-3fa8-bd49-fc8b638f6886', 296);
insert into Rule (id, user_id, amount, cond, conversion, enabled, expression, uuid, envelope_id) values(3351, 1, null, 0, '', true, 'MY BIG FAT GREEK', '4be07a2d-5bfd-338d-bd46-21bc1261427b', 296);
insert into Rule (id, user_id, amount, cond, conversion, enabled, expression, uuid, envelope_id) values(3352, 1, null, 0, '', true, 'FRESH & EASY', '509bb62e-501d-3170-bc51-10ba66b3300d', 238);
insert into Rule (id, user_id, amount, cond, conversion, enabled, expression, uuid, envelope_id) values(3354, 1, null, 0, '', true, 'GYROS HOUSE', 'ff805dc2-40bf-36ee-9d06-34d77072c315', 296);
insert into Rule (id, user_id, amount, cond, conversion, enabled, expression, uuid, envelope_id) values(3353, 1, null, 0, '', true, 'ON-LINE COMMUNICATIO', '4f915c5e-1c7e-3f59-afa1-65c30ee834b0', 247);
insert into Rule (id, user_id, amount, cond, conversion, enabled, expression, uuid, envelope_id) values(3356, 1, null, 0, '', true, 'BANNER', 'ff6a453b-f016-317b-b028-80c06a56a21b', 287);
insert into Rule (id, user_id, amount, cond, conversion, enabled, expression, uuid, envelope_id) values(3355, 1, null, 0, '', true, 'IN-N-OUT', '5b0689bb-0138-3707-a44a-0425910994b0', 246);
insert into Rule (id, user_id, amount, cond, conversion, enabled, expression, uuid, envelope_id) values(3358, 1, null, 0, '', true, 'EINSTEIN BROS', '2934a1dd-fdbd-3f76-9ae8-916e4ecd948d', 296);
insert into Rule (id, user_id, amount, cond, conversion, enabled, expression, uuid, envelope_id) values(3357, 1, null, 0, '', true, 'CVS', 'ab96fc38-f502-344a-a776-5c8dcfe79389', 287);
insert into Rule (id, user_id, amount, cond, conversion, enabled, expression, uuid, envelope_id) values(3359, 1, null, 1, '', true, 'Lowe''?s', '94d0cc55-2a98-3d99-8745-1154d3d12b6a', 239);
insert into Rule (id, user_id, amount, cond, conversion, enabled, expression, uuid, envelope_id) values(3360, 1, null, 0, '', true, 'HOME DEPOT', '38ac6ffa-d72d-30c1-9423-6a660147119e', 239);
insert into Rule (id, user_id, amount, cond, conversion, enabled, expression, uuid, envelope_id) values(3361, 1, null, 0, '', true, 'FAST EDDIE''S DINER', '6ebca9aa-d85a-37b3-8be5-8ec08a4413f6', 296);
insert into Rule (id, user_id, amount, cond, conversion, enabled, expression, uuid, envelope_id) values(3362, 1, null, 0, '', true, 'LINDSTROMS FAM', '29408110-832f-35a2-af03-f0df208d5c4d', 274);
insert into Rule (id, user_id, amount, cond, conversion, enabled, expression, uuid, envelope_id) values(3364, 1, null, 1, '', true, 'LOANSERVICING.*AUTOMATIC', 'b289f58a-2e0d-36c6-a48b-510bcd9d13e9', 231);
insert into Rule (id, user_id, amount, cond, conversion, enabled, expression, uuid, envelope_id) values(3363, 1, null, 0, '', true, 'FUDDRUCKERS', '8bbafc0f-2424-3ce7-a9c7-031861f1af1a', 296);
insert into Rule (id, user_id, amount, cond, conversion, enabled, expression, uuid, envelope_id) values(3366, 1, null, 0, '', true, 'MASSAGE ENVY', '4b0854bc-9ca6-3ebb-9fb7-77b208e3dd43', 279);
insert into Rule (id, user_id, amount, cond, conversion, enabled, expression, uuid, envelope_id) values(3365, 1, null, 0, '', true, 'PITA JUNGLE', 'a1807700-afba-3522-8c76-77054c6e0d75', 296);
insert into Rule (id, user_id, amount, cond, conversion, enabled, expression, uuid, envelope_id) values(3367, 1, null, 0, '', true, 'WHOLEFDS', 'f0d2f69b-6153-3b30-a8c0-5fb8166c4c26', 238);
insert into Rule (id, user_id, amount, cond, conversion, enabled, expression, uuid, envelope_id) values(3368, 1, null, 0, '', true, 'CHEVRON', 'f0f530cb-fcf5-3e3b-bd70-da7f0994a12c', 253);
insert into AllocationSet (id, uuid, name, income_id) values (3369, 'aa7adcdf-5034-32a5-bc21-f4c1824703cd', 'meltmedia', 230);
insert into Allocation (id, uuid, amount, amountType, enabled, idx, _limit, limitType, proposed, remainder, set_id, envelope_id) values (3370, '6dd6963f-f3a4-38c7-af45-4ceab5f7066b', 13.99, 0, true, 1, 27.98, 3, 0.00, 0.00, 3369, 266);
insert into Allocation (id, uuid, amount, amountType, enabled, idx, _limit, limitType, proposed, remainder, set_id, envelope_id) values (3371, 'f659d63a-900f-35aa-bb35-30da51d61bfd', 80.00, 0, true, 2, 80.00, 3, 0.00, 0.00, 3369, 253);
insert into Allocation (id, uuid, amount, amountType, enabled, idx, _limit, limitType, proposed, remainder, set_id, envelope_id) values (3372, '8b488b80-b519-300f-9e33-f8bb5800d2bc', 10.00, 0, true, 3, 500.00, 3, 0.00, 0.00, 3369, 234);
insert into Allocation (id, uuid, amount, amountType, enabled, idx, _limit, limitType, proposed, remainder, set_id, envelope_id) values (3373, 'a39ffe13-e61a-3ede-a8db-c6e1ee2ffe39', 13.46, 0, true, 4, 350.00, 3, 0.00, 0.00, 3369, 294);
insert into Allocation (id, uuid, amount, amountType, enabled, idx, _limit, limitType, proposed, remainder, set_id, envelope_id) values (3374, '3a11e8f2-6e69-335b-a690-c1d929c2c731', 10.98, 0, true, 5, 21.95, 3, 0.00, 0.00, 3369, 274);
insert into Allocation (id, uuid, amount, amountType, enabled, idx, _limit, limitType, proposed, remainder, set_id, envelope_id) values (3375, '18dfacb4-09e1-356b-b13d-f41c8d1c152c', 4.98, 0, true, 6, 9.95, 3, 0.00, 0.00, 3369, 232);
insert into Allocation (id, uuid, amount, amountType, enabled, idx, _limit, limitType, proposed, remainder, set_id, envelope_id) values (3376, '7e816f9f-d0fa-3206-9c7b-b88e80b532c2', 65.00, 0, true, 7, 130.00, 3, 0.00, 0.00, 3369, 268);
insert into Allocation (id, uuid, amount, amountType, enabled, idx, _limit, limitType, proposed, remainder, set_id, envelope_id) values (3377, '8f950939-07d0-3631-8570-bba1fd12f321', 4.99, 0, true, 9, 9.98, 3, 0.00, 0.00, 3369, 254);
insert into Allocation (id, uuid, amount, amountType, enabled, idx, _limit, limitType, proposed, remainder, set_id, envelope_id) values (3378, '940484ca-542f-3774-b6ca-4da1bf397aab', 395.46, 0, false, 11, 790.91, 3, 0.00, 0.00, 3369, 231);
insert into Allocation (id, uuid, amount, amountType, enabled, idx, _limit, limitType, proposed, remainder, set_id, envelope_id) values (3379, 'f5afab1f-0400-39e3-b252-cd6a3f9cc012', 150.00, 0, true, 12, 150.00, 3, 0.00, 0.00, 3369, 238);
insert into Allocation (id, uuid, amount, amountType, enabled, idx, _limit, limitType, proposed, remainder, set_id, envelope_id) values (3380, '12fe2b6e-e9d4-39b5-92aa-10ee306c2996', 25.00, 0, true, 14, 50.00, 3, 0.00, 0.00, 3369, 239);
insert into Allocation (id, uuid, amount, amountType, enabled, idx, _limit, limitType, proposed, remainder, set_id, envelope_id) values (3381, 'b5b1caae-71c8-3b70-82dc-0ee398e23794', 80.00, 0, true, 15, 80.00, 3, 0.00, 0.00, 3369, 261);
insert into Allocation (id, uuid, amount, amountType, enabled, idx, _limit, limitType, proposed, remainder, set_id, envelope_id) values (3382, '518f8522-0d0a-369c-b9a4-0988fe01b65f', 163.00, 0, true, 16, 326.00, 3, 0.00, 0.00, 3369, 258);
insert into Allocation (id, uuid, amount, amountType, enabled, idx, _limit, limitType, proposed, remainder, set_id, envelope_id) values (3383, '4f5cac94-2d87-3f7c-8cd3-7040aee339c6', 24.50, 0, true, 17, 49.00, 3, 0.00, 0.00, 3369, 279);
insert into Allocation (id, uuid, amount, amountType, enabled, idx, _limit, limitType, proposed, remainder, set_id, envelope_id) values (3384, '3fde8c93-2102-31a8-961c-d60b9318d8db', 25.00, 0, true, 19, 50.00, 3, 0.00, 0.00, 3369, 287);
insert into Allocation (id, uuid, amount, amountType, enabled, idx, _limit, limitType, proposed, remainder, set_id, envelope_id) values (3385, 'bda4e322-fd5b-3d27-84ea-0a9a1629d14a', 25.00, 0, true, 20, 3000.00, 3, 0.00, 0.00, 3369, 245);
insert into Allocation (id, uuid, amount, amountType, enabled, idx, _limit, limitType, proposed, remainder, set_id, envelope_id) values (3386, 'dbb5211a-b66b-3a2b-99d7-48bd02576850', 25.00, 0, true, 21, 50.00, 3, 0.00, 0.00, 3369, 277);
insert into Allocation (id, uuid, amount, amountType, enabled, idx, _limit, limitType, proposed, remainder, set_id, envelope_id) values (3387, 'a21efd3a-2271-3806-a49c-e0193f487622', 10.97, 0, true, 22, 21.94, 3, 0.00, 0.00, 3369, 233);
insert into Allocation (id, uuid, amount, amountType, enabled, idx, _limit, limitType, proposed, remainder, set_id, envelope_id) values (3388, '114364fc-c291-3f33-80cd-0f1e5b437569', 200.00, 0, true, 23, 200.00, 3, 0.00, 0.00, 3369, 252);
insert into Allocation (id, uuid, amount, amountType, enabled, idx, _limit, limitType, proposed, remainder, set_id, envelope_id) values (3389, '1829b17b-f998-3bba-8335-775778edae69', 70.69, 0, true, 24, 141.38, 3, 0.00, 0.00, 3369, 291);
insert into Allocation (id, uuid, amount, amountType, enabled, idx, _limit, limitType, proposed, remainder, set_id, envelope_id) values (3390, '9118c2ad-413f-3e2e-97ca-72e11fb60490', 175.00, 0, false, 25, 175.00, 3, 0.00, 0.00, 3369, 275);
insert into Allocation (id, uuid, amount, amountType, enabled, idx, _limit, limitType, proposed, remainder, set_id, envelope_id) values (3391, '8083796f-20a5-392d-974f-0b9256b9af3f', 6.48, 0, true, 26, 12.95, 3, 0.00, 0.00, 3369, 272);
insert into Allocation (id, uuid, amount, amountType, enabled, idx, _limit, limitType, proposed, remainder, set_id, envelope_id) values (3392, '6d4e4104-de62-3722-b407-692fd2756842', 2.74, 0, true, 26, 5.48, 3, 0.00, 0.00, 3369, 243);
insert into Allocation (id, uuid, amount, amountType, enabled, idx, _limit, limitType, proposed, remainder, set_id, envelope_id) values (3393, '614f335b-e1a3-3d7d-8b4e-197e4fcb9452', 181.39, 0, false, 27, 362.78, 3, 0.00, 0.00, 3369, 267);
insert into Allocation (id, uuid, amount, amountType, enabled, idx, _limit, limitType, proposed, remainder, set_id, envelope_id) values (3394, '9210dd9e-288b-3cca-92a8-c3b9e6efeb9b', 315.39, 0, true, 27, 0.00, 0, 0.00, 0.00, 3369, 283);
insert into Allocation (id, uuid, amount, amountType, enabled, idx, _limit, limitType, proposed, remainder, set_id, envelope_id) values (3395, 'aef045f3-604c-3cae-81cf-a71b66358639', 65.00, 0, true, 28, 130.00, 3, 0.00, 0.00, 3369, 236);
insert into Allocation (id, uuid, amount, amountType, enabled, idx, _limit, limitType, proposed, remainder, set_id, envelope_id) values (3396, '3c104543-c606-374a-8958-f23651c5c373', 250.00, 0, false, 29, 500.00, 3, 0.00, 0.00, 3369, 295);
insert into Allocation (id, uuid, amount, amountType, enabled, idx, _limit, limitType, proposed, remainder, set_id, envelope_id) values (3397, 'ab60b765-6167-3cda-98cc-ab0a1ec130fe', 0.00, 1, true, 30, 0.00, 0, 0.00, 0.00, 3369, 242);
