insert into User (id, uuid, username, password) values (-1, '83d7132b-3af7-3b69-bf5b-715df990', 'default', '');
insert into User (id, uuid, username, password) values (1, '83d7142b-3af7-3b69-bf5b-715df990', 'nbolton', '');

insert into FinancialInstitution (id, financialInstitutionId, name, organization, url, uuid) values(182, '5575', 'ShareBuilder', 'ShareBuilder', 'https://ofx.sharebuilder.com', 'eed41eef-0d44-38f2-b4b6-77962d5d87f3');
insert into FinancialInstitution (id, financialInstitutionId, name, organization, url, uuid) values(193, '1001', 'TD Banknorth', 'Banknorth', 'https://secure.tdbanknorth.com/scripts/serverext.dll', '6abfa595-643d-324b-9955-cd42e568ae71');
insert into FinancialInstitution (id, financialInstitutionId, name, organization, url, uuid) values(125, '5012', 'IronStone Bank', 'Atlantic States Bank', 'https://www.oasis.cfree.com/5012.ofxgp', '9970f665-0a56-3b1c-8fb8-99145b93bd38');
insert into FinancialInstitution (id, financialInstitutionId, name, organization, url, uuid) values(118, '321379070', 'Hawaiian Tel Federal Credit Union', 'Hawaiian Tel FCU', 'https://htl.usersonlnet.com/scripts/isaofx.dll', '01f5ae20-2115-3537-b973-0f08bab1a638');
insert into FinancialInstitution (id, financialInstitutionId, name, organization, url, uuid) values(183, '321174770', 'Sierra Central Credit Union', 'Sierra Central Credit Union', 'https://www.sierracpu.com/scripts/isaofx.dll', '694b9452-4441-3644-bc28-2a85190538de');
insert into FinancialInstitution (id, financialInstitutionId, name, organization, url, uuid) values(117, '321379041', 'Hawaii State FCU', 'Hawaii State FCU', 'https://hse.usersonlnet.com/scripts/isaofx.dll', '7f85c570-b90c-3102-83ad-fbc648ff7c72');
insert into FinancialInstitution (id, financialInstitutionId, name, organization, url, uuid) values(87, '251483311', 'DuPont Community Credit Union', 'DuPont Community Credit Union', 'https://pcu.mydccu.com/scripts/isaofx.dll', '02852b21-3d30-388e-a482-17dfe789efb2');
insert into FinancialInstitution (id, financialInstitutionId, name, organization, url, uuid) values(179, '777', 'Scottrade, Inc.', 'Scottrade', 'https://ofxstl.scottsave.com', 'dab59b1f-5eaa-3091-b2f0-c61e001ad101');
insert into FinancialInstitution (id, financialInstitutionId, name, organization, url, uuid) values(140, '011', 'Mercantile Brokerage Services', 'Mercantile Brokerage', 'https://ofx.netxclient.com/cgi/OFXNetx', '3a03048f-7aee-3db2-9a77-4d4f4fdb8fc3');
insert into FinancialInstitution (id, financialInstitutionId, name, organization, url, uuid) values(156, '5804', 'Northern Trust - Banking', 'ORG', 'https://www3883.ntrs.com/nta/ofxservlet', 'e740ee86-8a8e-38a4-8438-e834383b4153');
insert into FinancialInstitution (id, financialInstitutionId, name, organization, url, uuid) values(38, '6805', 'Bank of America (California)', 'HAN', 'https://ofx.bankofamerica.com/cgi-forte/ofx?servicename=ofx_2-3&pagename=bofa', '4a6eb3f4-cfea-3843-9a21-fdda5980a390');
insert into FinancialInstitution (id, financialInstitutionId, name, organization, url, uuid) values(79, '271188081', 'Credit Union 1 - IL', 'Credit Union 1', 'https://pcu.creditunion1.org/scripts/isaofx.dll', '2c002e53-9dcd-351e-b3f3-01b7c5ac0013');
insert into FinancialInstitution (id, financialInstitutionId, name, organization, url, uuid) values(119, '271979193', 'Hawthorne Credit Union', 'Hawthorne Credit Union', 'https://hwt.usersonlnet.com/scripts/isaofx.dll', '19f2e660-7484-3f01-bb32-1cd637810ff1');
insert into FinancialInstitution (id, financialInstitutionId, name, organization, url, uuid) values(72, '1001', 'Commerce Bank NJ, PA, NY&DE', 'CommerceBank', 'https://www.commerceonlinebanking.com/scripts/serverext.dll', 'ac164779-a75b-3236-bb51-d28281389b2b');
insert into FinancialInstitution (id, financialInstitutionId, name, organization, url, uuid) values(93, '263182558', 'Envision Credit Union', 'Envision Credit Union', 'https://pcu.envisioncu.com/scripts/isaofx.dll', '6e2c4b5c-62a2-37e8-8bfd-548176d914e8');
insert into FinancialInstitution (id, financialInstitutionId, name, organization, url, uuid) values(80, '14412', 'Credit Union ONE', 'Credit Union ONE', 'https://cuhome.cuone.org/ofx/ofx.dll', '94f1bff3-2324-32dc-8dd1-68b083d6a981');
insert into FinancialInstitution (id, financialInstitutionId, name, organization, url, uuid) values(163, '322281963', 'Patriots Federal Credit Union', 'PAT FCU', 'https://pat.usersonlnet.com/scripts/isaofx.dll', 'e187d297-6541-3881-85f4-ed2d542ec93c');
insert into FinancialInstitution (id, financialInstitutionId, name, organization, url, uuid) values(52, '1001', 'Capital One Bank', 'Hibernia', 'https://onlinebanking.capitalone.com/scripts/serverext.dll', 'd06293d5-7d72-3df9-9e02-d6375f51ff78');
insert into FinancialInstitution (id, financialInstitutionId, name, organization, url, uuid) values(60, '10898', 'Chase (credit card)', 'B1', 'https://ofx.chase.com', '281f5b66-df4a-30a8-a7c7-908e8e55c61b');
insert into FinancialInstitution (id, financialInstitutionId, name, organization, url, uuid) values(27, '54324', 'America First Credit Union', 'America First Credit Union', 'https://ofx.americafirst.com', 'b863dbe0-1dc9-3ee9-a3ef-953a47d3e820');
insert into FinancialInstitution (id, financialInstitutionId, name, organization, url, uuid) values(98, '5829', 'Fifth Third Bancorp', 'Fifth Third Bank', 'https://banking.53.com/ofx/OFXServlet', '1677a0c9-f122-347b-8be3-6ffad56c2df7');
insert into FinancialInstitution (id, financialInstitutionId, name, organization, url, uuid) values(77, '255074988', 'COMSTAR FCU', 'Comstar Federal Credit Union', 'https://pcu.comstarfcu.org/scripts/isaofx.dll', 'c4899fd2-eeb1-3115-9db9-412c46ef33c6');
insert into FinancialInstitution (id, financialInstitutionId, name, organization, url, uuid) values(144, '271984311', 'Motorola Employees Credit Union', 'Motorola Employees CU', 'https://mecuofx.mecunet.org/scripts/isaofx.dll', '0c4960ac-be65-3a1d-85df-c10acf92605d');
insert into FinancialInstitution (id, financialInstitutionId, name, organization, url, uuid) values(44, '265473333', 'Baton Rouge City Parish Emp FCU', 'Baton Rouge City Parish EFCU', 'https://bat.usersonlnet.com/scripts/isaofx.dll', 'f807ec23-bd74-341f-aaaa-f318720bc8b4');
insert into FinancialInstitution (id, financialInstitutionId, name, organization, url, uuid) values(48, '5006', 'California Bank&Trust', '401', 'https://pfm.metavante.com/ofx/OFXServlet', '65b1f9cd-960f-38ce-9350-7d7d48314280');
insert into FinancialInstitution (id, financialInstitutionId, name, organization, url, uuid) values(215, '10942', 'VISA Information Source', 'VISA', 'https://vis.informationmanagement.visa.com/eftxweb/access.ofx', '6df340ad-5834-3f6b-84f4-a9ff8bb6be6d');
insert into FinancialInstitution (id, financialInstitutionId, name, organization, url, uuid) values(207, '267077850', 'University Credit Union', 'University Credit Union', 'https://umc.usersonlnet.com/scripts/isaofx.dll', 'b2261805-2fd0-3f3c-a62c-afdafb611402');
insert into FinancialInstitution (id, financialInstitutionId, name, organization, url, uuid) values(152, '10888', 'Nevada Federal Credit Union', 'PSI', 'https://ssl4.nevadafederal.org/ofxdirect/ofxrqst.aspx', 'b1bfd8ed-ad55-3d7d-be50-d30b5385ab8f');
insert into FinancialInstitution (id, financialInstitutionId, name, organization, url, uuid) values(135, '6501', 'LaSalle Bank NA', 'LaSalle Bank NA', 'https://www.oasis.cfree.com/6501.ofxgp', '164e1228-0148-32ee-bf3f-bb1c3bfd1ba5');
insert into FinancialInstitution (id, financialInstitutionId, name, organization, url, uuid) values(89, '6201', 'Eastern Bank', 'Eastern Bank', 'https://www.oasis.cfree.com/6201.ofxgp', '8b1282f6-d627-3bca-a5de-1e3c8b7e91a3');
insert into FinancialInstitution (id, financialInstitutionId, name, organization, url, uuid) values(63, 'citadel', 'Citadel FCU', 'CitadelFCU', 'https://pcu.citadelfcu.org/scripts/isaofx.dll', '3feff918-994a-3aca-aebc-97c69f91f6db');
insert into FinancialInstitution (id, financialInstitutionId, name, organization, url, uuid) values(147, '7784', 'myStreetscape', 'Fidelity', 'https://ofx.ibgstreetscape.com:443', '61f67454-4636-33ad-8060-9f3e9e6cf2d9');
insert into FinancialInstitution (id, financialInstitutionId, name, organization, url, uuid) values(173, '222382438', 'Reliant Community Credit Union', 'W.C.T.A Federal Credit Union', 'https://wct.usersonlnet.com/scripts/isaofx.dll', 'acc89d0e-d695-3785-a476-916995594971');
insert into FinancialInstitution (id, financialInstitutionId, name, organization, url, uuid) values(105, '263079014', 'First Florida Credit Union', 'First Llorida Credit Union', 'https://pcu2.gecuf.org/scripts/isaofx.dll', '64d9c956-df2e-363f-b27a-3555a4c9ea9c');
insert into FinancialInstitution (id, financialInstitutionId, name, organization, url, uuid) values(120, '242', 'Hewitt Associates LLC', 'hewitt.com', 'https://seven.was.hewitt.com/eftxweb/access.ofx', '772d6b6d-f353-3dee-8ca1-4d797daa2abb');
insert into FinancialInstitution (id, financialInstitutionId, name, organization, url, uuid) values(155, '221982130', 'NorthEast Alliance FCU', 'NorthEast Alliance FCU', 'https://nea.usersonlnet.com/scripts/isaofx.dll', 'a097e601-3e5b-33b4-b749-dcdd0b1e82eb');
insert into FinancialInstitution (id, financialInstitutionId, name, organization, url, uuid) values(84, '1001', 'Desert Schools Federal Credit Union', 'DSFCU', 'https://epal.desertschools.org/scripts/serverext.dll', '3a9a00ec-0c5c-31cd-9f34-86b1a29bfa5e');
insert into FinancialInstitution (id, financialInstitutionId, name, organization, url, uuid) values(107, '7048', 'First Southwest Company', 'AFS', 'https://fswofx.automatedfinancial.com', '1a554c71-e77f-3958-910b-260f02ad8472');
insert into FinancialInstitution (id, financialInstitutionId, name, organization, url, uuid) values(110, 'FirstBank', 'FirstBank of Colorado', 'FBDC', 'https://www.efirstbankpfm.com/ofx/OFXServlet', '948dd760-2ac3-30a8-acb5-58f354b01b75');
insert into FinancialInstitution (id, financialInstitutionId, name, organization, url, uuid) values(160, '17600', 'OCTFCU', 'OCTFCU', 'https://ofx.octfcu.org', 'f1946990-3793-3ee9-8747-269c8a508099');
insert into FinancialInstitution (id, financialInstitutionId, name, organization, url, uuid) values(53, '255077736', 'Cedar Point Federal Credit Union', 'Cedar Point Federal Credit Union', 'https://pcu.cpfcu.com/scripts/isaofx.dll', '23714800-c9cc-3f2f-be83-87094c13fa5f');
insert into FinancialInstitution (id, financialInstitutionId, name, organization, url, uuid) values(141, '231386645', 'Merck Sharp&Dohme FCU', 'MERCK, SHARPE&DOHME FCU', 'https://msd.usersonlnet.com/scripts/isaofx.dll', '96edecce-5167-3425-b679-72f172234789');
insert into FinancialInstitution (id, financialInstitutionId, name, organization, url, uuid) values(127, '5301', 'JPMorgan Chase Bank (Texas)', 'Chase Bank of Texas', 'https://www.oasis.cfree.com/5301.ofxgp', '9f73788c-81ca-36a9-91a5-8ae2056fc5c1');
insert into FinancialInstitution (id, financialInstitutionId, name, organization, url, uuid) values(90, '311079474', 'EDS Credit Union', 'EDS CU', 'https://eds.usersonlnet.com/scripts/isaofx.dll', '785f95ca-9c77-3749-9a85-882abf9612f0');
insert into FinancialInstitution (id, financialInstitutionId, name, organization, url, uuid) values(133, '311080573', 'Las Colinas FCU', 'Las Colinas Federal CU', 'https://las.usersonlnet.com/scripts/isaofx.dll', 'e5fb983b-50d1-3ab4-a5a3-1124b11d1ae9');
insert into FinancialInstitution (id, financialInstitutionId, name, organization, url, uuid) values(151, '111904503', 'Navy Army Federal Credit Union', 'Navy Army Federal Credit Union', 'https://mybranch.navyarmyfcu.com/scripts/isaofx.dll', 'fc6011d6-a833-3fd1-9748-1e4636b243f0');
insert into FinancialInstitution (id, financialInstitutionId, name, organization, url, uuid) values(57, '1901', 'Centura Bank', 'Centura Bank', 'https://www.oasis.cfree.com/1901.ofxgp', 'a01e710b-ad93-3b9f-9dd3-4e60f5f14031');
insert into FinancialInstitution (id, financialInstitutionId, name, organization, url, uuid) values(112, 'FTCU', 'Florida Telco CU', 'FloridaTelcoCU', 'https://ppc.floridatelco.org/scripts/isaofx.dll', '5186cd7c-89a1-3f87-9a33-61f902a09f40');
insert into FinancialInstitution (id, financialInstitutionId, name, organization, url, uuid) values(56, '211287926', 'Central Maine FCU', 'Central Maine FCU', 'https://cro.usersonlnet.com/scripts/isaofx.dll', 'e24f921c-7d85-3328-a1e7-63da3cd74fd9');
insert into FinancialInstitution (id, financialInstitutionId, name, organization, url, uuid) values(42, '5811', 'Bank One', 'B1', 'https://onlineofx.chase.com/chase.ofx', '64cfa58b-a78e-39fe-a6d8-fe5ab2eb54e6');
insert into FinancialInstitution (id, financialInstitutionId, name, organization, url, uuid) values(99, '274073876', 'Finance Center FCU (IN)', 'Finance Center FCU', 'https://sec.fcfcu.com/scripts/isaofx.dll', '17ba5fe9-ad2b-3d94-88ce-bffd8ed323bb');
insert into FinancialInstitution (id, financialInstitutionId, name, organization, url, uuid) values(217, 'weitz.com', 'Weitz Funds', 'weitz.com', 'https://www3.financialtrans.com/tf/OFXServer?tx=OFXController&cz=702110804131918&cl=52204081925', '89beb243-6f9a-332f-9524-86f7d6a6b892');
insert into FinancialInstitution (id, financialInstitutionId, name, organization, url, uuid) values(159, '323076575', 'NW Preferred Federal Credit Union', 'NW Preferred FCU', 'https://nwf.usersonlnet.com/scripts/isaofx.dll', '6ac6fa61-ec85-3ad1-825d-5384fb64e488');
insert into FinancialInstitution (id, financialInstitutionId, name, organization, url, uuid) values(169, '54354', 'PSECU', 'Teknowledge', 'https://ofx.psecu.com/servlet/OFXServlet', '3e690ba0-b81e-3e0c-8eeb-5d91b540ce37');
insert into FinancialInstitution (id, financialInstitutionId, name, organization, url, uuid) values(137, '291975478', 'Mayo Employees Federal Credit Union', 'Mayo Employees FCU', 'https://homebank.mayocreditunion.org/ofx/ofx.dll', 'b2438f28-c314-3401-9910-cf31034690e9');
insert into FinancialInstitution (id, financialInstitutionId, name, organization, url, uuid) values(220, '10762', 'Wells Fargo Investments, LLC', 'wellsfargo.com', 'https://invmnt.wellsfargo.com/inv/directConnect', '77c09e09-6d9c-3cdd-8ed0-a4228a40f9dc');
insert into FinancialInstitution (id, financialInstitutionId, name, organization, url, uuid) values(226, '1115', 'Zions Bank', '244-3', 'https://quicken.metavante.com/ofx/OFXServlet', 'e787e334-3f0e-34c2-b3c8-3b9b8ad43040');
insert into FinancialInstitution (id, financialInstitutionId, name, organization, url, uuid) values(34, '221277007', 'B-M S Federal Credit Union', 'B-M S Federal Credit Union', 'https://bms.usersonlnet.com/scripts/isaofx.dll', 'dce842f5-ef13-3e91-964f-e46f05935046');
insert into FinancialInstitution (id, financialInstitutionId, name, organization, url, uuid) values(32, '273973456', 'Ascentra Credit Union', 'Alcoa Employees&Community CU', 'https://alc.usersonlnet.com/scripts/isaofx.dll', '6bf9f433-2216-37dd-9e78-54b550e98806');
insert into FinancialInstitution (id, financialInstitutionId, name, organization, url, uuid) values(31, '322172797', 'Arizona Federal Credit Union', 'DI', 'https://ofxdi.diginsite.com/cmr/cmr.ofx', '65c9d415-a667-3703-9a68-7930a35632be');
insert into FinancialInstitution (id, financialInstitutionId, name, organization, url, uuid) values(145, '053285173', 'MTC Federal Credit Union', 'MTC Federal Credit Union', 'https://mic.usersonlnet.com/scripts/isaofx.dll', '2b6ea9d7-9593-33fe-82bf-fc12e230902b');
insert into FinancialInstitution (id, financialInstitutionId, name, organization, url, uuid) values(162, '2000', 'Patelco CU', 'Patelco Credit Union', 'https://ofx.patelco.org', '03b75e19-dded-339f-b517-4ff6054d393b');
insert into FinancialInstitution (id, financialInstitutionId, name, organization, url, uuid) values(51, '1001', 'Capital One', 'Hibernia', 'https://onlinebanking.capitalone.com/scripts/serverext.dll', 'b8163be7-a22e-3b5f-b37f-bbf8471d64b0');
insert into FinancialInstitution (id, financialInstitutionId, name, organization, url, uuid) values(176, '321171757', 'SafeAmerica Credit Union', 'SafeAmerica Credit Union', 'https://saf.usersonlnet.com/scripts/isaofx.dll', 'e24d24ef-5993-3002-b293-3bc063049bfd');
insert into FinancialInstitution (id, financialInstitutionId, name, organization, url, uuid) values(138, '263179956', 'McCoy Federal Credit Union', 'McCoy Federal Credit Union', 'https://www.mccoydirect.org/scripts/isaofx.dll', '7d1cb43d-7923-34ec-86b2-c8b9356aa326');
insert into FinancialInstitution (id, financialInstitutionId, name, organization, url, uuid) values(54, '274972883', 'Centra Credit Union', 'Centra CU', 'https://centralink.org/scripts/isaofx.dll', '0ab4e611-587a-3902-b316-6f65dd95b3d2');
insert into FinancialInstitution (id, financialInstitutionId, name, organization, url, uuid) values(26, '322274462', 'AltaOne Federal Credit Union', 'AltaOneFCU', 'https://pcu.altaone.org/scripts/isaofx.dll', '67a61786-1dd7-30a7-8706-6aef2ed78f6c');
insert into FinancialInstitution (id, financialInstitutionId, name, organization, url, uuid) values(106, '074014187', 'First Internet Bank of Indiana', 'DI', 'https://ofxdi.diginsite.com/cmr/cmr.ofx', '2886ab43-4701-3aad-8910-c048ba8af531');
insert into FinancialInstitution (id, financialInstitutionId, name, organization, url, uuid) values(129, '263179532', 'Kennedy Space Center FCU', 'Kennedy Space Center FCU', 'https://www.pcu.kscfcu.org/scripts/isaofx.dll', '745dd89c-d91f-38ed-83dd-e6d0c7ba4298');
insert into FinancialInstitution (id, financialInstitutionId, name, organization, url, uuid) values(131, '322278073', 'Kinecta Federal Credit Union', 'KINECTA', 'https://ofx.kinecta.org/OFXServer/ofxsrvr.dll', 'ed207573-9146-3f71-9bab-5068d7a308db');
insert into FinancialInstitution (id, financialInstitutionId, name, organization, url, uuid) values(100, '321177803', 'Financial Center CU', 'Fincancial Center Credit Union', 'https://fin.usersonlnet.com/scripts/isaofx.dll', '4e515e3a-c0cf-3586-9306-125a1ad73b77');
insert into FinancialInstitution (id, financialInstitutionId, name, organization, url, uuid) values(104, '272483633', 'First Community FCU', 'FirstCommunityFCU', 'https://pcu.1stcomm.org/scripts/isaofx.dll', '4e063436-3436-35a0-a6d8-f986d8bea4ab');
insert into FinancialInstitution (id, financialInstitutionId, name, organization, url, uuid) values(67, '243083237', 'Clearview Federal Credit Union', 'Clearview Federal Credit Union', 'https://www.pcu.clearviewfcu.org/scripts/isaofx.dll', '0a760cd0-4c06-34f4-a17e-74f3f13fabab');
insert into FinancialInstitution (id, financialInstitutionId, name, organization, url, uuid) values(213, '281081479', 'Vantage Credit Union', 'EECU-St. Louis', 'https://secure2.eecu.com/scripts/isaofx.dll', 'b3a67e9c-421a-3411-9ca8-e378f1640c0d');
insert into FinancialInstitution (id, financialInstitutionId, name, organization, url, uuid) values(97, '8288', 'Fidelity NetBenefits', 'nbofx.fidelity.com', 'https://nbofx.fidelity.com/netbenefits/ofx/download', '6c982376-f9a5-3220-97a5-5bd752975be7');
insert into FinancialInstitution (id, financialInstitutionId, name, organization, url, uuid) values(62, '271078146', 'Chicago Patrolmens FCU', 'Chicago Patrolmens CU', 'https://chp.usersonlnet.com/scripts/isaofx.dll', 'abcc500f-076b-329f-8f3a-71ec5ac85f07');
insert into FinancialInstitution (id, financialInstitutionId, name, organization, url, uuid) values(66, 'CTZBK', 'Citizens Bank - Consumer', 'CheckFree OFX', 'https://www.oasis.cfree.com/0CTZBK.ofxgp', '757f9e22-9966-34a6-8774-5a90db420f03');
insert into FinancialInstitution (id, financialInstitutionId, name, organization, url, uuid) values(178, '90001', 'Schools Financial Credit Union', 'Teknowledge', 'https://ofx.schools.org/TekPortalOFX/servlet/TP_OFX_Controller', '5d361862-c389-3eea-b351-9d0b90fd63b6');
insert into FinancialInstitution (id, financialInstitutionId, name, organization, url, uuid) values(225, '325183796', 'Yakima Valley Credit Union', 'Yakima Valley Credit Union', 'https://secure1.yvcu.org/scripts/isaofx.dll', 'd42751d4-456b-3bcf-9d3a-b025c598dd3f');
insert into FinancialInstitution (id, financialInstitutionId, name, organization, url, uuid) values(75, '275982801', 'Community First Credit Union', 'Community First Credit Union', 'https://pcu.communityfirstcu.org/scripts/isaofx.dll', 'c60faf00-9688-37c5-87b7-3edf29029c55');
insert into FinancialInstitution (id, financialInstitutionId, name, organization, url, uuid) values(73, '4001', 'Commerce Bank, NA', 'Commerce Bank NA', 'https://www.oasis.cfree.com/4001.ofxgp', 'b4217a1f-53e1-3b39-b1c4-f2c99b11a8e0');
insert into FinancialInstitution (id, financialInstitutionId, name, organization, url, uuid) values(21, '43-0895447', 'A. G. Edwards and Sons, Inc.', 'A.G. Edwards', 'https://ofx.agedwards.com', '83d7142b-3af7-3b69-bf8b-715df9908d58');
insert into FinancialInstitution (id, financialInstitutionId, name, organization, url, uuid) values(65, '4639', 'Citizens Bank - Business', 'CheckFree OFX', 'https://www.oasis.cfree.com/04639.ofxgp', 'd5fba9b2-aa64-3583-97a7-c2b42ce0a1cc');
insert into FinancialInstitution (id, financialInstitutionId, name, organization, url, uuid) values(186, '304982235', 'Siouxland Federal Credit Union', 'SIOUXLAND FCU', 'https://sio.usersonlnet.com/scripts/isaofx.dll', '82158bad-d70b-3cb6-8c26-3dc5f5a5c374');
insert into FinancialInstitution (id, financialInstitutionId, name, organization, url, uuid) values(28, '3101', 'American Express Card', 'AMEX', 'https://www99.americanexpress.com/myca/ofxdl/us/download?request_type=nl_desktopdownload', 'b9a6294a-70d5-37e2-a9f1-5e54cf689a12');
insert into FinancialInstitution (id, financialInstitutionId, name, organization, url, uuid) values(206, '221276011', 'United Teletech Financial', 'DI', 'https://ofxcore.digitalinsight.com:443/servlet/OFXCoreServlet', '9c568d73-b711-324d-803d-1a1eb8fb766b');
insert into FinancialInstitution (id, financialInstitutionId, name, organization, url, uuid) values(197, '121102036', 'The Mechanics Bank', 'TMB', 'https://ofx.mechbank.com/OFXServer/ofxsrvr.dll', '27778af7-0df7-39c5-928f-3ba87558400e');
insert into FinancialInstitution (id, financialInstitutionId, name, organization, url, uuid) values(201, '253177832', 'Truliant FCU', 'DI', 'https://ofxdi.diginsite.com/cmr/cmr.ofx', '40c1d4bd-25ae-3475-bdf5-fea35a7c98f1');
insert into FinancialInstitution (id, financialInstitutionId, name, organization, url, uuid) values(123, '3701', 'Huntington National Bank', 'Huntington', 'https://onlinebanking.huntington.com/scripts/serverext.dll', '4b0784c4-6c30-33d2-9f48-554d2ad9a2fd');
insert into FinancialInstitution (id, financialInstitutionId, name, organization, url, uuid) values(212, '1001', 'UW Credit Union', 'UWCU', 'https://ofx.uwcu.org/serverext.dll', '20816a6f-8aad-3dd0-8cc6-c0223ec91429');
insert into FinancialInstitution (id, financialInstitutionId, name, organization, url, uuid) values(190, '6510', 'Spectrum Connect/Reich&Tang', 'SpectrumConnect', 'https://www.oasis.cfree.com/6510.ofxgp', '137d82ed-bf28-37c3-970d-3c2867d21d6b');
insert into FinancialInstitution (id, financialInstitutionId, name, organization, url, uuid) values(195, '313185515', 'Texas Dow Employees Credit Union', 'TexasDow', 'https://allthetime.tdecu.org/scripts/isaofx.dll', 'd23c4296-88d2-3443-b1b1-7e2136684afc');
insert into FinancialInstitution (id, financialInstitutionId, name, organization, url, uuid) values(134, '1101', 'LaSalle Bank Midwest', 'LaSalleBankMidwest', 'https://www.oasis.cfree.com/1101.ofxgp', 'c5111400-3f84-3adc-874f-bc579849bf54');
insert into FinancialInstitution (id, financialInstitutionId, name, organization, url, uuid) values(214, '251481355', 'Virginia Educators Credit Union', 'Virginia Educators CU', 'https://www.vecumoneylink.org/scripts/isaofx.dll', '6d73f382-1669-359d-8911-975ddfe86306');
insert into FinancialInstitution (id, financialInstitutionId, name, organization, url, uuid) values(224, '325181028', 'WSECU', 'WSECU', 'https://ssl3.wsecu.org/ofxserver/ofxsrvr.dll', 'e5cf254c-7a57-3e2e-9075-1c3aca8dd548');
insert into FinancialInstitution (id, financialInstitutionId, name, organization, url, uuid) values(132, '307070050', 'Kirtland Federal Credit Union', 'Kirtland Federal Credit Union', 'https://pcu.kirtlandfcu.org/scripts/isaofx.dll', '71d289b2-64ad-3131-8f53-127a28c257bc');
insert into FinancialInstitution (id, financialInstitutionId, name, organization, url, uuid) values(175, '321173742', 'Safe Credit Union - OFX Beta', 'DI', 'https://ofxcert.diginsite.com/cmr/cmr.ofx', '8358a138-90f9-3a65-9d63-5f299474fc00');
insert into FinancialInstitution (id, financialInstitutionId, name, organization, url, uuid) values(166, '221275216', 'Picatinny Federal Credit Union', 'Picatinny Federal Credit Union', 'https://banking.picacreditunion.com/scripts/isaofx.dll', '348652d5-fc58-37b0-8adf-3bde26337fd5');
insert into FinancialInstitution (id, financialInstitutionId, name, organization, url, uuid) values(85, '7101', 'Discover Card', 'Discover Financial Services', 'https://ofx.discovercard.com', 'ee32d885-f61f-3e7c-86f8-3dddfa5af67f');
insert into FinancialInstitution (id, financialInstitutionId, name, organization, url, uuid) values(205, '2901', 'Union Bank of California', 'Union Bank of California', 'https://www.oasis.cfree.com/2901.ofxgp', '807fe433-faa2-3f5a-9e5a-265cc41e3c0e');
insert into FinancialInstitution (id, financialInstitutionId, name, organization, url, uuid) values(222, '321380315', 'Windward Community FCU', 'Windward Community FCU', 'https://wwc.usersonlnet.com/scripts/isaofx.dll', '896f8f2a-eca6-3012-b306-cb0dacb695cd');
insert into FinancialInstitution (id, financialInstitutionId, name, organization, url, uuid) values(203, '7772', 'UBS Financial Services Inc.', 'Intuit', 'https://ofx1.ubs.com/eftxweb/access.ofx', '6f101c7e-d11d-3c48-b205-9ca25cc6b2f1');
insert into FinancialInstitution (id, financialInstitutionId, name, organization, url, uuid) values(23, '11288', 'Addison Avenue Federal Credit Union', 'hpcu', 'https://ofx.addisonavenue.com', 'd6c23cac-bb18-3217-8fa0-40c00a279fc8');
insert into FinancialInstitution (id, financialInstitutionId, name, organization, url, uuid) values(59, '101', 'Charles Schwab Bank, N.A.', 'ISC', 'https://ofx.schwab.com/bankcgi_dev/ofx_server', 'f42b9a25-5ade-3472-b9e4-fe877c2c7532');
insert into FinancialInstitution (id, financialInstitutionId, name, organization, url, uuid) values(167, '4501', 'PNC Bank', 'ISC', 'https://www.oasis.cfree.com/4501.ofxgp', 'f27781a2-00fd-3b55-aef8-8ed010ddbdd4');
insert into FinancialInstitution (id, financialInstitutionId, name, organization, url, uuid) values(103, '231379199', 'First Commonwealth FCU', 'FirstCommonwealthFCU', 'https://pcu.firstcomcu.org/scripts/isaofx.dll', '99e5d0bd-1936-31fe-85bf-98dd84573604');
insert into FinancialInstitution (id, financialInstitutionId, name, organization, url, uuid) values(61, '251480327', 'Chesterfield Federal Credit Union', 'Chesterfield Employees FCU', 'https://chf.usersonlnet.com/scripts/isaofx.dll', 'dc1371a2-09e7-3f82-aca2-6b44b47144cb');
insert into FinancialInstitution (id, financialInstitutionId, name, organization, url, uuid) values(153, '1121', 'Nevada State Bank - New', '295-3', 'https://quicken.metavante.com/ofx/OFXServlet', '4e031c1a-5c0c-3f25-87d1-a473ea855b62');
insert into FinancialInstitution (id, financialInstitutionId, name, organization, url, uuid) values(94, '231277440', 'FAA Technical Center FCU', 'FAA Technical Center FCU', 'https://ftc.usersonlnet.com/scripts/isaofx.dll', 'c4012516-503a-3836-9cbb-02c0d3f7e109');
insert into FinancialInstitution (id, financialInstitutionId, name, organization, url, uuid) values(161, '11638', 'Old National Bank', 'ONB', 'https://www.ofx.oldnational.com/ofxpreprocess.asp', 'e7971f81-4a37-3f93-bfe2-cf75a505e2d7');
insert into FinancialInstitution (id, financialInstitutionId, name, organization, url, uuid) values(69, '1046', 'Colonial Bank', 'Colonial Banc Group', 'https://www.oasis.cfree.com/1046.ofxgp', '7dea4577-bff8-387b-b4f8-2df4cd49a5ee');
insert into FinancialInstitution (id, financialInstitutionId, name, organization, url, uuid) values(30, '262087609', 'APCO EMPLOYEES CREDIT UNION', 'APCO Employees Credit Union', 'https://apc.usersonlnet.com/scripts/isaofx.dll', '913e5f8e-a337-37a9-b445-5f8e40ccab84');
insert into FinancialInstitution (id, financialInstitutionId, name, organization, url, uuid) values(114, '261271364', 'Fort Stewart GeorgiaFCU', 'Fort Stewart FCU', 'https://fsg.usersonlnet.com/scripts/isaofx.dll', '0fdc7ba0-0db1-38e2-8082-88049881fee5');
insert into FinancialInstitution (id, financialInstitutionId, name, organization, url, uuid) values(33, '24909', 'AT&T Universal Card', 'Citigroup', 'https://secureofx2.bankhost.com/citi/cgi-forte/ofx_rt?servicename=ofx_rt&pagename=ofx', 'd8ec5224-b08c-3a5d-8776-82feaf5e485e');
insert into FinancialInstitution (id, financialInstitutionId, name, organization, url, uuid) values(111, '313187571', 'FivePoint Credit Union', 'FivePoint Credit Union', 'https://tfcu-nfuse01.texacocommunity.org/internetconnector/isaofx.dll', '318b6bb5-8aad-3036-a134-7a47851e8f3a');
insert into FinancialInstitution (id, financialInstitutionId, name, organization, url, uuid) values(149, '5860', 'National City', 'NATIONAL CITY', 'https://ofx.nationalcity.com/ofx/OFXConsumer.aspx', 'd21dd115-0f81-39b0-8d0d-0f99582f63f6');
insert into FinancialInstitution (id, financialInstitutionId, name, organization, url, uuid) values(126, '1601', 'JPMorgan Chase Bank', 'Chase Bank', 'https://www.oasis.cfree.com/1601.ofxgp', '3ab4a3c2-4462-35d1-873c-3a4a528fee81');
insert into FinancialInstitution (id, financialInstitutionId, name, organization, url, uuid) values(45, 'BBT', 'BB&T', 'BBT', 'https://eftx.bbt.com/eftxweb/access.ofx', '352f91cc-18c6-3f7f-b67a-d9f28351c57a');
insert into FinancialInstitution (id, financialInstitutionId, name, organization, url, uuid) values(130, '5901', 'KeyBank', 'KeyBank', 'https://www.oasis.cfree.com/KeyBank.ofxgp', '6a2164ce-2831-3810-8487-6893c3f5221b');
insert into FinancialInstitution (id, financialInstitutionId, name, organization, url, uuid) values(188, '261271500', 'Southeastern CU', 'Southeastern FCU', 'https://moo.usersonlnet.com/scripts/isaofx.dll', '368e7835-3cdd-38ab-9902-0b1588720580');
insert into FinancialInstitution (id, financialInstitutionId, name, organization, url, uuid) values(95, '211382591', 'Fall River Municipal CU', 'Fall River Municipal CU', 'https://fal.usersonlnet.com/scripts/isaofx.dll', 'e84836f5-4194-3e4a-ae12-e7b4cafafe5f');
insert into FinancialInstitution (id, financialInstitutionId, name, organization, url, uuid) values(209, '1401', 'US Bank', 'US Bank', 'https://www.oasis.cfree.com/1401.ofxgp', '36ffc790-47a0-33ce-a814-a58f53133c53');
insert into FinancialInstitution (id, financialInstitutionId, name, organization, url, uuid) values(41, '4751', 'Bank of the Cascades', 'JackHenry', 'https://directline.netteller.com', 'ac56c704-0d66-3c9f-bf42-42bdfcb82115');
insert into FinancialInstitution (id, financialInstitutionId, name, organization, url, uuid) values(192, '2801', 'SunTrust', 'SunTrust PC Banking', 'https://www.oasis.cfree.com/2801.ofxgp', '6c02781c-8ac2-3347-91ae-bc2758639fda');
insert into FinancialInstitution (id, financialInstitutionId, name, organization, url, uuid) values(170, '303986148', 'Red Crown Federal Credit Union', 'Red Crown FCU', 'https://cre.usersonlnet.com/scripts/isaofx.dll', '902b3cce-03b0-3e79-8fc1-bc1ac8c8e25f');
insert into FinancialInstitution (id, financialInstitutionId, name, organization, url, uuid) values(139, '1226', 'Mellon Bank', 'Mellon Bank', 'https://www.oasis.cfree.com/1226.ofxgp', '3fb1d822-a35d-3e5e-a05a-84c7d829f944');
insert into FinancialInstitution (id, financialInstitutionId, name, organization, url, uuid) values(29, '3102', 'Ameriprise Financial Services, Inc.', 'AMPF', 'https://www25.ameriprise.com/AMPFWeb/ofxdl/us/download?request_type=nl_desktopdownload', '34dfc3ed-dc83-3d31-bce6-e86d269461ae');
insert into FinancialInstitution (id, financialInstitutionId, name, organization, url, uuid) values(39, '3901', 'Bank of Stockton', 'BOS', 'https://internetbanking.bankofstockton.com/scripts/serverext.dll', 'b63ba646-bf0a-3e1f-b9fa-3e56d5f272cd');
insert into FinancialInstitution (id, financialInstitutionId, name, organization, url, uuid) values(136, '107001012', 'Los Alamos National Bank', 'LANB', 'https://www.lanb.com/ofx/ofxrelay.dll', '97723bae-dd6b-318f-94a0-585524c99d04');
insert into FinancialInstitution (id, financialInstitutionId, name, organization, url, uuid) values(142, '5550', 'Merrill Lynch&Co., Inc.', 'Merrill Lynch&Co., Inc.', 'https://taxcert.mlol.ml.com/eftxweb/access.ofx', 'af32bac8-8d0c-36cc-809f-df8ec6aa8e63');
insert into FinancialInstitution (id, financialInstitutionId, name, organization, url, uuid) values(43, '2', 'Bank-Fund Staff FCU', 'Bank Fund Staff FCU', 'https://secure.bfsfcu.org/ofx/ofx.dll', '4b9c775c-fa65-3097-b5a4-8bd212aed6c3');
insert into FinancialInstitution (id, financialInstitutionId, name, organization, url, uuid) values(180, '7784', 'Securities America', 'Fidelity', 'https://ofx.ibgstreetscape.com:443', 'f36b780e-669d-37fc-8d5d-5f4d776f5b04');
insert into FinancialInstitution (id, financialInstitutionId, name, organization, url, uuid) values(198, '321379504', 'The Queen''s Federal Credit Union', 'The Queens Federal Credit Union', 'https://que.usersonlnet.com/scripts/isaofx.dll', '77abc458-3d7d-3e1c-b9f8-9fd3a2f56b52');
insert into FinancialInstitution (id, financialInstitutionId, name, organization, url, uuid) values(71, '5601', 'Comerica Bank', 'Comerica', 'https://www.oasis.cfree.com/5601.ofxgp', 'e0b37919-0c52-3805-b5ac-c2274be52adc');
insert into FinancialInstitution (id, financialInstitutionId, name, organization, url, uuid) values(102, '5013', 'First Citizens Bank - NC, VA, WV', 'First Citizens Bank NC, VA, WV', 'https://www.oasis.cfree.com/5013.ofxgp', '08c0d37c-add8-3c95-b58b-bd20974fdbb6');
insert into FinancialInstitution (id, financialInstitutionId, name, organization, url, uuid) values(187, '3201', 'Smith Barney - Transactions', 'SmithBarney', 'https://www.oasis.cfree.com/3201.ofxgp', '4ddfda01-6a04-396c-bd83-74d19c4d0810');
insert into FinancialInstitution (id, financialInstitutionId, name, organization, url, uuid) values(157, '6028', 'Northern Trust - Investments', 'Northern Trust Investments', 'https://www3883.ntrs.com/nta/ofxservlet?accounttypegroup=INV', '878935dc-3896-3d56-806b-a76bcc866ecf');
insert into FinancialInstitution (id, financialInstitutionId, name, organization, url, uuid) values(116, '281076853', 'GCS Federal Credit Union', 'Granite City Steel cu', 'https://pcu.mygcscu.com/scripts/isaofx.dll', '7616dccc-1bfa-3319-a7c1-e0fd2473d05f');
insert into FinancialInstitution (id, financialInstitutionId, name, organization, url, uuid) values(121, '321378660', 'HFS Federal Credit Union', 'HFS Federal Credit Union', 'https://hfs.usersonlnet.com/scripts/isaofx.dll', '39ddc7a9-4a71-3663-a830-b86b2971df0a');
insert into FinancialInstitution (id, financialInstitutionId, name, organization, url, uuid) values(174, '091901480', 'SAC FEDERAL CREDIT UNION', 'SAC Federal CU', 'https://pcu.sacfcu.com/scripts/isaofx.dll', '28ee0ee9-8416-3307-8040-2ae691a9164e');
insert into FinancialInstitution (id, financialInstitutionId, name, organization, url, uuid) values(35, '103003632', 'BancFirst', 'DI', 'https://ofxdi.diginsite.com/cmr/cmr.ofx', '8ae3863a-22a3-3719-b7cd-f5248110fa0b');
insert into FinancialInstitution (id, financialInstitutionId, name, organization, url, uuid) values(49, '322279975', 'Camino FCU', 'Camino FCU', 'https://homebanking.caminofcu.org/isaofx/isaofx.dll', 'e3f1d63f-94bc-3f95-9af0-bd41bffcd24a');
insert into FinancialInstitution (id, financialInstitutionId, name, organization, url, uuid) values(22, '251481627', 'ABNB Federal Credit Union', 'ABNB Federal Credit Union', 'https://cuathome.abnbfcu.org/scripts/isaofx.dll', '7d685e7c-87a8-3efb-893b-82c8a51e74d0');
insert into FinancialInstitution (id, financialInstitutionId, name, organization, url, uuid) values(25, '1451', 'Alpine Banks of Colorado', 'JackHenry', 'https://directline.netteller.com', '49c334ba-ca56-3f80-ad7d-4bc4796e9e17');
insert into FinancialInstitution (id, financialInstitutionId, name, organization, url, uuid) values(216, '4309', 'Wachovia Bank', 'Wachovia', 'https://pfmpw.wachovia.com/cgi-forte/fortecgi?servicename=ofx&pagename=PFM', '922bd953-ddfd-3250-8fb6-beb5b25d951d');
insert into FinancialInstitution (id, financialInstitutionId, name, organization, url, uuid) values(46, '6217', 'Billings Federal Credit Union', 'Billings Federal Credit Union', 'https://bfcuonline.billingsfcu.org/ofx/ofx.dll', '109b1598-5070-3845-914b-8c9f5894c116');
insert into FinancialInstitution (id, financialInstitutionId, name, organization, url, uuid) values(108, '2243', 'First Tech Credit Union', 'First Tech Credit Union', 'https://ofx.firsttechcu.com', '7e30c0bd-51ee-3270-a963-228923f993b0');
insert into FinancialInstitution (id, financialInstitutionId, name, organization, url, uuid) values(211, '324377820', 'Utah Community Credit Union', 'Utah Community Credit Union', 'https://ofx.uccu.com/scripts/isaofx.dll', 'adacb72c-f2af-3e86-9922-e31ff9cc708d');
insert into FinancialInstitution (id, financialInstitutionId, name, organization, url, uuid) values(172, '243', 'Regions Bank', 'regions.com', 'https://ofx.morgankeegan.com/begasp/directtocore.asp', '33369b98-f936-376b-8098-c348be81d6b3');
insert into FinancialInstitution (id, financialInstitutionId, name, organization, url, uuid) values(218, '3001', 'Wells Fargo', 'Wells Fargo', 'https://www.oasis.cfree.com/3001.ofxgp', 'df5d2d71-7775-3931-a162-4abcd102f41d');
insert into FinancialInstitution (id, financialInstitutionId, name, organization, url, uuid) values(113, '283978425', 'Fort Knox Federal Credit Union', 'Fort Knox Federal Credit Union', 'https://fcs1.fkfcu.org/scripts/isaofx.dll', '83d2e9bc-e3ee-35fd-be5a-b2ddc13af6d3');
insert into FinancialInstitution (id, financialInstitutionId, name, organization, url, uuid) values(70, '323383349', 'Columbia Credit Union', 'Columbia Credit Union', 'https://ofx.columbiacu.org/scripts/isaofx.dll', '01a79fc1-20f7-31b8-b6ae-182c8298a0f6');
insert into FinancialInstitution (id, financialInstitutionId, name, organization, url, uuid) values(143, '1235', 'Morgan Stanley ClientServ', 'msdw.com', 'https://ofx.morganstanleyclientserv.com/ofx/ProfileMSMoney.ofx', 'd8996867-da00-34e3-999d-4d304ff21675');
insert into FinancialInstitution (id, financialInstitutionId, name, organization, url, uuid) values(171, '2143', 'Redstone Federal Credit Union', 'Harland Financial Solutions', 'https://remotebanking.redfcu.org/ofx/ofx.dll', '9b7e96d9-7225-3bf4-a0f1-8aca22b1919a');
insert into FinancialInstitution (id, financialInstitutionId, name, organization, url, uuid) values(20, '289', '66 Federal Credit Union', 'SixySix', 'https://ofx.cuonlineaccounts.org', 'aa738057-50cc-3743-8e00-3153204574e7');
insert into FinancialInstitution (id, financialInstitutionId, name, organization, url, uuid) values(47, '311175129', 'Bossier Federal Credit Union', 'Bossier Federal Credit Union', 'https://bos.usersonlnet.com/scripts/isaofx.dll', 'b227ef93-36a0-347c-a2ad-cbc5ac328d58');
insert into FinancialInstitution (id, financialInstitutionId, name, organization, url, uuid) values(202, '321076289', 'U.S. First FCU', 'US First FCU', 'https://uff.usersonlnet.com/scripts/isaofx.dll', '20f5314d-6c2f-3cb1-8223-d6aebc16e708');
insert into FinancialInstitution (id, financialInstitutionId, name, organization, url, uuid) values(64, '24909', 'Citi Credit Card', 'Citigroup', 'https://secureofx2.bankhost.com/citi/cgi-forte/ofx_rt?servicename=ofx_rt&pagename=ofx', '11508aea-2580-37fb-9f24-20612d99b114');
insert into FinancialInstitution (id, financialInstitutionId, name, organization, url, uuid) values(82, '3328', 'Delta Community Credit Union', 'decu.org', 'https://appweb.deltacommunitycu.com/ofxroot/directtocore.asp', '1b4b30ae-d3e4-373b-9922-57491a1f1896');
insert into FinancialInstitution (id, financialInstitutionId, name, organization, url, uuid) values(168, '1271', 'Prudential Retirement', 'Prudential Retirement Services', 'https://ofx.prudential.com/eftxweb/EFTXWebRedirector', 'fe9be80d-1d99-3553-8a1c-65bebb76aa04');
insert into FinancialInstitution (id, financialInstitutionId, name, organization, url, uuid) values(184, '255075495', 'Signal Financial Federal Credit Union', 'Washington Telephone FCU', 'https://webpb.sfonline.org/scripts/isaofx.dll', 'ec3150b4-8ebd-3373-a26b-5ba09d2ef7b1');
insert into FinancialInstitution (id, financialInstitutionId, name, organization, url, uuid) values(199, '291975465', 'Think Federal Credit Union', 'IBMCU', 'https://ofx.ibmcu.com', 'e7e4c9cd-74b9-3e61-8ce3-b97176e358be');
insert into FinancialInstitution (id, financialInstitutionId, name, organization, url, uuid) values(24, '303085230', 'Allegiance Credit Union', 'Federal Employees CU', 'https://fed.usersonlnet.com/scripts/isaofx.dll', '12ab8bbb-72e2-3313-b190-00f1d891db8e');
insert into FinancialInstitution (id, financialInstitutionId, name, organization, url, uuid) values(109, '1255', 'Firstar', 'Firstar', 'https://www.oasis.cfree.com/1255.ofxgp', '11e462c7-0c7d-3eda-8354-2a797ab714b9');
insert into FinancialInstitution (id, financialInstitutionId, name, organization, url, uuid) values(68, '35GFA', 'Collegedale Credit Union', 'CollegedaleCU', 'https://www.netit.financial-net.com/ofx', '00bfb117-091e-3873-a0a7-b8965d1c0799');
insert into FinancialInstitution (id, financialInstitutionId, name, organization, url, uuid) values(194, '11257', 'Technology Credit Union - CA', 'Tech CU', 'https://webbranchofx.techcu.com/TekPortalOFX/servlet/TP_OFX_Controller', 'd231d3b3-9ff8-3835-a0b7-188ac8161933');
insert into FinancialInstitution (id, financialInstitutionId, name, organization, url, uuid) values(200, '243382747', 'Tri Boro Federal Credit Union', 'Tri Boro Federal Credit Union', 'https://tri.usersonlnet.com/scripts/isaofx.dll', 'a9a235f5-9ccf-351d-b324-defdbb8be7c4');
insert into FinancialInstitution (id, financialInstitutionId, name, organization, url, uuid) values(181, '314986292', 'Security 1st FCU', 'Security 1st FCU', 'https://sec.usersonlnet.com/scripts/isaofx.dll', 'e2cccf5e-ee2c-3b75-9ce3-49c6b7cb6955');
insert into FinancialInstitution (id, financialInstitutionId, name, organization, url, uuid) values(50, '263178478', 'Campus USA Credit Union', 'Campus USA Credit Union', 'https://que.campuscu.com/scripts/isaofx.dll', 'a34b183c-75c2-3d05-807c-0902087f7949');
insert into FinancialInstitution (id, financialInstitutionId, name, organization, url, uuid) values(164, '325182344', 'Peninsula Community Federal Credit Union', 'Peninsula Credit Union', 'https://mas.usersonlnet.com/scripts/isaofx.dll', '390aa36e-6622-33b2-9761-9580ed9ed845');
insert into FinancialInstitution (id, financialInstitutionId, name, organization, url, uuid) values(148, '466', 'Nantucket Bank', 'Nantucket', 'https://ofx.onlinencr.com/scripts/serverext.dll', '2f5e6e73-4462-3a2f-9941-a9e505eb5648');
insert into FinancialInstitution (id, financialInstitutionId, name, organization, url, uuid) values(223, '254074345', 'Wright Patman Congressional FCU', 'Wright Patman Congressional FCU', 'https://www.congressionalonline.org/scripts/isaofx.dll', 'bd2b30f8-9486-3411-a9e6-695c6e3e0ed0');
insert into FinancialInstitution (id, financialInstitutionId, name, organization, url, uuid) values(221, '6955', 'Wells Fargo Trust-Investment Mgt', 'Wells Fargo Trust', 'https://trust.wellsfargo.com/trust/directConnect', 'a459140c-b2fe-3bf4-924f-7b4ae72859a3');
insert into FinancialInstitution (id, financialInstitutionId, name, organization, url, uuid) values(158, '221278556', 'Novartis Federal Credit Union', 'Novartis FCU', 'https://cib.usersonlnet.com/scripts/isaofx.dll', 'cf5e47d8-b3c8-38ab-863a-5c511d51188e');
insert into FinancialInstitution (id, financialInstitutionId, name, organization, url, uuid) values(115, '121107882', 'Fremont Bank', 'Fremont Bank', 'https://ofx.fremontbank.com/OFXServer/FBOFXSrvr.dll', '8eacc7d1-9c1b-3fef-b03d-4dd1d24a80b8');
insert into FinancialInstitution (id, financialInstitutionId, name, organization, url, uuid) values(83, '1', 'Denali Alaskan FCU', 'Denali Alaskan FCU', 'https://remotebanking.denalifcu.com/ofx/ofx.dll', '3ea18604-202b-3213-871f-f140ad25c7b7');
insert into FinancialInstitution (id, financialInstitutionId, name, organization, url, uuid) values(19, '251480563', '1st Advantage FCU', '1st Advantage FCU', 'https://members.1stadvantage.org/scripts/isaofx.dll', '2e1f38dc-c424-32c9-a3d0-28b0e222f001');
insert into FinancialInstitution (id, financialInstitutionId, name, organization, url, uuid) values(227, '4301', 'zWachovia', 'Wachovia', 'https://www.oasis.cfree.com/4301.ofxgp', '914f3b1c-ce4b-3430-9351-60c1f20388a7');
insert into FinancialInstitution (id, financialInstitutionId, name, organization, url, uuid) values(208, '314977405', 'University Federal Credit Union', 'Univerisity FCU', 'https://OnDemand.ufcu.org/scripts/isaofx.dll', 'f05494e2-8379-360d-8724-30ff681f207b');
insert into FinancialInstitution (id, financialInstitutionId, name, organization, url, uuid) values(191, '275979034', 'Summit Credit Union (WI)', 'Summit Credit Union', 'https://branch.summitcreditunion.com/scripts/isaofx.dll', '1fcf9afb-c3ae-38db-b466-43a8888e258f');
insert into FinancialInstitution (id, financialInstitutionId, name, organization, url, uuid) values(36, '6805', 'Bank of America', 'HAN', 'https://ofx.bankofamerica.com/cgi-forte/ofx?servicename=ofx_2-3&pagename=bofa', '68ea0da2-b191-3af0-bc25-46ad6d96757a');
insert into FinancialInstitution (id, financialInstitutionId, name, organization, url, uuid) values(165, '10780', 'Penson Financial Services', 'Penson Financial Services Inc', 'https://ofx.penson.com', '7e0df776-db02-3dae-bc54-528f924fcc0c');
insert into FinancialInstitution (id, financialInstitutionId, name, organization, url, uuid) values(91, '321172594', 'Educational Employees CU Fresno', 'Educational Employees C U', 'https://www.eecuonline.org/scripts/isaofx.dll', 'f1fa042f-3a77-3c58-8354-a09939f4fb03');
insert into FinancialInstitution (id, financialInstitutionId, name, organization, url, uuid) values(74, '4801', 'Commercial Federal Bank', 'CommercialFederalBank', 'https://www.oasis.cfree.com/4801.ofxgp', '48b02dda-3193-38c1-9a65-6050ecd0a75b');
insert into FinancialInstitution (id, financialInstitutionId, name, organization, url, uuid) values(196, '114909013', 'Texas State Bank - McAllen', 'Texas State Bank', 'https://www.tsb-a.com/OFXServer/ofxsrvr.dll', '1ec7e66a-66a7-305e-8154-c34e4392447c');
insert into FinancialInstitution (id, financialInstitutionId, name, organization, url, uuid) values(150, '6301', 'National Penn Bank', 'National Penn Bank', 'https://www.oasis.cfree.com/6301.ofxgp', '711c67e1-4593-31ed-bbde-b5063780c3c0');
insert into FinancialInstitution (id, financialInstitutionId, name, organization, url, uuid) values(101, '291975481', 'First Alliance Credit Union', 'First Alliance Credit Union', 'https://fia.usersonlnet.com/scripts/isaofx.dll', '7e10ad39-234d-38a8-92ce-257e44c34bdc');
insert into FinancialInstitution (id, financialInstitutionId, name, organization, url, uuid) values(146, '252076468', 'Municipal Employees Credit Union of Baltimore, Inc.', 'Municipal ECU of Baltimore,Inc.', 'https://mec.usersonlnet.com/scripts/isaofx.dll', '3812eed4-94fb-33ec-b6fb-474af62e54aa');
insert into FinancialInstitution (id, financialInstitutionId, name, organization, url, uuid) values(40, '063108680', 'Bank of Tampa, The', 'BOT', 'https://OFX.Bankoftampa.com/OFXServer/ofxsrvr.dll', '05f3dba1-841d-35b9-b6ba-8418a1cab412');
insert into FinancialInstitution (id, financialInstitutionId, name, organization, url, uuid) values(177, '324079186', 'Salt Lake City Credit Union', 'Salt Lake City Credit Union', 'https://slc.usersonlnet.com/scripts/isaofx.dll', 'a56b941e-e42b-378e-aa8d-81aee6a5f4ac');
insert into FinancialInstitution (id, financialInstitutionId, name, organization, url, uuid) values(124, '061400152', 'ING DIRECT (Canada)', 'INGDirectCanada', 'https://ofx.ingdirect.ca', 'e4773f06-af62-3183-a138-b2eba1c7a73a');
insert into FinancialInstitution (id, financialInstitutionId, name, organization, url, uuid) values(86, '251082644', 'Dominion Credit Union', 'Dominion Credit Union', 'https://dom.usersonlnet.com/scripts/isaofx.dll', '0711af37-a8d4-3e87-9c43-7508f16401bf');
insert into FinancialInstitution (id, financialInstitutionId, name, organization, url, uuid) values(76, '091917160', 'Community Resource Bank', 'CNB', 'https://www.cnbinternet.com/OFXServer/ofxsrvr.dll', 'fb684fe2-2a29-31e0-a33c-afc181d93632');
insert into FinancialInstitution (id, financialInstitutionId, name, organization, url, uuid) values(189, '311090673', 'Southwest Airlines FCU', 'Southwest Airlines EFCU', 'https://www.swacuflashbp.org/scripts/isaofx.dll', 'ad4e5286-d023-3143-8bc0-4a59d909c588');
insert into FinancialInstitution (id, financialInstitutionId, name, organization, url, uuid) values(88, 'fldProv_mProvBankId', 'E*TRADE', 'fldProv_mId', 'https://ofx.etrade.com/cgi-ofx/etradeofx', 'd0d98aab-9ddf-3648-9aa1-024ce55cb585');
insert into FinancialInstitution (id, financialInstitutionId, name, organization, url, uuid) values(128, '6313', 'JPMorgan Retirement Plan Services', 'JPMORGAN', 'https://ofx.retireonline.com/eftxweb/access.ofx', '7435e543-d41e-3c39-a537-4a65b13e458f');
insert into FinancialInstitution (id, financialInstitutionId, name, organization, url, uuid) values(185, '322484265', 'Silver State Schools CU', 'SSSCU', 'https://www.silverstatecu.com/OFXServer/ofxsrvr.dll', '3272def7-4af2-37fd-99c3-204760adb032');
insert into FinancialInstitution (id, financialInstitutionId, name, organization, url, uuid) values(92, '823', 'Edward Jones', 'Edward Jones', 'https://ofx.edwardjones.com', '5523ffc9-be92-3699-ab1a-24e3180d98c0');
insert into FinancialInstitution (id, financialInstitutionId, name, organization, url, uuid) values(37, '6812', 'Bank of America (All except CA, WA,&ID)', 'HAN', 'https://ofx.bankofamerica.com/cgi-forte/fortecgi?servicename=ofx_2-3&pagename=ofx', 'cc31f27b-cd8a-3615-8b14-7d42c56c718d');
insert into FinancialInstitution (id, financialInstitutionId, name, organization, url, uuid) values(96, '7776', 'Fidelity Investments', 'fidelity.com', 'https://ofx.fidelity.com/ftgw/OFX/clients/download', 'eaca1eb3-cead-30e3-9c57-b0f4ab4705e4');
insert into FinancialInstitution (id, financialInstitutionId, name, organization, url, uuid) values(210, '24591', 'USAA Federal Savings Bank', 'USAA', 'https://service2.usaa.com/ofx/OFXServlet', 'c8b5524b-4d33-36ef-a025-a6ce91bf2f12');
insert into FinancialInstitution (id, financialInstitutionId, name, organization, url, uuid) values(55, '590678236', 'Central Florida Educators FCU', 'CentralFloridaEduc', 'https://www.mattweb.cfefcu.com/scripts/isaofx.dll', 'd854d2b1-852b-31f4-aa2a-a20f256cd217');
insert into FinancialInstitution (id, financialInstitutionId, name, organization, url, uuid) values(154, '1001', 'North Carolina State Employees'' Credit Union', 'SECU', 'https://onlineaccess.ncsecu.org/secuofx/secu.ofx', '30a1a27d-7795-3d68-974e-0f6309108b92');
insert into FinancialInstitution (id, financialInstitutionId, name, organization, url, uuid) values(122, '291270050', 'Home Federal Savings Bank(MN/IA)', 'VOneTwentySevenG', 'https://ofx1.evault.ws/ofxserver/ofxsrvr.dll', '68498bb9-7c70-3fde-9329-784bd0729772');
insert into FinancialInstitution (id, financialInstitutionId, name, organization, url, uuid) values(204, '0', 'UMB Bank', 'UMB', 'https://pcbanking.umb.com/hs_ofx/hsofx.dll', 'da66ef2c-182b-30a3-8dfe-e59e80439ff8');
insert into FinancialInstitution (id, financialInstitutionId, name, organization, url, uuid) values(81, '242277808', 'Day Air Credit Union', 'Day Air Credit Union', 'https://pcu.dayair.org/scripts/isaofx.dll', 'e8a65fdd-3a84-311a-a8b6-952b0b5717a4');
insert into FinancialInstitution (id, financialInstitutionId, name, organization, url, uuid) values(58, '241075056', 'Century Federal Credit Union', 'CenturyFederalCU', 'https://pcu.cenfedcu.org/scripts/isaofx.dll', '6b7877aa-079e-3e72-a462-e47827e60ebe');
insert into FinancialInstitution (id, financialInstitutionId, name, organization, url, uuid) values(219, '1030', 'Wells Fargo Advisor', 'strong.com', 'https://ofx.wellsfargoadvantagefunds.com/eftxWeb/Access.ofx', 'b382aa4b-4e27-3fea-8f8f-6dff672f3fb8');
insert into FinancialInstitution (id, financialInstitutionId, name, organization, url, uuid) values(78, '322077559', 'Continental Federal Credit Union', 'Continenetal FCU', 'https://cnt.usersonlnet.com/scripts/isaofx.dll', '4e451b62-41a9-361b-a0fc-22c800a83b3f');
insert into Account (id, uuid, user_id, fi_id, selected, bankId, accountId, username, password, nickname, balance, onlineBalance, status, supportsDownloading, initialBalance, lastDownloadDate, lastReconciledDate, lastReconciledEndingBalance) values(228, 'b18a445d-6b91-32c2-9cbc-86eafce597d0', 1, null, true, '', '', '', '', 'Cash', 0.00, 0.00, 2, false, 0.00, null, null, 0.00);
insert into Account (id, uuid, user_id, fi_id, selected, bankId, accountId, username, password, nickname, balance, onlineBalance, status, supportsDownloading, initialBalance, lastDownloadDate, lastReconciledDate, lastReconciledEndingBalance) values(229, 'b5111398-4b3f-3f29-aeaa-c744be68a3a9', 1, 60, true, '122100024', '721051696', 'fruptichase', 'cqopklm7', 'Checking', 339.29, 782.63, 2, false, 1504.76, '2010-04-29', '2010-04-29', 1945.65);
insert into Income (id, amount, enabled, frequency, name, nextPayday, uuid) values(230, 2159.00, true, 2, 'meltmedia', '2010-04-30', '6a11b737-fedb-310e-88cd-be4ac97f765c');
insert into Envelope (user_id, id, amount, available, balance, budget, dueDay, editable, enabled, expanded, frequency, idx, monthly, name, root, savingsGoalDate, savingsGoalOverrideAmount, savingsGoals, selected, unassigned, uuid, parent_id) values(-1, 2, 0.00, false, 0.00, 0.00, 0, false, true, true, 0, 4, false, 'Envelopes', true, null, null, false, false, false, '08a96c33-0ae8-3602-af90-2917eadb2b65', null);
insert into Envelope (user_id, id, amount, available, balance, budget, dueDay, editable, enabled, expanded, frequency, idx, monthly, name, root, savingsGoalDate, savingsGoalOverrideAmount, savingsGoals, selected, unassigned, uuid, parent_id) values(-1, 8, 0.00, false, 0.00, 0.00, 0, true, true, false, 0, 6, false, 'Periodic Expenses', false, null, null, false, false, false, '06138d16-6a15-3490-b86f-1f209dbaeb44', 8);
insert into Envelope (user_id, id, amount, available, balance, budget, dueDay, editable, enabled, expanded, frequency, idx, monthly, name, root, savingsGoalDate, savingsGoalOverrideAmount, savingsGoals, selected, unassigned, uuid, parent_id) values(-1, 10, 0.00, false, 0.00, 0.00, 0, true, true, false, 7, 9, false, 'Auto Registration', false, null, null, false, false, false, '736fb08c-6ad9-3935-a603-321bb73df4b4', 10);
insert into Envelope (user_id, id, amount, available, balance, budget, dueDay, editable, enabled, expanded, frequency, idx, monthly, name, root, savingsGoalDate, savingsGoalOverrideAmount, savingsGoals, selected, unassigned, uuid, parent_id) values(-1, 12, 0.00, false, 0.00, 0.00, 0, true, true, false, 2, 11, false, 'Auto Maintenance', false, null, null, false, false, false, 'c5cd47dd-0e52-3e2c-acc3-56bb15f0c420', 12);
insert into Envelope (user_id, id, amount, available, balance, budget, dueDay, editable, enabled, expanded, frequency, idx, monthly, name, root, savingsGoalDate, savingsGoalOverrideAmount, savingsGoals, selected, unassigned, uuid, parent_id) values(-1, 7, 0.00, false, 0.00, 0.00, 0, true, true, false, 0, 5, false, 'Bi-Weekly', false, null, null, false, false, false, 'd9e72593-5158-34da-bdcc-e5996046f1db', 7);
insert into Envelope (user_id, id, amount, available, balance, budget, dueDay, editable, enabled, expanded, frequency, idx, monthly, name, root, savingsGoalDate, savingsGoalOverrideAmount, savingsGoals, selected, unassigned, uuid, parent_id) values(-1, 13, 0.00, false, 0.00, 0.00, 0, true, true, false, 2, 12, false, 'Groceries', false, null, null, false, false, false, '82d5744f-fafb-3c89-b440-bad88a0568c6', 13);
insert into Envelope (user_id, id, amount, available, balance, budget, dueDay, editable, enabled, expanded, frequency, idx, monthly, name, root, savingsGoalDate, savingsGoalOverrideAmount, savingsGoals, selected, unassigned, uuid, parent_id) values(-1, 9, 0.00, false, 0.00, 0.00, 0, true, true, false, 2, 8, false, 'Auto Fuel', false, null, null, false, false, false, '340e4cfd-b21b-3e47-a3e0-4e93e5c79ac7', 9);
insert into Envelope (user_id, id, amount, available, balance, budget, dueDay, editable, enabled, expanded, frequency, idx, monthly, name, root, savingsGoalDate, savingsGoalOverrideAmount, savingsGoals, selected, unassigned, uuid, parent_id) values(-1, 3, 0.00, true, 0.00, 0.00, 0, false, true, false, 2, 0, false, 'Available', false, null, null, false, false, false, '29f29ad9-4188-3e2b-be6f-4912f3020bd7', 3);
insert into Envelope (user_id, id, amount, available, balance, budget, dueDay, editable, enabled, expanded, frequency, idx, monthly, name, root, savingsGoalDate, savingsGoalOverrideAmount, savingsGoals, selected, unassigned, uuid, parent_id) values(-1, 6, 0.00, false, 0.00, 0.00, 0, false, true, true, 0, 3, false, 'Savings Goals', false, null, null, true, false, false, 'aa4c32c8-e479-3f17-946c-4a7ec22d661b', 6);
insert into Envelope (user_id, id, amount, available, balance, budget, dueDay, editable, enabled, expanded, frequency, idx, monthly, name, root, savingsGoalDate, savingsGoalOverrideAmount, savingsGoals, selected, unassigned, uuid, parent_id) values(-1, 5, 0.00, false, 0.00, 0.00, 0, false, true, true, 3, 2, true, 'Monthly', false, null, null, false, false, false, '08bc2600-a4a6-368d-8861-89ad8e7b032a', 5);
insert into Envelope (user_id, id, amount, available, balance, budget, dueDay, editable, enabled, expanded, frequency, idx, monthly, name, root, savingsGoalDate, savingsGoalOverrideAmount, savingsGoals, selected, unassigned, uuid, parent_id) values(-1, 14, 0.00, false, 0.00, 0.00, 0, true, true, false, 3, 13, false, 'Auto Insurance', false, null, null, false, false, false, 'b900b063-87b2-3e59-9762-1b3aa1260d32', 14);
insert into Envelope (user_id, id, amount, available, balance, budget, dueDay, editable, enabled, expanded, frequency, idx, monthly, name, root, savingsGoalDate, savingsGoalOverrideAmount, savingsGoals, selected, unassigned, uuid, parent_id) values(-1, 18, 0.00, false, 0.00, 0.00, 0, true, true, false, 3, 17, false, 'Medical', false, null, null, false, false, false, '9e01f718-8cc5-32ad-b220-c25a2dbec415', 18);
insert into Envelope (user_id, id, amount, available, balance, budget, dueDay, editable, enabled, expanded, frequency, idx, monthly, name, root, savingsGoalDate, savingsGoalOverrideAmount, savingsGoals, selected, unassigned, uuid, parent_id) values(-1, 17, 0.00, false, 0.00, 0.00, 0, true, true, false, 3, 16, false, 'Personal Care', false, null, null, false, false, false, '431f3cf8-97c4-3b28-904f-53aed3b9b1ab', 17);
insert into Envelope (user_id, id, amount, available, balance, budget, dueDay, editable, enabled, expanded, frequency, idx, monthly, name, root, savingsGoalDate, savingsGoalOverrideAmount, savingsGoals, selected, unassigned, uuid, parent_id) values(-1, 16, 0.00, false, 0.00, 0.00, 0, true, true, false, 3, 15, false, 'Household', false, null, null, false, false, false, '66a8b09a-e810-3bbc-bd26-52007dc0eef4', 16);
insert into Envelope (user_id, id, amount, available, balance, budget, dueDay, editable, enabled, expanded, frequency, idx, monthly, name, root, savingsGoalDate, savingsGoalOverrideAmount, savingsGoals, selected, unassigned, uuid, parent_id) values(-1, 15, 0.00, false, 0.00, 0.00, 0, true, true, false, 3, 14, false, 'Rent', false, null, null, false, false, false, '38858645-741f-35f1-84a1-e61cf5899418', 15);
insert into Envelope (user_id, id, amount, available, balance, budget, dueDay, editable, enabled, expanded, frequency, idx, monthly, name, root, savingsGoalDate, savingsGoalOverrideAmount, savingsGoals, selected, unassigned, uuid, parent_id) values(-1, 4, 0.00, false, 0.00, 0.00, 0, false, true, false, 0, 1, false, 'Unassigned', false, null, null, false, false, true, '2fc8203a-5433-3c87-90a8-93826dd4a438', 4);
insert into Envelope (user_id, id, amount, available, balance, budget, dueDay, editable, enabled, expanded, frequency, idx, monthly, name, root, savingsGoalDate, savingsGoalOverrideAmount, savingsGoals, selected, unassigned, uuid, parent_id) values(1, 231, 790.91, false, 395.46, 790.91, 1, false, true, true, 3, 1, false, 'GMAC Mortgage', false, null, null, false, false, false, '6144e826-0d4c-343d-8e54-578d7f443b36', 291);
insert into Envelope (user_id, id, amount, available, balance, budget, dueDay, editable, enabled, expanded, frequency, idx, monthly, name, root, savingsGoalDate, savingsGoalOverrideAmount, savingsGoals, selected, unassigned, uuid, parent_id) values(1, 232, 9.95, false, 0.00, 9.95, 22, false, true, true, 3, 35, false, 'Chase Bank', false, null, null, false, false, false, '0e140000-75d5-32cf-9bc0-47723d8d1ea1', 291);
insert into Envelope (user_id, id, amount, available, balance, budget, dueDay, editable, enabled, expanded, frequency, idx, monthly, name, root, savingsGoalDate, savingsGoalOverrideAmount, savingsGoals, selected, unassigned, uuid, parent_id) values(1, 233, 31.90, false, 15.95, 31.90, 11, false, true, true, 3, 3, false, 'Sirius', false, null, null, false, false, false, '7d796168-8fd8-3152-bbde-3af220a50a06', 291);
insert into Envelope (user_id, id, amount, available, balance, budget, dueDay, editable, enabled, expanded, frequency, idx, monthly, name, root, savingsGoalDate, savingsGoalOverrideAmount, savingsGoals, selected, unassigned, uuid, parent_id) values(1, 234, 260.00, false, 0.00, 260.00, 0, true, true, true, 7, 2, false, 'Auto Maintenance', false, null, null, false, false, false, 'af5b4f64-44d9-3d57-9f22-f23ae73af939', 278);
insert into Envelope (user_id, id, amount, available, balance, budget, dueDay, editable, enabled, expanded, frequency, idx, monthly, name, root, savingsGoalDate, savingsGoalOverrideAmount, savingsGoals, selected, unassigned, uuid, parent_id) values(1, 235, 0.00, false, 0.00, 0.00, 0, true, true, true, 3, 10, false, 'Furniture', false, null, null, false, false, false, '95164987-03ec-3fea-9bd8-4e60006a5e9f', 278);
insert into Envelope (user_id, id, amount, available, balance, budget, dueDay, editable, enabled, expanded, frequency, idx, monthly, name, root, savingsGoalDate, savingsGoalOverrideAmount, savingsGoals, selected, unassigned, uuid, parent_id) values(1, 236, 130.00, false, 65.99, 130.00, 6, false, true, true, 3, 7, false, 'Verizon Wireless', false, null, null, false, false, false, '0c70e9da-f7da-3270-a7aa-6bb798a81eba', 291);
insert into Envelope (user_id, id, amount, available, balance, budget, dueDay, editable, enabled, expanded, frequency, idx, monthly, name, root, savingsGoalDate, savingsGoalOverrideAmount, savingsGoals, selected, unassigned, uuid, parent_id) values(1, 237, 0.00, false, 0.00, 0.00, 0, false, true, true, 0, 35, false, 'Savings Goals', false, null, null, true, false, false, 'e7cd2398-1a02-3928-aa39-5fe9ca739463', 287);
insert into Envelope (user_id, id, amount, available, balance, budget, dueDay, editable, enabled, expanded, frequency, idx, monthly, name, root, savingsGoalDate, savingsGoalOverrideAmount, savingsGoals, selected, unassigned, uuid, parent_id) values(1, 238, 150.00, false, 0.00, 150.00, 0, true, true, true, 2, 13, false, 'Groceries', false, null, null, false, false, false, 'b23f80a6-2918-3b6c-86f4-20270dc0a171', 289);
insert into Envelope (user_id, id, amount, available, balance, budget, dueDay, editable, enabled, expanded, frequency, idx, monthly, name, root, savingsGoalDate, savingsGoalOverrideAmount, savingsGoals, selected, unassigned, uuid, parent_id) values(1, 239, 50.00, false, 0.00, 50.00, 0, true, true, true, 3, 14, false, 'Household', false, null, null, false, false, false, 'b603a5c1-2875-3196-a787-881bac2ee77d', 291);
insert into Envelope (user_id, id, amount, available, balance, budget, dueDay, editable, enabled, expanded, frequency, idx, monthly, name, root, savingsGoalDate, savingsGoalOverrideAmount, savingsGoals, selected, unassigned, uuid, parent_id) values(1, 240, 0.00, false, 0.00, 0.00, 0, true, true, true, 3, 7, false, 'Financial Services', false, null, null, false, false, false, '6306dc22-f2e7-3099-ad2d-fa5cf01ed857', 291);
insert into Envelope (user_id, id, amount, available, balance, budget, dueDay, editable, enabled, expanded, frequency, idx, monthly, name, root, savingsGoalDate, savingsGoalOverrideAmount, savingsGoals, selected, unassigned, uuid, parent_id) values(1, 241, 0.00, false, 0.00, 0.00, 0, true, true, true, 3, 1, false, 'Comics', false, null, null, false, false, false, 'ae6e0502-7ff4-3c24-a2ce-f15a7c9a9480', 288);
insert into Envelope (user_id, id, amount, available, balance, budget, dueDay, editable, enabled, expanded, frequency, idx, monthly, name, root, savingsGoalDate, savingsGoalOverrideAmount, savingsGoals, selected, unassigned, uuid, parent_id) values(1, 242, 0.00, false, 0.00, 0.00, 0, false, true, true, 3, 16, false, 'Credit Cards', false, null, null, false, false, false, '5cf6fa8e-5edd-305a-a431-3b3909e47725', 291);
insert into Envelope (user_id, id, amount, available, balance, budget, dueDay, editable, enabled, expanded, frequency, idx, monthly, name, root, savingsGoalDate, savingsGoalOverrideAmount, savingsGoals, selected, unassigned, uuid, parent_id) values(1, 243, 5.48, false, 2.74, 5.48, 15, true, true, true, 3, 1, false, 'Kelly Letter', false, null, null, false, false, false, '9fb3afa5-e41d-35ba-9ba9-49099f8c0149', 291);
insert into Envelope (user_id, id, amount, available, balance, budget, dueDay, editable, enabled, expanded, frequency, idx, monthly, name, root, savingsGoalDate, savingsGoalOverrideAmount, savingsGoals, selected, unassigned, uuid, parent_id) values(1, 245, 3000.00, false, 0.00, 3000.00, 0, true, true, true, 2, 22, false, 'New Car', false, '2010-12-01', 25.00, false, false, false, '715e5c3d-84e2-34fd-a8e6-59ceb33444d9', 237);
insert into Envelope (user_id, id, amount, available, balance, budget, dueDay, editable, enabled, expanded, frequency, idx, monthly, name, root, savingsGoalDate, savingsGoalOverrideAmount, savingsGoals, selected, unassigned, uuid, parent_id) values(1, 244, 0.00, false, 0.00, 0.00, 0, true, true, true, 3, 1, false, 'Pet', false, null, null, false, false, false, '849f9e5a-0be9-3cc9-a860-f17c1c56fe17', 278);
insert into Envelope (user_id, id, amount, available, balance, budget, dueDay, editable, enabled, expanded, frequency, idx, monthly, name, root, savingsGoalDate, savingsGoalOverrideAmount, savingsGoals, selected, unassigned, uuid, parent_id) values(1, 246, 0.00, false, 0.00, 0.00, 0, true, true, true, 3, 3, false, 'Fast Food', false, null, null, false, false, false, '7f589b67-5a4f-32db-b5c6-484f09b6fa61', 269);
insert into Envelope (user_id, id, amount, available, balance, budget, dueDay, editable, enabled, expanded, frequency, idx, monthly, name, root, savingsGoalDate, savingsGoalOverrideAmount, savingsGoals, selected, unassigned, uuid, parent_id) values(1, 247, 0.00, false, 0.00, 0.00, 0, true, true, true, 3, 4, false, 'PS', false, null, null, false, false, false, 'e28a652e-8e3c-3771-a84e-ee703c3408fe', 291);
insert into Envelope (user_id, id, amount, available, balance, budget, dueDay, editable, enabled, expanded, frequency, idx, monthly, name, root, savingsGoalDate, savingsGoalOverrideAmount, savingsGoals, selected, unassigned, uuid, parent_id) values(1, 248, 0.00, false, 0.00, 0.00, 0, true, true, true, 3, 11, false, 'Moving', false, null, null, false, false, false, '3a7e8654-eec9-3bf6-9a61-462f0ab25c7d', 278);
insert into Envelope (user_id, id, amount, available, balance, budget, dueDay, editable, enabled, expanded, frequency, idx, monthly, name, root, savingsGoalDate, savingsGoalOverrideAmount, savingsGoals, selected, unassigned, uuid, parent_id) values(1, 249, 0.00, false, 0.00, 0.00, 0, true, true, true, 3, 3, false, 'Hardware', false, null, null, false, false, false, '9203632c-469f-3328-b6d5-142dace5488b', 255);
insert into Envelope (user_id, id, amount, available, balance, budget, dueDay, editable, enabled, expanded, frequency, idx, monthly, name, root, savingsGoalDate, savingsGoalOverrideAmount, savingsGoals, selected, unassigned, uuid, parent_id) values(1, 251, 0.00, false, 0.00, 0.00, 0, true, true, true, 3, 1, false, 'Rental', false, null, null, false, false, false, 'ea58498e-c1b3-3e65-a1a2-b4ed1df98c62', 278);
insert into Envelope (user_id, id, amount, available, balance, budget, dueDay, editable, enabled, expanded, frequency, idx, monthly, name, root, savingsGoalDate, savingsGoalOverrideAmount, savingsGoals, selected, unassigned, uuid, parent_id) values(1, 250, 0.00, false, 0.00, 0.00, 0, true, true, true, 3, 9, false, 'Lotto', false, null, null, false, false, false, '1e7cf6dd-59e1-3081-8239-53e7697001e9', 291);
insert into Envelope (user_id, id, amount, available, balance, budget, dueDay, editable, enabled, expanded, frequency, idx, monthly, name, root, savingsGoalDate, savingsGoalOverrideAmount, savingsGoals, selected, unassigned, uuid, parent_id) values(1, 252, 200.00, false, 23.36, 200.00, 0, false, true, true, 2, 24, false, 'Spending', false, null, null, false, false, false, 'e047e972-c543-3bec-a788-c8f139e36d1e', 289);
insert into Envelope (user_id, id, amount, available, balance, budget, dueDay, editable, enabled, expanded, frequency, idx, monthly, name, root, savingsGoalDate, savingsGoalOverrideAmount, savingsGoals, selected, unassigned, uuid, parent_id) values(1, 255, 0.00, false, 0.00, 0.00, 0, true, true, true, 3, 2, false, 'Computer', false, null, null, false, false, false, '3aa58a31-2485-36ae-a278-620b9852c675', 291);
insert into Envelope (user_id, id, amount, available, balance, budget, dueDay, editable, enabled, expanded, frequency, idx, monthly, name, root, savingsGoalDate, savingsGoalOverrideAmount, savingsGoals, selected, unassigned, uuid, parent_id) values(1, 254, 9.98, false, 4.99, 9.98, 10, true, true, true, 3, 1, false, 'Easynews.com', false, null, null, false, false, false, '9b05b51d-437c-33c0-a9de-5b517ac535f4', 291);
insert into Envelope (user_id, id, amount, available, balance, budget, dueDay, editable, enabled, expanded, frequency, idx, monthly, name, root, savingsGoalDate, savingsGoalOverrideAmount, savingsGoals, selected, unassigned, uuid, parent_id) values(1, 253, 120.00, false, 0.00, 120.00, 0, true, true, true, 2, 27, false, 'Auto Fuel', false, null, null, false, false, false, '937e343b-8760-3030-9e5b-c947471e3672', 289);
insert into Envelope (user_id, id, amount, available, balance, budget, dueDay, editable, enabled, expanded, frequency, idx, monthly, name, root, savingsGoalDate, savingsGoalOverrideAmount, savingsGoals, selected, unassigned, uuid, parent_id) values(1, 256, 0.00, false, 0.00, 0.00, 0, true, true, true, 3, 5, false, 'Massage', false, null, null, false, false, false, '1c3e998d-e546-32d0-a2b8-af5063189a3a', 277);
insert into Envelope (user_id, id, amount, available, balance, budget, dueDay, editable, enabled, expanded, frequency, idx, monthly, name, root, savingsGoalDate, savingsGoalOverrideAmount, savingsGoals, selected, unassigned, uuid, parent_id) values(1, 257, 9500.00, false, 0.00, 9500.00, 1, true, true, true, 3, 1, false, 'Debt', false, '2011-02-07', null, false, false, false, 'da74da90-779a-345c-8957-7dbb0691d974', 237);
insert into Envelope (user_id, id, amount, available, balance, budget, dueDay, editable, enabled, expanded, frequency, idx, monthly, name, root, savingsGoalDate, savingsGoalOverrideAmount, savingsGoals, selected, unassigned, uuid, parent_id) values(1, 258, 326.00, false, 163.00, 326.00, 1, false, true, true, 3, 34, false, 'Lofts @ Arcadia', false, null, null, false, false, false, '547219dc-5e75-3dd5-887c-009788ceecc3', 291);
insert into Envelope (user_id, id, amount, available, balance, budget, dueDay, editable, enabled, expanded, frequency, idx, monthly, name, root, savingsGoalDate, savingsGoalOverrideAmount, savingsGoals, selected, unassigned, uuid, parent_id) values(1, 259, 54.38, false, 0.00, 54.38, 20, true, true, true, 3, 1, false, 'GRAND & CAMELBACK SELF', false, null, null, false, false, false, '21b383da-f64e-393d-908e-b302c184e443', 291);
insert into Envelope (user_id, id, amount, available, balance, budget, dueDay, editable, enabled, expanded, frequency, idx, monthly, name, root, savingsGoalDate, savingsGoalOverrideAmount, savingsGoals, selected, unassigned, uuid, parent_id) values(1, 260, 0.00, false, 0.00, 0.00, 0, true, true, true, 3, 13, false, 'Hair Services', false, null, null, false, false, false, '2d345d05-cdd7-3c85-85c6-e9ff4eb2263b', 277);
insert into Envelope (user_id, id, amount, available, balance, budget, dueDay, editable, enabled, expanded, frequency, idx, monthly, name, root, savingsGoalDate, savingsGoalOverrideAmount, savingsGoals, selected, unassigned, uuid, parent_id) values(1, 261, 80.00, false, 0.00, 80.00, 0, false, true, true, 2, 4, false, 'Housekeeping', false, null, null, false, false, false, '3dfe8dae-8ee1-3621-8b07-7f0b1347d2e1', 289);
insert into Envelope (user_id, id, amount, available, balance, budget, dueDay, editable, enabled, expanded, frequency, idx, monthly, name, root, savingsGoalDate, savingsGoalOverrideAmount, savingsGoals, selected, unassigned, uuid, parent_id) values(1, 262, 0.00, false, 0.00, 0.00, 0, true, true, true, 3, 15, false, 'Qwest', false, null, null, false, false, false, '40be58ec-a46d-340a-8613-930b37641652', 291);
insert into Envelope (user_id, id, amount, available, balance, budget, dueDay, editable, enabled, expanded, frequency, idx, monthly, name, root, savingsGoalDate, savingsGoalOverrideAmount, savingsGoals, selected, unassigned, uuid, parent_id) values(1, 263, 99.00, false, 0.00, 99.00, 1, false, true, true, 7, 6, false, 'Me.com', false, null, null, false, false, false, '823d719d-c465-3181-a7a7-45104aa0479f', 278);
insert into Envelope (user_id, id, amount, available, balance, budget, dueDay, editable, enabled, expanded, frequency, idx, monthly, name, root, savingsGoalDate, savingsGoalOverrideAmount, savingsGoals, selected, unassigned, uuid, parent_id) values(1, 264, 0.00, false, 0.00, 0.00, 0, false, true, true, 0, 5, false, 'Unassigned', false, null, null, false, false, true, 'b1b440f0-ca34-36af-b024-491fac0779e3', 287);
insert into Envelope (user_id, id, amount, available, balance, budget, dueDay, editable, enabled, expanded, frequency, idx, monthly, name, root, savingsGoalDate, savingsGoalOverrideAmount, savingsGoals, selected, unassigned, uuid, parent_id) values(1, 265, 0.00, false, 0.00, 0.00, 0, true, true, true, 3, 14, false, 'Movie Rental', false, null, null, false, false, false, 'b1c463a5-27fa-3543-94f1-b06b753e331f', 288);
insert into Envelope (user_id, id, amount, available, balance, budget, dueDay, editable, enabled, expanded, frequency, idx, monthly, name, root, savingsGoalDate, savingsGoalOverrideAmount, savingsGoals, selected, unassigned, uuid, parent_id) values(1, 266, 27.98, false, 13.99, 27.98, 9, false, true, true, 3, 9, false, 'Arrowhead Water', false, null, null, false, false, false, 'e6201511-8cd6-3894-89ed-f33b305cec8e', 291);
insert into Envelope (user_id, id, amount, available, balance, budget, dueDay, editable, enabled, expanded, frequency, idx, monthly, name, root, savingsGoalDate, savingsGoalOverrideAmount, savingsGoals, selected, unassigned, uuid, parent_id) values(1, 267, 309.33, false, 0.00, 309.33, 11, false, true, true, 3, 11, false, 'VW Credit', false, null, null, false, false, false, 'f5131258-b2da-3bff-8947-f630a39e5761', 291);
insert into Envelope (user_id, id, amount, available, balance, budget, dueDay, editable, enabled, expanded, frequency, idx, monthly, name, root, savingsGoalDate, savingsGoalOverrideAmount, savingsGoals, selected, unassigned, uuid, parent_id) values(1, 268, 106.58, false, 0.00, 106.58, 20, false, true, true, 3, 10, false, 'Cox Communications', false, null, null, false, false, false, '790bb2df-d163-3f08-8ce7-fcbc380c7703', 291);
insert into Envelope (user_id, id, amount, available, balance, budget, dueDay, editable, enabled, expanded, frequency, idx, monthly, name, root, savingsGoalDate, savingsGoalOverrideAmount, savingsGoals, selected, unassigned, uuid, parent_id) values(1, 269, 0.00, false, 0.00, 0.00, 0, true, true, true, 3, 2, false, 'Food', false, null, null, false, false, false, '2851c900-99cd-3e66-9fb4-ac57f48dfdf5', 291);
insert into Envelope (user_id, id, amount, available, balance, budget, dueDay, editable, enabled, expanded, frequency, idx, monthly, name, root, savingsGoalDate, savingsGoalOverrideAmount, savingsGoals, selected, unassigned, uuid, parent_id) values(1, 270, 0.00, false, 0.00, 0.00, 0, true, true, true, 3, 1, false, 'Coffee', false, null, null, false, false, false, '158d8d6c-be69-3d51-a6a4-6a41f78ae454', 269);
insert into Envelope (user_id, id, amount, available, balance, budget, dueDay, editable, enabled, expanded, frequency, idx, monthly, name, root, savingsGoalDate, savingsGoalOverrideAmount, savingsGoals, selected, unassigned, uuid, parent_id) values(1, 271, 34.99, false, 0.00, 34.99, 28, false, true, true, 3, 15, false, '24 Hour Fitness', false, null, null, false, false, false, 'c2cbabfa-2e96-33f7-bc45-867854469791', 291);
insert into Envelope (user_id, id, amount, available, balance, budget, dueDay, editable, enabled, expanded, frequency, idx, monthly, name, root, savingsGoalDate, savingsGoalOverrideAmount, savingsGoals, selected, unassigned, uuid, parent_id) values(1, 272, 12.95, false, 12.95, 12.95, 28, true, true, true, 3, 1, false, 'Tivo', false, null, null, false, false, false, '021c3cd9-18b8-3dc0-968d-0c031cf1d78c', 291);
insert into Envelope (user_id, id, amount, available, balance, budget, dueDay, editable, enabled, expanded, frequency, idx, monthly, name, root, savingsGoalDate, savingsGoalOverrideAmount, savingsGoals, selected, unassigned, uuid, parent_id) values(1, 273, 81.58, false, 0.00, 81.58, 7, false, true, true, 3, 18, false, 'Directv', false, null, null, false, false, false, '3cc01561-0f21-3cce-a1d4-315d3dde0326', 291);
insert into Envelope (user_id, id, amount, available, balance, budget, dueDay, editable, enabled, expanded, frequency, idx, monthly, name, root, savingsGoalDate, savingsGoalOverrideAmount, savingsGoals, selected, unassigned, uuid, parent_id) values(1, 274, 21.95, false, 0.00, 21.95, 0, false, true, true, 3, 17, false, 'Car Wash', false, null, null, false, false, false, 'd2f21497-e5bc-3d95-8c75-f0d79721336c', 291);
insert into Envelope (user_id, id, amount, available, balance, budget, dueDay, editable, enabled, expanded, frequency, idx, monthly, name, root, savingsGoalDate, savingsGoalOverrideAmount, savingsGoals, selected, unassigned, uuid, parent_id) values(1, 275, 0.00, false, 0.00, 0.00, 0, true, true, true, 2, 19, false, 'Taxes', false, null, null, false, false, false, 'b00eba29-39a4-34d4-acc1-d8ea44376ab7', 289);
insert into Envelope (user_id, id, amount, available, balance, budget, dueDay, editable, enabled, expanded, frequency, idx, monthly, name, root, savingsGoalDate, savingsGoalOverrideAmount, savingsGoals, selected, unassigned, uuid, parent_id) values(1, 276, 0.00, false, 0.00, 0.00, 0, true, true, true, 3, 1, false, 'ATM Withdrawls', false, null, null, false, false, false, '5fd11a9d-19ba-3153-b004-b798707e4b77', 291);
insert into Envelope (user_id, id, amount, available, balance, budget, dueDay, editable, enabled, expanded, frequency, idx, monthly, name, root, savingsGoalDate, savingsGoalOverrideAmount, savingsGoals, selected, unassigned, uuid, parent_id) values(1, 277, 50.00, false, 0.00, 50.00, 0, true, true, true, 3, 21, false, 'Personal Care', false, null, null, false, false, false, 'c9755f1a-75b2-3a7e-9309-9bb03273a6d5', 291);
insert into Envelope (user_id, id, amount, available, balance, budget, dueDay, editable, enabled, expanded, frequency, idx, monthly, name, root, savingsGoalDate, savingsGoalOverrideAmount, savingsGoals, selected, unassigned, uuid, parent_id) values(1, 278, 0.00, false, 0.00, 0.00, 0, true, true, true, 0, 20, false, 'Periodic Expenses', false, null, null, false, false, false, '56267224-9ff1-326a-a62d-8d5b8b7f76da', 287);
insert into Envelope (user_id, id, amount, available, balance, budget, dueDay, editable, enabled, expanded, frequency, idx, monthly, name, root, savingsGoalDate, savingsGoalOverrideAmount, savingsGoals, selected, unassigned, uuid, parent_id) values(1, 279, 49.00, false, 0.00, 49.00, 19, false, true, true, 3, 23, false, 'Massage Envy', false, null, null, false, false, false, 'd57bdfb6-d630-34a6-a3e6-88629da25863', 291);
insert into Envelope (user_id, id, amount, available, balance, budget, dueDay, editable, enabled, expanded, frequency, idx, monthly, name, root, savingsGoalDate, savingsGoalOverrideAmount, savingsGoals, selected, unassigned, uuid, parent_id) values(1, 280, 0.00, false, 0.00, 0.00, 0, true, true, true, 3, 2, false, 'Books', false, null, null, false, false, false, '3f11e874-4492-3b7c-b265-c3134919bdf2', 291);
insert into Envelope (user_id, id, amount, available, balance, budget, dueDay, editable, enabled, expanded, frequency, idx, monthly, name, root, savingsGoalDate, savingsGoalOverrideAmount, savingsGoals, selected, unassigned, uuid, parent_id) values(1, 281, 0.00, false, 0.00, 0.00, 0, true, true, true, 3, 8, false, 'Internet Services', false, null, null, false, false, false, '75266b0b-3614-3cc6-aada-f57c8e0e39a3', 291);
insert into Envelope (user_id, id, amount, available, balance, budget, dueDay, editable, enabled, expanded, frequency, idx, monthly, name, root, savingsGoalDate, savingsGoalOverrideAmount, savingsGoals, selected, unassigned, uuid, parent_id) values(1, 282, 0.00, false, 0.00, 0.00, 0, true, true, true, 3, 4, false, 'Software', false, null, null, false, false, false, '524bede7-53cf-3311-a4ee-e92e8259b00b', 255);
insert into Envelope (user_id, id, amount, available, balance, budget, dueDay, editable, enabled, expanded, frequency, idx, monthly, name, root, savingsGoalDate, savingsGoalOverrideAmount, savingsGoals, selected, unassigned, uuid, parent_id) values(1, 283, 0.00, false, 0.00, 0.00, 0, true, true, true, 3, 3, false, 'Flowers', false, null, null, false, false, false, 'e49d05b6-eb1b-30cb-9b5f-082702f1a35b', 288);
insert into Envelope (user_id, id, amount, available, balance, budget, dueDay, editable, enabled, expanded, frequency, idx, monthly, name, root, savingsGoalDate, savingsGoalOverrideAmount, savingsGoals, selected, unassigned, uuid, parent_id) values(1, 284, 0.00, false, 0.00, 0.00, 0, true, true, true, 3, 6, false, 'Movie Theatre', false, null, null, false, false, false, 'a91fa96d-3b55-3c3d-afe3-d380ac0995ef', 288);
insert into Envelope (user_id, id, amount, available, balance, budget, dueDay, editable, enabled, expanded, frequency, idx, monthly, name, root, savingsGoalDate, savingsGoalOverrideAmount, savingsGoals, selected, unassigned, uuid, parent_id) values(1, 285, 0.00, false, 0.00, 0.00, 0, true, true, true, 3, 12, false, 'Clothing', false, null, null, false, false, false, 'b47c0b41-f74d-31b8-869f-e2d33cdde980', 291);
insert into Envelope (user_id, id, amount, available, balance, budget, dueDay, editable, enabled, expanded, frequency, idx, monthly, name, root, savingsGoalDate, savingsGoalOverrideAmount, savingsGoals, selected, unassigned, uuid, parent_id) values(1, 287, 0.00, false, 782.63, 0.00, 0, false, true, true, 0, 26, false, 'Envelopes', true, null, null, false, false, false, '7535ece0-3111-3ed6-b77f-a031b675075e', null);
insert into Envelope (user_id, id, amount, available, balance, budget, dueDay, editable, enabled, expanded, frequency, idx, monthly, name, root, savingsGoalDate, savingsGoalOverrideAmount, savingsGoals, selected, unassigned, uuid, parent_id) values(1, 286, 50.00, false, 0.00, 50.00, 0, true, true, true, 3, 25, false, 'Medical', false, null, null, false, false, false, '7ddf67e2-363a-388c-add2-914ab1391ddd', 291);
insert into Envelope (user_id, id, amount, available, balance, budget, dueDay, editable, enabled, expanded, frequency, idx, monthly, name, root, savingsGoalDate, savingsGoalOverrideAmount, savingsGoals, selected, unassigned, uuid, parent_id) values(1, 288, 0.00, false, 0.00, 0.00, 0, true, true, true, 3, 5, false, 'Entertainment', false, null, null, false, false, false, '80e64f41-f71f-3155-ac32-9df4d60c6bec', 291);
insert into Envelope (user_id, id, amount, available, balance, budget, dueDay, editable, enabled, expanded, frequency, idx, monthly, name, root, savingsGoalDate, savingsGoalOverrideAmount, savingsGoals, selected, unassigned, uuid, parent_id) values(1, 290, 154.11, false, 84.20, 154.11, 1, false, true, true, 3, 29, false, 'State Farm Insurance', false, null, null, false, false, false, 'd16c04f8-8e8b-36b7-9898-38a83da46541', 291);
insert into Envelope (user_id, id, amount, available, balance, budget, dueDay, editable, enabled, expanded, frequency, idx, monthly, name, root, savingsGoalDate, savingsGoalOverrideAmount, savingsGoals, selected, unassigned, uuid, parent_id) values(1, 289, 0.00, false, 23.36, 0.00, 0, true, true, true, 0, 28, false, 'Bi-Weekly', false, null, null, false, false, false, '13205683-872d-34d5-9135-a107c09a222b', 287);
insert into Envelope (user_id, id, amount, available, balance, budget, dueDay, editable, enabled, expanded, frequency, idx, monthly, name, root, savingsGoalDate, savingsGoalOverrideAmount, savingsGoals, selected, unassigned, uuid, parent_id) values(1, 292, 0.00, true, 0.00, 0.00, 0, false, true, true, 0, 30, false, 'Available', false, null, null, false, false, false, '081ec426-978b-3a18-a3ef-b3ebe4f6e1ae', 287);
insert into Envelope (user_id, id, amount, available, balance, budget, dueDay, editable, enabled, expanded, frequency, idx, monthly, name, root, savingsGoalDate, savingsGoalOverrideAmount, savingsGoals, selected, unassigned, uuid, parent_id) values(1, 291, 0.00, false, 759.27, 0.00, 0, false, true, true, 3, 31, true, 'Monthly', false, null, null, false, false, false, 'afb1b796-4a2c-3072-8f1b-c7ecd33e5992', 287);
insert into Envelope (user_id, id, amount, available, balance, budget, dueDay, editable, enabled, expanded, frequency, idx, monthly, name, root, savingsGoalDate, savingsGoalOverrideAmount, savingsGoals, selected, unassigned, uuid, parent_id) values(1, 294, 500.00, false, 0.00, 500.00, 1, false, true, true, 3, 33, false, 'Rent', false, null, null, false, false, false, '701fe580-ec25-38e5-9ba5-0dbc1aaa3bf0', 291);
insert into Envelope (user_id, id, amount, available, balance, budget, dueDay, editable, enabled, expanded, frequency, idx, monthly, name, root, savingsGoalDate, savingsGoalOverrideAmount, savingsGoals, selected, unassigned, uuid, parent_id) values(1, 293, 250.00, false, 0.00, 250.00, 0, true, true, true, 7, 32, false, 'Auto Registration', false, null, null, false, false, false, '127d6420-af71-3ff9-812d-71204d2b828f', 278);
insert into Envelope (user_id, id, amount, available, balance, budget, dueDay, editable, enabled, expanded, frequency, idx, monthly, name, root, savingsGoalDate, savingsGoalOverrideAmount, savingsGoals, selected, unassigned, uuid, parent_id) values(1, 295, 0.00, false, 0.00, 0.00, 0, true, true, true, 3, 4, false, 'Eating Out', false, null, null, false, false, false, 'c9d488fa-953e-384f-b98c-4897895e5335', 269);
insert into Transaction (DTYPE, id, amount, balance, checkNo, date, description, externalId, initialBalance, memo, ref, status, type, uuid, account_id, transfer_id, custom) values('InternalTransaction', 296, -75.76, 2047.88, '', '2009-12-15', 'FRY''S ELECTRONICS #0 020030', '200912152', false, '12/15FRY''S ELE', '', 2, 1, '447700d0-dbbd-3bfa-b7b9-6dfdb7ce4b25', 229, null, false);
insert into Split (id, amount, uuid, envelope_id, transaction_id) values(297, -75.76, '5495e607-bfce-30b0-b5f2-d22d61d59a9b', 252, 296);
insert into Transaction (DTYPE, id, amount, balance, checkNo, date, description, externalId, initialBalance, memo, ref, status, type, uuid, account_id, transfer_id, custom) values('InternalTransaction', 298, -40.04, 3864.82, '', '2010-03-30', 'ARCO PAYPOINT', '201003302', false, '', '', 2, 1, 'c99951ef-4df9-3c10-a7c9-31edf9f77cf3', 229, null, false);
insert into Split (id, amount, uuid, envelope_id, transaction_id) values(299, -40.04, '141637b2-244f-30e4-a262-0fc228d67e9f', 253, 298);
insert into Transaction (DTYPE, id, amount, balance, checkNo, date, description, externalId, initialBalance, memo, ref, status, type, uuid, account_id, transfer_id, custom) values('InternalTransaction', 300, -26.82, 2426.45, '', '2010-03-19', 'Transfer to Medical', 'null', false, '', '', 2, 1, 'b0e4a350-6d0e-30dd-ba8b-dd3812332a64', 229, 1228, false);
insert into Split (id, amount, uuid, envelope_id, transaction_id) values(301, -26.82, '88444ae1-2fc3-334f-875c-1e46952ccd8e', 292, 300);
insert into Transaction (DTYPE, id, amount, balance, checkNo, date, description, externalId, initialBalance, memo, ref, status, type, uuid, account_id, transfer_id, custom) values('InternalTransaction', 302, -40.00, 0.00, '', '2010-02-23', 'Transfer to ATM Withdrawls', 'null', false, '', '', 2, 1, 'c0bc7b1a-709f-3b2d-be6b-df78bcbb039a', 228, 2692, false);
insert into Split (id, amount, uuid, envelope_id, transaction_id) values(303, -40.00, 'b279b9d4-4441-3743-aab7-e09140e47589', 252, 302);
insert into Transaction (DTYPE, id, amount, balance, checkNo, date, description, externalId, initialBalance, memo, ref, status, type, uuid, account_id, transfer_id, custom) values('InternalTransaction', 304, 625.00, 625.00, '', '2010-03-19', 'Transfer from Available', 'null', false, '', '', 2, 0, '4ab3058f-8d15-3e5d-8ed3-83963c21fb96', 228, 2935, false);
insert into Split (id, amount, uuid, envelope_id, transaction_id) values(305, 625.00, 'c28c6a3d-b1c3-34ff-9c75-82e7a65757b1', 248, 304);
insert into Transaction (DTYPE, id, amount, balance, checkNo, date, description, externalId, initialBalance, memo, ref, status, type, uuid, account_id, transfer_id, custom) values('InternalTransaction', 306, -1.10, 0.00, '', '2010-03-16', 'Transfer to Easynews.com', 'null', false, '', '', 2, 1, '533df59e-a467-3576-be49-b41fc6d017e9', 228, 1236, false);
insert into Split (id, amount, uuid, envelope_id, transaction_id) values(307, -1.10, '06d4c8d7-2aa3-3706-af73-f6f078ba62c1', 252, 306);
insert into Transaction (DTYPE, id, amount, balance, checkNo, date, description, externalId, initialBalance, memo, ref, status, type, uuid, account_id, transfer_id, custom) values('InternalTransaction', 308, -19.50, 2769.14, '', '2010-02-08', 'Rossmar & Graham RESIDENT', '201002089', false, 'WEB ID: W050568743', '', 2, 1, 'd8c19552-ce95-328f-b4b9-537f793cf8a3', 229, null, false);
insert into Split (id, amount, uuid, envelope_id, transaction_id) values(309, -19.50, '9afc6e39-7195-39c3-8943-7b6a1084ef0c', 258, 308);
insert into Transaction (DTYPE, id, amount, balance, checkNo, date, description, externalId, initialBalance, memo, ref, status, type, uuid, account_id, transfer_id, custom) values('InternalTransaction', 310, 16.22, 1151.26, '', '2010-02-16', 'Transfer from Available', 'null', false, '', '', 0, 0, '6f68363f-a5eb-3158-8279-5b231db93401', 229, 1598, false);
insert into Split (id, amount, uuid, envelope_id, transaction_id) values(311, 16.22, 'de8b68b8-c087-313f-abab-f80a5b98cec5', 246, 310);
insert into Transaction (DTYPE, id, amount, balance, checkNo, date, description, externalId, initialBalance, memo, ref, status, type, uuid, account_id, transfer_id, custom) values('InternalTransaction', 312, 13.99, 2688.27, '', '2010-04-16', 'Transfer from Available', 'null', false, '', '', 2, 0, 'b7de1a35-5d51-3206-8bc2-36b91ac7050f', 229, 1346, false);
insert into Split (id, amount, uuid, envelope_id, transaction_id) values(313, 13.99, 'ed42d86e-3c61-3234-8acb-beb24e8b6d77', 266, 312);
insert into Transaction (DTYPE, id, amount, balance, checkNo, date, description, externalId, initialBalance, memo, ref, status, type, uuid, account_id, transfer_id, custom) values('InternalTransaction', 314, -31.90, 1122.58, '', '2010-04-12', 'SRR*SIRIUS RADIO 888-539', '201004126', false, '04/11SRR*SIRIU', '', 2, 1, '5881991b-4caf-38ad-9851-e7bac319d9ab', 229, null, false);
insert into Split (id, amount, uuid, envelope_id, transaction_id) values(315, -31.90, '15e99d2b-93e8-38c5-b649-f10daf61189c', 233, 314);
insert into Transaction (DTYPE, id, amount, balance, checkNo, date, description, externalId, initialBalance, memo, ref, status, type, uuid, account_id, transfer_id, custom) values('InternalTransaction', 316, 30.00, 1181.26, '', '2010-02-16', 'Transfer from Available', 'null', false, '', '', 0, 0, '068d5e0d-3bad-325d-aef3-fa3ce7d00d07', 229, 1828, false);
insert into Split (id, amount, uuid, envelope_id, transaction_id) values(317, 30.00, '1ef70110-8830-32c8-b9e2-ab39707e18d7', 286, 316);
insert into Transaction (DTYPE, id, amount, balance, checkNo, date, description, externalId, initialBalance, memo, ref, status, type, uuid, account_id, transfer_id, custom) values('InternalTransaction', 318, -27.19, 5106.94, '', '2010-03-05', 'Transfer to GRAND & CAMELBACK SELF', 'null', false, '', '', 2, 1, 'd2c807fc-a026-382d-be3e-5da5264b5638', 229, 822, false);
insert into Split (id, amount, uuid, envelope_id, transaction_id) values(319, -27.19, '3d3c79c5-70f1-3799-acf5-3b4be24416e4', 292, 318);
insert into Transaction (DTYPE, id, amount, balance, checkNo, date, description, externalId, initialBalance, memo, ref, status, type, uuid, account_id, transfer_id, custom) values('InternalTransaction', 320, 29.85, 1164.89, '', '2010-02-16', 'Transfer from Available', 'null', false, '', '', 0, 0, '4c0aa872-f485-3191-bfb9-0f92af07336e', 229, 3083, false);
insert into Split (id, amount, uuid, envelope_id, transaction_id) values(321, 29.85, 'b10dd2d6-b61f-3c99-aa84-32a6371d1c7d', 232, 320);
insert into Transaction (DTYPE, id, amount, balance, checkNo, date, description, externalId, initialBalance, memo, ref, status, type, uuid, account_id, transfer_id, custom) values('InternalTransaction', 322, 175.00, 2863.27, '', '2010-04-16', 'Transfer from Available', 'null', false, '', '', 2, 0, '7023c827-121b-3924-92c1-e0a60f2dbb7f', 229, 2096, false);
insert into Split (id, amount, uuid, envelope_id, transaction_id) values(323, 175.00, 'bc62a375-65d1-3245-ab0f-c731a1934541', 275, 322);
insert into Transaction (DTYPE, id, amount, balance, checkNo, date, description, externalId, initialBalance, memo, ref, status, type, uuid, account_id, transfer_id, custom) values('InternalTransaction', 326, 10.32, 10.32, '', '2010-03-16', 'Transfer from Household', 'null', false, '', '', 2, 0, '068cccdf-305c-397a-980a-825c266df092', 228, 1468, false);
insert into Split (id, amount, uuid, envelope_id, transaction_id) values(327, 10.32, '42fb0c96-fc4d-3cb1-ab7c-15c60c60ddf3', 256, 326);
insert into Transaction (DTYPE, id, amount, balance, checkNo, date, description, externalId, initialBalance, memo, ref, status, type, uuid, account_id, transfer_id, custom) values('InternalTransaction', 324, 5.61, 5.61, '', '2010-03-16', 'Transfer from Spending', 'null', false, '', '', 2, 0, '728bd8df-22f3-3970-b7e0-a037c9ddf771', 228, 424, false);
insert into Split (id, amount, uuid, envelope_id, transaction_id) values(325, 5.61, '1db792dc-ce54-3916-8ad6-39d38337b53a', 246, 324);
insert into Transaction (DTYPE, id, amount, balance, checkNo, date, description, externalId, initialBalance, memo, ref, status, type, uuid, account_id, transfer_id, custom) values('InternalTransaction', 328, -5.25, 4691.81, '', '2009-11-16', 'WAL-MART #2113 CHRISTOWN670091', '2009111612', false, '11/14WAL-MART', '', 2, 1, '238c8fe0-ae9e-34e6-a5db-24b88207247b', 229, null, false);
insert into Split (id, amount, uuid, envelope_id, transaction_id) values(329, -5.25, 'c7af4bd7-1483-35f4-8b7f-e88350e50ca3', 239, 328);
insert into Transaction (DTYPE, id, amount, balance, checkNo, date, description, externalId, initialBalance, memo, ref, status, type, uuid, account_id, transfer_id, custom) values('InternalTransaction', 330, 10.27, 10.27, '', '2010-03-20', 'Transfer from Available', 'null', false, '', '', 2, 0, '0c53ace4-14c6-3fc3-8dc6-829862d787d7', 228, 1646, false);
insert into Split (id, amount, uuid, envelope_id, transaction_id) values(331, 10.27, '05d97b16-86b5-3cc0-9be4-7e85dcd1e41c', 295, 330);
insert into Transaction (DTYPE, id, amount, balance, checkNo, date, description, externalId, initialBalance, memo, ref, status, type, uuid, account_id, transfer_id, custom) values('InternalTransaction', 332, -2.11, 0.00, '', '2010-04-21', 'Transfer to Available', 'null', false, '', '', 2, 1, 'c7bfcf0e-f21c-3a5e-a761-b464d9c6fbde', 228, 2833, false);
insert into Split (id, amount, uuid, envelope_id, transaction_id) values(333, -2.11, 'a3b558c1-e9ca-3cfa-b2c5-afe879660948', 270, 332);
insert into Transaction (DTYPE, id, amount, balance, checkNo, date, description, externalId, initialBalance, memo, ref, status, type, uuid, account_id, transfer_id, custom) values('InternalTransaction', 336, -8.59, 1238.97, '', '2010-04-09', 'Z S GREEK PHOENIX AZ', '201004091', false, '04/08Z S GREEK', '', 2, 1, '3fb82c39-3aa6-3ce0-a94b-c3a39f35e0b8', 229, null, false);
insert into Split (id, amount, uuid, envelope_id, transaction_id) values(337, -8.59, 'bad08f4b-a48d-3d16-a9ba-1fe34d8b6044', 264, 336);
insert into Transaction (DTYPE, id, amount, balance, checkNo, date, description, externalId, initialBalance, memo, ref, status, type, uuid, account_id, transfer_id, custom) values('InternalTransaction', 334, -35.60, 2285.44, '', '2010-02-25', 'ARCO PAYPOINT 2942 605594', '201002250', false, '02/24ARCO PAYP', '', 2, 1, '02d25bd9-b00f-3809-8fad-f9ba4a90e5ba', 229, null, false);
insert into Split (id, amount, uuid, envelope_id, transaction_id) values(335, -35.60, '480fbbd6-12b9-382d-adf8-51397b499764', 253, 334);
insert into Transaction (DTYPE, id, amount, balance, checkNo, date, description, externalId, initialBalance, memo, ref, status, type, uuid, account_id, transfer_id, custom) values('InternalTransaction', 340, 4.99, 768.11, '', '2010-04-13', 'Transfer from Available', 'null', false, '', '', 2, 0, '10d166fe-aeef-3d04-9803-6317b82787bf', 229, 1938, false);
insert into Split (id, amount, uuid, envelope_id, transaction_id) values(341, 4.99, '5d3b1a23-2bf1-3bde-b740-9ca36434d9f5', 254, 340);
insert into Transaction (DTYPE, id, amount, balance, checkNo, date, description, externalId, initialBalance, memo, ref, status, type, uuid, account_id, transfer_id, custom) values('InternalTransaction', 338, -175.00, 1827.32, '', '2009-12-16', 'IRS USATAXPYMT 2709', '200912160', false, '75000625990 WEB ID: 3387702000', '', 2, 1, '3782a9eb-91b8-302b-9ee1-6d20522bc680', 229, null, false);
insert into Split (id, amount, uuid, envelope_id, transaction_id) values(339, -175.00, '0da01cd0-18cb-3a21-bdc4-724eab6c96ad', 275, 338);
insert into Transaction (DTYPE, id, amount, balance, checkNo, date, description, externalId, initialBalance, memo, ref, status, type, uuid, account_id, transfer_id, custom) values('InternalTransaction', 342, -6.15, 2091.61, '', '2010-02-01', 'TACO BELL 21245 Q53 T', '201002014', false, '01/29TACO BELL', '', 2, 1, 'ad060289-8f5c-380c-976b-733ca474c246', 229, null, false);
insert into Split (id, amount, uuid, envelope_id, transaction_id) values(343, -6.15, '6c94c404-6ce0-3799-9d0d-df19847462df', 246, 342);
insert into Transaction (DTYPE, id, amount, balance, checkNo, date, description, externalId, initialBalance, memo, ref, status, type, uuid, account_id, transfer_id, custom) values('InternalTransaction', 344, -60.60, 928.52, '', '2009-11-10', 'WALGREEN COMPANY 4111 N 104064', '200911100', false, '11/09WALGREEN', '', 2, 1, '57f8d253-ed34-342a-b644-a026c5447f51', 229, null, false);
insert into Split (id, amount, uuid, envelope_id, transaction_id) values(345, -60.60, '0e51d276-644d-35e3-b061-7d07db4241d5', 277, 344);
insert into Transaction (DTYPE, id, amount, balance, checkNo, date, description, externalId, initialBalance, memo, ref, status, type, uuid, account_id, transfer_id, custom) values('InternalTransaction', 346, -15.00, 2807.49, '', '2010-02-22', 'CVS 09205 09205--802 SO 832499', '201002225', false, '02/19CVS 09205', '', 2, 1, 'fa94b77d-0ab2-3f94-bc4b-6b2b83698e32', 229, null, false);
insert into Split (id, amount, uuid, envelope_id, transaction_id) values(347, -15.00, '48a67f16-c1e8-33e1-98c4-c6064d3647b5', 286, 346);
insert into Transaction (DTYPE, id, amount, balance, checkNo, date, description, externalId, initialBalance, memo, ref, status, type, uuid, account_id, transfer_id, custom) values('InternalTransaction', 348, -5.00, 0.00, '', '2010-03-13', 'Transfer to Medical', 'null', false, '', '', 2, 1, 'b6e56259-3392-3890-a2bb-19779c9d85df', 228, 2859, false);
insert into Split (id, amount, uuid, envelope_id, transaction_id) values(349, -5.00, '5cd59297-7c38-33be-99a3-d0795f83cc8f', 252, 348);
insert into Transaction (DTYPE, id, amount, balance, checkNo, date, description, externalId, initialBalance, memo, ref, status, type, uuid, account_id, transfer_id, custom) values('InternalTransaction', 350, -308.00, 3975.63, '', '2010-02-16', 'Transfer to Lofts @ Arcadia', 'null', false, '', '', 0, 1, '53daa62a-b4f3-3e39-928f-862b6991fd31', 229, 450, false);
insert into Split (id, amount, uuid, envelope_id, transaction_id) values(351, -308.00, 'f0ff74fb-7bb3-360b-b556-7664b45f1fdf', 292, 350);
insert into Transaction (DTYPE, id, amount, balance, checkNo, date, description, externalId, initialBalance, memo, ref, status, type, uuid, account_id, transfer_id, custom) values('InternalTransaction', 352, -441.52, 4373.63, '', '2010-02-16', 'Transfer to Household', 'null', false, '', '', 0, 1, '9123b2e2-0332-3956-b975-c1a9c1d58603', 229, 2656, false);
insert into Split (id, amount, uuid, envelope_id, transaction_id) values(353, -441.52, 'cb1220e2-27e9-316a-a31c-1a186f943977', 292, 352);
insert into Transaction (DTYPE, id, amount, balance, checkNo, date, description, externalId, initialBalance, memo, ref, status, type, uuid, account_id, transfer_id, custom) values('InternalTransaction', 354, -25.00, 1486.90, '', '2010-02-04', 'ON-LINE COMMUNICATIO 770', '201002042', false, '02/04ON-LINE C', '', 2, 1, '7df7443d-7810-322d-87fb-9b457845a0ec', 229, null, false);
insert into Split (id, amount, uuid, envelope_id, transaction_id) values(355, -25.00, 'd15e4389-4157-3353-83da-8e90af39a9cc', 247, 354);
insert into Transaction (DTYPE, id, amount, balance, checkNo, date, description, externalId, initialBalance, memo, ref, status, type, uuid, account_id, transfer_id, custom) values('InternalTransaction', 356, 1200.00, 4035.07, '', '2009-12-07', 'ATM CASH DEPOSIT', '200912070', false, '', '', 2, 0, '5cd580ca-7226-3d7b-ab90-2de1ea0655f8', 229, null, false);
insert into Split (id, amount, uuid, envelope_id, transaction_id) values(357, 1200.00, 'efc0dcfa-53a0-3041-97fa-99dc2ecddfcf', 292, 356);
insert into Transaction (DTYPE, id, amount, balance, checkNo, date, description, externalId, initialBalance, memo, ref, status, type, uuid, account_id, transfer_id, custom) values('InternalTransaction', 358, 10.98, 3138.57, '', '2010-02-19', 'Transfer from Available', 'null', false, '', '', 2, 0, 'f58f32b3-c36f-3c8e-845c-df54448748e9', 229, 2148, false);
insert into Split (id, amount, uuid, envelope_id, transaction_id) values(359, 10.98, '22600927-5f99-3307-8452-268e1c5fee39', 274, 358);
insert into Transaction (DTYPE, id, amount, balance, checkNo, date, description, externalId, initialBalance, memo, ref, status, type, uuid, account_id, transfer_id, custom) values('InternalTransaction', 360, -2.50, 0.00, '', '2010-03-16', 'Transfer to Coffee', 'null', false, '', '', 2, 1, 'c05667e4-3600-33b5-bbc1-216fc06c9f87', 228, 796, false);
insert into Split (id, amount, uuid, envelope_id, transaction_id) values(361, -2.50, '29102528-c055-3c0c-b697-4f9b0ef1ecf6', 252, 360);
insert into Transaction (DTYPE, id, amount, balance, checkNo, date, description, externalId, initialBalance, memo, ref, status, type, uuid, account_id, transfer_id, custom) values('InternalTransaction', 362, -22.76, 2327.59, '', '2010-02-23', 'Transfer to Household', 'null', false, '', '', 2, 1, '97b0b862-90fd-39d7-a22a-9647c70b82b9', 229, 484, false);
insert into Split (id, amount, uuid, envelope_id, transaction_id) values(363, -22.76, '1f8804ee-59f6-3d23-ab7e-e98b57bf0926', 292, 362);
insert into Transaction (DTYPE, id, amount, balance, checkNo, date, description, externalId, initialBalance, memo, ref, status, type, uuid, account_id, transfer_id, custom) values('InternalTransaction', 364, -29.15, 4316.79, '', '2010-03-29', 'BEDBATH&BEYOND# BEDB 202321928', '2010032913', false, '03/28BEDBATH&B', '', 2, 1, 'caf06357-b0d9-3f5c-af0a-a34c2fb36e8f', 229, null, false);
insert into Split (id, amount, uuid, envelope_id, transaction_id) values(365, -29.15, 'cda178da-456c-3b25-b080-b73cc9d59386', 248, 364);
insert into Transaction (DTYPE, id, amount, balance, checkNo, date, description, externalId, initialBalance, memo, ref, status, type, uuid, account_id, transfer_id, custom) values('InternalTransaction', 366, 10.00, 1145.04, '', '2010-02-16', 'Transfer from Available', 'null', false, '', '', 0, 0, 'c68bf883-b35c-338f-81f1-4ed4d2024696', 229, 2356, false);
insert into Split (id, amount, uuid, envelope_id, transaction_id) values(367, 10.00, '098b2eeb-06ad-33b8-b730-89b7953cf7dd', 234, 366);
insert into Transaction (DTYPE, id, amount, balance, checkNo, date, description, externalId, initialBalance, memo, ref, status, type, uuid, account_id, transfer_id, custom) values('InternalTransaction', 368, -154.67, 2739.28, '', '2010-04-16', 'Transfer to VW Credit', 'null', false, '', '', 2, 1, '865e0b4b-786c-3395-b411-3dff6a820159', 229, 2722, false);
insert into Split (id, amount, uuid, envelope_id, transaction_id) values(369, -154.67, 'ec66d142-32bd-39d7-b154-ce9eb0b91c87', 292, 368);
insert into Transaction (DTYPE, id, amount, balance, checkNo, date, description, externalId, initialBalance, memo, ref, status, type, uuid, account_id, transfer_id, custom) values('InternalTransaction', 370, 152.21, 838.38, '', '2010-03-03', 'ATM CHECK DEPOSIT', '201003030', false, '', '', 2, 0, 'ae08df15-5578-3799-89b2-5dd0346411e3', 229, null, false);
insert into Split (id, amount, uuid, envelope_id, transaction_id) values(371, 152.21, '78bb89f0-4d36-3e54-87b0-5171fe8efa5b', 292, 370);
insert into Transaction (DTYPE, id, amount, balance, checkNo, date, description, externalId, initialBalance, memo, ref, status, type, uuid, account_id, transfer_id, custom) values('InternalTransaction', 372, -32.27, 2404.78, '', '2010-02-28', 'Transfer to Eating Out', 'null', false, '', '', 2, 1, 'fc2c577c-332d-30df-a717-abc36d2b6434', 229, 1212, false);
insert into Split (id, amount, uuid, envelope_id, transaction_id) values(373, -32.27, 'e851e2fe-5bb8-3408-9824-65f263421fb3', 292, 372);
insert into Transaction (DTYPE, id, amount, balance, checkNo, date, description, externalId, initialBalance, memo, ref, status, type, uuid, account_id, transfer_id, custom) values('InternalTransaction', 374, -74.99, 1426.70, '', '2009-12-21', 'QWEST 8004238994 AUTO PAY', '200912211', false, 'PPD ID: ATPPHX6005', '', 2, 1, 'ce692cbd-c8d5-35aa-b843-288f81680cf8', 229, null, false);
insert into Split (id, amount, uuid, envelope_id, transaction_id) values(375, -74.99, '0233cc1b-ec3d-3cb7-856f-61465d9aec69', 262, 374);
insert into Transaction (DTYPE, id, amount, balance, checkNo, date, description, externalId, initialBalance, memo, ref, status, type, uuid, account_id, transfer_id, custom) values('InternalTransaction', 376, -142.12, 1135.04, '', '2010-02-16', 'Transfer to New Car', 'null', false, '', '', 0, 1, 'dd938d7b-921b-38b9-aba4-cd78ad58befd', 229, 2116, false);
insert into Split (id, amount, uuid, envelope_id, transaction_id) values(377, -142.12, '8f1a6ab2-4a57-3b2f-9997-325d6c1c187d', 292, 376);
insert into Transaction (DTYPE, id, amount, balance, checkNo, date, description, externalId, initialBalance, memo, ref, status, type, uuid, account_id, transfer_id, custom) values('InternalTransaction', 378, -26.05, 2580.58, '', '2010-04-19', 'CALIFORNIA PIZZA 172 CHA', '201004195', false, '04/17CALIFORNI', '', 2, 1, '3261adf8-9931-328e-9611-21c3e6f1724c', 229, null, false);
insert into Split (id, amount, uuid, envelope_id, transaction_id) values(379, -26.05, '87580c43-addb-36be-97e6-a5968a1feaf3', 295, 378);
insert into Transaction (DTYPE, id, amount, balance, checkNo, date, description, externalId, initialBalance, memo, ref, status, type, uuid, account_id, transfer_id, custom) values('InternalTransaction', 380, 37.50, 4488.18, '', '2010-03-19', 'Transfer from Available', 'null', false, '', '', 2, 0, '3b783068-5321-376d-8eb9-eb1457f21966', 229, 3025, false);
insert into Split (id, amount, uuid, envelope_id, transaction_id) values(381, 37.50, '8e691c42-3d19-3996-90ac-84947fc95ba8', 268, 380);
insert into Transaction (DTYPE, id, amount, balance, checkNo, date, description, externalId, initialBalance, memo, ref, status, type, uuid, account_id, transfer_id, custom) values('InternalTransaction', 382, -6.17, 0.00, '', '2010-03-16', 'Transfer to Available', 'null', false, '', '', 2, 1, 'c106553d-f7c0-374e-8503-7a7c38c45dbe', 228, 2971, false);
insert into Split (id, amount, uuid, envelope_id, transaction_id) values(383, -6.17, 'b6de9f4d-35e5-3e92-bc9b-76ee3f763039', 277, 382);
insert into Transaction (DTYPE, id, amount, balance, checkNo, date, description, externalId, initialBalance, memo, ref, status, type, uuid, account_id, transfer_id, custom) values('InternalTransaction', 384, -40.79, 4718.35, '', '2010-02-19', 'Transfer to Directv', 'null', false, '', '', 2, 1, '207ffa48-8389-3c43-9044-54dae4994b50', 229, 2460, false);
insert into Split (id, amount, uuid, envelope_id, transaction_id) values(385, -40.79, '5a5195f7-9701-3798-ba71-d2f826fd6fb6', 292, 384);
insert into Transaction (DTYPE, id, amount, balance, checkNo, date, description, externalId, initialBalance, memo, ref, status, type, uuid, account_id, transfer_id, custom) values('InternalTransaction', 386, -14.50, 0.00, '', '2010-03-27', 'Transfer to Coffee', 'null', false, '', '', 2, 1, '314ff84a-ccf4-3b72-ac8b-56a8231e0a86', 228, 2929, false);
insert into Split (id, amount, uuid, envelope_id, transaction_id) values(387, -14.50, '2f5661bd-37ce-3797-be36-7a1331e78a64', 252, 386);
insert into Transaction (DTYPE, id, amount, balance, checkNo, date, description, externalId, initialBalance, memo, ref, status, type, uuid, account_id, transfer_id, custom) values('InternalTransaction', 388, 25.00, 2049.23, '', '2010-04-02', 'Transfer from Available', 'null', false, '', '', 2, 0, 'c4656076-7544-3c65-9f41-8568f2189c69', 229, 1196, false);
insert into Split (id, amount, uuid, envelope_id, transaction_id) values(389, 25.00, 'a27b7b50-692d-3b27-a959-19b26f1b04f7', 239, 388);
insert into Transaction (DTYPE, id, amount, balance, checkNo, date, description, externalId, initialBalance, memo, ref, status, type, uuid, account_id, transfer_id, custom) values('InternalTransaction', 390, -5.77, 5826.90, '', '2010-03-05', 'Transfer to Auto Registration', 'null', false, '', '', 2, 1, 'c50e2586-d8d7-34df-800a-ad985976d7dd', 229, 1812, false);
insert into Split (id, amount, uuid, envelope_id, transaction_id) values(391, -5.77, '29b756c8-0dea-3df9-bf5e-a46cd9c74cbc', 292, 390);
insert into Transaction (DTYPE, id, amount, balance, checkNo, date, description, externalId, initialBalance, memo, ref, status, type, uuid, account_id, transfer_id, custom) values('InternalTransaction', 392, -9.81, 1957.14, '', '2010-01-04', 'QDOBA 428 11404282 P', '201001048', false, '01/02QDOBA 428', '', 2, 1, 'a8a2bb9b-21a5-378a-a36a-e41baa66a2f9', 229, null, false);
insert into Split (id, amount, uuid, envelope_id, transaction_id) values(393, -9.81, '170feadf-72cd-3150-816d-14129588cb67', 295, 392);
insert into Transaction (DTYPE, id, amount, balance, checkNo, date, description, externalId, initialBalance, memo, ref, status, type, uuid, account_id, transfer_id, custom) values('InternalTransaction', 394, -3.68, 667.58, '', '2010-01-05', 'ARCO PAYPOINT 2942 128231', '201001054', false, '01/04ARCO PAYP', '', 2, 1, '616a842d-78e0-3a44-8db3-18f0fd4d0aa8', 229, null, false);
insert into Split (id, amount, uuid, envelope_id, transaction_id) values(395, -3.68, '4ce4e002-98db-3afe-9944-6ce828e48b72', 252, 394);
insert into Transaction (DTYPE, id, amount, balance, checkNo, date, description, externalId, initialBalance, memo, ref, status, type, uuid, account_id, transfer_id, custom) values('InternalTransaction', 396, -1.04, 0.00, '', '2010-03-16', 'Transfer to Hair Services', 'null', false, '', '', 2, 1, 'a24e64d1-6dfe-39e9-9668-9bf2297add35', 228, 702, false);
insert into Split (id, amount, uuid, envelope_id, transaction_id) values(397, -1.04, '3eeaf9fc-47fe-33c7-8f9f-54c25bc2bb54', 252, 396);
insert into Transaction (DTYPE, id, amount, balance, checkNo, date, description, externalId, initialBalance, memo, ref, status, type, uuid, account_id, transfer_id, custom) values('InternalTransaction', 398, -21.65, 879.26, '', '2010-03-03', 'PETSMART INC 1120 PHOENI354136', '201003033', false, '03/02PETSMART', '', 2, 1, 'c42e1ccb-f218-3719-b8d0-04aab99a7705', 229, null, false);
insert into Split (id, amount, uuid, envelope_id, transaction_id) values(399, -21.65, '8b7caf9b-5fa2-3c0f-91de-f26338900e20', 244, 398);
insert into Transaction (DTYPE, id, amount, balance, checkNo, date, description, externalId, initialBalance, memo, ref, status, type, uuid, account_id, transfer_id, custom) values('InternalTransaction', 400, 25.00, 364.29, '', '2010-04-29', 'Transfer from Available', 'null', false, '', '', 2, 0, 'aab09919-6061-3aa2-ad56-f7c6f11134e4', 229, 516, false);
insert into Split (id, amount, uuid, envelope_id, transaction_id) values(401, 25.00, '44efd70a-ef93-31f4-a4f5-47e4acbd75c6', 286, 400);
insert into Transaction (DTYPE, id, amount, balance, checkNo, date, description, externalId, initialBalance, memo, ref, status, type, uuid, account_id, transfer_id, custom) values('InternalTransaction', 404, 111.32, 111.32, '', '2010-03-12', 'Transfer from Available', 'null', false, '', '', 2, 0, 'eb526cec-27d5-3a81-bee9-dbdeea63eddd', 228, 966, false);
insert into Split (id, amount, uuid, envelope_id, transaction_id) values(405, 111.32, '3f049195-1cc6-34cd-936a-a966e9c68b50', 252, 404);
insert into Transaction (DTYPE, id, amount, balance, checkNo, date, description, externalId, initialBalance, memo, ref, status, type, uuid, account_id, transfer_id, custom) values('InternalTransaction', 402, -275.00, 4107.60, '271', '2010-03-22', 'SRP', '201003224', false, '', '', 2, 1, '05a8a8f7-aea6-3ea5-953a-8325902218d0', 229, null, false);
insert into Split (id, amount, uuid, envelope_id, transaction_id) values(403, -275.00, 'd314c41a-e6a3-351d-b294-2d8b08412266', 248, 402);
insert into Transaction (DTYPE, id, amount, balance, checkNo, date, description, externalId, initialBalance, memo, ref, status, type, uuid, account_id, transfer_id, custom) values('InternalTransaction', 406, -80.00, 4027.60, '270', '2010-03-22', 'Annette Trijillo', '201003228', false, '', '', 2, 1, 'c2ee8ea6-f8d0-3297-9af4-74f51c296fc0', 229, null, false);
insert into Split (id, amount, uuid, envelope_id, transaction_id) values(407, -80.00, 'a8d79b96-178e-3afb-b1c3-5e2f3e624f05', 261, 406);
insert into Transaction (DTYPE, id, amount, balance, checkNo, date, description, externalId, initialBalance, memo, ref, status, type, uuid, account_id, transfer_id, custom) values('InternalTransaction', 408, -242.28, 2404.78, '', '2010-02-28', 'Transfer to Unassigned', 'null', false, '', '', 2, 1, '2e8a02c6-a235-358f-80d3-d44d7ed29aa8', 229, 1276, false);
insert into Split (id, amount, uuid, envelope_id, transaction_id) values(409, -242.28, '283a92bf-fc56-3aa8-bc91-4131a70990d5', 292, 408);
insert into Transaction (DTYPE, id, amount, balance, checkNo, date, description, externalId, initialBalance, memo, ref, status, type, uuid, account_id, transfer_id, custom) values('InternalTransaction', 410, -601.56, 1954.12, '', '2010-04-05', 'HSBC CARD SRVCS Online Pmt 0000', '201004057', false, '00551258007 WEB ID: 2000000510', '', 2, 1, '8bc7cc08-60be-39d5-8452-785769f02f20', 229, null, false);
insert into Split (id, amount, uuid, envelope_id, transaction_id) values(411, -601.56, '072e6c2f-b42b-3368-986d-3f3a955e7805', 242, 410);
insert into Transaction (DTYPE, id, amount, balance, checkNo, date, description, externalId, initialBalance, memo, ref, status, type, uuid, account_id, transfer_id, custom) values('InternalTransaction', 412, 981.06, 981.06, '', '2010-03-05', 'Transfer from Available', 'null', false, '', '', 2, 0, '8a48aaa9-b4b7-3aab-8915-a61293c8d35b', 228, 2546, false);
insert into Split (id, amount, uuid, envelope_id, transaction_id) values(413, 981.06, 'e6fd450c-9022-35ef-b632-005921a8faaf', 242, 412);
insert into Transaction (DTYPE, id, amount, balance, checkNo, date, description, externalId, initialBalance, memo, ref, status, type, uuid, account_id, transfer_id, custom) values('InternalTransaction', 414, -20.00, 2279.59, '', '2009-12-31', 'ATM WITHDRAWAL 004827', '200912310', false, '12/317801 N 19', '', 2, 1, '8b67ca16-382f-3503-a176-7046c6788842', 229, null, false);
insert into Split (id, amount, uuid, envelope_id, transaction_id) values(415, -20.00, '8afdd328-7e1f-32cc-9995-770028c607f2', 276, 414);
insert into Transaction (DTYPE, id, amount, balance, checkNo, date, description, externalId, initialBalance, memo, ref, status, type, uuid, account_id, transfer_id, custom) values('InternalTransaction', 416, -38.17, 3292.48, '', '2009-11-23', 'CHEVRON 00210124 PHOENIX', '200911235', false, '11/19CHEVRON 0', '', 2, 1, '27483ee8-c15f-37b5-916c-a2f1f2952476', 229, null, false);
insert into Split (id, amount, uuid, envelope_id, transaction_id) values(417, -38.17, 'c5bb48da-c55e-39b6-84d4-a2870bdfbbdb', 253, 416);
insert into Transaction (DTYPE, id, amount, balance, checkNo, date, description, externalId, initialBalance, memo, ref, status, type, uuid, account_id, transfer_id, custom) values('InternalTransaction', 420, 15.82, 15.82, '', '2010-03-09', 'Transfer from Spending', 'null', false, '', '', 2, 0, '5f893664-a2b5-3946-8f4b-5cb011c25192', 228, 3085, false);
insert into Split (id, amount, uuid, envelope_id, transaction_id) values(421, 15.82, 'de166233-ce1d-326d-a4a8-22ba9504ed85', 265, 420);
insert into Transaction (DTYPE, id, amount, balance, checkNo, date, description, externalId, initialBalance, memo, ref, status, type, uuid, account_id, transfer_id, custom) values('InternalTransaction', 418, -16.76, 4322.72, '', '2009-12-14', 'FRYS FOOD & DRUG 1815 G 464587', '2009121418', false, '12/12FRYS FOOD', '', 2, 1, 'db3cd748-cbd2-3e48-85ae-9d13f42fa529', 229, null, false);
insert into Split (id, amount, uuid, envelope_id, transaction_id) values(419, -16.76, 'ff8af77d-b833-3b0a-b033-67092837f8e3', 238, 418);
insert into Transaction (DTYPE, id, amount, balance, checkNo, date, description, externalId, initialBalance, memo, ref, status, type, uuid, account_id, transfer_id, custom) values('InternalTransaction', 422, -13.99, 5255.96, '', '2010-02-19', 'Transfer to Arrowhead Water', 'null', false, '', '', 2, 1, '3cf16e87-99a6-3bc7-a3d7-c1ec2adeb01f', 229, 778, false);
insert into Split (id, amount, uuid, envelope_id, transaction_id) values(423, -13.99, '01cefa84-f5cc-3b51-bb12-75ca3fa2576f', 292, 422);
insert into Transaction (DTYPE, id, amount, balance, checkNo, date, description, externalId, initialBalance, memo, ref, status, type, uuid, account_id, transfer_id, custom) values('InternalTransaction', 424, -5.61, 0.00, '', '2010-03-16', 'Transfer to Fast Food', 'null', false, '', '', 2, 1, 'c3137f1c-7822-3cee-93af-dbd450f850f0', 228, 324, false);
insert into Split (id, amount, uuid, envelope_id, transaction_id) values(425, -5.61, '464b32b6-201c-36e2-8352-a096da279a04', 252, 424);
insert into Transaction (DTYPE, id, amount, balance, checkNo, date, description, externalId, initialBalance, memo, ref, status, type, uuid, account_id, transfer_id, custom) values('InternalTransaction', 426, -247.41, 6169.66, '', '2010-02-16', 'Transfer to Medical', 'null', false, '', '', 0, 1, '5dfaffb4-bbc2-3602-8f98-1381d9165eb8', 229, 2228, false);
insert into Split (id, amount, uuid, envelope_id, transaction_id) values(427, -247.41, '78c57dca-8da7-382e-a52e-a8967da2a185', 292, 426);
insert into Transaction (DTYPE, id, amount, balance, checkNo, date, description, externalId, initialBalance, memo, ref, status, type, uuid, account_id, transfer_id, custom) values('InternalTransaction', 428, -2.11, 2606.63, '', '2010-04-19', 'STARBUCKS USA 00119842 C', '201004194', false, '04/17STARBUCKS', '', 2, 1, 'e0e66a45-a0a3-3259-8a60-9c2b18f57bfe', 229, null, false);
insert into Split (id, amount, uuid, envelope_id, transaction_id) values(429, -2.11, '4beef8c6-a0c1-3614-b057-6c05cc0ec09e', 252, 428);
insert into Transaction (DTYPE, id, amount, balance, checkNo, date, description, externalId, initialBalance, memo, ref, status, type, uuid, account_id, transfer_id, custom) values('InternalTransaction', 430, 2000.00, 6450.68, '', '2010-03-20', 'Unicon', '201003260', false, '', '', 2, 0, '63eb20a8-c53d-364d-8446-3019c5582769', 229, null, false);
insert into Split (id, amount, uuid, envelope_id, transaction_id) values(431, 2000.00, '4c940503-d786-3364-ab7c-76c8e806d672', 292, 430);
insert into Transaction (DTYPE, id, amount, balance, checkNo, date, description, externalId, initialBalance, memo, ref, status, type, uuid, account_id, transfer_id, custom) values('InternalTransaction', 432, -268.53, 2905.98, '', '2009-12-14', 'APPLE STORE #R031 PHOENI', '200912144', false, '12/12APPLE STO', '', 2, 1, 'ac653db4-d520-3f70-80f9-fa5a04c1123a', 229, null, false);
insert into Split (id, amount, uuid, envelope_id, transaction_id) values(433, -268.53, 'e2a36fbc-d8ea-3bf5-9619-d9b5d78ed15a', 249, 432);
insert into Transaction (DTYPE, id, amount, balance, checkNo, date, description, externalId, initialBalance, memo, ref, status, type, uuid, account_id, transfer_id, custom) values('InternalTransaction', 434, -59.92, 2774.05, '', '2009-12-28', 'SPROUTS FARMERS MKT #7 P058032', '200912284', false, '12/26SPROUTS F', '', 2, 1, '37d27e53-7f10-3c01-809f-636554d60e56', 229, null, false);
insert into Split (id, amount, uuid, envelope_id, transaction_id) values(435, -59.92, 'e20a80ff-c639-34a7-80f4-284dea9f2b7e', 238, 434);
insert into Transaction (DTYPE, id, amount, balance, checkNo, date, description, externalId, initialBalance, memo, ref, status, type, uuid, account_id, transfer_id, custom) values('InternalTransaction', 436, -80.00, 2342.59, '266', '2010-02-23', 'Annette Trijillo', '201002231', false, '', '', 2, 1, '33d37297-bc05-3c0b-8084-e6ad0c01b5ee', 229, null, false);
insert into Split (id, amount, uuid, envelope_id, transaction_id) values(437, -80.00, 'f05ee4d2-6671-3343-baed-40a41489daaa', 261, 436);
insert into Transaction (DTYPE, id, amount, balance, checkNo, date, description, externalId, initialBalance, memo, ref, status, type, uuid, account_id, transfer_id, custom) values('InternalTransaction', 438, 4.84, 4.84, '', '2010-03-20', 'Transfer from Available', 'null', false, '', '', 2, 0, '7a0c5138-5a16-375f-8846-70cf22c31685', 228, 2182, false);
insert into Split (id, amount, uuid, envelope_id, transaction_id) values(439, 4.84, 'f45585c2-1948-3c8c-a589-53e4f239cf08', 246, 438);
insert into Transaction (DTYPE, id, amount, balance, checkNo, date, description, externalId, initialBalance, memo, ref, status, type, uuid, account_id, transfer_id, custom) values('InternalTransaction', 444, -7.87, 2609.85, '', '2010-04-19', 'HAP''S BBQ QPS P', '201004192', false, '04/16HAP''S BBQ', '', 2, 1, 'c9840d85-74f9-320a-a3e1-c3277cf25128', 229, null, false);
insert into Split (id, amount, uuid, envelope_id, transaction_id) values(445, -7.87, '70c6620c-14cc-3040-affb-9a35bd083a95', 295, 444);
insert into Transaction (DTYPE, id, amount, balance, checkNo, date, description, externalId, initialBalance, memo, ref, status, type, uuid, account_id, transfer_id, custom) values('InternalTransaction', 442, 154.66, 2203.89, '', '2010-04-02', 'Transfer from Available', 'null', false, '', '', 2, 0, 'ddfd5ada-9a1a-31ae-9787-50e74aad3864', 229, 2030, false);
insert into Split (id, amount, uuid, envelope_id, transaction_id) values(443, 154.66, '611de68c-cb69-32fd-ad3f-d258031e9057', 267, 442);
insert into Transaction (DTYPE, id, amount, balance, checkNo, date, description, externalId, initialBalance, memo, ref, status, type, uuid, account_id, transfer_id, custom) values('InternalTransaction', 440, -17.50, 1248.18, '', '2010-02-15', 'DEER VALLEY 30', '201002171', false, '', '', 2, 1, '67d64c0b-a94f-3c90-b1b5-3017c5ca0863', 229, null, false);
insert into Split (id, amount, uuid, envelope_id, transaction_id) values(441, -17.50, 'bc79bd31-61b7-3435-95c9-f88f87aea6f5', 284, 440);
insert into Transaction (DTYPE, id, amount, balance, checkNo, date, description, externalId, initialBalance, memo, ref, status, type, uuid, account_id, transfer_id, custom) values('InternalTransaction', 446, -20.00, 0.00, '', '2010-03-13', 'Transfer to Rental', 'null', false, '', '', 2, 1, '22d3714f-081c-3af6-8152-68db2ac2082f', 228, 2146, false);
insert into Split (id, amount, uuid, envelope_id, transaction_id) values(447, -20.00, '9366107b-2a23-3240-a98a-47f60051c2fa', 252, 446);
insert into Transaction (DTYPE, id, amount, balance, checkNo, date, description, externalId, initialBalance, memo, ref, status, type, uuid, account_id, transfer_id, custom) values('InternalTransaction', 448, 1.25, 1214.85, '', '2010-02-16', 'Transfer from Available', 'null', false, '', '', 0, 0, '487c1842-4ab8-3645-adf6-2d67a63d83b4', 229, 2188, false);
insert into Split (id, amount, uuid, envelope_id, transaction_id) values(449, 1.25, 'afcd1fb8-00ae-3012-be49-0bcaae09d070', 270, 448);
insert into Transaction (DTYPE, id, amount, balance, checkNo, date, description, externalId, initialBalance, memo, ref, status, type, uuid, account_id, transfer_id, custom) values('InternalTransaction', 450, 308.00, 1522.85, '', '2010-02-16', 'Transfer from Available', 'null', false, '', '', 0, 0, '58ec0b4e-82a6-39d9-b9c2-63b7479fe0cd', 229, 350, false);
insert into Split (id, amount, uuid, envelope_id, transaction_id) values(451, 308.00, 'b32b8f73-1233-35f3-9d71-c0a0540b88bf', 258, 450);
insert into Transaction (DTYPE, id, amount, balance, checkNo, date, description, externalId, initialBalance, memo, ref, status, type, uuid, account_id, transfer_id, custom) values('InternalTransaction', 452, -20.41, 1265.68, '', '2010-02-15', 'QMG GLENDALE', '201002164', false, '', '', 2, 1, '0461b615-3de8-329c-96c4-a3a3916be869', 229, null, false);
insert into Split (id, amount, uuid, envelope_id, transaction_id) values(453, -20.41, '0078c0ce-80c0-3a1d-a37b-92453e675789', 252, 452);
insert into Transaction (DTYPE, id, amount, balance, checkNo, date, description, externalId, initialBalance, memo, ref, status, type, uuid, account_id, transfer_id, custom) values('InternalTransaction', 454, -23.57, null, '', '2010-04-16', 'THAI ELEPHANT BISTRO TEM', '201004161', false, '04/15THAI ELEP', '', 2, 1, '69ca8a61-73aa-3a37-9f3b-0f4c0d2bd401', 229, null, false);
insert into Split (id, amount, uuid, envelope_id, transaction_id) values(455, -23.57, 'd4550700-e438-3f60-a170-41086243cca3', 295, 454);
insert into Transaction (DTYPE, id, amount, balance, checkNo, date, description, externalId, initialBalance, memo, ref, status, type, uuid, account_id, transfer_id, custom) values('InternalTransaction', 458, -2.04, 4345.94, '', '2010-03-29', 'DUNKIN #347629 Q35 T', '2010032912', false, '03/27DUNKIN #3', '', 2, 1, 'e7013370-0349-36c8-a902-c869386934df', 229, null, false);
insert into Split (id, amount, uuid, envelope_id, transaction_id) values(459, -2.04, 'de1838b3-9b24-32cf-9240-0e1b2cb78d8f', 270, 458);
insert into Transaction (DTYPE, id, amount, balance, checkNo, date, description, externalId, initialBalance, memo, ref, status, type, uuid, account_id, transfer_id, custom) values('InternalTransaction', 456, 2472.97, 2472.97, '', '2010-04-16', 'Transfer from Unassigned', 'null', false, '', '', 2, 0, 'e837d382-74e1-3e3d-8bc0-cbb12b483e9d', 228, 2909, false);
insert into Split (id, amount, uuid, envelope_id, transaction_id) values(457, 2472.97, 'f9233430-30f4-3b50-a488-8b8713dd6a4d', 292, 456);
insert into Transaction (DTYPE, id, amount, balance, checkNo, date, description, externalId, initialBalance, memo, ref, status, type, uuid, account_id, transfer_id, custom) values('InternalTransaction', 460, -13.61, 3398.23, '', '2010-02-08', 'BOSTON MARKET #272 PHOEN', '2010020810', false, '02/05BOSTON MA', '', 2, 1, 'd74cca7a-7eae-329f-aa3d-9a3dc846d96d', 229, null, false);
insert into Split (id, amount, uuid, envelope_id, transaction_id) values(461, -13.61, '4aeea29a-7d75-31b3-8522-bc7a8b4eafe4', 295, 460);
insert into Transaction (DTYPE, id, amount, balance, checkNo, date, description, externalId, initialBalance, memo, ref, status, type, uuid, account_id, transfer_id, custom) values('InternalTransaction', 468, 40.00, 2243.89, '', '2010-04-02', 'Transfer from Available', 'null', false, '', '', 2, 0, '759b234c-94b8-3712-9f9b-5121cb18553c', 229, 2298, false);
insert into Split (id, amount, uuid, envelope_id, transaction_id) values(469, 40.00, 'bd0c7f78-43a5-3e7e-85d2-9620c4e11a49', 253, 468);
insert into Transaction (DTYPE, id, amount, balance, checkNo, date, description, externalId, initialBalance, memo, ref, status, type, uuid, account_id, transfer_id, custom) values('InternalTransaction', 466, -158.09, 1068.41, '', '2009-12-24', 'EMPIRE PLUMBING PHOENIX', '200912240', false, '12/23EMPIRE PL', '', 2, 1, '8baaa1ad-b241-3cdc-b188-dae9da5bebed', 229, null, false);
insert into Split (id, amount, uuid, envelope_id, transaction_id) values(467, -158.09, '00174a50-fa6d-30f0-878b-6b103f051f7c', 239, 466);
insert into Transaction (DTYPE, id, amount, balance, checkNo, date, description, externalId, initialBalance, memo, ref, status, type, uuid, account_id, transfer_id, custom) values('InternalTransaction', 464, 35.97, 1171.01, '', '2010-02-16', 'Transfer from Available', 'null', false, '', '', 0, 0, '87698d32-d698-324d-9240-0a9e0d1a6b42', 229, 474, false);
insert into Split (id, amount, uuid, envelope_id, transaction_id) values(465, 35.97, 'b558b536-b74f-3cce-bbde-2ae718d1e582', 263, 464);
insert into Transaction (DTYPE, id, amount, balance, checkNo, date, description, externalId, initialBalance, memo, ref, status, type, uuid, account_id, transfer_id, custom) values('InternalTransaction', 462, 14.99, 14.99, '', '2010-04-13', 'Transfer from Spending', 'null', false, '', '', 2, 0, '8541ac69-896a-302d-9bd6-f67773573974', 228, 1736, false);
insert into Split (id, amount, uuid, envelope_id, transaction_id) values(463, 14.99, '9446f0c8-f401-33f3-a3b9-47b655191df5', 292, 462);
insert into Transaction (DTYPE, id, amount, balance, checkNo, date, description, externalId, initialBalance, memo, ref, status, type, uuid, account_id, transfer_id, custom) values('InternalTransaction', 472, 21.51, 21.51, '', '2010-03-03', 'Transfer from Unassigned', 'null', false, '', '', 2, 0, 'cfcfea2e-e211-3a38-908b-f487eb1e78e4', 228, 2024, false);
insert into Split (id, amount, uuid, envelope_id, transaction_id) values(473, 21.51, '9f02347a-90af-3fed-a43c-fefb8f7a3525', 292, 472);
insert into Transaction (DTYPE, id, amount, balance, checkNo, date, description, externalId, initialBalance, memo, ref, status, type, uuid, account_id, transfer_id, custom) values('InternalTransaction', 470, 3163.64, 4328.53, '', '2010-02-16', 'Transfer from Available', 'null', false, '', '', 0, 0, '73b85c71-cd56-3d03-a570-929d1aef7383', 229, 2620, false);
insert into Split (id, amount, uuid, envelope_id, transaction_id) values(471, 3163.64, '565a3432-0851-3470-a7b7-6845c6bd9333', 231, 470);
insert into Transaction (DTYPE, id, amount, balance, checkNo, date, description, externalId, initialBalance, memo, ref, status, type, uuid, account_id, transfer_id, custom) values('InternalTransaction', 474, -35.97, 1135.04, '', '2010-02-16', 'Transfer to Me.com', 'null', false, '', '', 0, 1, '2eff2fd3-56b6-3c82-9ca8-8a1b31cf8458', 229, 464, false);
insert into Split (id, amount, uuid, envelope_id, transaction_id) values(475, -35.97, '4fd3d88c-1cc6-3571-b7e0-621ff91a67fa', 292, 474);
insert into Transaction (DTYPE, id, amount, balance, checkNo, date, description, externalId, initialBalance, memo, ref, status, type, uuid, account_id, transfer_id, custom) values('InternalTransaction', 476, -3.04, 1425.41, '', '2010-02-11', 'QT 400 TEMPE AZ 069918', '201002114', false, '02/10QT 400 TE', '', 2, 1, '66b66886-cd05-312a-996f-141869d47960', 229, null, false);
insert into Split (id, amount, uuid, envelope_id, transaction_id) values(477, -3.04, '2ba8f75b-b2d7-3c0a-9b09-33e29d99144e', 252, 476);
insert into Transaction (DTYPE, id, amount, balance, checkNo, date, description, externalId, initialBalance, memo, ref, status, type, uuid, account_id, transfer_id, custom) values('InternalTransaction', 480, -3.73, 989.12, '', '2009-11-09', 'SPROUTS FARMERS MKT # 0 862544', '200911099', false, '11/07SPROUTS F', '', 2, 1, '55d604bf-7cdb-3926-a8da-7adfc06971a7', 229, null, false);
insert into Split (id, amount, uuid, envelope_id, transaction_id) values(481, -3.73, '25a824af-edd1-3885-a013-e03dca9aa469', 238, 480);
insert into Transaction (DTYPE, id, amount, balance, checkNo, date, description, externalId, initialBalance, memo, ref, status, type, uuid, account_id, transfer_id, custom) values('InternalTransaction', 478, -180.25, 5968.44, '', '2010-02-16', 'Transfer to Movie Theatre', 'null', false, '', '', 0, 1, '42bc531d-fcec-378b-85cd-3fcf19919a7d', 229, 2176, false);
insert into Split (id, amount, uuid, envelope_id, transaction_id) values(479, -180.25, '18472912-ea20-3073-ae15-f736591ef5f4', 292, 478);
insert into Transaction (DTYPE, id, amount, balance, checkNo, date, description, externalId, initialBalance, memo, ref, status, type, uuid, account_id, transfer_id, custom) values('InternalTransaction', 484, 22.76, 2350.35, '', '2010-02-23', 'Transfer from Available', 'null', false, '', '', 2, 0, '17f0a19d-ed97-3f34-a206-058cb808ade1', 229, 362, false);
insert into Split (id, amount, uuid, envelope_id, transaction_id) values(485, 22.76, '5ccfa328-aa49-3cb3-842d-562eb103b25c', 239, 484);
insert into Transaction (DTYPE, id, amount, balance, checkNo, date, description, externalId, initialBalance, memo, ref, status, type, uuid, account_id, transfer_id, custom) values('InternalTransaction', 482, -10.57, 3239.24, '', '2009-11-23', 'QDOBA 428 11404282 P', '200911239', false, '11/21QDOBA 428', '', 2, 1, 'f2c3f433-f7f2-30d1-b74a-51b38baf8a3a', 229, null, false);
insert into Split (id, amount, uuid, envelope_id, transaction_id) values(483, -10.57, '34e54b76-8dc7-395c-9908-c81ab170a7dc', 295, 482);
insert into Transaction (DTYPE, id, amount, balance, checkNo, date, description, externalId, initialBalance, memo, ref, status, type, uuid, account_id, transfer_id, custom) values('InternalTransaction', 486, 25.00, 2888.27, '', '2010-04-16', 'Transfer from Available', 'null', false, '', '', 2, 0, 'a40bea26-6215-37dd-9a73-3260f3574ade', 229, 2410, false);
insert into Split (id, amount, uuid, envelope_id, transaction_id) values(487, 25.00, '172d23aa-d932-35a1-84a9-eea7713748c3', 286, 486);
insert into Transaction (DTYPE, id, amount, balance, checkNo, date, description, externalId, initialBalance, memo, ref, status, type, uuid, account_id, transfer_id, custom) values('InternalTransaction', 488, -5.13, 1211.15, '', '2010-04-26', 'IN-N-OUT BURGERS TEMPE A', '201004265', false, '04/24IN-N-OUT', '', 1, 1, '4522946a-07a7-368f-848b-98753d79d82c', 229, null, false);
insert into Split (id, amount, uuid, envelope_id, transaction_id) values(489, -5.13, '75711276-2091-3adc-a9a8-be64b508b7e0', 246, 488);
insert into Transaction (DTYPE, id, amount, balance, checkNo, date, description, externalId, initialBalance, memo, ref, status, type, uuid, account_id, transfer_id, custom) values('InternalTransaction', 490, -7.30, 1813.82, '', '2010-03-11', 'Transfer to Fast Food', 'null', false, '', '', 2, 1, 'a4119044-86e7-3bed-8587-c2541011f3f3', 229, 1974, false);
insert into Split (id, amount, uuid, envelope_id, transaction_id) values(491, -7.30, '28f73c19-5063-3d29-bea7-2f81ba9da764', 292, 490);
insert into Transaction (DTYPE, id, amount, balance, checkNo, date, description, externalId, initialBalance, memo, ref, status, type, uuid, account_id, transfer_id, custom) values('InternalTransaction', 492, -260.00, 2310.88, '', '2010-01-11', 'ATM WITHDRAWAL 001807', '201001112', false, '01/093150 E IN', '', 2, 1, 'e10c928a-1f63-3799-919a-870680f69c34', 229, null, false);
insert into Split (id, amount, uuid, envelope_id, transaction_id) values(493, -260.00, '5da597d3-da72-3496-bfd6-0b44458f71d3', 276, 492);
insert into Transaction (DTYPE, id, amount, balance, checkNo, date, description, externalId, initialBalance, memo, ref, status, type, uuid, account_id, transfer_id, custom) values('InternalTransaction', 494, -75.30, 1906.98, '', '2009-11-06', 'WAL-MART #2113 CHRISTOWN872646', '200911060', false, '11/05WAL-MART', '', 2, 1, 'b0a68e34-1622-3cf8-8748-4be089f4d012', 229, null, false);
insert into Split (id, amount, uuid, envelope_id, transaction_id) values(495, -75.30, 'b62616c3-3ebc-3fab-aa49-8e9b6f9793a2', 239, 494);
insert into Transaction (DTYPE, id, amount, balance, checkNo, date, description, externalId, initialBalance, memo, ref, status, type, uuid, account_id, transfer_id, custom) values('InternalTransaction', 496, -56.51, 650.05, '', '2010-04-16', 'Transfer to Household', 'null', false, '', '', 2, 1, '2c09931f-a026-360c-a6bc-b88a6182cb19', 229, 1960, false);
insert into Split (id, amount, uuid, envelope_id, transaction_id) values(497, -56.51, '54e30680-5f46-354a-bb29-6877b64d9f9c', 292, 496);
insert into Transaction (DTYPE, id, amount, balance, checkNo, date, description, externalId, initialBalance, memo, ref, status, type, uuid, account_id, transfer_id, custom) values('InternalTransaction', 498, -2.70, 1123.35, '', '2009-11-09', 'EINSTEIN BROS #2021 PHOE', '2009110910', false, '11/07EINSTEIN', '', 2, 1, 'ec4600e2-b56f-3e98-a792-0d6ab6cd8d0a', 229, null, false);
insert into Split (id, amount, uuid, envelope_id, transaction_id) values(499, -2.70, '6fd331ea-04a0-3680-8c0c-283a745ba13d', 295, 498);
insert into Transaction (DTYPE, id, amount, balance, checkNo, date, description, externalId, initialBalance, memo, ref, status, type, uuid, account_id, transfer_id, custom) values('InternalTransaction', 500, 240.57, 4161.84, '', '2010-03-05', 'Transfer from Available', 'null', false, '', '', 2, 0, 'a73b0284-9940-3325-b49d-ecaa2681b346', 229, 2232, false);
insert into Split (id, amount, uuid, envelope_id, transaction_id) values(501, 240.57, '9ce32a53-ef6e-3de0-835e-1b06680a7674', 242, 500);
insert into Transaction (DTYPE, id, amount, balance, checkNo, date, description, externalId, initialBalance, memo, ref, status, type, uuid, account_id, transfer_id, custom) values('InternalTransaction', 502, -34.92, 3611.83, '', '2010-02-05', 'QT 440 PHOENIX AZ 148215', '201002051', false, '02/04QT 440 PH', '', 2, 1, '584a5fe3-7da7-345b-a699-87ef3d491df8', 229, null, false);
insert into Split (id, amount, uuid, envelope_id, transaction_id) values(503, -34.92, '3f0088a1-6982-3503-85ba-2c6ce7fb0b77', 252, 502);
insert into Transaction (DTYPE, id, amount, balance, checkNo, date, description, externalId, initialBalance, memo, ref, status, type, uuid, account_id, transfer_id, custom) values('InternalTransaction', 504, -56.23, 2152.73, '', '2010-02-01', 'SPROUTS FARMERS MKT #7 P074710', '201002011', false, '01/31SPROUTS F', '', 2, 1, '5cad3bab-fb5f-3808-aebc-6c69a8f018be', 229, null, false);
insert into Split (id, amount, uuid, envelope_id, transaction_id) values(505, -56.23, '12a56a28-2473-3725-a5e7-23cc61696f83', 238, 504);
insert into Transaction (DTYPE, id, amount, balance, checkNo, date, description, externalId, initialBalance, memo, ref, status, type, uuid, account_id, transfer_id, custom) values('InternalTransaction', 506, -10.41, 2600.26, '', '2010-01-11', 'PAPA JOHN''S #1507 TEMPE', '2010011112', false, '01/08PAPA JOHN', '', 2, 1, 'a6e42512-e202-3019-b17d-25bf175857d5', 229, null, false);
insert into Split (id, amount, uuid, envelope_id, transaction_id) values(507, -10.41, '262d8cf3-c47e-3715-8976-38ce5f40baf7', 246, 506);
insert into Transaction (DTYPE, id, amount, balance, checkNo, date, description, externalId, initialBalance, memo, ref, status, type, uuid, account_id, transfer_id, custom) values('InternalTransaction', 508, 19.40, 3146.99, '', '2010-02-20', 'Transfer from Available', 'null', false, '', '', 2, 0, '6fc565f7-5117-3a48-acd5-47b14845218d', 229, 2933, false);
insert into Split (id, amount, uuid, envelope_id, transaction_id) values(509, 19.40, '9f95fd9d-9387-3c19-bb37-e0d6bdc8b95c', 239, 508);
insert into Transaction (DTYPE, id, amount, balance, checkNo, date, description, externalId, initialBalance, memo, ref, status, type, uuid, account_id, transfer_id, custom) values('InternalTransaction', 510, -11.64, 2415.94, '', '2009-12-29', 'SPROUTS FARMERS MKT #7 P469290', '200912294', false, '12/28SPROUTS F', '', 2, 1, '9aa60952-5ce2-3e86-a2e9-244324423927', 229, null, false);
insert into Split (id, amount, uuid, envelope_id, transaction_id) values(511, -11.64, '7b6b2520-fd7a-3e4e-a47c-c50d022ebbab', 238, 510);
insert into Transaction (DTYPE, id, amount, balance, checkNo, date, description, externalId, initialBalance, memo, ref, status, type, uuid, account_id, transfer_id, custom) values('InternalTransaction', 512, -34.99, 2818.64, '', '2010-02-08', '24HR FITNESS DUES 800-43', '201002087', false, '02/0524HR FITN', '', 2, 1, '1773fd90-c44f-33db-b412-f6feb2352589', 229, null, false);
insert into Split (id, amount, uuid, envelope_id, transaction_id) values(513, -34.99, 'df6ba242-60be-38d2-82ad-da7870502d1b', 271, 512);
insert into Transaction (DTYPE, id, amount, balance, checkNo, date, description, externalId, initialBalance, memo, ref, status, type, uuid, account_id, transfer_id, custom) values('InternalTransaction', 514, 462.58, 6283.23, '', '2010-02-16', 'Transfer from Available', 'null', false, '', '', 0, 0, 'dc57837f-393a-36b7-8766-c57ac4694c95', 229, 1738, false);
insert into Split (id, amount, uuid, envelope_id, transaction_id) values(515, 462.58, '43eeeeed-7e40-3b1c-9d2e-ce8d50384ab0', 236, 514);
insert into Transaction (DTYPE, id, amount, balance, checkNo, date, description, externalId, initialBalance, memo, ref, status, type, uuid, account_id, transfer_id, custom) values('InternalTransaction', 516, -25.00, 339.29, '', '2010-04-29', 'Transfer to Medical', 'null', false, '', '', 2, 1, 'ec8280dd-bc7f-3d23-b87b-38e7fe4f321a', 229, 400, false);
insert into Split (id, amount, uuid, envelope_id, transaction_id) values(517, -25.00, '2d488562-da05-303b-90b9-9d38e5f2f202', 292, 516);
insert into Transaction (DTYPE, id, amount, balance, checkNo, date, description, externalId, initialBalance, memo, ref, status, type, uuid, account_id, transfer_id, custom) values('InternalTransaction', 518, 15.95, 2259.84, '', '2010-04-02', 'Transfer from Available', 'null', false, '', '', 2, 0, '22286522-f836-3576-80ed-41072715bd33', 229, 552, false);
insert into Split (id, amount, uuid, envelope_id, transaction_id) values(519, 15.95, '74133d34-6efb-3d5f-9ed9-836d3916e5b4', 233, 518);
insert into Transaction (DTYPE, id, amount, balance, checkNo, date, description, externalId, initialBalance, memo, ref, status, type, uuid, account_id, transfer_id, custom) values('InternalTransaction', 520, -80.00, 1583.02, '275', '2010-04-19', 'Annette Trijillo', '201004199', false, '', '', 2, 1, '93f290ed-bcec-371b-ade7-57fdf9158c1e', 229, null, false);
insert into Split (id, amount, uuid, envelope_id, transaction_id) values(521, -80.00, '4f5f3be5-a75f-3727-9130-64fc9856e294', 261, 520);
insert into Transaction (DTYPE, id, amount, balance, checkNo, date, description, externalId, initialBalance, memo, ref, status, type, uuid, account_id, transfer_id, custom) values('InternalTransaction', 522, -96.28, 4292.69, '', '2009-11-30', 'PETSMART INC 1120 PHOENI', '200911302', false, '11/27PETSMART Purcha', '', 2, 1, '70ce501c-483c-382f-8fe9-71cf50b8ae76', 229, null, false);
insert into Split (id, amount, uuid, envelope_id, transaction_id) values(523, -96.28, 'e3ffb33a-70b7-378a-bd79-1a04891f721b', 244, 522);
insert into Transaction (DTYPE, id, amount, balance, checkNo, date, description, externalId, initialBalance, memo, ref, status, type, uuid, account_id, transfer_id, custom) values('InternalTransaction', 524, -960.74, 4976.55, '', '2010-03-20', 'STAGE 1 FURNITURE', '201003222', false, '', '', 2, 1, '5595dbdc-718c-3540-bd6a-82f28b97422e', 229, null, false);
insert into Split (id, amount, uuid, envelope_id, transaction_id) values(525, -960.74, '2d9178b8-5de0-3ea8-b1bf-adf5ca33d8d8', 248, 524);
insert into Transaction (DTYPE, id, amount, balance, checkNo, date, description, externalId, initialBalance, memo, ref, status, type, uuid, account_id, transfer_id, custom) values('InternalTransaction', 526, -160.00, 0.00, '', '2010-03-05', 'Transfer to Rental', 'null', false, '', '', 2, 1, 'a3fd029e-f96f-3237-bdfb-b4b9afa78972', 228, 1756, false);
insert into Split (id, amount, uuid, envelope_id, transaction_id) values(527, -160.00, '48e71e9b-37d7-3c12-bbf7-84b526d1135c', 239, 526);
insert into Transaction (DTYPE, id, amount, balance, checkNo, date, description, externalId, initialBalance, memo, ref, status, type, uuid, account_id, transfer_id, custom) values('InternalTransaction', 528, -76.90, 2447.87, '268', '2010-02-26', 'Dr Bowley', '201002262', false, '', '', 2, 1, '839fb6a4-1d61-3356-8539-a22a820802bd', 229, null, false);
insert into Split (id, amount, uuid, envelope_id, transaction_id) values(529, -76.90, 'dd4d281c-6217-3302-938a-a541bfb6825b', 286, 528);
insert into Transaction (DTYPE, id, amount, balance, checkNo, date, description, externalId, initialBalance, memo, ref, status, type, uuid, account_id, transfer_id, custom) values('InternalTransaction', 530, -4.13, 5228.20, '', '2010-03-19', 'Transfer to Me.com', 'null', false, '', '', 2, 1, 'b158e4f1-fd1d-314e-9c72-88b58afb7fa9', 229, 2118, false);
insert into Split (id, amount, uuid, envelope_id, transaction_id) values(531, -4.13, 'c791e2af-f0cc-3c60-abcc-a1d2a49f40d5', 292, 530);
insert into Transaction (DTYPE, id, amount, balance, checkNo, date, description, externalId, initialBalance, memo, ref, status, type, uuid, account_id, transfer_id, custom) values('InternalTransaction', 532, -21.95, 17063.05, '', '2010-02-16', 'Transfer to Car Wash', 'null', false, '', '', 0, 1, 'da388fca-96da-37e8-8e7d-c1a2242b8bed', 229, 3011, false);
insert into Split (id, amount, uuid, envelope_id, transaction_id) values(533, -21.95, 'dc68f36b-3235-379c-af53-96b75cd772b7', 292, 532);
insert into Transaction (DTYPE, id, amount, balance, checkNo, date, description, externalId, initialBalance, memo, ref, status, type, uuid, account_id, transfer_id, custom) values('InternalTransaction', 534, 0.22, 0.22, '', '2010-04-02', 'Transfer from Available', 'null', false, '', '', 2, 0, 'dd72dbb1-79e3-3c48-a25f-a9b39404db22', 228, 1450, false);
insert into Split (id, amount, uuid, envelope_id, transaction_id) values(535, 0.22, 'c8fc4942-03c9-366e-a8c3-f9b5d8c1e2a3', 238, 534);
insert into Transaction (DTYPE, id, amount, balance, checkNo, date, description, externalId, initialBalance, memo, ref, status, type, uuid, account_id, transfer_id, custom) values('InternalTransaction', 536, -43.83, 1606.71, '', '2010-03-15', 'WALGREEN COMPANY SEC OF 722642', '201003151', false, '03/13WALGREEN', '', 2, 1, '6bee7162-2e5f-384a-9a5f-2611e099ab8a', 229, null, false);
insert into Split (id, amount, uuid, envelope_id, transaction_id) values(537, -43.83, 'a4d0f62c-716a-34d8-8b2a-4b58b20429ae', 277, 536);
insert into Transaction (DTYPE, id, amount, balance, checkNo, date, description, externalId, initialBalance, memo, ref, status, type, uuid, account_id, transfer_id, custom) values('InternalTransaction', 538, 54.38, 54.38, '', '2010-03-27', 'Transfer from Unassigned', 'null', false, '', '', 2, 0, 'e6334591-65ec-3c06-b333-485953729dfa', 228, 2596, false);
insert into Split (id, amount, uuid, envelope_id, transaction_id) values(539, 54.38, '8aa28a00-f3a6-310e-9a71-44673c228ab5', 292, 538);
insert into Transaction (DTYPE, id, amount, balance, checkNo, date, description, externalId, initialBalance, memo, ref, status, type, uuid, account_id, transfer_id, custom) values('InternalTransaction', 540, 10.85, 10.85, '', '2010-04-29', 'Transfer from VW Credit', 'null', false, '', '', 2, 0, 'e3751458-2119-37a2-af9e-8f678cbddc06', 228, 1292, false);
insert into Split (id, amount, uuid, envelope_id, transaction_id) values(541, 10.85, 'b34d0693-fd90-3b54-b057-d6b8a34a2b7c', 239, 540);
insert into Transaction (DTYPE, id, amount, balance, checkNo, date, description, externalId, initialBalance, memo, ref, status, type, uuid, account_id, transfer_id, custom) values('InternalTransaction', 542, 6.47, 2894.74, '', '2010-04-16', 'Transfer from Available', 'null', false, '', '', 2, 0, '73197e67-0bff-3aec-8048-ab769795a210', 229, 824, false);
insert into Split (id, amount, uuid, envelope_id, transaction_id) values(543, 6.47, 'ea15a97d-fc08-377c-b825-9b01bf630edf', 272, 542);
insert into Transaction (DTYPE, id, amount, balance, checkNo, date, description, externalId, initialBalance, memo, ref, status, type, uuid, account_id, transfer_id, custom) values('InternalTransaction', 544, -0.29, 1255.82, '', '2010-04-26', 'TD AMERITRADE ACH RECAPT aZ9P', '2010042611', false, 'TQCCTR WEB ID: W470533629', '', 1, 1, '606b8465-6475-3e97-b68f-6c013f124645', 229, null, false);
insert into Split (id, amount, uuid, envelope_id, transaction_id) values(545, -0.29, 'b91b180f-5192-3cb8-8d77-1d037a712bfc', 252, 544);
insert into Transaction (DTYPE, id, amount, balance, checkNo, date, description, externalId, initialBalance, memo, ref, status, type, uuid, account_id, transfer_id, custom) values('InternalTransaction', 546, -128.89, 2521.48, '', '2009-12-29', 'WALGREENS #6400 PHOENIX', '200912290', false, '12/28WALGREENS', '', 2, 1, '4d0f6b7e-3e6d-3f19-b774-61d5ee4d9b67', 229, null, false);
insert into Split (id, amount, uuid, envelope_id, transaction_id) values(547, -128.89, '05cf315a-69ea-3bd2-a693-c4ec63c909cd', 277, 546);
insert into Transaction (DTYPE, id, amount, balance, checkNo, date, description, externalId, initialBalance, memo, ref, status, type, uuid, account_id, transfer_id, custom) values('InternalTransaction', 548, -150.00, 4172.90, '', '2010-02-19', 'Transfer to Groceries', 'null', false, '', '', 2, 1, 'a7dd0afa-a8dc-3093-bca9-4995754fa517', 229, 3033, false);
insert into Split (id, amount, uuid, envelope_id, transaction_id) values(549, -150.00, '16b321a6-7000-3c46-9ce4-0d39f584189b', 292, 548);
insert into Transaction (DTYPE, id, amount, balance, checkNo, date, description, externalId, initialBalance, memo, ref, status, type, uuid, account_id, transfer_id, custom) values('InternalTransaction', 550, 2.74, 2.74, '', '2010-04-16', 'Transfer from Taxes', 'null', false, '', '', 2, 0, '70535660-2020-39f9-a52f-4030a028ff03', 228, 1024, false);
insert into Split (id, amount, uuid, envelope_id, transaction_id) values(551, 2.74, '8edbd9ed-014a-3e7f-a770-8c47b0f46f2e', 243, 550);
insert into Transaction (DTYPE, id, amount, balance, checkNo, date, description, externalId, initialBalance, memo, ref, status, type, uuid, account_id, transfer_id, custom) values('InternalTransaction', 552, -15.95, 2516.37, '', '2010-04-02', 'Transfer to Sirius', 'null', false, '', '', 2, 1, '598fbe1b-20f4-3033-9f92-a4215a14b1b7', 229, 518, false);
insert into Split (id, amount, uuid, envelope_id, transaction_id) values(553, -15.95, '66a76736-a358-3ca7-a673-f311b08119e8', 292, 552);
insert into Transaction (DTYPE, id, amount, balance, checkNo, date, description, externalId, initialBalance, memo, ref, status, type, uuid, account_id, transfer_id, custom) values('InternalTransaction', 554, -325.00, 4677.61, '', '2009-11-30', 'A SMOOTH MOVE PEORIA AZ', '200911300', false, '11/28A SMOOTH', '', 2, 1, '49f753a8-4813-3b09-a374-b247afd9b5b7', 229, null, false);
insert into Split (id, amount, uuid, envelope_id, transaction_id) values(555, -325.00, '949a2a6b-caf4-38b7-af35-684029354b9c', 248, 554);
insert into Transaction (DTYPE, id, amount, balance, checkNo, date, description, externalId, initialBalance, memo, ref, status, type, uuid, account_id, transfer_id, custom) values('InternalTransaction', 556, 53.92, 53.92, '', '2010-04-21', 'Transfer from Unassigned', 'null', false, '', '', 2, 0, '4b2be3b9-0985-3899-8964-3e43ca06e84f', 228, 2012, false);
insert into Split (id, amount, uuid, envelope_id, transaction_id) values(557, 53.92, '242cdab6-8d5c-39d4-b59a-4ef36730a132', 292, 556);
insert into Transaction (DTYPE, id, amount, balance, checkNo, date, description, externalId, initialBalance, memo, ref, status, type, uuid, account_id, transfer_id, custom) values('InternalTransaction', 558, -6.99, 2201.81, '', '2010-03-08', 'GOLDEN RICE EXPRESS PHOE', '201003089', false, '03/07GOLDEN RI', '', 2, 1, 'c150e155-0f7e-3ef2-a2b4-3277c0018fdb', 229, null, false);
insert into Split (id, amount, uuid, envelope_id, transaction_id) values(559, -6.99, '16f942b0-eac7-3de3-a590-7e284cfe335b', 295, 558);
insert into Transaction (DTYPE, id, amount, balance, checkNo, date, description, externalId, initialBalance, memo, ref, status, type, uuid, account_id, transfer_id, custom) values('InternalTransaction', 560, -0.00, 3815.26, '', '2010-02-19', 'Transfer to Rent', 'null', false, '', '', 2, 1, '02fe4a46-5380-3ee8-ab53-83022c1765e2', 229, 3097, false);
insert into Split (id, amount, uuid, envelope_id, transaction_id) values(561, -0.00, '6d1af99a-ac17-377f-993d-df38fd99f53a', 292, 560);
insert into Transaction (DTYPE, id, amount, balance, checkNo, date, description, externalId, initialBalance, memo, ref, status, type, uuid, account_id, transfer_id, custom) values('InternalTransaction', 562, -21.00, 4460.51, '', '2009-11-30', 'MOVIETICKETS COM 888-440', '2009113011', false, '11/27MOVIETICK', '', 2, 1, '7e31d6d0-a6de-375c-bf3e-93fea57cea9b', 229, null, false);
insert into Split (id, amount, uuid, envelope_id, transaction_id) values(563, -21.00, '21249b55-b3a9-307b-90dd-f9db81ef4d95', 284, 562);
insert into Transaction (DTYPE, id, amount, balance, checkNo, date, description, externalId, initialBalance, memo, ref, status, type, uuid, account_id, transfer_id, custom) values('InternalTransaction', 564, -17.50, 5269.95, '', '2010-02-19', 'Transfer to 24 Hour Fitness', 'null', false, '', '', 2, 1, '04be4a2c-0be9-3d69-8de8-e88b6a878cc5', 229, 2905, false);
insert into Split (id, amount, uuid, envelope_id, transaction_id) values(565, -17.50, '4382b0c7-05fd-3319-8472-a8118beba1d0', 292, 564);
insert into Transaction (DTYPE, id, amount, balance, checkNo, date, description, externalId, initialBalance, memo, ref, status, type, uuid, account_id, transfer_id, custom) values('InternalTransaction', 566, 54.48, 54.48, '', '2010-03-23', 'Transfer from Available', 'null', false, '', '', 2, 0, 'fbb5d012-555b-3cb6-8d32-5693fdd150b7', 228, 1878, false);
insert into Split (id, amount, uuid, envelope_id, transaction_id) values(567, 54.48, 'b4077bd7-f50a-3cc5-b13f-d4ab88f49d07', 295, 566);
insert into Transaction (DTYPE, id, amount, balance, checkNo, date, description, externalId, initialBalance, memo, ref, status, type, uuid, account_id, transfer_id, custom) values('InternalTransaction', 568, -12.00, 4339.06, '', '2009-11-18', 'MASSAGE ENVY 0020 602-22', '200911182', false, '11/16MASSAGE E', '', 2, 1, '8989713e-adaa-3909-837e-9391d504dcf4', 229, null, false);
insert into Split (id, amount, uuid, envelope_id, transaction_id) values(569, -12.00, '9a412d61-cf53-383d-b980-428c28a70111', 279, 568);
insert into Transaction (DTYPE, id, amount, balance, checkNo, date, description, externalId, initialBalance, memo, ref, status, type, uuid, account_id, transfer_id, custom) values('InternalTransaction', 570, -21.82, 0.00, '', '2010-03-16', 'Transfer to Eating Out', 'null', false, '', '', 2, 1, '43f322ab-aa3f-3341-85e0-14c80e81b233', 228, 1706, false);
insert into Split (id, amount, uuid, envelope_id, transaction_id) values(571, -21.82, 'cab2debd-cbbb-37b8-924b-8f01c7871b14', 252, 570);
insert into Transaction (DTYPE, id, amount, balance, checkNo, date, description, externalId, initialBalance, memo, ref, status, type, uuid, account_id, transfer_id, custom) values('InternalTransaction', 572, -19.44, 1293.41, '', '2010-04-07', 'CVS 09205 09205--802 SO 402547', '201004072', false, '04/06CVS 09205', '', 2, 1, 'd561b7e7-e875-3a86-b254-fc9c7ed73464', 229, null, false);
insert into Split (id, amount, uuid, envelope_id, transaction_id) values(573, -19.44, '984fdb0f-cf00-355a-90aa-d2337fff8fb7', 286, 572);
insert into Transaction (DTYPE, id, amount, balance, checkNo, date, description, externalId, initialBalance, memo, ref, status, type, uuid, account_id, transfer_id, custom) values('InternalTransaction', 574, -31.10, 1435.04, '', '2010-04-06', 'Transfer to Groceries', 'null', false, '', '', 2, 1, 'e2abc76f-3a4a-3b4e-bc95-1aeb2aa619ba', 229, 2450, false);
insert into Split (id, amount, uuid, envelope_id, transaction_id) values(575, -31.10, 'e0a15420-82f3-3b0a-b79a-909010261c59', 292, 574);
insert into Transaction (DTYPE, id, amount, balance, checkNo, date, description, externalId, initialBalance, memo, ref, status, type, uuid, account_id, transfer_id, custom) values('InternalTransaction', 576, -3.89, 0.00, '', '2010-04-13', 'Transfer to Available', 'null', false, '', '', 2, 1, '95778d36-6fb4-32ef-8058-29c302302e62', 228, 952, false);
insert into Split (id, amount, uuid, envelope_id, transaction_id) values(577, -3.89, 'd13f13b5-f4a4-3bf3-ae25-51b040d691e2', 231, 576);
insert into Transaction (DTYPE, id, amount, balance, checkNo, date, description, externalId, initialBalance, memo, ref, status, type, uuid, account_id, transfer_id, custom) values('InternalTransaction', 578, -21.39, 548.63, '', '2009-11-12', 'GYROS HOUSE PHOENIX AZ', '200911122', false, '11/09GYROS HOU', '', 2, 1, '04474457-2609-321c-a417-5df8c360a1cf', 229, null, false);
insert into Split (id, amount, uuid, envelope_id, transaction_id) values(579, -21.39, '1d2359c5-8dd4-399f-977d-320b21176798', 295, 578);
insert into Transaction (DTYPE, id, amount, balance, checkNo, date, description, externalId, initialBalance, memo, ref, status, type, uuid, account_id, transfer_id, custom) values('InternalTransaction', 580, 14.95, 14.95, '', '2010-03-17', 'Transfer from Available', 'null', false, '', '', 2, 0, '0bdda44d-8f94-3a33-a55f-85f6d1be05c4', 228, 2274, false);
insert into Split (id, amount, uuid, envelope_id, transaction_id) values(581, 14.95, '28bd414a-8507-3e33-8d77-9a8c9ee25e8f', 273, 580);
insert into Transaction (DTYPE, id, amount, balance, checkNo, date, description, externalId, initialBalance, memo, ref, status, type, uuid, account_id, transfer_id, custom) values('InternalTransaction', 582, -30.00, 1438.43, '', '2010-02-11', 'BRENT D SLOTEN DO PLLC M', '201002112', false, '02/10BRENT D S', '', 2, 1, '2bfe4fdc-1d4d-32b0-9057-ad2eacb123a7', 229, null, false);
insert into Split (id, amount, uuid, envelope_id, transaction_id) values(583, -30.00, '8aa7a173-f1f6-3266-b62e-a6466d309a06', 286, 582);
insert into Transaction (DTYPE, id, amount, balance, checkNo, date, description, externalId, initialBalance, memo, ref, status, type, uuid, account_id, transfer_id, custom) values('InternalTransaction', 584, 2224.63, 3475.70, '', '2009-10-30', 'VILLAGE VOICE ME DIRECT DEP', '200910300', false, 'PPD ID: 9111111101', '', 2, 0, '78ede73d-b486-3445-9807-6b30d4cf6545', 229, null, false);
insert into Split (id, amount, uuid, envelope_id, transaction_id) values(585, 2224.63, 'ff4d33b6-ac84-3d44-adc3-0606067a0adc', 292, 584);
insert into Transaction (DTYPE, id, amount, balance, checkNo, date, description, externalId, initialBalance, memo, ref, status, type, uuid, account_id, transfer_id, custom) values('InternalTransaction', 586, -23.79, 4030.46, '', '2009-11-30', 'FRYS FOOD & DRUG 1815 G 425763', '200911309', false, '11/28FRYS FOOD', '', 2, 1, '952bd10b-4fe3-3f8f-8d45-c0fe7a4e1457', 229, null, false);
insert into Split (id, amount, uuid, envelope_id, transaction_id) values(587, -23.79, 'fa4e7794-631d-35e9-a9cc-45ce70f69897', 238, 586);
insert into Transaction (DTYPE, id, amount, balance, checkNo, date, description, externalId, initialBalance, memo, ref, status, type, uuid, account_id, transfer_id, custom) values('InternalTransaction', 588, 345.10, 3682.18, '', '2010-02-19', 'Transfer from Available', 'null', false, '', '', 2, 0, '9fd32b60-1895-3e3a-ada9-c46387218f51', 229, 1742, false);
insert into Split (id, amount, uuid, envelope_id, transaction_id) values(589, 345.10, 'cd48fa00-58d3-394b-88ee-1ccfefb261ee', 242, 588);
insert into Transaction (DTYPE, id, amount, balance, checkNo, date, description, externalId, initialBalance, memo, ref, status, type, uuid, account_id, transfer_id, custom) values('InternalTransaction', 590, -114.68, 5778.76, '', '2010-02-16', 'Transfer to Pet', 'null', false, '', '', 0, 1, 'fa0479ed-10b5-318e-ac7c-41f46825bd75', 229, 2384, false);
insert into Split (id, amount, uuid, envelope_id, transaction_id) values(591, -114.68, 'adb8e93e-7382-3e16-a2ba-3cbfa2474b55', 292, 590);
insert into Transaction (DTYPE, id, amount, balance, checkNo, date, description, externalId, initialBalance, memo, ref, status, type, uuid, account_id, transfer_id, custom) values('InternalTransaction', 592, -10.29, 1468.30, '', '2010-04-06', 'Transfer to Eating Out', 'null', false, '', '', 2, 1, '6221942f-d28d-3346-ada5-522d58db8d55', 229, 1134, false);
insert into Split (id, amount, uuid, envelope_id, transaction_id) values(593, -10.29, '3abf1f0a-7173-3c1a-8684-6106df2315a9', 292, 592);
insert into Transaction (DTYPE, id, amount, balance, checkNo, date, description, externalId, initialBalance, memo, ref, status, type, uuid, account_id, transfer_id, custom) values('InternalTransaction', 594, -308.00, 4382.60, '', '2010-03-22', 'IRS USATAXPYMT 2700', '201003223', false, '48100303847 WEB ID: 3387702000', '', 2, 1, '2c4adf85-4d2c-387f-87f4-02b7f09a9678', 229, null, false);
insert into Split (id, amount, uuid, envelope_id, transaction_id) values(595, -308.00, '656b5578-5177-3732-9060-c6620f2e22de', 275, 594);
insert into Transaction (DTYPE, id, amount, balance, checkNo, date, description, externalId, initialBalance, memo, ref, status, type, uuid, account_id, transfer_id, custom) values('InternalTransaction', 596, -163.00, 4688.94, '', '2010-03-05', 'Transfer to Lofts @ Arcadia', 'null', false, '', '', 2, 1, '812797d7-c22e-3803-83ae-ab406d46fcee', 229, 2008, false);
insert into Split (id, amount, uuid, envelope_id, transaction_id) values(597, -163.00, '9bc236e1-d25c-3dea-b966-870db1ace0f3', 292, 596);
insert into Transaction (DTYPE, id, amount, balance, checkNo, date, description, externalId, initialBalance, memo, ref, status, type, uuid, account_id, transfer_id, custom) values('InternalTransaction', 598, -100.49, 3904.86, '', '2010-03-30', 'Transfer to Household', 'null', false, '', '', 2, 1, 'ffa942e0-c131-37fc-a57a-1ce1c8ab0ee4', 229, 2873, false);
insert into Split (id, amount, uuid, envelope_id, transaction_id) values(599, -100.49, 'eb0a65dd-06ee-32fd-bc31-693fe2ebdfdd', 292, 598);
insert into Transaction (DTYPE, id, amount, balance, checkNo, date, description, externalId, initialBalance, memo, ref, status, type, uuid, account_id, transfer_id, custom) values('InternalTransaction', 600, 306.49, 6589.72, '', '2010-02-16', 'Transfer from Available', 'null', false, '', '', 0, 0, 'a1ab906a-cb74-3dca-8498-625ef0f8b36c', 229, 1628, false);
insert into Split (id, amount, uuid, envelope_id, transaction_id) values(601, 306.49, 'cd04eca4-0f8e-3694-a9b7-46bba9766afa', 253, 600);
insert into Transaction (DTYPE, id, amount, balance, checkNo, date, description, externalId, initialBalance, memo, ref, status, type, uuid, account_id, transfer_id, custom) values('InternalTransaction', 602, -16.41, 2650.37, '', '2009-12-28', 'FAST EDDIE''S DINER PHOEN', '200912289', false, '12/24FAST EDDI', '', 2, 1, '9b5c97e5-1519-32d6-82b5-66cdc9ea472d', 229, null, false);
insert into Split (id, amount, uuid, envelope_id, transaction_id) values(603, -16.41, 'b060e189-cf0b-32bc-af7d-36e486bceced', 295, 602);
insert into Transaction (DTYPE, id, amount, balance, checkNo, date, description, externalId, initialBalance, memo, ref, status, type, uuid, account_id, transfer_id, custom) values('InternalTransaction', 604, 35.51, 2930.25, '', '2010-04-16', 'Transfer from Available', 'null', false, '', '', 2, 0, 'f65272cf-b94d-359e-b318-5dde44335387', 229, 2813, false);
insert into Split (id, amount, uuid, envelope_id, transaction_id) values(605, 35.51, '6dc80c3b-b5dc-3b7d-ae1b-674661af7e4e', 245, 604);
insert into Transaction (DTYPE, id, amount, balance, checkNo, date, description, externalId, initialBalance, memo, ref, status, type, uuid, account_id, transfer_id, custom) values('InternalTransaction', 606, 640.00, 7229.72, '', '2010-02-16', 'Transfer from Available', 'null', false, '', '', 0, 0, '2c0cf281-9bdd-38eb-85dd-9bd213cc1795', 229, 2600, false);
insert into Split (id, amount, uuid, envelope_id, transaction_id) values(607, 640.00, '0cfbc82d-b564-34bc-ad0d-eef6d4696ed4', 261, 606);
insert into Transaction (DTYPE, id, amount, balance, checkNo, date, description, externalId, initialBalance, memo, ref, status, type, uuid, account_id, transfer_id, custom) values('InternalTransaction', 608, -175.00, 3005.20, '', '2009-12-28', 'IRS USATAXPYMT 2709', '200912281', false, '76200168759 WEB ID: 3387702000', '', 2, 1, '9198e0ca-ae87-304c-a9d2-0a9fe2619eda', 229, null, false);
insert into Split (id, amount, uuid, envelope_id, transaction_id) values(609, -175.00, '34d1ff24-6008-3f57-a19b-896b6303a21f', 275, 608);
insert into Transaction (DTYPE, id, amount, balance, checkNo, date, description, externalId, initialBalance, memo, ref, status, type, uuid, account_id, transfer_id, custom) values('InternalTransaction', 610, 2024.23, 2024.23, '', '2010-04-02', 'Meltmedia', '201004020', false, '', '', 2, 0, '5db4e16e-143b-3629-8a13-d3abdf07f139', 229, null, false);
insert into Split (id, amount, uuid, envelope_id, transaction_id) values(611, 2024.23, '5b49bd10-7fb5-3546-a2b3-5c7bb01e961f', 292, 610);
insert into Transaction (DTYPE, id, amount, balance, checkNo, date, description, externalId, initialBalance, memo, ref, status, type, uuid, account_id, transfer_id, custom) values('InternalTransaction', 612, -35.00, 1135.04, '', '2010-02-15', 'SPROUTS', '201002162', false, '', '', 2, 1, 'ef9d4b7a-c831-3c58-be55-7028ea3a0667', 229, null, false);
insert into Split (id, amount, uuid, envelope_id, transaction_id) values(613, -35.00, '06b87523-3164-3566-b08f-914837e5be19', 238, 612);
insert into Transaction (DTYPE, id, amount, balance, checkNo, date, description, externalId, initialBalance, memo, ref, status, type, uuid, account_id, transfer_id, custom) values('InternalTransaction', 614, -17.80, 2324.11, '', '2009-12-30', 'QDOBA 428 11404282 P', '200912301', false, '12/28QDOBA 428', '', 2, 1, '363d9849-5043-396f-a2bc-54bf93dcae6b', 229, null, false);
insert into Split (id, amount, uuid, envelope_id, transaction_id) values(615, -17.80, '77e31830-1d8a-3011-83a7-d91f3f5c774d', 295, 614);
insert into Transaction (DTYPE, id, amount, balance, checkNo, date, description, externalId, initialBalance, memo, ref, status, type, uuid, account_id, transfer_id, custom) values('InternalTransaction', 616, -0.00, 2596.96, '', '2010-04-02', 'Transfer to Massage Envy', 'null', false, '', '', 2, 1, '17fb5af5-01bf-3708-b9d3-6d078191a963', 229, 1090, false);
insert into Split (id, amount, uuid, envelope_id, transaction_id) values(617, -0.00, '44e6b026-7787-3ca6-9111-5967103e3437', 292, 616);
insert into Transaction (DTYPE, id, amount, balance, checkNo, date, description, externalId, initialBalance, memo, ref, status, type, uuid, account_id, transfer_id, custom) values('InternalTransaction', 618, -175.00, 3217.75, '', '2010-02-08', 'IRS USATAXPYMT 2700', '201002082', false, '43900902209 WEB ID: 3387702000', '', 2, 1, '6cbaa71f-5a9c-3262-a794-350777164849', 229, null, false);
insert into Split (id, amount, uuid, envelope_id, transaction_id) values(619, -175.00, 'ae4a2bee-d93c-3436-bc90-f396d4863140', 275, 618);
insert into Transaction (DTYPE, id, amount, balance, checkNo, date, description, externalId, initialBalance, memo, ref, status, type, uuid, account_id, transfer_id, custom) values('InternalTransaction', 620, -4.05, 1204.99, '', '2010-03-17', 'Transfer to Directv', 'null', false, '', '', 2, 1, '8a2b74a7-4f2e-30fc-a028-721e4499bb25', 229, 1750, false);
insert into Split (id, amount, uuid, envelope_id, transaction_id) values(621, -4.05, '4729c9d3-9015-3f18-b5b7-933091eaf9d5', 292, 620);
insert into Transaction (DTYPE, id, amount, balance, checkNo, date, description, externalId, initialBalance, memo, ref, status, type, uuid, account_id, transfer_id, custom) values('InternalTransaction', 622, -12.95, 3499.60, '', '2010-03-30', 'TIV*TIVO', '201004021', false, '', '', 2, 1, '00e6ae71-4c2a-3e89-929f-f3144dff3ea8', 229, null, false);
insert into Split (id, amount, uuid, envelope_id, transaction_id) values(623, -12.95, 'd15e327e-a745-32a3-8528-1c1eea0dcf36', 272, 622);
insert into Transaction (DTYPE, id, amount, balance, checkNo, date, description, externalId, initialBalance, memo, ref, status, type, uuid, account_id, transfer_id, custom) values('InternalTransaction', 624, -2.03, null, '', '2010-04-16', 'QT 429 TEMPE AZ 787747', '201004162', false, '04/15QT 429 TE', '', 2, 1, '2759032f-564c-390e-acbd-ba9f4a15eff3', 229, null, false);
insert into Split (id, amount, uuid, envelope_id, transaction_id) values(625, -2.03, '02466026-dbec-3d2d-9895-4bb6f879f49b', 252, 624);
insert into Transaction (DTYPE, id, amount, balance, checkNo, date, description, externalId, initialBalance, memo, ref, status, type, uuid, account_id, transfer_id, custom) values('InternalTransaction', 626, -10.29, 2635.56, '', '2010-04-05', 'PEI WEI #0002 Q02 P', '201004055', false, '04/03PEI WEI #', '', 2, 1, 'c088d699-6b21-3c5e-9288-94c07606adfe', 229, null, false);
insert into Split (id, amount, uuid, envelope_id, transaction_id) values(627, -10.29, '5afc405e-c7f3-3e9f-acda-bd9e115e64b2', 295, 626);
insert into Transaction (DTYPE, id, amount, balance, checkNo, date, description, externalId, initialBalance, memo, ref, status, type, uuid, account_id, transfer_id, custom) values('InternalTransaction', 628, -6.55, 0.00, '', '2010-02-25', 'Transfer to Fast Food', 'null', false, '', '', 2, 1, 'ad49f9e3-b0e9-35a2-8e09-2aea83217771', 228, 1542, false);
insert into Split (id, amount, uuid, envelope_id, transaction_id) values(629, -6.55, '9dc9c959-b7aa-373a-b1c4-db15a78af2f7', 252, 628);
insert into Transaction (DTYPE, id, amount, balance, checkNo, date, description, externalId, initialBalance, memo, ref, status, type, uuid, account_id, transfer_id, custom) values('InternalTransaction', 630, -129.01, null, '', '2010-04-02', 'VZWRLSS*APOCC VISW 800-9', '201004024', false, '04/01VZWRLSS*A', '', 2, 1, 'c72923ed-d943-3282-9f46-825969d76098', 229, null, false);
insert into Split (id, amount, uuid, envelope_id, transaction_id) values(631, -129.01, 'ed499b11-70cb-3e2e-839a-c1518092afe7', 236, 630);
insert into Transaction (DTYPE, id, amount, balance, checkNo, date, description, externalId, initialBalance, memo, ref, status, type, uuid, account_id, transfer_id, custom) values('InternalTransaction', 632, 492.22, 1627.26, '', '2010-02-16', 'Transfer from Available', 'null', false, '', '', 0, 0, 'a2747f43-5e82-3c6f-847f-1c4fce1c96ca', 229, 2270, false);
insert into Split (id, amount, uuid, envelope_id, transaction_id) values(633, 492.22, '9b08996e-41a6-3779-b9e8-c4591d2dd1d8', 277, 632);
insert into Transaction (DTYPE, id, amount, balance, checkNo, date, description, externalId, initialBalance, memo, ref, status, type, uuid, account_id, transfer_id, custom) values('InternalTransaction', 634, -100.00, 5586.60, '', '2009-12-11', 'WITHDRAWAL', '200912112', false, '', '', 2, 1, '86c07a9a-1cf6-375d-bc6c-45d67d39dc04', 229, null, false);
insert into Split (id, amount, uuid, envelope_id, transaction_id) values(635, -100.00, '30979e22-6ee4-3eb1-ab68-5842c50de815', 252, 634);
insert into Transaction (DTYPE, id, amount, balance, checkNo, date, description, externalId, initialBalance, memo, ref, status, type, uuid, account_id, transfer_id, custom) values('InternalTransaction', 636, 0.00, 2259.84, '', '2010-04-02', 'Transfer from Available', 'null', false, '', '', 2, 1, '7de8aa03-74eb-3e3f-97f3-c1c22230303f', 229, 990, false);
insert into Split (id, amount, uuid, envelope_id, transaction_id) values(637, 0.00, '1e3c7d9d-5045-35ca-8c32-94b0f94851d7', 266, 636);
insert into Transaction (DTYPE, id, amount, balance, checkNo, date, description, externalId, initialBalance, memo, ref, status, type, uuid, account_id, transfer_id, custom) values('InternalTransaction', 638, -53.92, 1502.31, '', '2010-04-21', 'Transfer to Unassigned', 'null', false, '', '', 2, 1, '22f1635f-9815-3c66-bc31-66d520babccd', 229, 912, false);
insert into Split (id, amount, uuid, envelope_id, transaction_id) values(639, -53.92, '82c9ba8e-3586-39e0-8b9b-e87778e7450d', 292, 638);
insert into Transaction (DTYPE, id, amount, balance, checkNo, date, description, externalId, initialBalance, memo, ref, status, type, uuid, account_id, transfer_id, custom) values('InternalTransaction', 640, 25.00, 675.05, '', '2010-04-16', 'Transfer from Available', 'null', false, '', '', 2, 0, 'c220afb1-0bf2-3aa2-aa57-0a020b2743be', 229, 3055, false);
insert into Split (id, amount, uuid, envelope_id, transaction_id) values(641, 25.00, 'd4192b63-bd3d-324e-8093-f4d711cc1035', 264, 640);
insert into Transaction (DTYPE, id, amount, balance, checkNo, date, description, externalId, initialBalance, memo, ref, status, type, uuid, account_id, transfer_id, custom) values('InternalTransaction', 642, -149.72, 5629.04, '', '2010-02-16', 'Transfer to Qwest', 'null', false, '', '', 0, 1, '5add9f09-7720-33b6-845c-047a8743deb2', 229, 3081, false);
insert into Split (id, amount, uuid, envelope_id, transaction_id) values(643, -149.72, '98b1531e-f5d0-3ddf-a7dd-a1c09b1f9438', 292, 642);
insert into Transaction (DTYPE, id, amount, balance, checkNo, date, description, externalId, initialBalance, memo, ref, status, type, uuid, account_id, transfer_id, custom) values('InternalTransaction', 644, -80.00, 4851.94, '', '2010-03-05', 'Transfer to Housekeeping', 'null', false, '', '', 2, 1, '9a6a5343-89b6-3172-abb8-b5d372be7a08', 229, 2644, false);
insert into Split (id, amount, uuid, envelope_id, transaction_id) values(645, -80.00, '8f469269-7410-34e7-9f32-cbc128c8c944', 292, 644);
insert into Transaction (DTYPE, id, amount, balance, checkNo, date, description, externalId, initialBalance, memo, ref, status, type, uuid, account_id, transfer_id, custom) values('InternalTransaction', 646, 863.75, 3123.59, '', '2010-04-02', 'Transfer from Available', 'null', false, '', '', 2, 0, '020ac57c-6c69-3402-b6ac-f4d262eeccb8', 229, 2771, false);
insert into Split (id, amount, uuid, envelope_id, transaction_id) values(647, 863.75, 'ec6e622f-2730-3752-9f12-d3807cb0a176', 292, 646);
insert into Transaction (DTYPE, id, amount, balance, checkNo, date, description, externalId, initialBalance, memo, ref, status, type, uuid, account_id, transfer_id, custom) values('InternalTransaction', 648, -6.18, 2432.27, '', '2010-03-18', 'FRYS FOOD & DRUG 1815 G 055476', '201003183', false, '03/17FRYS FOOD', '', 2, 1, '583f15c5-372c-3e84-8597-116e795726b0', 229, null, false);
insert into Split (id, amount, uuid, envelope_id, transaction_id) values(649, -6.18, '2dc3d0c9-0bb4-3b02-b707-8c799bad05ce', 238, 648);
insert into Transaction (DTYPE, id, amount, balance, checkNo, date, description, externalId, initialBalance, memo, ref, status, type, uuid, account_id, transfer_id, custom) values('InternalTransaction', 650, -2.50, 1580.35, '', '2010-03-15', 'CARTEL COFFEE LAB TEMPE', '2010031514', false, '03/11CARTEL CO', '', 2, 1, 'b6a453f9-ccbf-3c46-bc0b-bdc7cb2c9f1b', 229, null, false);
insert into Split (id, amount, uuid, envelope_id, transaction_id) values(651, -2.50, '3e5ea23a-bc95-331b-bc77-35349db893c7', 270, 650);
insert into Transaction (DTYPE, id, amount, balance, checkNo, date, description, externalId, initialBalance, memo, ref, status, type, uuid, account_id, transfer_id, custom) values('InternalTransaction', 652, -40.00, 1498.35, '', '2010-03-15', '7-ELEVEN PHOENIX AZ 184763', '201003153', false, '03/137-ELEVEN', '', 2, 1, 'bc2b2b21-57f2-39a5-bb8a-1787dcd8bc36', 229, null, false);
insert into Split (id, amount, uuid, envelope_id, transaction_id) values(653, -40.00, '8f90b37e-3eed-36f8-8271-8ee465fdd590', 252, 652);
insert into Transaction (DTYPE, id, amount, balance, checkNo, date, description, externalId, initialBalance, memo, ref, status, type, uuid, account_id, transfer_id, custom) values('InternalTransaction', 654, 175.00, 3298.59, '', '2010-04-02', 'Transfer from Available', 'null', false, '', '', 2, 0, '88bf56e9-6adc-3339-8250-0f50000fa1dd', 229, 1662, false);
insert into Split (id, amount, uuid, envelope_id, transaction_id) values(655, 175.00, 'a81a1657-9fc9-391b-9426-d4758ac12eb0', 275, 654);
insert into Transaction (DTYPE, id, amount, balance, checkNo, date, description, externalId, initialBalance, memo, ref, status, type, uuid, account_id, transfer_id, custom) values('InternalTransaction', 656, 8.92, 8.92, '', '2010-03-16', 'Transfer from Available', 'null', false, '', '', 2, 0, '5a062873-9452-33cc-98c2-2c991accdda6', 228, 1914, false);
insert into Split (id, amount, uuid, envelope_id, transaction_id) values(657, 8.92, '816da650-7bcf-3679-87c9-23ba884225c2', 254, 656);
insert into Transaction (DTYPE, id, amount, balance, checkNo, date, description, externalId, initialBalance, memo, ref, status, type, uuid, account_id, transfer_id, custom) values('InternalTransaction', 658, 5.77, 3767.95, '', '2010-02-19', 'Transfer from Available', 'null', false, '', '', 2, 0, 'a28105fc-d1cf-3b51-8624-7dd60c4ff290', 229, 2292, false);
insert into Split (id, amount, uuid, envelope_id, transaction_id) values(659, 5.77, 'ebc2c69b-c4b7-332d-9921-660a224f9cbd', 293, 658);
insert into Transaction (DTYPE, id, amount, balance, checkNo, date, description, externalId, initialBalance, memo, ref, status, type, uuid, account_id, transfer_id, custom) values('InternalTransaction', 660, -9.95, 3435.87, '', '2010-01-22', 'Financial Management Software:', '201001221', false, 'Monthly Service Fee', '', 2, 1, 'f52cff98-8ca3-3ae2-b74d-c874693596ff', 229, null, false);
insert into Split (id, amount, uuid, envelope_id, transaction_id) values(661, -9.95, 'e0a3727e-1dcb-39da-9fd2-74cdeda13a08', 232, 660);
insert into Transaction (DTYPE, id, amount, balance, checkNo, date, description, externalId, initialBalance, memo, ref, status, type, uuid, account_id, transfer_id, custom) values('InternalTransaction', 662, -75.00, 1135.04, '', '2010-02-16', 'Transfer to Cox Communications', 'null', false, '', '', 0, 1, '81ef4fdd-f19a-3657-b10a-39b2828777be', 229, 2134, false);
insert into Split (id, amount, uuid, envelope_id, transaction_id) values(663, -75.00, '7596dd8c-c0c6-3d06-88b0-9c2085dfa17c', 292, 662);
insert into Transaction (DTYPE, id, amount, balance, checkNo, date, description, externalId, initialBalance, memo, ref, status, type, uuid, account_id, transfer_id, custom) values('InternalTransaction', 664, -35.23, 2843.98, '', '2010-02-22', 'SPROUTS FARMERS MKT #7 P471226', '201002223', false, '02/21SPROUTS F', '', 2, 1, '61f312f5-df7a-3e4a-b6fc-6a5a9b5c52e4', 229, null, false);
insert into Split (id, amount, uuid, envelope_id, transaction_id) values(665, -35.23, 'bcb61db2-cb94-3bcd-9f36-4c2531cbcd1e', 238, 664);
insert into Transaction (DTYPE, id, amount, balance, checkNo, date, description, externalId, initialBalance, memo, ref, status, type, uuid, account_id, transfer_id, custom) values('InternalTransaction', 666, -18.16, 2455.72, '', '2010-01-08', 'TRADER JOE''S #282 PHOENI365500', '201001083', false, '01/07TRADER JO', '', 2, 1, '23f26fcb-042e-3d0c-ae63-a0542de22015', 229, null, false);
insert into Split (id, amount, uuid, envelope_id, transaction_id) values(667, -18.16, '2cfc55b6-9892-3da3-8e56-2a1c0f57e432', 238, 666);
insert into Transaction (DTYPE, id, amount, balance, checkNo, date, description, externalId, initialBalance, memo, ref, status, type, uuid, account_id, transfer_id, custom) values('InternalTransaction', 668, -10.79, 3492.47, '', '2009-12-14', 'ATOMIC COMICS METRO C P', '2009121424', false, '12/12ATOMIC CO', '', 2, 1, '07e661a5-00fc-38d0-95bd-935d76beb887', 229, null, false);
insert into Split (id, amount, uuid, envelope_id, transaction_id) values(669, -10.79, 'fa56e042-efd9-3234-ae16-80fbf1074018', 241, 668);
insert into Transaction (DTYPE, id, amount, balance, checkNo, date, description, externalId, initialBalance, memo, ref, status, type, uuid, account_id, transfer_id, custom) values('InternalTransaction', 670, -21.38, 0.00, '', '2010-03-11', 'Transfer to Available', 'null', false, '', '', 2, 1, '3817ac4a-00e5-3004-96ff-686e6ba12e84', 228, 1610, false);
insert into Split (id, amount, uuid, envelope_id, transaction_id) values(671, -21.38, '217f2243-db2a-3fdf-a077-7ecff5706ef3', 264, 670);
insert into Transaction (DTYPE, id, amount, balance, checkNo, date, description, externalId, initialBalance, memo, ref, status, type, uuid, account_id, transfer_id, custom) values('InternalTransaction', 672, -5.00, 0.00, '', '2010-02-25', 'Transfer to Medical', 'null', false, '', '', 2, 1, '320e1779-3c2c-3fe2-a41c-93ee32d05c83', 228, 2528, false);
insert into Split (id, amount, uuid, envelope_id, transaction_id) values(673, -5.00, 'ee708be7-4aad-3d0c-9439-85c310e049ea', 252, 672);
insert into Transaction (DTYPE, id, amount, balance, checkNo, date, description, externalId, initialBalance, memo, ref, status, type, uuid, account_id, transfer_id, custom) values('InternalTransaction', 674, -109.55, 5842.67, '', '2010-03-05', 'Transfer to Auto Fuel', 'null', false, '', '', 2, 1, '8c24d416-8502-3909-a353-aa623d53107e', 229, 922, false);
insert into Split (id, amount, uuid, envelope_id, transaction_id) values(675, -109.55, 'c054ae1e-a57c-3332-8a94-7ff3d00596b4', 292, 674);
insert into Transaction (DTYPE, id, amount, balance, checkNo, date, description, externalId, initialBalance, memo, ref, status, type, uuid, account_id, transfer_id, custom) values('InternalTransaction', 676, -14.91, 913.61, '', '2009-11-10', 'QDOBA 428 11404282 P', '200911101', false, '11/08QDOBA 428', '', 2, 1, 'f76388af-6288-37a6-b860-62f5215a8f95', 229, null, false);
insert into Split (id, amount, uuid, envelope_id, transaction_id) values(677, -14.91, '32e619e8-874d-3c07-9955-4b894a2aef0c', 295, 676);
insert into Transaction (DTYPE, id, amount, balance, checkNo, date, description, externalId, initialBalance, memo, ref, status, type, uuid, account_id, transfer_id, custom) values('InternalTransaction', 682, -1237.32, 1597.62, '', '2010-02-16', 'Transfer to VW Credit', 'null', false, '', '', 0, 1, '54f17d49-d047-39e7-b075-06ff708d73a5', 229, 1530, false);
insert into Split (id, amount, uuid, envelope_id, transaction_id) values(683, -1237.32, '3994b7f1-b3db-393d-ad4b-0db518a1e485', 292, 682);
insert into Transaction (DTYPE, id, amount, balance, checkNo, date, description, externalId, initialBalance, memo, ref, status, type, uuid, account_id, transfer_id, custom) values('InternalTransaction', 678, -18.40, 4442.11, '', '2009-11-30', 'PETSMART INC 1120 PHOENI156477', '2009113012', false, '11/28PETSMART', '', 2, 1, '7b0fc01f-48a2-3b2c-98fb-1ac95a5c4e5e', 229, null, false);
insert into Split (id, amount, uuid, envelope_id, transaction_id) values(679, -18.40, 'f544d7bc-d6ea-3b28-bc67-033f2f407e4f', 244, 678);
insert into Transaction (DTYPE, id, amount, balance, checkNo, date, description, externalId, initialBalance, memo, ref, status, type, uuid, account_id, transfer_id, custom) values('InternalTransaction', 680, -27.00, 2286.89, '', '2010-03-01', 'DBMG TECHNOLOGIES 281-89', '201003011', false, '02/26DBMG TECH', '', 2, 1, '4af7890c-bdb6-3e55-b7b9-f9f88e32dd86', 229, null, false);
insert into Split (id, amount, uuid, envelope_id, transaction_id) values(681, -27.00, '4cad1924-72f1-3dec-8827-4d2af323b7fb', 247, 680);
insert into Transaction (DTYPE, id, amount, balance, checkNo, date, description, externalId, initialBalance, memo, ref, status, type, uuid, account_id, transfer_id, custom) values('InternalTransaction', 684, 4.97, 2935.22, '', '2010-04-16', 'Transfer from Available', 'null', false, '', '', 2, 0, '1073ded5-8b85-3863-8648-caf2c434899b', 229, 2985, false);
insert into Split (id, amount, uuid, envelope_id, transaction_id) values(685, 4.97, 'c408fc82-c11a-3f97-ba19-20c44a15144e', 232, 684);
insert into Transaction (DTYPE, id, amount, balance, checkNo, date, description, externalId, initialBalance, memo, ref, status, type, uuid, account_id, transfer_id, custom) values('InternalTransaction', 686, -4.97, 6180.75, '', '2010-03-19', 'Transfer to Chase Bank', 'null', false, '', '', 2, 1, '6d2aba46-efb5-30ff-a59f-7123dd225f0e', 229, 2236, false);
insert into Split (id, amount, uuid, envelope_id, transaction_id) values(687, -4.97, '1f701513-d573-39c5-adf7-2fd0240faed3', 292, 686);
insert into Transaction (DTYPE, id, amount, balance, checkNo, date, description, externalId, initialBalance, memo, ref, status, type, uuid, account_id, transfer_id, custom) values('InternalTransaction', 690, -2.11, 1579.80, '', '2010-04-21', 'Transfer to Coffee', 'null', false, '', '', 2, 1, 'af1179df-64cf-37d6-a4b9-ddd0b0291e19', 229, 1584, false);
insert into Split (id, amount, uuid, envelope_id, transaction_id) values(691, -2.11, '9fdb0b86-ca6a-3f20-b769-0ca467982d28', 292, 690);
insert into Transaction (DTYPE, id, amount, balance, checkNo, date, description, externalId, initialBalance, memo, ref, status, type, uuid, account_id, transfer_id, custom) values('InternalTransaction', 688, -5.82, 2426.45, '', '2010-03-18', 'TACO BELL #21245 TEMPE A', '201003184', false, '03/16TACO BELL', '', 2, 1, 'e1b3a1f5-9c3e-385f-8933-dd2c98acba80', 229, null, false);
insert into Split (id, amount, uuid, envelope_id, transaction_id) values(689, -5.82, 'a55f2e45-a812-35ca-a806-efa759804788', 246, 688);
insert into Transaction (DTYPE, id, amount, balance, checkNo, date, description, externalId, initialBalance, memo, ref, status, type, uuid, account_id, transfer_id, custom) values('InternalTransaction', 692, 54.38, 3970.45, '', '2010-03-24', 'Transfer from Available', 'null', false, '', '', 2, 0, '5f95cc1d-6a07-3ff8-b25f-7f17e144a5be', 229, 1936, false);
insert into Split (id, amount, uuid, envelope_id, transaction_id) values(693, 54.38, '686fa95a-a5af-36ac-9385-d1c8bcf7701e', 264, 692);
insert into Transaction (DTYPE, id, amount, balance, checkNo, date, description, externalId, initialBalance, memo, ref, status, type, uuid, account_id, transfer_id, custom) values('InternalTransaction', 694, -79.27, 14124.38, '', '2010-02-16', 'Transfer to Fast Food', 'null', false, '', '', 0, 1, '37812ce7-25bf-3869-9808-02ee5f526ce0', 229, 1286, false);
insert into Split (id, amount, uuid, envelope_id, transaction_id) values(695, -79.27, '668ef970-7bff-3881-ad30-ce11d5b35c34', 292, 694);
insert into Transaction (DTYPE, id, amount, balance, checkNo, date, description, externalId, initialBalance, memo, ref, status, type, uuid, account_id, transfer_id, custom) values('InternalTransaction', 696, 30.00, 30.00, '', '2010-02-18', 'Transfer from Available', 'null', false, '', '', 2, 0, 'a852c5ee-62bb-3ede-ac6c-89a9111cee41', 228, 2652, false);
insert into Split (id, amount, uuid, envelope_id, transaction_id) values(697, 30.00, '18b1cc6e-1052-30e9-8bc2-c5daac908fce', 286, 696);
insert into Transaction (DTYPE, id, amount, balance, checkNo, date, description, externalId, initialBalance, memo, ref, status, type, uuid, account_id, transfer_id, custom) values('InternalTransaction', 698, -10.00, 650.05, '', '2010-04-16', 'Transfer to Eating Out', 'null', false, '', '', 2, 1, '9cecf009-c6e9-3279-9303-8fc29ef505e9', 229, 860, false);
insert into Split (id, amount, uuid, envelope_id, transaction_id) values(699, -10.00, 'c51e5f2d-b442-3390-9045-14bc3c93830d', 292, 698);
insert into Transaction (DTYPE, id, amount, balance, checkNo, date, description, externalId, initialBalance, memo, ref, status, type, uuid, account_id, transfer_id, custom) values('InternalTransaction', 702, 1.04, 1.04, '', '2010-03-16', 'Transfer from Spending', 'null', false, '', '', 2, 0, 'd7e877ad-dfd3-340a-b80c-ae7e0c771208', 228, 396, false);
insert into Split (id, amount, uuid, envelope_id, transaction_id) values(703, 1.04, '1cb3a30e-7e60-36b6-b7f1-ad8a299d8ea6', 260, 702);
insert into Transaction (DTYPE, id, amount, balance, checkNo, date, description, externalId, initialBalance, memo, ref, status, type, uuid, account_id, transfer_id, custom) values('InternalTransaction', 700, -30.00, 2788.64, '264', '2010-02-08', 'Michael Conley', '201002088', false, '', '', 2, 1, 'cf59e647-f560-3155-856e-c03b017e8635', 229, null, false);
insert into Split (id, amount, uuid, envelope_id, transaction_id) values(701, -30.00, '2e972d7c-2114-3588-887d-1ce738ca4994', 286, 700);
insert into Transaction (DTYPE, id, amount, balance, checkNo, date, description, externalId, initialBalance, memo, ref, status, type, uuid, account_id, transfer_id, custom) values('InternalTransaction', 704, -9.98, 1428.45, '', '2010-02-11', 'EASYNEWS.COM 866-396-397', '201002113', false, '02/10EASYNEWS.', '', 2, 1, 'ae872f12-46db-3da1-ada9-773717efa359', 229, null, false);
insert into Split (id, amount, uuid, envelope_id, transaction_id) values(705, -9.98, 'cf8b28f6-10a2-38d8-9e3d-d53d620cc0e0', 254, 704);
insert into Transaction (DTYPE, id, amount, balance, checkNo, date, description, externalId, initialBalance, memo, ref, status, type, uuid, account_id, transfer_id, custom) values('InternalTransaction', 706, -2.22, 4045.18, '', '2010-03-29', 'STARBUCKS USA 00096230 T', '201003294', false, '03/26STARBUCKS', '', 2, 1, '043d7423-2d19-30ca-acb3-b2c61f537cab', 229, null, false);
insert into Split (id, amount, uuid, envelope_id, transaction_id) values(707, -2.22, '53239565-7cb3-3bba-ba18-4705308cea3d', 270, 706);
insert into Transaction (DTYPE, id, amount, balance, checkNo, date, description, externalId, initialBalance, memo, ref, status, type, uuid, account_id, transfer_id, custom) values('InternalTransaction', 708, -10.00, 728.98, '', '2010-04-14', 'ROSITA''S PLACE PHOENIX A', '201004142', false, '04/13ROSITA''S', '', 2, 1, 'e46cd792-b44f-372d-baec-3fde0477f4c0', 229, null, false);
insert into Split (id, amount, uuid, envelope_id, transaction_id) values(709, -10.00, '46617946-6502-394b-a27b-fb7f28ff3f04', 295, 708);
insert into Transaction (DTYPE, id, amount, balance, checkNo, date, description, externalId, initialBalance, memo, ref, status, type, uuid, account_id, transfer_id, custom) values('InternalTransaction', 712, -5.61, 738.98, '', '2010-04-14', 'MCDONALD''S F12536 SCOTTS', '201004141', false, '04/12MCDONALD''', '', 2, 1, '19105c86-784d-3f77-8d8c-875c711af17f', 229, null, false);
insert into Split (id, amount, uuid, envelope_id, transaction_id) values(713, -5.61, '108fcb34-f560-35cf-b708-ec3996c031c1', 246, 712);
insert into Transaction (DTYPE, id, amount, balance, checkNo, date, description, externalId, initialBalance, memo, ref, status, type, uuid, account_id, transfer_id, custom) values('InternalTransaction', 710, -663.49, 3075.42, '', '2010-04-16', 'Transfer to Taxes', 'null', false, '', '', 2, 1, 'ae33903a-eecb-30c4-b513-45c8586dc8a6', 229, 3069, false);
insert into Split (id, amount, uuid, envelope_id, transaction_id) values(711, -663.49, 'f32118a3-d0ba-3483-b475-02d4a17a523c', 292, 710);
insert into Transaction (DTYPE, id, amount, balance, checkNo, date, description, externalId, initialBalance, memo, ref, status, type, uuid, account_id, transfer_id, custom) values('InternalTransaction', 718, -179.63, 2268.51, '', '2010-01-29', 'INTOWN SUITES MCDOWELL P', '201001290', false, '01/27INTOWN SU', '', 2, 1, '904d1c1d-0d9d-3c6f-a5bc-e4b132b0daf2', 229, null, false);
insert into Split (id, amount, uuid, envelope_id, transaction_id) values(719, -179.63, 'c1782d1d-e557-39db-8ee4-59a59554f50d', 252, 718);
insert into Transaction (DTYPE, id, amount, balance, checkNo, date, description, externalId, initialBalance, memo, ref, status, type, uuid, account_id, transfer_id, custom) values('InternalTransaction', 716, -10.84, 4466.05, '', '2009-11-16', 'FAST EDDIE''S DINER PHOEN', '200911169', false, '11/14FAST EDDI', '', 2, 1, 'd3915f62-bbb2-33e1-8bef-310c4c27092c', 229, null, false);
insert into Split (id, amount, uuid, envelope_id, transaction_id) values(717, -10.84, '65c9ea3e-0d56-3cb2-897e-12cafe19a64f', 295, 716);
insert into Transaction (DTYPE, id, amount, balance, checkNo, date, description, externalId, initialBalance, memo, ref, status, type, uuid, account_id, transfer_id, custom) values('InternalTransaction', 714, -59.44, 0.00, '', '2010-03-27', 'Transfer to Available', 'null', false, '', '', 2, 1, 'cb72caec-7dde-3397-975d-04f720cd49b6', 228, 2504, false);
insert into Split (id, amount, uuid, envelope_id, transaction_id) values(715, -59.44, '2d4cb2ed-15bb-3c2b-9766-bfce0d0c735a', 252, 714);
insert into Transaction (DTYPE, id, amount, balance, checkNo, date, description, externalId, initialBalance, memo, ref, status, type, uuid, account_id, transfer_id, custom) values('InternalTransaction', 720, -20.62, 1035.26, '', '2009-11-09', 'WALGREEN COMPANY NWC OF 105188', '200911094', false, '11/07WALGREEN', '', 2, 1, '8117785c-c367-3ac0-a129-7f4eb02238fb', 229, null, false);
insert into Split (id, amount, uuid, envelope_id, transaction_id) values(721, -20.62, '0b2a49f4-eb13-350a-ad3d-8eb84392adfd', 277, 720);
insert into Transaction (DTYPE, id, amount, balance, checkNo, date, description, externalId, initialBalance, memo, ref, status, type, uuid, account_id, transfer_id, custom) values('InternalTransaction', 722, -99.95, 368.42, '', '2010-04-27', 'CAMEL VW SUBARU MAZDA PH', '201004272', false, '04/26CAMEL VW', '', 1, 1, '1c602b6b-e3a2-3e07-b603-2631472eff2a', 229, null, false);
insert into Split (id, amount, uuid, envelope_id, transaction_id) values(723, -99.95, '3014e319-8ac2-3d5d-8b7e-57c3ed09ad2b', 252, 722);
insert into Transaction (DTYPE, id, amount, balance, checkNo, date, description, externalId, initialBalance, memo, ref, status, type, uuid, account_id, transfer_id, custom) values('InternalTransaction', 728, 19.98, 19.98, '', '2010-04-23', 'Transfer from Medical', 'null', false, '', '', 2, 0, 'c12f805e-90ad-3169-9f58-9a8f2394de3b', 228, 1320, false);
insert into Split (id, amount, uuid, envelope_id, transaction_id) values(729, 19.98, 'f65c3b7a-49aa-3daf-8e92-1bad73bfd7c1', 252, 728);
insert into Transaction (DTYPE, id, amount, balance, checkNo, date, description, externalId, initialBalance, memo, ref, status, type, uuid, account_id, transfer_id, custom) values('InternalTransaction', 726, -99.15, 2868.29, '', '2010-01-25', 'CARLY''S BISTRO PHOENIX A', '201001252', false, '01/23CARLY''S B', '', 2, 1, 'e59c90b7-e25e-3a6d-8c7b-62f4c3ff06f0', 229, null, false);
insert into Split (id, amount, uuid, envelope_id, transaction_id) values(727, -99.15, '1fb79152-e81b-32c6-a388-ae5ce79e4a56', 295, 726);
insert into Transaction (DTYPE, id, amount, balance, checkNo, date, description, externalId, initialBalance, memo, ref, status, type, uuid, account_id, transfer_id, custom) values('InternalTransaction', 724, -49.00, 5423.46, '', '2009-12-11', 'MASSAGE ENVY 0020 602-22', '200912115', false, '12/09MASSAGE E', '', 2, 1, 'a3f3cafc-d383-3a03-9830-b146db49d6fa', 229, null, false);
insert into Split (id, amount, uuid, envelope_id, transaction_id) values(725, -49.00, '14892af5-6bcb-39e4-bee0-13af225d4030', 279, 724);
insert into Transaction (DTYPE, id, amount, balance, checkNo, date, description, externalId, initialBalance, memo, ref, status, type, uuid, account_id, transfer_id, custom) values('InternalTransaction', 730, 8.95, 8.95, '', '2010-03-12', 'Transfer from Spending', 'null', false, '', '', 2, 0, '723dd143-6a29-3d14-b340-b8215146aa5e', 228, 1630, false);
insert into Split (id, amount, uuid, envelope_id, transaction_id) values(731, 8.95, '5ee482ab-d853-3dc5-b317-a92797d88c47', 295, 730);
insert into Transaction (DTYPE, id, amount, balance, checkNo, date, description, externalId, initialBalance, memo, ref, status, type, uuid, account_id, transfer_id, custom) values('InternalTransaction', 732, 526.71, 9379.72, '', '2010-02-16', 'Transfer from Available', 'null', false, '', '', 0, 0, '43d90235-4faf-34b0-84c2-6d06d2394df9', 229, 896, false);
insert into Split (id, amount, uuid, envelope_id, transaction_id) values(733, 526.71, '8d4320a4-8765-3e7b-b77a-0b64b3bdc0d3', 290, 732);
insert into Transaction (DTYPE, id, amount, balance, checkNo, date, description, externalId, initialBalance, memo, ref, status, type, uuid, account_id, transfer_id, custom) values('InternalTransaction', 734, -747.30, 3558.71, '', '2009-12-14', 'FLOOR SOURCE LLC PHOENIX', '200912142', false, '12/10FLOOR SOU', '', 2, 1, '6396bedb-7a4b-3cf2-902a-c12dafffbe8a', 229, null, false);
insert into Split (id, amount, uuid, envelope_id, transaction_id) values(735, -747.30, '4b0516f8-be9b-3dbc-a57e-fc548b5843da', 251, 734);
insert into Transaction (DTYPE, id, amount, balance, checkNo, date, description, externalId, initialBalance, memo, ref, status, type, uuid, account_id, transfer_id, custom) values('InternalTransaction', 736, -128.79, 2140.54, '', '2010-01-04', 'VZWRLSS-MYACCT VW 800-92', '201001040', false, '12/31VZWRLSS-M', '', 2, 1, '15d158e6-5327-36b6-9d2a-03f9db077716', 229, null, false);
insert into Split (id, amount, uuid, envelope_id, transaction_id) values(737, -128.79, 'e0449057-64d0-3677-abf1-4d6637391278', 236, 736);
insert into Transaction (DTYPE, id, amount, balance, checkNo, date, description, externalId, initialBalance, memo, ref, status, type, uuid, account_id, transfer_id, custom) values('InternalTransaction', 740, -60.00, 1164.46, '', '2010-04-12', '7-ELEVEN TEMPE AZ 363194', '201004123', false, '04/107-ELEVEN', '', 2, 1, 'f5ecb25e-4940-3a43-896b-050248d38d83', 229, null, false);
insert into Split (id, amount, uuid, envelope_id, transaction_id) values(741, -60.00, 'd7b5b7f7-f6f2-33e3-a8ee-447e33b5d272', 252, 740);
insert into Transaction (DTYPE, id, amount, balance, checkNo, date, description, externalId, initialBalance, memo, ref, status, type, uuid, account_id, transfer_id, custom) values('InternalTransaction', 738, -34.99, 2255.40, '', '2010-03-08', '24HR FITNESS DUES 800-43', '201003085', false, '03/0524HR FITN', '', 2, 1, 'e05ea60f-5c70-3bfd-87f8-3190f03468b0', 229, null, false);
insert into Split (id, amount, uuid, envelope_id, transaction_id) values(739, -34.99, '5e95755e-244e-3fb0-8a81-c7888909fdeb', 271, 738);
insert into Transaction (DTYPE, id, amount, balance, checkNo, date, description, externalId, initialBalance, memo, ref, status, type, uuid, account_id, transfer_id, custom) values('InternalTransaction', 744, 2159.85, 3646.75, '', '2010-02-05', 'DIFFUSION GROUP PAYROLL', '201002050', false, 'PPD ID: 1860988050', '', 2, 0, '24d3ac63-40e1-3154-b4c0-21960b611484', 229, null, false);
insert into Split (id, amount, uuid, envelope_id, transaction_id) values(745, 2159.85, 'c3326930-8d51-3ca5-a487-1652771878d9', 292, 744);
insert into Transaction (DTYPE, id, amount, balance, checkNo, date, description, externalId, initialBalance, memo, ref, status, type, uuid, account_id, transfer_id, custom) values('InternalTransaction', 742, -22.63, 2485.58, '', '2010-01-25', 'THAI RAMA PHOENIX AZ', '201001259', false, '01/22THAI RAMA', '', 2, 1, 'bb87e720-1959-38e4-a92c-2f50fe07e5ee', 229, null, false);
insert into Split (id, amount, uuid, envelope_id, transaction_id) values(743, -22.63, '0076a5df-32a9-3f6a-9a87-2a0315522788', 295, 742);
insert into Transaction (DTYPE, id, amount, balance, checkNo, date, description, externalId, initialBalance, memo, ref, status, type, uuid, account_id, transfer_id, custom) values('InternalTransaction', 746, 94.60, 9474.32, '', '2010-02-16', 'Transfer from Available', 'null', false, '', '', 0, 0, '242fb39b-3c9e-3cfc-947e-aaf5cbbbcf20', 229, 2068, false);
insert into Split (id, amount, uuid, envelope_id, transaction_id) values(747, 94.60, '66173031-499e-3d26-a4c5-66b270f3892f', 266, 746);
insert into Transaction (DTYPE, id, amount, balance, checkNo, date, description, externalId, initialBalance, memo, ref, status, type, uuid, account_id, transfer_id, custom) values('InternalTransaction', 748, -34.99, 596.59, '', '2010-01-06', '24HR FITNESS DUES 800-43', '201001061', false, '01/0524HR FITN', '', 2, 1, '5a5292a8-0b22-3e71-bcd3-35d50aa3b711', 229, null, false);
insert into Split (id, amount, uuid, envelope_id, transaction_id) values(749, -34.99, '3d27f771-de9f-3e88-8c84-b2a18a4de85e', 271, 748);
insert into Transaction (DTYPE, id, amount, balance, checkNo, date, description, externalId, initialBalance, memo, ref, status, type, uuid, account_id, transfer_id, custom) values('InternalTransaction', 752, -8.23, 2708.48, '', '2010-04-05', 'SPROUTS FARMERS MKT # 0 384770', '201004052', false, '04/02SPROUTS F', '', 2, 1, 'ea258a4b-d5dc-3ac1-ae9e-3b2be7a78571', 229, null, false);
insert into Split (id, amount, uuid, envelope_id, transaction_id) values(753, -8.23, '48766ad0-aad6-3402-b212-da9d8d4d4e70', 238, 752);
insert into Transaction (DTYPE, id, amount, balance, checkNo, date, description, externalId, initialBalance, memo, ref, status, type, uuid, account_id, transfer_id, custom) values('InternalTransaction', 750, -6.76, 2272.83, '', '2009-12-31', 'BLOCKBUSTER VIDEO #0400', '200912311', false, '12/29BLOCKBUST', '', 2, 1, '03158a68-e9a4-3b29-afe0-a3ea3ae91768', 229, null, false);
insert into Split (id, amount, uuid, envelope_id, transaction_id) values(751, -6.76, '3fd3f6fc-05fc-3f0e-97ef-927557b3d6f7', 265, 750);
insert into Transaction (DTYPE, id, amount, balance, checkNo, date, description, externalId, initialBalance, memo, ref, status, type, uuid, account_id, transfer_id, custom) values('InternalTransaction', 756, -6.18, 2426.45, '', '2010-03-19', 'Transfer to Groceries', 'null', false, '', '', 2, 1, 'c01cbd52-f371-3f5b-8689-cf225a40b680', 229, 2931, false);
insert into Split (id, amount, uuid, envelope_id, transaction_id) values(757, -6.18, 'de206184-9a6c-3e02-a5d2-a18754ca425e', 292, 756);
insert into Transaction (DTYPE, id, amount, balance, checkNo, date, description, externalId, initialBalance, memo, ref, status, type, uuid, account_id, transfer_id, custom) values('InternalTransaction', 754, -15.00, 1579.88, '', '2010-01-12', 'HSBC CARD SRVCS Online Pmt 0000', '201001123', false, '00523619767 WEB ID: 2000000510', '', 2, 1, '05c9f44c-c335-343d-9d38-b31eb16975bc', 229, null, false);
insert into Split (id, amount, uuid, envelope_id, transaction_id) values(755, -15.00, 'e70f1587-75c7-3b68-8f0b-3c88bef6c1c7', 242, 754);
insert into Transaction (DTYPE, id, amount, balance, checkNo, date, description, externalId, initialBalance, memo, ref, status, type, uuid, account_id, transfer_id, custom) values('InternalTransaction', 758, -80.00, 3006.61, '254', '2009-12-03', 'Annette Trijillo', '200912030', false, '', '', 2, 1, 'd0818fc6-e812-36d7-9d99-2988b631cb98', 229, null, false);
insert into Split (id, amount, uuid, envelope_id, transaction_id) values(759, -80.00, '76e68f4e-23e1-3956-944e-1f85db3e918e', 261, 758);
insert into Transaction (DTYPE, id, amount, balance, checkNo, date, description, externalId, initialBalance, memo, ref, status, type, uuid, account_id, transfer_id, custom) values('InternalTransaction', 760, -395.45, 4322.90, '', '2010-02-19', 'Transfer to GMAC Mortgage', 'null', false, '', '', 2, 1, '6542bd82-4c59-3296-a59b-e771c32e58af', 229, 1674, false);
insert into Split (id, amount, uuid, envelope_id, transaction_id) values(761, -395.45, 'bcb569a5-be75-38f0-80a4-1b4cef31491d', 292, 760);
insert into Transaction (DTYPE, id, amount, balance, checkNo, date, description, externalId, initialBalance, memo, ref, status, type, uuid, account_id, transfer_id, custom) values('InternalTransaction', 764, 4.13, 3788.03, '', '2010-02-19', 'Transfer from Available', 'null', false, '', '', 2, 0, '912bc70e-7ca6-36f1-9312-8d27ba4acdab', 229, 2210, false);
insert into Split (id, amount, uuid, envelope_id, transaction_id) values(765, 4.13, '05b1bfed-ac6d-307d-b7aa-e52d85667773', 263, 764);
insert into Transaction (DTYPE, id, amount, balance, checkNo, date, description, externalId, initialBalance, memo, ref, status, type, uuid, account_id, transfer_id, custom) values('InternalTransaction', 762, 11.12, 11.12, '', '2010-03-11', 'Transfer from Available', 'null', false, '', '', 2, 0, 'd1310b1f-3534-3671-9a57-9e32eddc8eeb', 228, 1934, false);
insert into Split (id, amount, uuid, envelope_id, transaction_id) values(763, 11.12, '29caecfd-a11e-327d-bae5-2b524538b28e', 246, 762);
insert into Transaction (DTYPE, id, amount, balance, checkNo, date, description, externalId, initialBalance, memo, ref, status, type, uuid, account_id, transfer_id, custom) values('InternalTransaction', 766, 0.00, 3298.59, '', '2010-04-02', 'Transfer from Available', 'null', false, '', '', 2, 1, '3ba5283e-95bd-3dff-986f-f93d90a7c821', 229, 1784, false);
insert into Split (id, amount, uuid, envelope_id, transaction_id) values(767, 0.00, '57ff53a7-f37c-313d-a441-21958e7233f9', 294, 766);
insert into Transaction (DTYPE, id, amount, balance, checkNo, date, description, externalId, initialBalance, memo, ref, status, type, uuid, account_id, transfer_id, custom) values('InternalTransaction', 768, -21.00, 1357.14, '', '2010-01-19', 'HARKINS CHRISTOWN 14 PHO', '201001194', false, '01/17HARKINS C', '', 2, 1, 'e2c10eba-5e1e-387d-bef6-42921714e50b', 229, null, false);
insert into Split (id, amount, uuid, envelope_id, transaction_id) values(769, -21.00, '1aea5afe-5e8a-32e4-83ef-b9fa33850205', 284, 768);
insert into Transaction (DTYPE, id, amount, balance, checkNo, date, description, externalId, initialBalance, memo, ref, status, type, uuid, account_id, transfer_id, custom) values('InternalTransaction', 770, -20.41, 1135.04, '', '2010-02-16', 'Transfer to Spending', 'null', false, '', '', 0, 1, '2993aede-2c0c-3b2b-af6b-214cc5ca3038', 229, 1672, false);
insert into Split (id, amount, uuid, envelope_id, transaction_id) values(771, -20.41, '5ee275a5-0065-3c6b-a7fd-82cc69e91942', 292, 770);
insert into Transaction (DTYPE, id, amount, balance, checkNo, date, description, externalId, initialBalance, memo, ref, status, type, uuid, account_id, transfer_id, custom) values('InternalTransaction', 774, -42.41, 1821.39, '', '2010-03-11', 'CHEVRON 00206657 PHOENIX', '201003111', false, '03/09CHEVRON 0', '', 2, 1, '9d0bf9e9-a52d-3206-a7ad-0c78ae14bea1', 229, null, false);
insert into Split (id, amount, uuid, envelope_id, transaction_id) values(775, -42.41, '1d8b1b35-13bf-36c1-bb19-6d1fd723cc02', 253, 774);
insert into Transaction (DTYPE, id, amount, balance, checkNo, date, description, externalId, initialBalance, memo, ref, status, type, uuid, account_id, transfer_id, custom) values('InternalTransaction', 772, -5.25, 0.00, '', '2010-04-13', 'Transfer to Available', 'null', false, '', '', 2, 1, '2568f27e-76f8-31a1-a0ee-0364f2912dd5', 228, 1282, false);
insert into Split (id, amount, uuid, envelope_id, transaction_id) values(773, -5.25, '99c540d0-19de-3071-bced-fefc225ba496', 239, 772);
insert into Transaction (DTYPE, id, amount, balance, checkNo, date, description, externalId, initialBalance, memo, ref, status, type, uuid, account_id, transfer_id, custom) values('InternalTransaction', 776, -64.01, 4450.68, '', '2010-03-19', 'Transfer to Verizon Wireless', 'null', false, '', '', 2, 1, 'e7086b2f-406d-30f1-87ca-e6372216efe8', 229, 2576, false);
insert into Split (id, amount, uuid, envelope_id, transaction_id) values(777, -64.01, 'fdf89783-6b95-3832-bb61-3d1cbe73149f', 292, 776);
insert into Transaction (DTYPE, id, amount, balance, checkNo, date, description, externalId, initialBalance, memo, ref, status, type, uuid, account_id, transfer_id, custom) values('InternalTransaction', 778, 13.99, 3802.02, '', '2010-02-19', 'Transfer from Available', 'null', false, '', '', 2, 0, '1ac37c97-a9df-34bb-bd86-d49721b0d70f', 229, 422, false);
insert into Split (id, amount, uuid, envelope_id, transaction_id) values(779, 13.99, '9a60fd99-b61b-387a-ae28-4e90a1aea322', 266, 778);
insert into Transaction (DTYPE, id, amount, balance, checkNo, date, description, externalId, initialBalance, memo, ref, status, type, uuid, account_id, transfer_id, custom) values('InternalTransaction', 780, -2.70, 2570.88, '', '2010-01-11', 'FEDEX KINKO''S #2306 PHOE', '2010011116', false, '01/08FEDEX KIN', '', 2, 1, 'e4905189-f438-32d1-afc2-2c664b516244', 229, null, false);
insert into Split (id, amount, uuid, envelope_id, transaction_id) values(781, -2.70, '731f96de-e768-35d5-9a92-c43bbfc868ae', 251, 780);
insert into Transaction (DTYPE, id, amount, balance, checkNo, date, description, externalId, initialBalance, memo, ref, status, type, uuid, account_id, transfer_id, custom) values('InternalTransaction', 784, -0.00, 2856.94, '', '2010-04-02', 'Transfer to Car Wash', 'null', false, '', '', 2, 1, 'd2088277-c343-3e37-9ec8-bd42204d9f0f', 229, 1798, false);
insert into Split (id, amount, uuid, envelope_id, transaction_id) values(785, -0.00, '031d863f-cd8c-38b2-9646-9decee324632', 292, 784);
insert into Transaction (DTYPE, id, amount, balance, checkNo, date, description, externalId, initialBalance, memo, ref, status, type, uuid, account_id, transfer_id, custom) values('InternalTransaction', 782, -42.00, 1538.35, '', '2010-03-15', 'JUST RELAX PHOENIX AZ', '201003152', false, '03/14JUST RELA', '', 2, 1, 'eeeee9ba-0a23-3244-a885-a0e651f23d3f', 229, null, false);
insert into Split (id, amount, uuid, envelope_id, transaction_id) values(783, -42.00, '60d404fa-06f3-3846-995a-c4a70b71d3e6', 256, 782);
insert into Transaction (DTYPE, id, amount, balance, checkNo, date, description, externalId, initialBalance, memo, ref, status, type, uuid, account_id, transfer_id, custom) values('InternalTransaction', 788, -6.44, 1215.75, '', '2010-03-16', 'Fast Fix Jewelry Repair', '201003162', false, '03/14Fast Fix', '', 2, 1, 'f334bce0-3680-3437-93b0-a4f8ec0cfd30', 229, null, false);
insert into Split (id, amount, uuid, envelope_id, transaction_id) values(789, -6.44, '5ca37d99-b5d0-3c18-a248-eba0c0116302', 252, 788);
insert into Transaction (DTYPE, id, amount, balance, checkNo, date, description, externalId, initialBalance, memo, ref, status, type, uuid, account_id, transfer_id, custom) values('InternalTransaction', 786, -10.80, 4019.66, '', '2009-12-01', 'CVS 09205 09205--802 SO 219781', '200912010', false, '11/30CVS 09205', '', 2, 1, 'c5efd6e3-e2f0-3a86-bdb0-c8352c9bf6ea', 229, null, false);
insert into Split (id, amount, uuid, envelope_id, transaction_id) values(787, -10.80, 'f891e877-a5c8-3272-8ac1-3b92c45c3625', 286, 786);
insert into Transaction (DTYPE, id, amount, balance, checkNo, date, description, externalId, initialBalance, memo, ref, status, type, uuid, account_id, transfer_id, custom) values('InternalTransaction', 790, -20.43, 4339.48, '', '2009-12-14', 'FAST EDDIE''S DINER PHOEN', '2009121417', false, '12/13FAST EDDI', '', 2, 1, '264131a7-55e8-3c1e-b175-a43ec27aa854', 229, null, false);
insert into Split (id, amount, uuid, envelope_id, transaction_id) values(791, -20.43, '0755a2f2-d91c-31ca-a711-06358898e73b', 295, 790);
insert into Transaction (DTYPE, id, amount, balance, checkNo, date, description, externalId, initialBalance, memo, ref, status, type, uuid, account_id, transfer_id, custom) values('InternalTransaction', 796, 2.50, 2.50, '', '2010-03-16', 'Transfer from Spending', 'null', false, '', '', 2, 0, '87ec7267-ed70-3f88-8367-888184652f01', 228, 360, false);
insert into Split (id, amount, uuid, envelope_id, transaction_id) values(797, 2.50, '042a5831-eb4d-3495-8e52-c0b03bc9c1e8', 270, 796);
insert into Transaction (DTYPE, id, amount, balance, checkNo, date, description, externalId, initialBalance, memo, ref, status, type, uuid, account_id, transfer_id, custom) values('InternalTransaction', 794, -17.50, 1155.45, '', '2010-02-16', 'Transfer to Movie Theatre', 'null', false, '', '', 0, 1, 'ad3fea56-e3a4-33a7-b6a0-727f1650c2e9', 229, 3017, false);
insert into Split (id, amount, uuid, envelope_id, transaction_id) values(795, -17.50, 'f7e2c3b2-00fb-31c5-804a-379821312f1d', 292, 794);
insert into Transaction (DTYPE, id, amount, balance, checkNo, date, description, externalId, initialBalance, memo, ref, status, type, uuid, account_id, transfer_id, custom) values('InternalTransaction', 792, -15.53, 4491.86, '', '2009-11-16', 'SPROUTS FARMERS MKT # 0 262740', '200911167', false, '11/16SPROUTS F', '', 2, 1, 'd02f5fe7-5db0-3f93-bd29-68737c44819a', 229, null, false);
insert into Split (id, amount, uuid, envelope_id, transaction_id) values(793, -15.53, '56539115-67c7-3737-a1a2-7fb35de54273', 238, 792);
insert into Transaction (DTYPE, id, amount, balance, checkNo, date, description, externalId, initialBalance, memo, ref, status, type, uuid, account_id, transfer_id, custom) values('InternalTransaction', 802, -35.00, 2037.28, '', '2009-11-05', 'PIHMA COLLEGE AND CL Pho293456', '200911050', false, '11/04PIHMA COL', '', 2, 1, 'c5180bda-e243-3874-98af-e1e425ce54ba', 229, null, false);
insert into Split (id, amount, uuid, envelope_id, transaction_id) values(803, -35.00, '2aad58a1-dd97-3ad4-8cbe-d916f357389e', 286, 802);
insert into Transaction (DTYPE, id, amount, balance, checkNo, date, description, externalId, initialBalance, memo, ref, status, type, uuid, account_id, transfer_id, custom) values('InternalTransaction', 800, -309.33, 1507.04, '', '2010-02-11', 'VW CREDIT, INC. AUTO DEBIT WE', '201002110', false, 'B 852539481 WEB ID: 1382362409', '', 2, 1, '442acd07-89dc-38cb-a5af-d2daac976ed9', 229, null, false);
insert into Split (id, amount, uuid, envelope_id, transaction_id) values(801, -309.33, '3b22b57c-321c-3516-9b86-d789c42e5e6e', 267, 800);
insert into Transaction (DTYPE, id, amount, balance, checkNo, date, description, externalId, initialBalance, memo, ref, status, type, uuid, account_id, transfer_id, custom) values('InternalTransaction', 798, -116.99, 2788.99, '', '2009-12-14', 'HAYNEEDLE INC HTTP://WWW', '200912145', false, '12/13HAYNEEDLE', '', 2, 1, '9c031488-d4b9-387a-9bef-d62d3c550ed3', 229, null, false);
insert into Split (id, amount, uuid, envelope_id, transaction_id) values(799, -116.99, '1d1e9013-a6b7-383d-a243-7a811f806da3', 252, 798);
insert into Transaction (DTYPE, id, amount, balance, checkNo, date, description, externalId, initialBalance, memo, ref, status, type, uuid, account_id, transfer_id, custom) values('InternalTransaction', 808, -18.14, 1276.35, '', '2010-02-16', 'Transfer to Eating Out', 'null', false, '', '', 0, 1, 'd892b599-ae70-3969-b45f-1f7d1399f74d', 229, 3093, false);
insert into Split (id, amount, uuid, envelope_id, transaction_id) values(809, -18.14, '5d48434e-8c10-3020-ac97-336c91c68f51', 292, 808);
insert into Transaction (DTYPE, id, amount, balance, checkNo, date, description, externalId, initialBalance, memo, ref, status, type, uuid, account_id, transfer_id, custom) values('InternalTransaction', 806, -175.00, 2480.14, '', '2010-03-08', 'IRS USATAXPYMT 2700', '201003082', false, '46700641841 WEB ID: 3387702000', '', 2, 1, '0a3518df-f046-37af-aff2-92566c106418', 229, null, false);
insert into Split (id, amount, uuid, envelope_id, transaction_id) values(807, -175.00, '2b4ca85a-8041-3b73-b661-b331eb0775a8', 275, 806);
insert into Transaction (DTYPE, id, amount, balance, checkNo, date, description, externalId, initialBalance, memo, ref, status, type, uuid, account_id, transfer_id, custom) values('InternalTransaction', 804, -787.02, null, '', '2010-04-02', 'LOANSERVICING AUTOMATIC', '201004025', false, 'PPD ID: 1231694840', '', 2, 1, 'f4420810-8aaa-362a-aef6-7b39ef8c6861', 229, null, false);
insert into Split (id, amount, uuid, envelope_id, transaction_id) values(805, -787.02, '56c39c7d-4905-3721-926c-bcb06eb270fa', 231, 804);
insert into Transaction (DTYPE, id, amount, balance, checkNo, date, description, externalId, initialBalance, memo, ref, status, type, uuid, account_id, transfer_id, custom) values('InternalTransaction', 810, 52.49, 52.49, '', '2010-04-13', 'Transfer from Me.com', 'null', false, '', '', 2, 0, '32b8f1e4-8cb9-3a92-aeb2-c9d4b19748ee', 228, 2400, false);
insert into Split (id, amount, uuid, envelope_id, transaction_id) values(811, 52.49, '8b11e635-4725-3829-b20c-336a12f9ea5f', 292, 810);
insert into Transaction (DTYPE, id, amount, balance, checkNo, date, description, externalId, initialBalance, memo, ref, status, type, uuid, account_id, transfer_id, custom) values('InternalTransaction', 812, 4.98, 4368.81, '', '2010-03-05', 'Transfer from Available', 'null', false, '', '', 2, 0, 'bb46ff4e-4190-304d-91f3-19cea33635b4', 229, 2324, false);
insert into Split (id, amount, uuid, envelope_id, transaction_id) values(813, 4.98, 'ee7d0c9a-cd42-3970-b3ba-acece6b74908', 232, 812);
insert into Transaction (DTYPE, id, amount, balance, checkNo, date, description, externalId, initialBalance, memo, ref, status, type, uuid, account_id, transfer_id, custom) values('InternalTransaction', 814, -6.57, 1247.56, '', '2010-04-09', 'CHEBA HUT TEMPE TEMPE AZ', '201004090', false, '04/07CHEBA HUT', '', 2, 1, 'cc6a81ce-1b0d-3207-b7b6-d7bcfce3476a', 229, null, false);
insert into Split (id, amount, uuid, envelope_id, transaction_id) values(815, -6.57, '9093eace-5e3c-36fd-b0c7-490502203155', 264, 814);
insert into Transaction (DTYPE, id, amount, balance, checkNo, date, description, externalId, initialBalance, memo, ref, status, type, uuid, account_id, transfer_id, custom) values('InternalTransaction', 820, 208.00, 9862.57, '', '2010-02-16', 'Transfer from Available', 'null', false, '', '', 0, 0, 'fbaca0b4-2a30-3337-8708-2b7f2df6f03a', 229, 2516, false);
insert into Split (id, amount, uuid, envelope_id, transaction_id) values(821, 208.00, '760de56d-056a-3e00-b700-17592e066739', 279, 820);
insert into Transaction (DTYPE, id, amount, balance, checkNo, date, description, externalId, initialBalance, memo, ref, status, type, uuid, account_id, transfer_id, custom) values('InternalTransaction', 818, -343.62, 1434.05, '', '2009-11-09', 'AZ MOTOR VEHICLE DIV 866', '200911090', false, '11/07AZ MOTOR', '', 2, 1, '5e6a88ae-9676-31c1-940e-87aaf2a5885d', 229, null, false);
insert into Split (id, amount, uuid, envelope_id, transaction_id) values(819, -343.62, '2576bb94-b3f7-30c2-a79f-72839eaccf53', 293, 818);
insert into Transaction (DTYPE, id, amount, balance, checkNo, date, description, externalId, initialBalance, memo, ref, status, type, uuid, account_id, transfer_id, custom) values('InternalTransaction', 816, 24.50, 2450.95, '', '2010-03-19', 'Transfer from Available', 'null', false, '', '', 2, 0, '3d62990e-362d-3138-a264-fc3fb700ee4e', 229, 1342, false);
insert into Split (id, amount, uuid, envelope_id, transaction_id) values(817, 24.50, '754c4b90-ec87-38cf-a81c-5fd6e272bd84', 279, 816);
insert into Transaction (DTYPE, id, amount, balance, checkNo, date, description, externalId, initialBalance, memo, ref, status, type, uuid, account_id, transfer_id, custom) values('InternalTransaction', 822, 27.19, 4396.00, '', '2010-03-05', 'Transfer from Available', 'null', false, '', '', 2, 0, '4172de60-eac2-31a5-ae73-d770e7854ba4', 229, 318, false);
insert into Split (id, amount, uuid, envelope_id, transaction_id) values(823, 27.19, '26f98748-72b7-3ed7-9968-fdbf371443e0', 259, 822);
insert into Transaction (DTYPE, id, amount, balance, checkNo, date, description, externalId, initialBalance, memo, ref, status, type, uuid, account_id, transfer_id, custom) values('InternalTransaction', 824, -6.47, 2893.95, '', '2010-04-16', 'Transfer to Tivo', 'null', false, '', '', 2, 1, '18f9c3d0-3494-3621-a8fa-02b64698aedd', 229, 542, false);
insert into Split (id, amount, uuid, envelope_id, transaction_id) values(825, -6.47, 'd2f093ac-2ba1-3d4e-9d51-3ef4429e5818', 292, 824);
insert into Transaction (DTYPE, id, amount, balance, checkNo, date, description, externalId, initialBalance, memo, ref, status, type, uuid, account_id, transfer_id, custom) values('InternalTransaction', 828, -5.06, 4388.97, '', '2009-11-30', 'TACO BELL 00080 Q67 P', '2009113017', false, '11/27TACO BELL', '', 2, 1, '2c2e332c-29cb-3ba0-a229-a26d2434dfaa', 229, null, false);
insert into Split (id, amount, uuid, envelope_id, transaction_id) values(829, -5.06, 'a96b1413-15cf-3bba-a579-1c8d043a1b41', 246, 828);
insert into Transaction (DTYPE, id, amount, balance, checkNo, date, description, externalId, initialBalance, memo, ref, status, type, uuid, account_id, transfer_id, custom) values('InternalTransaction', 826, -6.28, 907.33, '', '2009-11-10', 'SPROUTS FARMERS MKT # 0 075971', '200911102', false, '11/10SPROUTS F', '', 2, 1, '43dff3a9-190d-31f5-b48d-bf7ddb67c4fa', 229, null, false);
insert into Split (id, amount, uuid, envelope_id, transaction_id) values(827, -6.28, 'ec6d0e0c-313d-3d0c-9c03-bf413849ff9e', 238, 826);
insert into Transaction (DTYPE, id, amount, balance, checkNo, date, description, externalId, initialBalance, memo, ref, status, type, uuid, account_id, transfer_id, custom) values('InternalTransaction', 830, 156.00, 3454.59, '', '2010-04-02', 'Transfer from Available', 'null', false, '', '', 2, 0, 'fe850f24-7ecf-316d-9bb6-35d301749ed4', 229, 1986, false);
insert into Split (id, amount, uuid, envelope_id, transaction_id) values(831, 156.00, '21dada0b-8353-3df5-b117-802cf461d76a', 252, 830);
insert into Transaction (DTYPE, id, amount, balance, checkNo, date, description, externalId, initialBalance, memo, ref, status, type, uuid, account_id, transfer_id, custom) values('InternalTransaction', 832, 8.03, 957.70, '', '2010-03-03', 'Transfer from Available', 'null', false, '', '', 2, 0, '847763b0-ce59-3e24-849b-205eb53d7e04', 229, 1686, false);
insert into Split (id, amount, uuid, envelope_id, transaction_id) values(833, 8.03, '1d91988f-ab93-3626-9c1a-7ade2a2ab8d5', 238, 832);
insert into Transaction (DTYPE, id, amount, balance, checkNo, date, description, externalId, initialBalance, memo, ref, status, type, uuid, account_id, transfer_id, custom) values('InternalTransaction', 836, 4.97, 3806.99, '', '2010-02-19', 'Transfer from Available', 'null', false, '', '', 2, 0, '94e66882-cd7b-379f-9f5a-4ac998255550', 229, 2560, false);
insert into Split (id, amount, uuid, envelope_id, transaction_id) values(837, 4.97, 'bcb8c551-2177-3a5f-a36f-9db8e94e5395', 232, 836);
insert into Transaction (DTYPE, id, amount, balance, checkNo, date, description, externalId, initialBalance, memo, ref, status, type, uuid, account_id, transfer_id, custom) values('InternalTransaction', 834, -10.00, 4105.33, '', '2009-11-20', 'WALGREENS #4722 PHOENIX', '200911201', false, '11/19WALGREENS', '', 2, 1, '6af68d50-73ca-36ae-a530-669731aa2174', 229, null, false);
insert into Split (id, amount, uuid, envelope_id, transaction_id) values(835, -10.00, 'a503a55c-da89-306b-9104-341a5d75da33', 277, 834);
insert into Transaction (DTYPE, id, amount, balance, checkNo, date, description, externalId, initialBalance, memo, ref, status, type, uuid, account_id, transfer_id, custom) values('InternalTransaction', 838, 108.25, 9970.82, '', '2010-02-16', 'Transfer from Available', 'null', false, '', '', 0, 0, 'e89f48a2-b1cf-3379-bb9d-f800be667b08', 229, 1512, false);
insert into Split (id, amount, uuid, envelope_id, transaction_id) values(839, 108.25, '3793f1e6-1fa8-32b5-9a93-969ac70aa2f1', 249, 838);
insert into Transaction (DTYPE, id, amount, balance, checkNo, date, description, externalId, initialBalance, memo, ref, status, type, uuid, account_id, transfer_id, custom) values('InternalTransaction', 840, -2.50, 2897.93, '', '2009-12-03', 'NEOBUDGET.COM HOLLY SPRI', '200912035', false, '12/02NEOBUDGET', '', 2, 1, '836e6210-2ef7-3bb3-be5d-4c7734850717', 229, null, false);
insert into Split (id, amount, uuid, envelope_id, transaction_id) values(841, -2.50, 'dccd263e-db79-3078-9a48-28cddda4f850', 252, 840);
insert into Transaction (DTYPE, id, amount, balance, checkNo, date, description, externalId, initialBalance, memo, ref, status, type, uuid, account_id, transfer_id, custom) values('InternalTransaction', 844, -309.33, 813.25, '', '2010-04-12', 'VW CREDIT, INC. AUTO DEBIT WE', '201004127', false, 'B 852539481 WEB ID: 1382362409', '', 2, 1, '0bc4952d-c381-36e3-9e68-49b7290326f0', 229, null, false);
insert into Split (id, amount, uuid, envelope_id, transaction_id) values(845, -309.33, 'c4402046-1899-343f-a79b-2867391bb8c6', 267, 844);
insert into Transaction (DTYPE, id, amount, balance, checkNo, date, description, externalId, initialBalance, memo, ref, status, type, uuid, account_id, transfer_id, custom) values('InternalTransaction', 842, -309.33, 598.00, '', '2009-11-12', 'VW CREDIT, INC. AUTO DEBIT WE', '200911120', false, 'B 852539481 WEB ID: 1382362409', '', 2, 1, '550b2021-83e8-3ff0-96fd-5664fdd227a7', 229, null, false);
insert into Split (id, amount, uuid, envelope_id, transaction_id) values(843, -309.33, '48eec03f-fc82-3a58-91c2-a9379bbfaa1b', 267, 842);
insert into Transaction (DTYPE, id, amount, balance, checkNo, date, description, externalId, initialBalance, memo, ref, status, type, uuid, account_id, transfer_id, custom) values('InternalTransaction', 846, -60.00, 2946.61, '', '2009-12-03', 'ATM WITHDRAWAL 008882', '200912031', false, '12/027801 N 19', '', 2, 1, '2a50e3c8-18c4-38c5-a73f-dd90614e9d98', 229, null, false);
insert into Split (id, amount, uuid, envelope_id, transaction_id) values(847, -60.00, '078e990a-d67a-3ae5-9814-4d5d3bada7d4', 276, 846);
insert into Transaction (DTYPE, id, amount, balance, checkNo, date, description, externalId, initialBalance, memo, ref, status, type, uuid, account_id, transfer_id, custom) values('InternalTransaction', 850, -24.90, 3530.73, '', '2010-02-16', 'Transfer to Pet', 'null', false, '', '', 0, 1, '841c9ece-45a5-3c32-a7de-f0712a51cda1', 229, 2466, false);
insert into Split (id, amount, uuid, envelope_id, transaction_id) values(851, -24.90, '85e7ca0d-e7b3-34a8-b50b-88e6e8e75ad6', 292, 850);
insert into Transaction (DTYPE, id, amount, balance, checkNo, date, description, externalId, initialBalance, memo, ref, status, type, uuid, account_id, transfer_id, custom) values('InternalTransaction', 848, -33.36, 2107.18, '', '2010-01-04', 'LOWE''S #1204 PHOENIX AZ 760297', '201001041', false, '01/03LOWE''S #1', '', 2, 1, 'fa59ed22-e44d-3e44-b14e-0087d67a4e5e', 229, null, false);
insert into Split (id, amount, uuid, envelope_id, transaction_id) values(849, -33.36, '36765e33-cb65-3c33-b16a-271882f7dd17', 239, 848);
insert into Transaction (DTYPE, id, amount, balance, checkNo, date, description, externalId, initialBalance, memo, ref, status, type, uuid, account_id, transfer_id, custom) values('InternalTransaction', 854, 25.00, 3831.99, '', '2010-02-19', 'Transfer from Available', 'null', false, '', '', 2, 0, 'c4d84beb-13d8-3d3f-a55a-50149092cded', 229, 1068, false);
insert into Split (id, amount, uuid, envelope_id, transaction_id) values(855, 25.00, '6feb556b-1681-3521-bdac-ffc8ea49e606', 286, 854);
insert into Transaction (DTYPE, id, amount, balance, checkNo, date, description, externalId, initialBalance, memo, ref, status, type, uuid, account_id, transfer_id, custom) values('InternalTransaction', 852, -10.63, 1022.78, '', '2009-12-24', 'WHATABURGER 756 Q26 P', '200912242', false, '12/22WHATABURG', '', 2, 1, '2d0023e3-51f7-32fe-9ced-cc1e9fa1afda', 229, null, false);
insert into Split (id, amount, uuid, envelope_id, transaction_id) values(853, -10.63, 'b887cc98-1592-380b-9ad1-9f183e58ba3c', 246, 852);
insert into Transaction (DTYPE, id, amount, balance, checkNo, date, description, externalId, initialBalance, memo, ref, status, type, uuid, account_id, transfer_id, custom) values('InternalTransaction', 858, 81.98, 1320.42, '', '2010-02-16', 'Transfer from Available', 'null', false, '', '', 0, 0, '7ca5bd15-8fcc-34e3-a3d1-2fb0435cb6a7', 229, 1816, false);
insert into Split (id, amount, uuid, envelope_id, transaction_id) values(859, 81.98, 'cd3b0aef-0a7e-3abe-8083-5ee153330ed9', 273, 858);
insert into Transaction (DTYPE, id, amount, balance, checkNo, date, description, externalId, initialBalance, memo, ref, status, type, uuid, account_id, transfer_id, custom) values('InternalTransaction', 856, -309.33, 5708.88, '', '2009-12-11', 'VW CREDIT, INC. AUTO DEBIT WE', '200912111', false, 'B 852539481 WEB ID: 1382362409', '', 2, 1, 'c12dfee8-cfd3-3821-bbfb-2826e8f7e45b', 229, null, false);
insert into Split (id, amount, uuid, envelope_id, transaction_id) values(857, -309.33, '7809343e-97df-3954-9219-8b02a9bb324c', 267, 856);
insert into Transaction (DTYPE, id, amount, balance, checkNo, date, description, externalId, initialBalance, memo, ref, status, type, uuid, account_id, transfer_id, custom) values('InternalTransaction', 860, 10.00, 660.05, '', '2010-04-16', 'Transfer from Available', 'null', false, '', '', 2, 0, '3c856988-a8d5-3c73-b638-e4fb1bd1cfe1', 229, 698, false);
insert into Split (id, amount, uuid, envelope_id, transaction_id) values(861, 10.00, '8d9c53dc-4976-322b-a81d-7cc323fa32f2', 295, 860);
insert into Transaction (DTYPE, id, amount, balance, checkNo, date, description, externalId, initialBalance, memo, ref, status, type, uuid, account_id, transfer_id, custom) values('InternalTransaction', 862, -175.00, 3300.70, '', '2009-11-02', 'IRS USATAXPYMT 2709', '200911020', false, '70600034614 WEB ID: 3387702000', '', 2, 1, '7e51fdab-7140-337b-9ab0-1f3a19ee15ef', 229, null, false);
insert into Split (id, amount, uuid, envelope_id, transaction_id) values(863, -175.00, '727aac82-078e-3f31-b8f3-990375808872', 256, 862);
insert into Transaction (DTYPE, id, amount, balance, checkNo, date, description, externalId, initialBalance, memo, ref, status, type, uuid, account_id, transfer_id, custom) values('InternalTransaction', 864, -15.99, 3916.07, '', '2010-03-23', 'QDOBA 428 11404282 P', '201003232', false, '03/21QDOBA 428', '', 2, 1, '1af46049-e410-312f-84d6-988c94e2f825', 229, null, false);
insert into Split (id, amount, uuid, envelope_id, transaction_id) values(865, -15.99, '87906249-c1a8-3ec5-b9a5-94b156ba77a4', 295, 864);
insert into Transaction (DTYPE, id, amount, balance, checkNo, date, description, externalId, initialBalance, memo, ref, status, type, uuid, account_id, transfer_id, custom) values('InternalTransaction', 866, 10.97, 4406.97, '', '2010-03-05', 'Transfer from Available', 'null', false, '', '', 2, 0, '5adcde72-ffa9-3b0d-91f5-2f6bcfd38413', 229, 2574, false);
insert into Split (id, amount, uuid, envelope_id, transaction_id) values(867, 10.97, '8e54c316-3f07-3280-91fc-b105b4b8589e', 274, 866);
insert into Transaction (DTYPE, id, amount, balance, checkNo, date, description, externalId, initialBalance, memo, ref, status, type, uuid, account_id, transfer_id, custom) values('InternalTransaction', 868, -13.00, 3516.23, '', '2009-12-14', 'MACY''S 462 9700 ME 753652', '2009121422', false, '12/12MACY''S', '', 2, 1, '0fc7232b-74d3-3467-a7cf-2a132fe1c09b', 229, null, false);
insert into Split (id, amount, uuid, envelope_id, transaction_id) values(869, -13.00, '7a600784-7bc3-3bae-bd97-c017dc9e1c99', 285, 868);
insert into Transaction (DTYPE, id, amount, balance, checkNo, date, description, externalId, initialBalance, memo, ref, status, type, uuid, account_id, transfer_id, custom) values('InternalTransaction', 870, 5.00, 5.00, '', '2010-04-08', 'Transfer from Personal Care', 'null', false, '', '', 2, 0, '903e9a5a-567c-3014-8fb0-2b1e3034355d', 228, 2965, false);
insert into Split (id, amount, uuid, envelope_id, transaction_id) values(871, 5.00, '7ae57c08-93c4-3bbf-adc4-6a6fe9a6f351', 252, 870);
insert into Transaction (DTYPE, id, amount, balance, checkNo, date, description, externalId, initialBalance, memo, ref, status, type, uuid, account_id, transfer_id, custom) values('InternalTransaction', 872, 317.51, 317.51, '', '2010-03-23', 'Transfer from Unassigned', 'null', false, '', '', 2, 0, 'b069c311-6b9b-3556-a643-883220e33e36', 228, 2642, false);
insert into Split (id, amount, uuid, envelope_id, transaction_id) values(873, 317.51, 'aaf5868f-1ca2-3502-b8aa-1b7976ec19bd', 292, 872);
insert into Transaction (DTYPE, id, amount, balance, checkNo, date, description, externalId, initialBalance, memo, ref, status, type, uuid, account_id, transfer_id, custom) values('InternalTransaction', 874, -26.62, 3911.45, '', '2009-12-08', 'ATOMIC COMICS METRO C P', '200912081', false, '12/06ATOMIC CO', '', 2, 1, 'd73fe967-e9fe-3f12-87ae-74b342efe41a', 229, null, false);
insert into Split (id, amount, uuid, envelope_id, transaction_id) values(875, -26.62, '2300d2d9-4130-32d7-9308-f13a7464ab97', 241, 874);
insert into Transaction (DTYPE, id, amount, balance, checkNo, date, description, externalId, initialBalance, memo, ref, status, type, uuid, account_id, transfer_id, custom) values('InternalTransaction', 880, -22.00, 0.00, '', '2010-04-02', 'Transfer to Groceries', 'null', false, '', '', 2, 1, '2c2fdb4b-3db8-3f75-8bd5-6ec526c58fcb', 228, 1310, false);
insert into Split (id, amount, uuid, envelope_id, transaction_id) values(881, -22.00, '5708decd-e87f-3a0e-b03d-9e1530f1c100', 292, 880);
insert into Transaction (DTYPE, id, amount, balance, checkNo, date, description, externalId, initialBalance, memo, ref, status, type, uuid, account_id, transfer_id, custom) values('InternalTransaction', 878, -3.50, 2269.33, '', '2009-12-31', 'TVM MONTEBELLO/19TH AVE 313411', '200912312', false, '12/30TVM MONTE', '', 2, 1, 'ddfd09da-9618-3b2b-9b8b-5d6d21d5fd27', 229, null, false);
insert into Split (id, amount, uuid, envelope_id, transaction_id) values(879, -3.50, '80898d1a-4005-3d20-a257-ef56f309b954', 252, 878);
insert into Transaction (DTYPE, id, amount, balance, checkNo, date, description, externalId, initialBalance, memo, ref, status, type, uuid, account_id, transfer_id, custom) values('InternalTransaction', 876, -84.05, 2913.97, '', '2009-12-28', 'BARCLAYCARD US CREDITCARD 7985', '200912282', false, '5126 WEB ID: 2510407970', '', 2, 1, 'f9622d87-d353-363a-abee-79d4bf5a4d3a', 229, null, false);
insert into Split (id, amount, uuid, envelope_id, transaction_id) values(877, -84.05, 'cb4f0ec0-930c-3356-824c-6ba1ad1a30e4', 242, 876);
insert into Transaction (DTYPE, id, amount, balance, checkNo, date, description, externalId, initialBalance, memo, ref, status, type, uuid, account_id, transfer_id, custom) values('InternalTransaction', 884, 65.00, 4471.97, '', '2010-03-05', 'Transfer from Available', 'null', false, '', '', 2, 0, '874fa473-0acf-3f82-ae51-834a1891322c', 229, 3043, false);
insert into Split (id, amount, uuid, envelope_id, transaction_id) values(885, 65.00, '25b33d71-96b7-314b-951d-9ce8115e9bad', 236, 884);
insert into Transaction (DTYPE, id, amount, balance, checkNo, date, description, externalId, initialBalance, memo, ref, status, type, uuid, account_id, transfer_id, custom) values('InternalTransaction', 882, -14.72, 0.00, '', '2010-03-27', 'Transfer to Fast Food', 'null', false, '', '', 2, 1, '1f982be8-784b-3a7a-923e-2ee34e479048', 228, 2344, false);
insert into Split (id, amount, uuid, envelope_id, transaction_id) values(883, -14.72, '3f08756b-669d-36e7-9744-4706c7c9b469', 252, 882);
insert into Transaction (DTYPE, id, amount, balance, checkNo, date, description, externalId, initialBalance, memo, ref, status, type, uuid, account_id, transfer_id, custom) values('InternalTransaction', 886, -326.00, null, '', '2010-04-02', 'Rossmar & Graham RESIDENT', '201004026', false, 'WEB ID: W050568743', '', 2, 1, '772e02a2-dc16-33fc-a75f-a37e96a11d80', 229, null, false);
insert into Split (id, amount, uuid, envelope_id, transaction_id) values(887, -326.00, '4c7f3e80-3a30-357f-9c5c-1c18ad978ac6', 258, 886);
insert into Transaction (DTYPE, id, amount, balance, checkNo, date, description, externalId, initialBalance, memo, ref, status, type, uuid, account_id, transfer_id, custom) values('InternalTransaction', 892, -33.92, 0.00, '', '2010-04-21', 'Transfer to Eating Out', 'null', false, '', '', 2, 1, 'bb7f4268-07f9-3f96-98c4-4e8b4888e3b2', 228, 968, false);
insert into Split (id, amount, uuid, envelope_id, transaction_id) values(893, -33.92, '169523ce-41b7-3164-81b7-d9a4c2fcc508', 292, 892);
insert into Transaction (DTYPE, id, amount, balance, checkNo, date, description, externalId, initialBalance, memo, ref, status, type, uuid, account_id, transfer_id, custom) values('InternalTransaction', 890, -27.04, 2712.78, '', '2009-12-28', 'THE GOOD EGG PARK CENTR', '200912286', false, '12/26THE GOOD', '', 2, 1, '2876c2a0-5e68-3b17-9f4c-71fe0dd91169', 229, null, false);
insert into Split (id, amount, uuid, envelope_id, transaction_id) values(891, -27.04, 'a04475d1-e335-3917-95e2-43d59c7e283a', 295, 890);
insert into Transaction (DTYPE, id, amount, balance, checkNo, date, description, externalId, initialBalance, memo, ref, status, type, uuid, account_id, transfer_id, custom) values('InternalTransaction', 888, -118.71, 3102.61, '', '2009-12-02', 'STATE FARM RO 27 SFPP', '200912021', false, 'PPD ID: 9000307001', '', 2, 1, 'c0aae75e-7009-3be9-bbd0-79da5269a330', 229, null, false);
insert into Split (id, amount, uuid, envelope_id, transaction_id) values(889, -118.71, '05195ff5-c302-33b8-bc8d-1d6d68d1a90e', 290, 888);
insert into Transaction (DTYPE, id, amount, balance, checkNo, date, description, externalId, initialBalance, memo, ref, status, type, uuid, account_id, transfer_id, custom) values('InternalTransaction', 894, -38.21, 0.00, '', '2010-04-06', 'Transfer to Available', 'null', false, '', '', 2, 1, '55fe5ea8-3bba-3b5c-a181-cd4ae1fe67ec', 228, 1694, false);
insert into Split (id, amount, uuid, envelope_id, transaction_id) values(895, -38.21, '873c8ea4-5c04-3ae5-bfae-16fed47d2855', 264, 894);
insert into Transaction (DTYPE, id, amount, balance, checkNo, date, description, externalId, initialBalance, memo, ref, status, type, uuid, account_id, transfer_id, custom) values('InternalTransaction', 898, -1.11, 2284.33, '', '2010-02-25', 'QT 400 TEMPE AZ 546584', '201002251', false, '02/24QT 400 TE', '', 2, 1, 'ba88ac0b-0d50-386a-8cdc-091d865523de', 229, null, false);
insert into Split (id, amount, uuid, envelope_id, transaction_id) values(899, -1.11, 'ee71fe5e-c63e-3a6a-b3f7-2c7614db0b2d', 252, 898);
insert into Transaction (DTYPE, id, amount, balance, checkNo, date, description, externalId, initialBalance, memo, ref, status, type, uuid, account_id, transfer_id, custom) values('InternalTransaction', 896, -526.71, 4327.06, '', '2010-02-16', 'Transfer to State Farm Insurance', 'null', false, '', '', 0, 1, 'a99c0bb8-72f3-3efe-9390-f7493f91faac', 229, 732, false);
insert into Split (id, amount, uuid, envelope_id, transaction_id) values(897, -526.71, '6c5c383c-78ba-33ef-9a06-9a5eccd15461', 292, 896);
insert into Transaction (DTYPE, id, amount, balance, checkNo, date, description, externalId, initialBalance, memo, ref, status, type, uuid, account_id, transfer_id, custom) values('InternalTransaction', 900, -22.00, 0.00, '', '2010-03-09', 'Transfer to Pet', 'null', false, '', '', 2, 1, 'fe5321ac-02d9-3c24-aba1-9e7dd7e2387e', 228, 1768, false);
insert into Split (id, amount, uuid, envelope_id, transaction_id) values(901, -22.00, '724ea1fb-5d9e-3724-8e53-b86b01fcf977', 252, 900);
insert into Transaction (DTYPE, id, amount, balance, checkNo, date, description, externalId, initialBalance, memo, ref, status, type, uuid, account_id, transfer_id, custom) values('InternalTransaction', 902, -10.00, 5125.96, '', '2010-02-19', 'Transfer to Auto Maintenance', 'null', false, '', '', 2, 1, '0f552d50-4503-378c-9519-ab1db782cb3f', 229, 1378, false);
insert into Split (id, amount, uuid, envelope_id, transaction_id) values(903, -10.00, '66eece63-5d48-3e78-b9ca-747cfc91273b', 292, 902);
insert into Transaction (DTYPE, id, amount, balance, checkNo, date, description, externalId, initialBalance, memo, ref, status, type, uuid, account_id, transfer_id, custom) values('InternalTransaction', 904, -49.00, 2625.28, '', '2010-04-19', 'MASSAGE ENVY 0011 480-83', '201004190', false, '04/16MASSAGE E', '', 2, 1, '486190e6-c0ee-3fc3-9aa8-a70f24f2bb17', 229, null, false);
insert into Split (id, amount, uuid, envelope_id, transaction_id) values(905, -49.00, '75037a26-25cb-3c09-90d0-42fee99003d8', 279, 904);
insert into Transaction (DTYPE, id, amount, balance, checkNo, date, description, externalId, initialBalance, memo, ref, status, type, uuid, account_id, transfer_id, custom) values('InternalTransaction', 906, 200.00, 3135.22, '', '2010-04-16', 'Transfer from Available', 'null', false, '', '', 2, 0, '8e6bb988-37d6-3f8f-aa1c-efca8cd389d1', 229, 2150, false);
insert into Split (id, amount, uuid, envelope_id, transaction_id) values(907, 200.00, '20babeb3-d0fd-396f-9d7d-01d2d018d458', 252, 906);
insert into Transaction (DTYPE, id, amount, balance, checkNo, date, description, externalId, initialBalance, memo, ref, status, type, uuid, account_id, transfer_id, custom) values('InternalTransaction', 910, 1397.33, 5018.78, '', '2009-11-13', 'VILLAGE VOICE ME DIRECT DEP', '200911131', false, 'PPD ID: 9111111101', '', 2, 0, '5a15ec1e-98ec-3007-9e35-9bb472bd1eff', 229, null, false);
insert into Split (id, amount, uuid, envelope_id, transaction_id) values(911, 1397.33, '6fb2caa7-3a40-3791-9695-1e5388be4a75', 292, 910);
insert into Transaction (DTYPE, id, amount, balance, checkNo, date, description, externalId, initialBalance, memo, ref, status, type, uuid, account_id, transfer_id, custom) values('InternalTransaction', 908, -7.30, 1386.21, '', '2010-02-12', 'TACO BELL #21245 TEMPE A', '201002121', false, '02/10TACO BELL', '', 2, 1, '65a8ad68-1ac3-3c3a-a13f-d311aaa3c0d7', 229, null, false);
insert into Split (id, amount, uuid, envelope_id, transaction_id) values(909, -7.30, 'c0be0dda-c2cb-3b13-84dd-4a20aaa9d6dc', 246, 908);
insert into Transaction (DTYPE, id, amount, balance, checkNo, date, description, externalId, initialBalance, memo, ref, status, type, uuid, account_id, transfer_id, custom) values('InternalTransaction', 912, 53.92, 1556.23, '', '2010-04-21', 'Transfer from Available', 'null', false, '', '', 2, 0, 'df0b480d-5824-334a-adf8-5c901a88fed9', 229, 638, false);
insert into Split (id, amount, uuid, envelope_id, transaction_id) values(913, 53.92, 'd6ca72bb-686f-3e33-9059-1f73c96539fa', 264, 912);
insert into Transaction (DTYPE, id, amount, balance, checkNo, date, description, externalId, initialBalance, memo, ref, status, type, uuid, account_id, transfer_id, custom) values('InternalTransaction', 914, 0.00, 4471.97, '', '2010-03-05', 'Transfer from Available', 'null', false, '', '', 2, 1, 'c9f4e1b1-80e3-3eb9-9931-0618c2a880e5', 229, 3013, false);
insert into Split (id, amount, uuid, envelope_id, transaction_id) values(915, 0.00, 'c6eca070-1368-3612-94a4-4d5b7be79cd0', 294, 914);
insert into Transaction (DTYPE, id, amount, balance, checkNo, date, description, externalId, initialBalance, memo, ref, status, type, uuid, account_id, transfer_id, custom) values('InternalTransaction', 918, -29.23, 0.00, '', '2010-03-09', 'Transfer to Eating Out', 'null', false, '', '', 2, 1, 'd3f6764d-287e-300b-9de6-958e32569395', 228, 1518, false);
insert into Split (id, amount, uuid, envelope_id, transaction_id) values(919, -29.23, 'dc38fff2-99d6-33ca-82b0-1f359f616eee', 252, 918);
insert into Transaction (DTYPE, id, amount, balance, checkNo, date, description, externalId, initialBalance, memo, ref, status, type, uuid, account_id, transfer_id, custom) values('InternalTransaction', 916, -21.61, 2925.00, '', '2009-12-03', 'CVS 09205 09205--802 SO 446866', '200912032', false, '12/02CVS 09205', '', 2, 1, '045754b0-06bf-36e4-9f9a-ceb44708dbbd', 229, null, false);
insert into Split (id, amount, uuid, envelope_id, transaction_id) values(917, -21.61, '4c59d9fd-83b9-38ef-8701-46bd17647c7e', 286, 916);
insert into Transaction (DTYPE, id, amount, balance, checkNo, date, description, externalId, initialBalance, memo, ref, status, type, uuid, account_id, transfer_id, custom) values('InternalTransaction', 920, -37.44, 2448.14, '', '2010-01-27', 'CIRCLE K 01618 PHOENIX A399749', '201001270', false, '01/26CIRCLE K', '', 2, 1, 'ce6068d1-01eb-323e-81b5-8881f0851334', 229, null, false);
insert into Split (id, amount, uuid, envelope_id, transaction_id) values(921, -37.44, 'daa41ce4-01c4-354f-a7d6-f6dd3da7a459', 252, 920);
insert into Transaction (DTYPE, id, amount, balance, checkNo, date, description, externalId, initialBalance, memo, ref, status, type, uuid, account_id, transfer_id, custom) values('InternalTransaction', 922, 109.55, 4581.52, '', '2010-03-05', 'Transfer from Available', 'null', false, '', '', 2, 0, '2ff9a086-17be-3689-abd0-a2de08a18e4b', 229, 674, false);
insert into Split (id, amount, uuid, envelope_id, transaction_id) values(923, 109.55, 'ff4de8a6-ae2e-3e8d-84cb-4ac766849808', 253, 922);
insert into Transaction (DTYPE, id, amount, balance, checkNo, date, description, externalId, initialBalance, memo, ref, status, type, uuid, account_id, transfer_id, custom) values('InternalTransaction', 924, 157.57, 10677.06, '', '2010-02-16', 'Transfer from Available', 'null', false, '', '', 0, 0, '55138e10-6025-360c-b794-cb3a43c23bef', 229, 1780, false);
insert into Split (id, amount, uuid, envelope_id, transaction_id) values(925, 157.57, 'd5b9a1b7-f489-34f9-a1f0-61d5ccf541f2', 273, 924);
insert into Transaction (DTYPE, id, amount, balance, checkNo, date, description, externalId, initialBalance, memo, ref, status, type, uuid, account_id, transfer_id, custom) values('InternalTransaction', 926, -6.48, 2178.89, '', '2010-04-02', 'Transfer to Tivo', 'null', false, '', '', 2, 1, '9fae6df1-09b1-3078-893b-518411485d37', 229, 988, false);
insert into Split (id, amount, uuid, envelope_id, transaction_id) values(927, -6.48, 'a5d5ecd3-8aec-34e0-b532-10da2bc2ee3f', 292, 926);
insert into Transaction (DTYPE, id, amount, balance, checkNo, date, description, externalId, initialBalance, memo, ref, status, type, uuid, account_id, transfer_id, custom) values('InternalTransaction', 928, -120.00, 1384.76, '', '2009-10-27', 'ATM WITHDRAWAL 004712', '200910270', false, '10/263150 E IN', '', 2, 1, 'b6e757cc-7766-3f02-b1eb-02c4e84e2c91', 229, null, false);
insert into Split (id, amount, uuid, envelope_id, transaction_id) values(929, -120.00, 'dd7bfd87-bbaa-38c1-b483-68ea0e879337', 276, 928);
insert into Transaction (DTYPE, id, amount, balance, checkNo, date, description, externalId, initialBalance, memo, ref, status, type, uuid, account_id, transfer_id, custom) values('InternalTransaction', 934, -40.00, 3949.71, '', '2010-03-29', '7-ELEVEN TEMPE AZ 162695', '201003296', false, '03/277-ELEVEN', '', 2, 1, '925f5f4f-c752-3c2a-89f6-3f7461fdcda5', 229, null, false);
insert into Split (id, amount, uuid, envelope_id, transaction_id) values(935, -40.00, 'b7d2ef24-dfe3-3d3c-bf1e-5a07bca39a9e', 250, 934);
insert into Transaction (DTYPE, id, amount, balance, checkNo, date, description, externalId, initialBalance, memo, ref, status, type, uuid, account_id, transfer_id, custom) values('InternalTransaction', 932, -65.00, 2341.91, '', '2009-12-30', 'HEAVENSANGELSTHERAPEUT P', '200912300', false, '12/29HEAVENSAN', '', 2, 1, '7b8cb5d4-7a8c-3ff6-abff-02582fa09f77', 229, null, false);
insert into Split (id, amount, uuid, envelope_id, transaction_id) values(933, -65.00, '4b9efc56-ed36-3f6b-b3bc-2a5370e31f09', 256, 932);
insert into Transaction (DTYPE, id, amount, balance, checkNo, date, description, externalId, initialBalance, memo, ref, status, type, uuid, account_id, transfer_id, custom) values('InternalTransaction', 930, -37.18, 1516.18, '', '2010-01-14', 'CHEVRON 00098544 PHOENIX', '201001141', false, '01/12CHEVRON 0', '', 2, 1, '08a8a7c1-b440-34d2-a977-7c756f79a3bc', 229, null, false);
insert into Split (id, amount, uuid, envelope_id, transaction_id) values(931, -37.18, '728657f8-dcb3-3ad1-be27-0c8327992d6b', 253, 930);
insert into Transaction (DTYPE, id, amount, balance, checkNo, date, description, externalId, initialBalance, memo, ref, status, type, uuid, account_id, transfer_id, custom) values('InternalTransaction', 936, 5.37, 5.37, '', '2010-03-18', 'Transfer from Available', 'null', false, '', '', 2, 0, '43375d8c-1d37-35e9-8029-ba317ef5ca7d', 228, 1992, false);
insert into Split (id, amount, uuid, envelope_id, transaction_id) values(937, 5.37, '23595b0c-a698-39d0-b505-c3677ef723fc', 252, 936);
insert into Transaction (DTYPE, id, amount, balance, checkNo, date, description, externalId, initialBalance, memo, ref, status, type, uuid, account_id, transfer_id, custom) values('InternalTransaction', 938, -21.02, 5328.12, '', '2009-12-11', 'NORDSTROM 381 3199 W CH 025376', '200912118', false, '12/10NORDSTROM', '', 2, 1, 'f0af059c-9d2d-364c-8770-f2aa820b157d', 229, null, false);
insert into Split (id, amount, uuid, envelope_id, transaction_id) values(939, -21.02, '529462ce-92bd-3a77-aaae-d278d9a1d5d8', 285, 938);
insert into Transaction (DTYPE, id, amount, balance, checkNo, date, description, externalId, initialBalance, memo, ref, status, type, uuid, account_id, transfer_id, custom) values('InternalTransaction', 940, -1.51, 0.00, '', '2010-03-30', 'Transfer to Personal Care', 'null', false, '', '', 2, 1, 'b42cfac4-96fb-3194-8c07-62643914442a', 228, 2082, false);
insert into Split (id, amount, uuid, envelope_id, transaction_id) values(941, -1.51, 'ae1d107c-5818-3f8a-9b16-11b44187d1bb', 292, 940);
insert into Transaction (DTYPE, id, amount, balance, checkNo, date, description, externalId, initialBalance, memo, ref, status, type, uuid, account_id, transfer_id, custom) values('InternalTransaction', 942, -35.45, 1378.14, '', '2010-01-19', 'FRYS FOOD & DRUG 1815 G 025417', '201001193', false, '01/16FRYS FOOD', '', 2, 1, '064ff552-5fc2-34fd-b1ac-2422bc659efb', 229, null, false);
insert into Split (id, amount, uuid, envelope_id, transaction_id) values(943, -35.45, 'ee1233e6-111e-303e-8e16-cb16e59e7170', 238, 942);
insert into Transaction (DTYPE, id, amount, balance, checkNo, date, description, externalId, initialBalance, memo, ref, status, type, uuid, account_id, transfer_id, custom) values('InternalTransaction', 946, -29.72, 4555.13, '', '2009-11-16', 'SPROUTS FARMERS MKT #7 P259061', '200911164', false, '11/14SPROUTS F', '', 2, 1, '9ae226f2-a89b-366c-b2d4-f52c3a170bbb', 229, null, false);
insert into Split (id, amount, uuid, envelope_id, transaction_id) values(947, -29.72, 'd2368520-06f9-3645-992e-95dc461e5178', 238, 946);
insert into Transaction (DTYPE, id, amount, balance, checkNo, date, description, externalId, initialBalance, memo, ref, status, type, uuid, account_id, transfer_id, custom) values('InternalTransaction', 944, -74.73, 4150.28, '', '2009-11-19', 'QWEST 8004238994 AUTO PAY', '200911191', false, 'PPD ID: ATPPHX6005', '', 2, 1, '30ce8829-a05a-3d39-9710-70f04904d12b', 229, null, false);
insert into Split (id, amount, uuid, envelope_id, transaction_id) values(945, -74.73, 'ce49c4fc-200e-32c2-9d87-70e51361506c', 262, 944);
insert into Transaction (DTYPE, id, amount, balance, checkNo, date, description, externalId, initialBalance, memo, ref, status, type, uuid, account_id, transfer_id, custom) values('InternalTransaction', 948, -3.47, 1361.79, '', '2009-12-21', 'JACK IN THE BOX #1184 GL', '200912215', false, '12/20JACK IN T', '', 2, 1, 'd233001f-0809-3c22-b41f-36e9ab1d28c8', 229, null, false);
insert into Split (id, amount, uuid, envelope_id, transaction_id) values(949, -3.47, '28c9cba1-afa5-36f9-9c84-83ec12c9a6d8', 246, 948);
insert into Transaction (DTYPE, id, amount, balance, checkNo, date, description, externalId, initialBalance, memo, ref, status, type, uuid, account_id, transfer_id, custom) values('InternalTransaction', 950, -14.48, 7078.71, '', '2010-03-20', 'QMG', '2010032211', false, '', '', 2, 1, 'de32a16e-bd1f-3069-b29e-6b2693aab64c', 229, null, false);
insert into Split (id, amount, uuid, envelope_id, transaction_id) values(951, -14.48, '6b852bf3-8fc6-3864-9eba-aa2f5ace59ce', 252, 950);
insert into Transaction (DTYPE, id, amount, balance, checkNo, date, description, externalId, initialBalance, memo, ref, status, type, uuid, account_id, transfer_id, custom) values('InternalTransaction', 954, -9.18, 2991.94, '', '2010-01-25', 'QDOBA 428 11404282 P', '2010012510', false, '01/23QDOBA 428', '', 2, 1, 'c04f43b2-334a-3784-a678-388c375ff32f', 229, null, false);
insert into Split (id, amount, uuid, envelope_id, transaction_id) values(955, -9.18, '608ba9e4-f8c6-3396-8e8c-a43aea804d3a', 295, 954);
insert into Transaction (DTYPE, id, amount, balance, checkNo, date, description, externalId, initialBalance, memo, ref, status, type, uuid, account_id, transfer_id, custom) values('InternalTransaction', 952, 3.89, 3.89, '', '2010-04-13', 'Transfer from GMAC Mortgage', 'null', false, '', '', 2, 0, 'c284dd59-df6e-3770-b885-42df7529fb26', 228, 576, false);
insert into Split (id, amount, uuid, envelope_id, transaction_id) values(953, 3.89, '2c28d222-4843-376e-891c-5f6722695065', 292, 952);
insert into Transaction (DTYPE, id, amount, balance, checkNo, date, description, externalId, initialBalance, memo, ref, status, type, uuid, account_id, transfer_id, custom) values('InternalTransaction', 956, -52.70, 4239.99, '', '2009-11-30', 'THE HOME DEPOT #0485 PHO', '200911303', false, '11/28THE HOME', '', 2, 1, 'bd2fbffc-13b5-3d9f-9794-8cb89e2dc9a8', 229, null, false);
insert into Split (id, amount, uuid, envelope_id, transaction_id) values(957, -52.70, 'd5f09b37-782b-3aed-a1ba-026b38ce6c19', 239, 956);
insert into Transaction (DTYPE, id, amount, balance, checkNo, date, description, externalId, initialBalance, memo, ref, status, type, uuid, account_id, transfer_id, custom) values('InternalTransaction', 958, -28.03, 4432.16, '', '2009-12-14', 'GAME NIGHTZ PHOENIX AZ 481510', '2009121413', false, '12/12GAME NIGH', '', 2, 1, 'c119909b-5674-341b-a025-804985931014', 229, null, false);
insert into Split (id, amount, uuid, envelope_id, transaction_id) values(959, -28.03, '54da593d-fc04-3bf8-bd77-ab159dbb66ee', 241, 958);
insert into Transaction (DTYPE, id, amount, balance, checkNo, date, description, externalId, initialBalance, memo, ref, status, type, uuid, account_id, transfer_id, custom) values('InternalTransaction', 962, 1.51, 3917.58, '', '2010-03-24', 'Transfer from Available', 'null', false, '', '', 2, 0, 'c8446635-56a4-38ed-b97c-0cff1c2f982d', 229, 2430, false);
insert into Split (id, amount, uuid, envelope_id, transaction_id) values(963, 1.51, '9045f53f-396d-307d-a8ad-62ffc5cf8290', 295, 962);
insert into Transaction (DTYPE, id, amount, balance, checkNo, date, description, externalId, initialBalance, memo, ref, status, type, uuid, account_id, transfer_id, custom) values('InternalTransaction', 960, -23.77, 0.00, '', '2010-03-31', 'Transfer to Spending', 'null', false, '', '', 2, 1, '6817a1fd-eea5-3bdd-8ddd-c27de686b0e3', 228, 2552, false);
insert into Split (id, amount, uuid, envelope_id, transaction_id) values(961, -23.77, '30db75c7-37d9-3d3a-88a0-fc7b05514d81', 239, 960);
insert into Transaction (DTYPE, id, amount, balance, checkNo, date, description, externalId, initialBalance, memo, ref, status, type, uuid, account_id, transfer_id, custom) values('InternalTransaction', 964, -57.67, 2572.97, '', '2010-01-25', 'TRAVELODGE - MESA MESA A', '201001256', false, '01/22TRAVELODG', '', 2, 1, '32396728-11b5-3776-9b21-7c77802f5c01', 229, null, false);
insert into Split (id, amount, uuid, envelope_id, transaction_id) values(965, -57.67, '6cf46816-7e46-3ee8-b623-18d5bec4642f', 252, 964);
insert into Transaction (DTYPE, id, amount, balance, checkNo, date, description, externalId, initialBalance, memo, ref, status, type, uuid, account_id, transfer_id, custom) values('InternalTransaction', 966, -111.32, 0.00, '', '2010-03-12', 'Transfer to Spending', 'null', false, '', '', 2, 1, '8f5aa08c-1d32-3808-b5e6-5ee6ef84ec16', 228, 404, false);
insert into Split (id, amount, uuid, envelope_id, transaction_id) values(967, -111.32, '7e157fb3-6582-3fe0-bfea-ff1e8733f5a6', 292, 966);
insert into Transaction (DTYPE, id, amount, balance, checkNo, date, description, externalId, initialBalance, memo, ref, status, type, uuid, account_id, transfer_id, custom) values('InternalTransaction', 968, 33.92, 33.92, '', '2010-04-21', 'Transfer from Available', 'null', false, '', '', 2, 0, '747fb3a1-64f9-3276-a2f3-262940a5d0a8', 228, 892, false);
insert into Split (id, amount, uuid, envelope_id, transaction_id) values(969, 33.92, '303a9a17-fa47-34ac-90c3-fe1aef60e0b3', 295, 968);
insert into Transaction (DTYPE, id, amount, balance, checkNo, date, description, externalId, initialBalance, memo, ref, status, type, uuid, account_id, transfer_id, custom) values('InternalTransaction', 970, -23.57, 1556.23, '', '2010-04-21', 'Transfer to Eating Out', 'null', false, '', '', 2, 1, 'dbaaa8d4-a986-38e5-bcef-b22eff918994', 229, 2939, false);
insert into Split (id, amount, uuid, envelope_id, transaction_id) values(971, -23.57, 'b02d75d2-22ab-39fe-870d-4a9daadcdadb', 292, 970);
insert into Transaction (DTYPE, id, amount, balance, checkNo, date, description, externalId, initialBalance, memo, ref, status, type, uuid, account_id, transfer_id, custom) values('InternalTransaction', 972, -31.95, 2075.23, '', '2010-01-04', 'FRYS FOOD & DRUG 1815 G 102459', '201001042', false, '12/31FRYS FOOD', '', 2, 1, '97803599-5101-3a2c-b8c1-08e5c26ab074', 229, null, false);
insert into Split (id, amount, uuid, envelope_id, transaction_id) values(973, -31.95, '62f85b97-5a26-3ab4-a02d-2cbb49a70aab', 238, 972);
insert into Transaction (DTYPE, id, amount, balance, checkNo, date, description, externalId, initialBalance, memo, ref, status, type, uuid, account_id, transfer_id, custom) values('InternalTransaction', 974, -30.00, 1730.54, '', '2010-03-12', 'C AND C THERAPEUTIC SER', '201003121', false, '03/11C AND C T', '', 2, 1, '8b86b9d8-3397-3557-b224-3d984fd6e5b3', 229, null, false);
insert into Split (id, amount, uuid, envelope_id, transaction_id) values(975, -30.00, 'e252fc0d-9942-3841-bcb3-7a6832e80f68', 286, 974);
insert into Transaction (DTYPE, id, amount, balance, checkNo, date, description, externalId, initialBalance, memo, ref, status, type, uuid, account_id, transfer_id, custom) values('InternalTransaction', 976, -4.32, 0.00, '', '2010-03-20', 'Transfer to Comics', 'null', false, '', '', 2, 1, '371ed8de-c3c9-3384-afea-1d8085adacaf', 228, 1144, false);
insert into Split (id, amount, uuid, envelope_id, transaction_id) values(977, -4.32, '72e75f05-4aa0-3661-ad97-3e6b27773d33', 292, 976);
insert into Transaction (DTYPE, id, amount, balance, checkNo, date, description, externalId, initialBalance, memo, ref, status, type, uuid, account_id, transfer_id, custom) values('InternalTransaction', 978, -310.50, 2203.64, '', '2009-12-15', 'Rossmar & Graham TENANT', '200912150', false, 'WEB ID: W050568743', '', 2, 1, '26e3eca5-2985-32e8-bd70-2f5f84b9d731', 229, null, false);
insert into Split (id, amount, uuid, envelope_id, transaction_id) values(979, -310.50, '92357c9a-61fe-341c-b48a-fadc543bb8b6', 258, 978);
insert into Transaction (DTYPE, id, amount, balance, checkNo, date, description, externalId, initialBalance, memo, ref, status, type, uuid, account_id, transfer_id, custom) values('InternalTransaction', 982, 7.40, 7.40, '', '2010-03-30', 'Transfer from Available', 'null', false, '', '', 2, 0, '17316895-d1ce-39ab-857a-da41e0405e38', 228, 2821, false);
insert into Split (id, amount, uuid, envelope_id, transaction_id) values(983, 7.40, '7cee2f0d-d54f-37be-8c60-0fc6802232c7', 270, 982);
insert into Transaction (DTYPE, id, amount, balance, checkNo, date, description, externalId, initialBalance, memo, ref, status, type, uuid, account_id, transfer_id, custom) values('InternalTransaction', 980, 10.00, 4591.52, '', '2010-03-05', 'Transfer from Available', 'null', false, '', '', 2, 0, 'd0fe799b-5311-3223-841d-acd226e4dcbd', 229, 1044, false);
insert into Split (id, amount, uuid, envelope_id, transaction_id) values(981, 10.00, '612ad5a1-3b7f-3181-9c58-8bcabd5d2741', 234, 980);
insert into Transaction (DTYPE, id, amount, balance, checkNo, date, description, externalId, initialBalance, memo, ref, status, type, uuid, account_id, transfer_id, custom) values('InternalTransaction', 984, -19.98, 1432.62, '', '2010-04-22', 'CVS 09205 09205--802 SO 803028', '201004223', false, '04/21CVS 09205', '', 1, 1, '457e1f7f-1ca4-37fc-aeb0-9306563f53ff', 229, null, false);
insert into Split (id, amount, uuid, envelope_id, transaction_id) values(985, -19.98, 'bdda8c0f-8335-302c-b635-e4568d1ba53b', 239, 984);
insert into Transaction (DTYPE, id, amount, balance, checkNo, date, description, externalId, initialBalance, memo, ref, status, type, uuid, account_id, transfer_id, custom) values('InternalTransaction', 986, -15.00, 5139.62, '', '2010-02-16', 'Transfer to Car Wash', 'null', false, '', '', 0, 1, '6826b9f1-9f0a-3792-8b4f-66e4f206973d', 229, 2136, false);
insert into Split (id, amount, uuid, envelope_id, transaction_id) values(987, -15.00, '4c2b2866-aa6c-3393-b8cc-6a19f622790d', 292, 986);
insert into Transaction (DTYPE, id, amount, balance, checkNo, date, description, externalId, initialBalance, memo, ref, status, type, uuid, account_id, transfer_id, custom) values('InternalTransaction', 988, 6.48, 3461.07, '', '2010-04-02', 'Transfer from Available', 'null', false, '', '', 2, 0, '03395bf0-b5bc-3a0a-88cb-9ac11fdde5ba', 229, 926, false);
insert into Split (id, amount, uuid, envelope_id, transaction_id) values(989, 6.48, '6ef0c249-b6b8-385b-8bff-85f4a75fdb5b', 272, 988);
insert into Transaction (DTYPE, id, amount, balance, checkNo, date, description, externalId, initialBalance, memo, ref, status, type, uuid, account_id, transfer_id, custom) values('InternalTransaction', 990, -0.00, 3776.46, '', '2010-04-02', 'Transfer to Arrowhead Water', 'null', false, '', '', 2, 1, '579a068f-7af0-3486-acdd-a30a694a0e91', 229, 636, false);
insert into Split (id, amount, uuid, envelope_id, transaction_id) values(991, -0.00, '467b3b95-4507-3579-8ea2-31920df4d563', 292, 990);
insert into Transaction (DTYPE, id, amount, balance, checkNo, date, description, externalId, initialBalance, memo, ref, status, type, uuid, account_id, transfer_id, custom) values('InternalTransaction', 994, 10.05, 985.42, '', '2010-03-03', 'Transfer from Available', 'null', false, '', '', 2, 0, 'a8911f52-8d60-33d0-a720-4e9d66712514', 229, 2216, false);
insert into Split (id, amount, uuid, envelope_id, transaction_id) values(995, 10.05, '71843ec0-a1b2-32ae-aa5e-0250251f0dc2', 295, 994);
insert into Transaction (DTYPE, id, amount, balance, checkNo, date, description, externalId, initialBalance, memo, ref, status, type, uuid, account_id, transfer_id, custom) values('InternalTransaction', 992, 7.21, 1301.02, '', '2010-04-22', 'Transfer from Available', 'null', false, '', '', 2, 0, '3b035795-c720-3630-bee3-d50941071a20', 229, 2853, false);
insert into Split (id, amount, uuid, envelope_id, transaction_id) values(993, 7.21, '2591ca6a-5faf-3ffb-9eb3-54c4355e1b0d', 246, 992);
insert into Transaction (DTYPE, id, amount, balance, checkNo, date, description, externalId, initialBalance, memo, ref, status, type, uuid, account_id, transfer_id, custom) values('InternalTransaction', 998, -10.09, 2590.17, '', '2010-01-11', 'HONEY BEARS BAR B-Q TEMP', '2010011113', false, '01/07HONEY BEA', '', 2, 1, 'dabf5e97-de55-365b-a7a6-e268c3d08ec9', 229, null, false);
insert into Split (id, amount, uuid, envelope_id, transaction_id) values(999, -10.09, '27325c5f-9dfd-3a82-96cd-124babd1cba0', 295, 998);
insert into Transaction (DTYPE, id, amount, balance, checkNo, date, description, externalId, initialBalance, memo, ref, status, type, uuid, account_id, transfer_id, custom) values('InternalTransaction', 996, -0.00, 5037.49, '', '2010-04-16', 'Transfer to Car Wash', 'null', false, '', '', 2, 1, '33cb1bd9-815a-354b-a7cf-13df451602c0', 229, 1906, false);
insert into Split (id, amount, uuid, envelope_id, transaction_id) values(997, -0.00, '0cbc0c67-a78a-31bc-8ae5-b3895ef70896', 292, 996);
insert into Transaction (DTYPE, id, amount, balance, checkNo, date, description, externalId, initialBalance, memo, ref, status, type, uuid, account_id, transfer_id, custom) values('InternalTransaction', 1002, -18.14, 1368.07, '', '2010-02-15', 'THE ORIGINAL WINEBURGER', '201002165', false, '', '', 2, 1, 'a8f7a12b-2bd9-383e-b997-0df88569ac3f', 229, null, false);
insert into Split (id, amount, uuid, envelope_id, transaction_id) values(1003, -18.14, 'edf3fd82-3a70-3d6c-a355-f4625c823039', 295, 1002);
insert into Transaction (DTYPE, id, amount, balance, checkNo, date, description, externalId, initialBalance, memo, ref, status, type, uuid, account_id, transfer_id, custom) values('InternalTransaction', 1000, 17.50, 4505.68, '', '2010-03-19', 'Transfer from Available', 'null', false, '', '', 2, 0, '8dae252f-fe5b-3870-9105-9a2ce0090b07', 229, 2602, false);
insert into Split (id, amount, uuid, envelope_id, transaction_id) values(1001, 17.50, '201a12ee-a9fe-3bf0-b70c-521ab57dd5af', 271, 1000);
insert into Transaction (DTYPE, id, amount, balance, checkNo, date, description, externalId, initialBalance, memo, ref, status, type, uuid, account_id, transfer_id, custom) values('InternalTransaction', 1004, -18.53, 744.59, '', '2010-04-14', 'BAJA FRESH 81 00000950 T', '201004140', false, '04/12BAJA FRES', '', 2, 1, '1ddf5825-c48f-3fdb-b510-7bc17db73d59', 229, null, false);
insert into Split (id, amount, uuid, envelope_id, transaction_id) values(1005, -18.53, '0ba8ab67-d919-3651-99b4-b7dab5189730', 238, 1004);
insert into Transaction (DTYPE, id, amount, balance, checkNo, date, description, externalId, initialBalance, memo, ref, status, type, uuid, account_id, transfer_id, custom) values('InternalTransaction', 1008, -120.00, 1135.04, '', '2010-02-16', 'Transfer to Auto Fuel', 'null', false, '', '', 0, 1, 'f13c3f3d-fad3-33f5-8ed2-fcd837b3f7c6', 229, 1704, false);
insert into Split (id, amount, uuid, envelope_id, transaction_id) values(1009, -120.00, '8b6e8f34-5bdb-3a64-901e-c9634a15ba1f', 292, 1008);
insert into Transaction (DTYPE, id, amount, balance, checkNo, date, description, externalId, initialBalance, memo, ref, status, type, uuid, account_id, transfer_id, custom) values('InternalTransaction', 1006, -325.00, 3555.63, '', '2010-02-16', 'Transfer to Moving', 'null', false, '', '', 0, 1, '164a24af-848f-364a-86d0-c27235cdfd11', 229, 1238, false);
insert into Split (id, amount, uuid, envelope_id, transaction_id) values(1007, -325.00, 'e4c594f2-42d9-38d6-9756-cc4e84640535', 292, 1006);
insert into Transaction (DTYPE, id, amount, balance, checkNo, date, description, externalId, initialBalance, memo, ref, status, type, uuid, account_id, transfer_id, custom) values('InternalTransaction', 1010, -50.79, 671.26, '', '2010-01-05', 'QT 412 Phoenix AZ', '201001053', false, '01/04QT 412 Ph Purcha', '', 2, 1, '6c915317-a78c-36f5-89bb-8e1aa37c746e', 229, null, false);
insert into Split (id, amount, uuid, envelope_id, transaction_id) values(1011, -50.79, '018b8311-38fd-37af-8e8a-10c34ac42373', 252, 1010);
insert into Transaction (DTYPE, id, amount, balance, checkNo, date, description, externalId, initialBalance, memo, ref, status, type, uuid, account_id, transfer_id, custom) values('InternalTransaction', 1012, -24.50, 5232.33, '', '2010-03-19', 'Transfer to Massage Envy', 'null', false, '', '', 2, 1, '1ecfb757-1a8a-3668-9754-259cda336e79', 229, 2258, false);
insert into Split (id, amount, uuid, envelope_id, transaction_id) values(1013, -24.50, 'd85504dd-19e5-35b4-83c2-b4145037b40d', 292, 1012);
insert into Transaction (DTYPE, id, amount, balance, checkNo, date, description, externalId, initialBalance, memo, ref, status, type, uuid, account_id, transfer_id, custom) values('InternalTransaction', 1016, 25.00, 4530.68, '', '2010-03-19', 'Transfer from Available', 'null', false, '', '', 2, 0, '7b21c60d-1213-3074-b944-9c34f6ce994c', 229, 2046, false);
insert into Split (id, amount, uuid, envelope_id, transaction_id) values(1017, 25.00, 'bb4f78ba-361e-31d2-b431-aa4892500cd3', 239, 1016);
insert into Transaction (DTYPE, id, amount, balance, checkNo, date, description, externalId, initialBalance, memo, ref, status, type, uuid, account_id, transfer_id, custom) values('InternalTransaction', 1014, -43.55, 0.00, '', '2010-04-06', 'Transfer to Available', 'null', false, '', '', 2, 1, 'f7d09428-592f-3814-9ca4-2945e25439f5', 228, 2078, false);
insert into Split (id, amount, uuid, envelope_id, transaction_id) values(1015, -43.55, '677e572a-9433-3814-916c-15196240c477', 252, 1014);
insert into Transaction (DTYPE, id, amount, balance, checkNo, date, description, externalId, initialBalance, memo, ref, status, type, uuid, account_id, transfer_id, custom) values('InternalTransaction', 1018, -25.00, 5144.51, '', '2010-03-19', 'Transfer to Personal Care', 'null', false, '', '', 2, 1, '505709cd-6c56-311f-9ec5-326be4d66d17', 229, 2819, false);
insert into Split (id, amount, uuid, envelope_id, transaction_id) values(1019, -25.00, 'e0bf524f-e8e5-3065-ab54-f7dd3ff2dd9d', 292, 1018);
insert into Transaction (DTYPE, id, amount, balance, checkNo, date, description, externalId, initialBalance, memo, ref, status, type, uuid, account_id, transfer_id, custom) values('InternalTransaction', 1022, -5.77, 5037.49, '', '2010-04-16', 'Transfer to Auto Registration', 'null', false, '', '', 2, 1, 'c52fb3ce-c508-3cb1-8dfc-009dfbaade3f', 229, 2668, false);
insert into Split (id, amount, uuid, envelope_id, transaction_id) values(1023, -5.77, '2c63ffa3-015e-3c6a-ae0b-239a224b4d35', 292, 1022);
insert into Transaction (DTYPE, id, amount, balance, checkNo, date, description, externalId, initialBalance, memo, ref, status, type, uuid, account_id, transfer_id, custom) values('InternalTransaction', 1020, 395.46, 3530.68, '', '2010-04-16', 'Transfer from Available', 'null', false, '', '', 2, 0, '8f2d1d38-3f84-3e48-b155-5cac1a3b5e67', 229, 1316, false);
insert into Split (id, amount, uuid, envelope_id, transaction_id) values(1021, 395.46, 'e44bb284-09e1-3b0c-873d-1246849ef529', 231, 1020);
insert into Transaction (DTYPE, id, amount, balance, checkNo, date, description, externalId, initialBalance, memo, ref, status, type, uuid, account_id, transfer_id, custom) values('InternalTransaction', 1024, -2.74, 0.00, '', '2010-04-16', 'Transfer to Kelly Letter', 'null', false, '', '', 2, 1, '8f4d2b74-5ec3-3ac3-a3e1-2243b910a905', 228, 550, false);
insert into Split (id, amount, uuid, envelope_id, transaction_id) values(1025, -2.74, '0f2d9e15-13a3-3eaa-b47a-cb8f65800f96', 275, 1024);
insert into Transaction (DTYPE, id, amount, balance, checkNo, date, description, externalId, initialBalance, memo, ref, status, type, uuid, account_id, transfer_id, custom) values('InternalTransaction', 1026, 163.00, 4693.68, '', '2010-03-19', 'Transfer from Available', 'null', false, '', '', 2, 0, 'aa272e2e-6126-3334-842f-b7615d99de5c', 229, 2512, false);
insert into Split (id, amount, uuid, envelope_id, transaction_id) values(1027, 163.00, '032447dc-775d-3956-9998-83673ecd01c2', 258, 1026);
insert into Transaction (DTYPE, id, amount, balance, checkNo, date, description, externalId, initialBalance, memo, ref, status, type, uuid, account_id, transfer_id, custom) values('InternalTransaction', 1030, -125.13, 0.00, '', '2010-04-29', 'Transfer to New Car', 'null', false, '', '', 2, 1, '37a64bad-5bfd-37dd-abb0-5747bb939d31', 228, 1946, false);
insert into Split (id, amount, uuid, envelope_id, transaction_id) values(1031, -125.13, '870ef68f-4b25-36d8-b8d5-d8baa7b5c0d1', 267, 1030);
insert into Transaction (DTYPE, id, amount, balance, checkNo, date, description, externalId, initialBalance, memo, ref, status, type, uuid, account_id, transfer_id, custom) values('InternalTransaction', 1028, -4.00, 2002.32, '', '2009-12-15', 'ARCO PAYPOINT 3093 131741', '200912155', false, '12/14ARCO PAYP', '', 2, 1, '30d7495a-b037-3b59-a403-be201b961696', 229, null, false);
insert into Split (id, amount, uuid, envelope_id, transaction_id) values(1029, -4.00, '81d8db29-a06f-3bdd-b0e5-843c1b6fb58d', 252, 1028);
insert into Transaction (DTYPE, id, amount, balance, checkNo, date, description, externalId, initialBalance, memo, ref, status, type, uuid, account_id, transfer_id, custom) values('InternalTransaction', 1034, 55.94, 55.94, '', '2010-04-23', 'Transfer from Spending', 'null', false, '', '', 2, 0, '9a2d5f4f-14f4-3b47-be60-8bf25e15dc8a', 228, 2122, false);
insert into Split (id, amount, uuid, envelope_id, transaction_id) values(1035, 55.94, '364d3750-4add-3769-b891-3abfc6f2b1e5', 292, 1034);
insert into Transaction (DTYPE, id, amount, balance, checkNo, date, description, externalId, initialBalance, memo, ref, status, type, uuid, account_id, transfer_id, custom) values('InternalTransaction', 1032, -10.82, 2415.54, '', '2010-02-26', 'FRY''S ELECTRONICS #0 020028', '201002264', false, '02/26FRY''S ELE', '', 2, 1, '5fad7f86-29a7-3fa4-9d92-f9e9320930c3', 229, null, false);
insert into Split (id, amount, uuid, envelope_id, transaction_id) values(1033, -10.82, '6789ed08-e779-328d-b0d3-4c4d254f7c85', 249, 1032);
insert into Transaction (DTYPE, id, amount, balance, checkNo, date, description, externalId, initialBalance, memo, ref, status, type, uuid, account_id, transfer_id, custom) values('InternalTransaction', 1036, -7.30, 2900.43, '', '2009-12-03', 'CHIPOTLE 1208 TEMPE AZ', '200912034', false, '12/02CHIPOTLE', '', 2, 1, 'd507b10e-be4c-32cc-8003-49eb868ca012', 229, null, false);
insert into Split (id, amount, uuid, envelope_id, transaction_id) values(1037, -7.30, '8a3e3924-8a73-31cf-9b13-3ec7ca444f6f', 295, 1036);
insert into Transaction (DTYPE, id, amount, balance, checkNo, date, description, externalId, initialBalance, memo, ref, status, type, uuid, account_id, transfer_id, custom) values('InternalTransaction', 1038, 10.43, 10.43, '', '2010-04-29', 'Transfer from Car Wash', 'null', false, '', '', 2, 0, '7dba2469-71ff-3051-b8e3-6e731dbe04d0', 228, 2726, false);
insert into Split (id, amount, uuid, envelope_id, transaction_id) values(1039, 10.43, '28ba6eae-e915-3473-859f-5d1e21c27a62', 252, 1038);
insert into Transaction (DTYPE, id, amount, balance, checkNo, date, description, externalId, initialBalance, memo, ref, status, type, uuid, account_id, transfer_id, custom) values('InternalTransaction', 1040, 6.85, 6.85, '', '2010-02-18', 'Transfer from Auto Fuel', 'null', false, '', '', 2, 0, '41d05868-586a-3789-ac54-63a20bb4689b', 228, 3049, false);
insert into Split (id, amount, uuid, envelope_id, transaction_id) values(1041, 6.85, 'e66adfe6-eb1c-30a7-83dc-65da52748fb0', 238, 1040);
insert into Transaction (DTYPE, id, amount, balance, checkNo, date, description, externalId, initialBalance, memo, ref, status, type, uuid, account_id, transfer_id, custom) values('InternalTransaction', 1044, -10.00, 5832.67, '', '2010-03-05', 'Transfer to Auto Maintenance', 'null', false, '', '', 2, 1, 'cd9842af-421e-3e81-9cce-07f6e3bf0320', 229, 980, false);
insert into Split (id, amount, uuid, envelope_id, transaction_id) values(1045, -10.00, '5a933cce-533d-3572-8526-7a5d11b6fd80', 292, 1044);
insert into Transaction (DTYPE, id, amount, balance, checkNo, date, description, externalId, initialBalance, memo, ref, status, type, uuid, account_id, transfer_id, custom) values('InternalTransaction', 1042, -40.00, null, '', '2010-03-19', 'CASEY MOORES TEMPE AZ', '201003192', false, '03/17CASEY MOO', '', 2, 1, '4538e6e3-6109-3bc4-9d12-6b8e13610c75', 229, null, false);
insert into Split (id, amount, uuid, envelope_id, transaction_id) values(1043, -40.00, 'd2ee9703-f9d2-3605-90bf-c3674d29de23', 295, 1042);
insert into Transaction (DTYPE, id, amount, balance, checkNo, date, description, externalId, initialBalance, memo, ref, status, type, uuid, account_id, transfer_id, custom) values('InternalTransaction', 1046, -38.50, 1222.19, '', '2010-03-16', 'SHELL Service Station TE067650', '201003161', false, '03/15SHELL Ser', '', 2, 1, '23bb9104-bf1a-3969-8787-bcaa119669ab', 229, null, false);
insert into Split (id, amount, uuid, envelope_id, transaction_id) values(1047, -38.50, '99fe85ea-6caf-3bae-ae60-f0e6ec8ef4aa', 253, 1046);
insert into Transaction (DTYPE, id, amount, balance, checkNo, date, description, externalId, initialBalance, memo, ref, status, type, uuid, account_id, transfer_id, custom) values('InternalTransaction', 1048, 925.00, 1627.97, '', '2010-02-03', 'ATM CHECK DEPOSIT', '201002030', false, '', '', 2, 0, '9572133f-ee10-36d6-98b2-a16edbae2810', 229, null, false);
insert into Split (id, amount, uuid, envelope_id, transaction_id) values(1049, 925.00, '6c60e842-ec6e-3bdf-8007-ecd656c7248b', 292, 1048);
insert into Transaction (DTYPE, id, amount, balance, checkNo, date, description, externalId, initialBalance, memo, ref, status, type, uuid, account_id, transfer_id, custom) values('InternalTransaction', 1050, 10.05, 2360.40, '', '2010-02-23', 'Transfer from Available', 'null', false, '', '', 2, 0, '7c690344-4de9-3051-90b1-8067f7d188bd', 229, 2294, false);
insert into Split (id, amount, uuid, envelope_id, transaction_id) values(1051, 10.05, 'e34fe453-ba4c-303f-b4ce-a6a424a2b20e', 295, 1050);
insert into Transaction (DTYPE, id, amount, balance, checkNo, date, description, externalId, initialBalance, memo, ref, status, type, uuid, account_id, transfer_id, custom) values('InternalTransaction', 1052, 468.70, 11281.41, '', '2010-02-16', 'Transfer from Available', 'null', false, '', '', 0, 0, '5d650423-f209-3dfc-8fab-4d0e2ed33699', 229, 1800, false);
insert into Split (id, amount, uuid, envelope_id, transaction_id) values(1053, 468.70, 'f62941be-d614-3537-95be-3979db0b0447', 239, 1052);
insert into Transaction (DTYPE, id, amount, balance, checkNo, date, description, externalId, initialBalance, memo, ref, status, type, uuid, account_id, transfer_id, custom) values('InternalTransaction', 1056, -21.00, 2666.78, '', '2009-12-28', 'AMC DEER VALLE04001020 P', '200912288', false, '12/25AMC DEER', '', 2, 1, 'cb20c6dc-fe57-3de4-8c84-64db4ab3088a', 229, null, false);
insert into Split (id, amount, uuid, envelope_id, transaction_id) values(1057, -21.00, 'ed87668e-d4c5-35bd-bdc7-b120afabe23a', 284, 1056);
insert into Transaction (DTYPE, id, amount, balance, checkNo, date, description, externalId, initialBalance, memo, ref, status, type, uuid, account_id, transfer_id, custom) values('InternalTransaction', 1054, -77.05, 3522.26, '', '2010-02-19', 'Transfer to State Farm Insurance', 'null', false, '', '', 2, 1, 'af3d21c8-29ec-3937-afb6-ab5eca211820', 229, 2863, false);
insert into Split (id, amount, uuid, envelope_id, transaction_id) values(1055, -77.05, '0e328c33-c20c-3201-9f76-d8367d84f4c6', 292, 1054);
insert into Transaction (DTYPE, id, amount, balance, checkNo, date, description, externalId, initialBalance, memo, ref, status, type, uuid, account_id, transfer_id, custom) values('InternalTransaction', 1058, -60.00, 0.00, '', '2010-04-29', 'Transfer to New Car', 'null', false, '', '', 2, 1, 'a14711f7-bae9-3e33-a4d8-1d0bc3a7f56a', 228, 1718, false);
insert into Split (id, amount, uuid, envelope_id, transaction_id) values(1059, -60.00, 'd5f90cbf-2e90-316d-9ccb-796f8ceac64f', 234, 1058);
insert into Transaction (DTYPE, id, amount, balance, checkNo, date, description, externalId, initialBalance, memo, ref, status, type, uuid, account_id, transfer_id, custom) values('InternalTransaction', 1062, -24.90, 1989.73, '', '2010-01-04', 'WAG N WASH HEALTHY PET P', '201001045', false, '01/02WAG N WAS', '', 2, 1, 'a427609f-2908-3597-967e-90709a9a1fb1', 229, null, false);
insert into Split (id, amount, uuid, envelope_id, transaction_id) values(1063, -24.90, 'd83c52e5-d300-3e20-93a3-b5f78905f926', 244, 1062);
insert into Transaction (DTYPE, id, amount, balance, checkNo, date, description, externalId, initialBalance, memo, ref, status, type, uuid, account_id, transfer_id, custom) values('InternalTransaction', 1060, -32.59, 2015.29, '', '2009-12-15', 'LOWE''S #1204 PHOENIX AZ 501276', '200912153', false, '12/14LOWE''S #1', '', 2, 1, '8e64320f-3e47-30b6-ae8e-6fe44e014132', 229, null, false);
insert into Split (id, amount, uuid, envelope_id, transaction_id) values(1061, -32.59, 'eaf4fd18-4997-3608-ab74-bbc875b492d4', 239, 1060);
insert into Transaction (DTYPE, id, amount, balance, checkNo, date, description, externalId, initialBalance, memo, ref, status, type, uuid, account_id, transfer_id, custom) values('InternalTransaction', 1064, 25.00, 3555.68, '', '2010-04-16', 'Transfer from Available', 'null', false, '', '', 2, 0, 'eb414319-fc38-3cec-abce-cd1903d9f65e', 229, 1516, false);
insert into Split (id, amount, uuid, envelope_id, transaction_id) values(1065, 25.00, '65c16ff8-fd39-35d5-b8a7-f0168ce86dda', 277, 1064);
insert into Transaction (DTYPE, id, amount, balance, checkNo, date, description, externalId, initialBalance, memo, ref, status, type, uuid, account_id, transfer_id, custom) values('InternalTransaction', 1066, 2.81, 2.81, '', '2010-04-08', 'Transfer from Household', 'null', false, '', '', 2, 0, 'a5a6f777-1c98-3f82-969e-17a6b08862c0', 228, 1494, false);
insert into Split (id, amount, uuid, envelope_id, transaction_id) values(1067, 2.81, 'eec4e462-89b1-3bc4-b83f-24dd9ad105d2', 252, 1066);
insert into Transaction (DTYPE, id, amount, balance, checkNo, date, description, externalId, initialBalance, memo, ref, status, type, uuid, account_id, transfer_id, custom) values('InternalTransaction', 1068, -25.00, 3875.77, '', '2010-02-19', 'Transfer to Medical', 'null', false, '', '', 2, 1, '3bb3ac64-6a64-346e-99bb-226424defcb6', 229, 854, false);
insert into Split (id, amount, uuid, envelope_id, transaction_id) values(1069, -25.00, '201daa43-7f89-3e02-9c76-70eceb93b933', 292, 1068);
insert into Transaction (DTYPE, id, amount, balance, checkNo, date, description, externalId, initialBalance, memo, ref, status, type, uuid, account_id, transfer_id, custom) values('InternalTransaction', 1070, -20.00, null, '', '2010-03-05', 'SYMMETRYCONCEPTS1-8 8669', '201003053', false, '03/04SYMMETRYC', '', 2, 1, 'd668e134-d57e-3e66-a430-f26046600750', 229, null, false);
insert into Split (id, amount, uuid, envelope_id, transaction_id) values(1071, -20.00, '23eab283-ef8e-3b81-a098-fbf6b7ef829c', 247, 1070);
insert into Transaction (DTYPE, id, amount, balance, checkNo, date, description, externalId, initialBalance, memo, ref, status, type, uuid, account_id, transfer_id, custom) values('InternalTransaction', 1072, -35.51, 2557.32, '', '2010-04-02', 'Transfer to New Car', 'null', false, '', '', 2, 1, 'a49cec8c-56fd-355c-966e-b2017b096ab4', 229, 1118, false);
insert into Split (id, amount, uuid, envelope_id, transaction_id) values(1073, -35.51, 'a23188a2-290f-3392-9afe-aec593176074', 292, 1072);
insert into Transaction (DTYPE, id, amount, balance, checkNo, date, description, externalId, initialBalance, memo, ref, status, type, uuid, account_id, transfer_id, custom) values('InternalTransaction', 1074, -10.16, 0.00, '', '2010-03-20', 'Transfer to Coffee', 'null', false, '', '', 2, 1, 'abf99326-aa26-30cd-a4f9-4390596b048d', 228, 2448, false);
insert into Split (id, amount, uuid, envelope_id, transaction_id) values(1075, -10.16, '34beedd8-c6e1-313a-b376-64d9fd1602d3', 292, 1074);
insert into Transaction (DTYPE, id, amount, balance, checkNo, date, description, externalId, initialBalance, memo, ref, status, type, uuid, account_id, transfer_id, custom) values('InternalTransaction', 1076, 2159.85, 3445.82, '', '2010-01-22', 'DIFFUSION GROUP PAYROLL', '201001220', false, 'PPD ID: 1860988050', '', 2, 0, 'd4133ce7-1ada-3306-9ce6-d0c842af4ee1', 229, null, false);
insert into Split (id, amount, uuid, envelope_id, transaction_id) values(1077, 2159.85, 'ee9c2a23-e2f7-3531-a30b-702764382966', 292, 1076);
insert into Transaction (DTYPE, id, amount, balance, checkNo, date, description, externalId, initialBalance, memo, ref, status, type, uuid, account_id, transfer_id, custom) values('InternalTransaction', 1078, -5.42, 3903.13, '', '2010-03-24', 'SUBWAY 24754 00247544 P', '201003241', false, '03/22SUBWAY 24', '', 2, 1, '0c5ea8dd-9552-3f57-a338-180e944e040f', 229, null, false);
insert into Split (id, amount, uuid, envelope_id, transaction_id) values(1079, -5.42, 'd67ebb10-e69e-3294-a6c5-974350ae3949', 246, 1078);
insert into Transaction (DTYPE, id, amount, balance, checkNo, date, description, externalId, initialBalance, memo, ref, status, type, uuid, account_id, transfer_id, custom) values('InternalTransaction', 1080, -21.82, 1404.16, '', '2010-03-15', 'DENNY''S #6423 PHOENIX AZ', '201003156', false, '03/14DENNY''S #', '', 2, 1, '58a322c6-e5f3-3e6d-8a05-a94c633a0d0c', 229, null, false);
insert into Split (id, amount, uuid, envelope_id, transaction_id) values(1081, -21.82, 'a1ab2435-6baf-31b8-9df6-7dd082b5520f', 295, 1080);
insert into Transaction (DTYPE, id, amount, balance, checkNo, date, description, externalId, initialBalance, memo, ref, status, type, uuid, account_id, transfer_id, custom) values('InternalTransaction', 1082, -20.00, null, '', '2010-03-05', 'FSL LLC 913-461-4242 KS', '201003054', false, '03/05FSL LLC 9', '', 2, 1, 'f8755333-88ec-3eb8-bd8f-0875b8859c01', 229, null, false);
insert into Split (id, amount, uuid, envelope_id, transaction_id) values(1083, -20.00, '64fbedd5-310f-3064-92d5-88585219d387', 247, 1082);
insert into Transaction (DTYPE, id, amount, balance, checkNo, date, description, externalId, initialBalance, memo, ref, status, type, uuid, account_id, transfer_id, custom) values('InternalTransaction', 1084, 175.00, 175.00, '', '2010-02-19', 'Transfer from Taxes', 'null', false, '', '', 2, 0, '26b22709-a792-37f0-90dd-889654640a31', 228, 2392, false);
insert into Split (id, amount, uuid, envelope_id, transaction_id) values(1085, 175.00, 'd5bcd831-978b-3fea-b18f-1cb6993602ec', 256, 1084);
insert into Transaction (DTYPE, id, amount, balance, checkNo, date, description, externalId, initialBalance, memo, ref, status, type, uuid, account_id, transfer_id, custom) values('InternalTransaction', 1086, -8.69, 2581.48, '', '2010-01-11', 'MARY COYLE ICE CREAM PHO', '2010011114', false, '01/09MARY COYL', '', 2, 1, '2b672700-98ec-37de-9217-25e6d467b1f8', 229, null, false);
insert into Split (id, amount, uuid, envelope_id, transaction_id) values(1087, -8.69, '4a5ca6e0-d447-3df7-a512-0f0120dd5172', 295, 1086);
insert into Transaction (DTYPE, id, amount, balance, checkNo, date, description, externalId, initialBalance, memo, ref, status, type, uuid, account_id, transfer_id, custom) values('InternalTransaction', 1088, 10.00, 4703.68, '', '2010-03-19', 'Transfer from Available', 'null', false, '', '', 2, 0, '7611f3c2-33d4-3a86-a92a-85d13f1e3c02', 229, 2482, false);
insert into Split (id, amount, uuid, envelope_id, transaction_id) values(1089, 10.00, 'bf97270a-74f4-3310-b920-8d09dcafbc6c', 234, 1088);
insert into Transaction (DTYPE, id, amount, balance, checkNo, date, description, externalId, initialBalance, memo, ref, status, type, uuid, account_id, transfer_id, custom) values('InternalTransaction', 1090, 0.00, 3461.07, '', '2010-04-02', 'Transfer from Available', 'null', false, '', '', 2, 1, '240b3c57-ba10-3a32-ab58-48471fbebc88', 229, 616, false);
insert into Split (id, amount, uuid, envelope_id, transaction_id) values(1091, 0.00, '8ca9bd26-9353-3309-acd1-8821e0b43a4b', 279, 1090);
insert into Transaction (DTYPE, id, amount, balance, checkNo, date, description, externalId, initialBalance, memo, ref, status, type, uuid, account_id, transfer_id, custom) values('InternalTransaction', 1092, -448.74, 0.00, '', '2010-04-16', 'Transfer to Unassigned', 'null', false, '', '', 2, 1, '1f532afb-1f96-3f6d-aef9-91f19220e1b5', 228, 1982, false);
insert into Split (id, amount, uuid, envelope_id, transaction_id) values(1093, -448.74, '3e27009d-5754-3921-a39b-306a2bae8a35', 292, 1092);
insert into Transaction (DTYPE, id, amount, balance, checkNo, date, description, externalId, initialBalance, memo, ref, status, type, uuid, account_id, transfer_id, custom) values('InternalTransaction', 1094, -31.90, 4460.19, '', '2009-12-14', 'SRR*SIRIUS RADIO 888-539', '2009121412', false, '12/11SRR*SIRIU', '', 2, 1, 'b2452406-8c81-3202-9bff-cab173d0e95f', 229, null, false);
insert into Split (id, amount, uuid, envelope_id, transaction_id) values(1095, -31.90, 'f8d66e4c-7002-3e19-b3cf-0dce07a657dd', 233, 1094);
insert into Transaction (DTYPE, id, amount, balance, checkNo, date, description, externalId, initialBalance, memo, ref, status, type, uuid, account_id, transfer_id, custom) values('InternalTransaction', 1096, -17.98, 4424.13, '', '2009-11-30', 'Gluten Free Creations Ph', '2009113013', false, '11/27Gluten Fr', '', 2, 1, '22c44466-1204-3137-a163-16563e000d74', 229, null, false);
insert into Split (id, amount, uuid, envelope_id, transaction_id) values(1097, -17.98, 'c817f807-034f-3667-a8bb-24264bcd6e06', 238, 1096);
insert into Transaction (DTYPE, id, amount, balance, checkNo, date, description, externalId, initialBalance, memo, ref, status, type, uuid, account_id, transfer_id, custom) values('InternalTransaction', 1098, 15.95, 3571.63, '', '2010-04-16', 'Transfer from Available', 'null', false, '', '', 2, 0, '1f4cbc48-6e36-3d03-8d8b-dcd134d6a058', 229, 2456, false);
insert into Split (id, amount, uuid, envelope_id, transaction_id) values(1099, 15.95, '2de30a83-3641-3097-a6a4-5b88fd05cb50', 233, 1098);
insert into Transaction (DTYPE, id, amount, balance, checkNo, date, description, externalId, initialBalance, memo, ref, status, type, uuid, account_id, transfer_id, custom) values('InternalTransaction', 1100, -9.74, 1135.04, '', '2010-02-16', 'Transfer to Personal Care', 'null', false, '', '', 0, 1, '3721c0c3-0fad-3240-8d47-4e8a62766c26', 229, 2276, false);
insert into Split (id, amount, uuid, envelope_id, transaction_id) values(1101, -9.74, '48e98f15-de4b-3e56-b7bb-934590fe4fad', 292, 1100);
insert into Transaction (DTYPE, id, amount, balance, checkNo, date, description, externalId, initialBalance, memo, ref, status, type, uuid, account_id, transfer_id, custom) values('InternalTransaction', 1102, 38.63, 806.74, '', '2010-04-13', 'Transfer from Available', 'null', false, '', '', 2, 0, 'bc86b478-663a-3eb3-9cb5-9513ac9d452a', 229, 1854, false);
insert into Split (id, amount, uuid, envelope_id, transaction_id) values(1103, 38.63, '0011b2ca-6a41-3cf0-b3be-11737a3e4f9f', 264, 1102);
insert into Transaction (DTYPE, id, amount, balance, checkNo, date, description, externalId, initialBalance, memo, ref, status, type, uuid, account_id, transfer_id, custom) values('InternalTransaction', 1104, -3.89, 2299.59, '', '2009-12-30', 'FRYS FOOD & DRUG 1815 G 513955', '200912304', false, '12/29FRYS FOOD', '', 2, 1, '5c901eb8-ffab-3d3b-adbf-8e0b18e00de2', 229, null, false);
insert into Split (id, amount, uuid, envelope_id, transaction_id) values(1105, -3.89, 'd938ddbd-0baa-31e6-a46d-ca0c90415317', 238, 1104);
insert into Transaction (DTYPE, id, amount, balance, checkNo, date, description, externalId, initialBalance, memo, ref, status, type, uuid, account_id, transfer_id, custom) values('InternalTransaction', 1106, -80.00, 2833.97, '259', '2009-12-28', 'Annette Trijillo', '200912283', false, '', '', 2, 1, 'e0d26ef3-caad-3567-8b56-adf00758e1de', 229, null, false);
insert into Split (id, amount, uuid, envelope_id, transaction_id) values(1107, -80.00, '8871eec1-9a3f-3a0e-b770-9ee7a2c4d95e', 261, 1106);
insert into Transaction (DTYPE, id, amount, balance, checkNo, date, description, externalId, initialBalance, memo, ref, status, type, uuid, account_id, transfer_id, custom) values('InternalTransaction', 1108, -9.95, 1351.84, '', '2009-12-22', 'Financial Management Software:', '200912220', false, 'Monthly Service Fee', '', 2, 1, 'b70226b6-c7e0-3ee7-a577-a3ecb2eac60a', 229, null, false);
insert into Split (id, amount, uuid, envelope_id, transaction_id) values(1109, -9.95, '28bfd56b-5fbf-3815-9ec6-2079a3b2a40c', 232, 1108);
insert into Transaction (DTYPE, id, amount, balance, checkNo, date, description, externalId, initialBalance, memo, ref, status, type, uuid, account_id, transfer_id, custom) values('InternalTransaction', 1110, -12.50, 1371.25, '', '2010-03-15', 'JOE''S BARBER SHOP PHOENI', '201003158', false, '03/13JOE''S BAR', '', 2, 1, '421546ab-522e-3427-85bb-0bb7d0ef7447', 229, null, false);
insert into Split (id, amount, uuid, envelope_id, transaction_id) values(1111, -12.50, 'e503487c-da3a-3e1a-9b7e-fe5c750f6c6d', 260, 1110);
insert into Transaction (DTYPE, id, amount, balance, checkNo, date, description, externalId, initialBalance, memo, ref, status, type, uuid, account_id, transfer_id, custom) values('InternalTransaction', 1112, -37.18, 1511.90, '', '2010-02-04', 'CIRCLE K 01618 PHOENIX A230750', '201002041', false, '02/03CIRCLE K', '', 2, 1, 'bb12afa1-1f52-346e-a71e-d0796470c59d', 229, null, false);
insert into Split (id, amount, uuid, envelope_id, transaction_id) values(1113, -37.18, '81d3a12c-5a6d-34cd-8048-4c954c8bd75c', 252, 1112);
insert into Transaction (DTYPE, id, amount, balance, checkNo, date, description, externalId, initialBalance, memo, ref, status, type, uuid, account_id, transfer_id, custom) values('InternalTransaction', 1114, -3.97, 4347.98, '', '2010-03-29', 'FRYS FOOD & DRUG 7770 SC459360', '2010032911', false, '03/27FRYS FOOD', '', 2, 1, '85626707-07ee-3fef-8437-8b39b4530bcb', 229, null, false);
insert into Split (id, amount, uuid, envelope_id, transaction_id) values(1115, -3.97, '2b5a7836-0e66-3280-9229-33ffaf5a66f9', 238, 1114);
insert into Transaction (DTYPE, id, amount, balance, checkNo, date, description, externalId, initialBalance, memo, ref, status, type, uuid, account_id, transfer_id, custom) values('InternalTransaction', 1116, 1276.55, 12905.58, '', '2010-02-16', 'Transfer from Available', 'null', false, '', '', 0, 0, '056f2937-e835-357a-84f2-bc2e8302ae8c', 229, 1120, false);
insert into Split (id, amount, uuid, envelope_id, transaction_id) values(1117, 1276.55, '3271fe00-088b-3392-bbb2-17d9c7d8f04d', 238, 1116);
insert into Transaction (DTYPE, id, amount, balance, checkNo, date, description, externalId, initialBalance, memo, ref, status, type, uuid, account_id, transfer_id, custom) values('InternalTransaction', 1118, 35.51, 3496.58, '', '2010-04-02', 'Transfer from Available', 'null', false, '', '', 2, 0, '8d95dbfd-879e-3d5e-9fd4-18ae488807fb', 229, 1072, false);
insert into Split (id, amount, uuid, envelope_id, transaction_id) values(1119, 35.51, 'd21176ea-f002-3546-9866-608a9969875b', 245, 1118);
insert into Transaction (DTYPE, id, amount, balance, checkNo, date, description, externalId, initialBalance, memo, ref, status, type, uuid, account_id, transfer_id, custom) values('InternalTransaction', 1120, -1276.55, 9019.52, '', '2010-02-16', 'Transfer to Groceries', 'null', false, '', '', 0, 1, 'c2e88b27-3a50-3b29-9f74-37d45a0223c1', 229, 1116, false);
insert into Split (id, amount, uuid, envelope_id, transaction_id) values(1121, -1276.55, 'cd7dcbbb-2eaa-3add-82e5-cf693629c751', 292, 1120);
insert into Transaction (DTYPE, id, amount, balance, checkNo, date, description, externalId, initialBalance, memo, ref, status, type, uuid, account_id, transfer_id, custom) values('InternalTransaction', 1122, -72.67, 2835.07, '', '2009-12-04', 'FRYS FOOD & DRUG 1815 G 105290', '200912041', false, '12/03FRYS FOOD', '', 2, 1, '6d107dd0-4e23-3197-aa3a-a60c2b4fbc13', 229, null, false);
insert into Split (id, amount, uuid, envelope_id, transaction_id) values(1123, -72.67, '2f896b4d-b93c-3dbb-b630-906b85b21f78', 238, 1122);
insert into Transaction (DTYPE, id, amount, balance, checkNo, date, description, externalId, initialBalance, memo, ref, status, type, uuid, account_id, transfer_id, custom) values('InternalTransaction', 1124, -45.00, 1549.08, '', '2010-02-04', 'WALGREENS #6400 PHOENIX', '201002040', false, '02/03WALGREENS', '', 2, 1, '466c5cb5-4d6d-3d9e-a7db-ca47c555fb46', 229, null, false);
insert into Split (id, amount, uuid, envelope_id, transaction_id) values(1125, -45.00, '93477f9f-4982-3fbd-869b-3ea51df0e483', 277, 1124);
insert into Transaction (DTYPE, id, amount, balance, checkNo, date, description, externalId, initialBalance, memo, ref, status, type, uuid, account_id, transfer_id, custom) values('InternalTransaction', 1126, -81.58, 1493.00, '', '2010-01-13', 'DTV*DIRECTV SERVICE 800-', '201001130', false, '01/12DTV*DIREC', '', 2, 1, 'e1426895-1682-34d0-abfd-f65cc654cdb7', 229, null, false);
insert into Split (id, amount, uuid, envelope_id, transaction_id) values(1127, -81.58, '01ab834a-56a9-3761-a3fc-7271b9edd442', 273, 1126);
insert into Transaction (DTYPE, id, amount, balance, checkNo, date, description, externalId, initialBalance, memo, ref, status, type, uuid, account_id, transfer_id, custom) values('InternalTransaction', 1128, 20.00, 1297.60, '', '2010-04-07', 'Transfer from Available', 'null', false, '', '', 2, 0, 'd843be6e-88c5-33f5-8bc7-310821634df5', 229, 1602, false);
insert into Split (id, amount, uuid, envelope_id, transaction_id) values(1129, 20.00, '6c1f8778-6931-35c6-bcde-2d0b32c87238', 256, 1128);
insert into Transaction (DTYPE, id, amount, balance, checkNo, date, description, externalId, initialBalance, memo, ref, status, type, uuid, account_id, transfer_id, custom) values('InternalTransaction', 1130, -127.60, 5501.44, '', '2010-02-16', 'Transfer to Sirius', 'null', false, '', '', 0, 1, 'f9f2ae00-aa33-31c6-b3f7-65102301551a', 229, 2767, false);
insert into Split (id, amount, uuid, envelope_id, transaction_id) values(1131, -127.60, '4a74c0e2-1602-3b76-8cd4-b60b039009cd', 292, 1130);
insert into Transaction (DTYPE, id, amount, balance, checkNo, date, description, externalId, initialBalance, memo, ref, status, type, uuid, account_id, transfer_id, custom) values('InternalTransaction', 1132, -63.12, 3904.86, '', '2010-03-30', 'Transfer to Unassigned', 'null', false, '', '', 2, 1, '5fcc6ff7-9c8e-3704-bbd2-95e73f3bd635', 229, 3007, false);
insert into Split (id, amount, uuid, envelope_id, transaction_id) values(1133, -63.12, '3bf9196c-7fe9-3fc5-9b6d-dea5062c2f0c', 292, 1132);
insert into Transaction (DTYPE, id, amount, balance, checkNo, date, description, externalId, initialBalance, memo, ref, status, type, uuid, account_id, transfer_id, custom) values('InternalTransaction', 1134, 10.29, 1407.12, '', '2010-04-06', 'Transfer from Available', 'null', false, '', '', 2, 0, '870025a0-df36-3fe6-9b93-a081be0f79fd', 229, 592, false);
insert into Split (id, amount, uuid, envelope_id, transaction_id) values(1135, 10.29, '1136840f-e6f2-39b5-9b6b-066612c77d13', 295, 1134);
insert into Transaction (DTYPE, id, amount, balance, checkNo, date, description, externalId, initialBalance, memo, ref, status, type, uuid, account_id, transfer_id, custom) values('InternalTransaction', 1136, -3.43, 2939.21, '', '2010-02-22', 'THE HOME DEPOT #0485 PHO405712', '2010022210', false, '02/21THE HOME', '', 2, 1, 'c0596bd8-fda4-3ecf-84c2-fe1425dd9316', 229, null, false);
insert into Split (id, amount, uuid, envelope_id, transaction_id) values(1137, -3.43, 'c41682c0-2e12-3592-a041-4b942f2e8fe0', 239, 1136);
insert into Transaction (DTYPE, id, amount, balance, checkNo, date, description, externalId, initialBalance, memo, ref, status, type, uuid, account_id, transfer_id, custom) values('InternalTransaction', 1138, -3.22, 1212.53, '', '2010-03-16', 'QT 418 05004189 P', '201003163', false, '03/14QT 418', '', 2, 1, 'bfc04c70-f682-3565-8faa-74cdc3da0339', 229, null, false);
insert into Split (id, amount, uuid, envelope_id, transaction_id) values(1139, -3.22, '3fbb6ea0-3a52-39fe-9b6f-b18d4dbab18d', 252, 1138);
insert into Transaction (DTYPE, id, amount, balance, checkNo, date, description, externalId, initialBalance, memo, ref, status, type, uuid, account_id, transfer_id, custom) values('InternalTransaction', 1140, -35.00, 1033.41, '', '2009-12-24', 'JOSEPH SCOTT SALON LLC P082394', '200912241', false, '12/23JOSEPH SC', '', 2, 1, '07a65853-f2c1-3ab9-a0b9-87106df8c550', 229, null, false);
insert into Split (id, amount, uuid, envelope_id, transaction_id) values(1141, -35.00, '7afdadee-1419-3a84-9b9c-a01c73b1f97d', 260, 1140);
insert into Transaction (DTYPE, id, amount, balance, checkNo, date, description, externalId, initialBalance, memo, ref, status, type, uuid, account_id, transfer_id, custom) values('InternalTransaction', 1142, -34.61, 1392.09, '', '2009-12-21', 'WALGREEN COMPANY 4111 N 737035', '200912212', false, '12/20WALGREEN', '', 2, 1, 'b20514dc-8684-3d32-b335-6f1146c862fd', 229, null, false);
insert into Split (id, amount, uuid, envelope_id, transaction_id) values(1143, -34.61, '97ebd0b0-5cf8-3bf1-8abd-f43060fe3729', 277, 1142);
insert into Transaction (DTYPE, id, amount, balance, checkNo, date, description, externalId, initialBalance, memo, ref, status, type, uuid, account_id, transfer_id, custom) values('InternalTransaction', 1144, 4.32, 4.32, '', '2010-03-20', 'Transfer from Available', 'null', false, '', '', 2, 0, 'b1c2b1d2-97eb-3844-b0d8-4a006d750b21', 228, 976, false);
insert into Split (id, amount, uuid, envelope_id, transaction_id) values(1145, 4.32, '7990bebe-bbf7-378c-8358-e0ef4f372dfe', 241, 1144);
insert into Transaction (DTYPE, id, amount, balance, checkNo, date, description, externalId, initialBalance, memo, ref, status, type, uuid, account_id, transfer_id, custom) values('InternalTransaction', 1146, -6.43, 4013.23, '', '2009-12-01', 'CHIPOTLE 1208 TEMPE AZ', '200912011', false, '11/30CHIPOTLE', '', 2, 1, '2b7329e5-275f-37c6-a4af-c445138f5bbd', 229, null, false);
insert into Split (id, amount, uuid, envelope_id, transaction_id) values(1147, -6.43, '351683e0-e66d-3404-b3e7-66fb3bdf09bf', 295, 1146);
insert into Transaction (DTYPE, id, amount, balance, checkNo, date, description, externalId, initialBalance, memo, ref, status, type, uuid, account_id, transfer_id, custom) values('InternalTransaction', 1148, -13.99, 5952.22, '', '2010-03-05', 'Transfer to Arrowhead Water', 'null', false, '', '', 2, 1, '455be704-0352-3250-a3c9-354054cc9682', 229, 2190, false);
insert into Split (id, amount, uuid, envelope_id, transaction_id) values(1149, -13.99, '6eab5860-7211-393b-8db0-45a54c422c64', 292, 1148);
insert into Transaction (DTYPE, id, amount, balance, checkNo, date, description, externalId, initialBalance, memo, ref, status, type, uuid, account_id, transfer_id, custom) values('InternalTransaction', 1150, 1.31, 1295.12, '', '2010-04-23', 'Transfer from Available', 'null', false, '', '', 2, 0, '9e801997-b4d3-3618-aa03-1e2ce63b1764', 229, 1486, false);
insert into Split (id, amount, uuid, envelope_id, transaction_id) values(1151, 1.31, 'e0fdbbcc-9dfb-3d94-93ad-b5ea371ebb13', 268, 1150);
insert into Transaction (DTYPE, id, amount, balance, checkNo, date, description, externalId, initialBalance, memo, ref, status, type, uuid, account_id, transfer_id, custom) values('InternalTransaction', 1152, -395.46, 5134.13, '', '2010-03-05', 'Transfer to GMAC Mortgage', 'null', false, '', '', 2, 1, '01cb2cf0-e99b-308c-a450-3a2688b1d0ff', 229, 2889, false);
insert into Split (id, amount, uuid, envelope_id, transaction_id) values(1153, -395.46, '8c77f2ac-cfe3-3956-837b-8839cbc8e985', 292, 1152);
insert into Transaction (DTYPE, id, amount, balance, checkNo, date, description, externalId, initialBalance, memo, ref, status, type, uuid, account_id, transfer_id, custom) values('InternalTransaction', 1154, -7.99, 992.85, '', '2009-11-09', 'Gluten Free Creations Ph', '200911098', false, '11/07Gluten Fr', '', 2, 1, 'a8549a41-fafa-3229-9ca8-46388ec3b657', 229, null, false);
insert into Split (id, amount, uuid, envelope_id, transaction_id) values(1155, -7.99, 'f61a2105-2621-3284-bbed-fd299ae6cb08', 238, 1154);
insert into Transaction (DTYPE, id, amount, balance, checkNo, date, description, externalId, initialBalance, memo, ref, status, type, uuid, account_id, transfer_id, custom) values('InternalTransaction', 1156, -3.24, 5686.60, '', '2009-12-11', 'BOSTON MARKET #272 PHOEN', '2009121112', false, '12/10BOSTON MA', '', 2, 1, 'aab01ebd-f934-35dc-8928-5efe52a6ffb5', 229, null, false);
insert into Split (id, amount, uuid, envelope_id, transaction_id) values(1157, -3.24, '78a16dfb-7aa8-3ec2-a45e-7e00d3c5b520', 295, 1156);
insert into Transaction (DTYPE, id, amount, balance, checkNo, date, description, externalId, initialBalance, memo, ref, status, type, uuid, account_id, transfer_id, custom) values('InternalTransaction', 1158, -13.19, 3529.23, '', '2009-12-14', 'CVS 09347 09347--1525 N 203772', '2009121421', false, '12/11CVS 09347', '', 2, 1, '3fb92dcf-0f34-3b9b-9a28-55fc34aacd71', 229, null, false);
insert into Split (id, amount, uuid, envelope_id, transaction_id) values(1159, -13.19, '90666668-ae17-34b1-ae77-8891d0ee86fb', 286, 1158);
insert into Transaction (DTYPE, id, amount, balance, checkNo, date, description, externalId, initialBalance, memo, ref, status, type, uuid, account_id, transfer_id, custom) values('InternalTransaction', 1160, -10.05, 2776.29, '', '2010-02-22', 'CHIPOTLE 1208 TEMPE AZ', '201002228', false, '02/18CHIPOTLE', '', 2, 1, 'f9247c2b-2e75-3d79-aeae-5508fc4d43c8', 229, null, false);
insert into Split (id, amount, uuid, envelope_id, transaction_id) values(1161, -10.05, 'cbe56845-2fd4-37ab-b007-ac8c5015f905', 295, 1160);
insert into Transaction (DTYPE, id, amount, balance, checkNo, date, description, externalId, initialBalance, memo, ref, status, type, uuid, account_id, transfer_id, custom) values('InternalTransaction', 1162, 2.16, 1409.28, '', '2010-04-06', 'Transfer from Available', 'null', false, '', '', 2, 0, '7536451b-834a-37e8-b4d9-1ce72361a4b5', 229, 2080, false);
insert into Split (id, amount, uuid, envelope_id, transaction_id) values(1163, 2.16, '58ea320c-677f-36d0-8f09-700cdb2ece16', 246, 1162);
insert into Transaction (DTYPE, id, amount, balance, checkNo, date, description, externalId, initialBalance, memo, ref, status, type, uuid, account_id, transfer_id, custom) values('InternalTransaction', 1164, -5.13, 808.12, '', '2010-04-13', 'IN-N-OUT BURGERS TEMPE A', '201004130', false, '04/11IN-N-OUT', '', 2, 1, 'f44dc336-3efa-38a3-8f8c-37625fd201cf', 229, null, false);
insert into Split (id, amount, uuid, envelope_id, transaction_id) values(1165, -5.13, '14013cfe-cfe6-39fa-88d9-c7d78645707d', 246, 1164);
insert into Transaction (DTYPE, id, amount, balance, checkNo, date, description, externalId, initialBalance, memo, ref, status, type, uuid, account_id, transfer_id, custom) values('InternalTransaction', 1166, -917.31, 14203.65, '', '2010-02-16', 'Transfer to Eating Out', 'null', false, '', '', 0, 1, '192d11c0-000e-3405-b210-ab200a939fc3', 229, 2945, false);
insert into Split (id, amount, uuid, envelope_id, transaction_id) values(1167, -917.31, '53ee6340-a530-398f-8b7b-92576ae5a4fe', 292, 1166);
insert into Transaction (DTYPE, id, amount, balance, checkNo, date, description, externalId, initialBalance, memo, ref, status, type, uuid, account_id, transfer_id, custom) values('InternalTransaction', 1168, 647.67, 13568.20, '', '2010-02-16', 'Transfer from Available', 'null', false, '', '', 0, 0, 'fe4ff758-57dc-3a60-8035-1ae4d214af19', 229, 1284, false);
insert into Split (id, amount, uuid, envelope_id, transaction_id) values(1169, 647.67, '2b8b3ae8-5be5-3069-aa9c-04b4226b6087', 252, 1168);
insert into Transaction (DTYPE, id, amount, balance, checkNo, date, description, externalId, initialBalance, memo, ref, status, type, uuid, account_id, transfer_id, custom) values('InternalTransaction', 1170, -47.38, 1179.78, '', '2010-02-15', 'SPROUTS', '201002161', false, '', '', 2, 1, '4e01c727-ca6a-3150-8f8e-a6f37b29e3e6', 229, null, false);
insert into Split (id, amount, uuid, envelope_id, transaction_id) values(1171, -47.38, '6b91eb1d-44e7-378a-a5eb-ac2075481f68', 238, 1170);
insert into Transaction (DTYPE, id, amount, balance, checkNo, date, description, externalId, initialBalance, memo, ref, status, type, uuid, account_id, transfer_id, custom) values('InternalTransaction', 1172, 395.46, 1530.50, '', '2010-02-16', 'Transfer from Available', 'null', false, '', '', 0, 0, '6b4e3aa5-018c-32a0-9248-2ec0c552ecf6', 229, 1458, false);
insert into Split (id, amount, uuid, envelope_id, transaction_id) values(1173, 395.46, '01f85554-7bc4-3892-a193-aad473b848b0', 231, 1172);
insert into Transaction (DTYPE, id, amount, balance, checkNo, date, description, externalId, initialBalance, memo, ref, status, type, uuid, account_id, transfer_id, custom) values('InternalTransaction', 1174, 175.00, 4878.68, '', '2010-03-19', 'Transfer from Available', 'null', false, '', '', 2, 0, '75490554-5d55-3be9-a97d-b95c581c20bc', 229, 2342, false);
insert into Split (id, amount, uuid, envelope_id, transaction_id) values(1175, 175.00, 'db580305-ca13-3847-9d9d-fc9d90b433a0', 275, 1174);
insert into Transaction (DTYPE, id, amount, balance, checkNo, date, description, externalId, initialBalance, memo, ref, status, type, uuid, account_id, transfer_id, custom) values('InternalTransaction', 1176, -40.00, 3260.70, '', '2009-11-02', 'ATM WITHDRAWAL 006104', '200911021', false, '11/023150 E IN', '', 2, 1, 'e8ed46b3-2411-3eaf-b75e-a347747036d1', 229, null, false);
insert into Split (id, amount, uuid, envelope_id, transaction_id) values(1177, -40.00, '5575e67f-ea40-3888-a6f0-1880a92966eb', 276, 1176);
insert into Transaction (DTYPE, id, amount, balance, checkNo, date, description, externalId, initialBalance, memo, ref, status, type, uuid, account_id, transfer_id, custom) values('InternalTransaction', 1178, -10.04, 1365.26, '', '2009-12-21', 'QDOBA 428 11404282 P', '200912214', false, '12/19QDOBA 428', '', 2, 1, '9e460773-7dc4-307f-90d7-d2ab710b2aaa', 229, null, false);
insert into Split (id, amount, uuid, envelope_id, transaction_id) values(1179, -10.04, 'dabfcc66-6806-30a0-b8ba-5c8a5f134aa0', 295, 1178);
insert into Transaction (DTYPE, id, amount, balance, checkNo, date, description, externalId, initialBalance, memo, ref, status, type, uuid, account_id, transfer_id, custom) values('InternalTransaction', 1180, -0.00, 5104.24, '', '2010-02-19', 'Transfer to Cox Communications', 'null', false, '', '', 2, 1, '19d9316a-f933-3d84-9dc6-95656eab3e30', 229, 2743, false);
insert into Split (id, amount, uuid, envelope_id, transaction_id) values(1181, -0.00, '133c45ee-3db7-30b4-bca5-26436ded466c', 292, 1180);
insert into Transaction (DTYPE, id, amount, balance, checkNo, date, description, externalId, initialBalance, memo, ref, status, type, uuid, account_id, transfer_id, custom) values('InternalTransaction', 1182, -4.13, 4660.31, '', '2010-03-05', 'Transfer to Me.com', 'null', false, '', '', 2, 1, '18208b4c-6341-3e0c-9ca4-6ef0d30f454b', 229, 2741, false);
insert into Split (id, amount, uuid, envelope_id, transaction_id) values(1183, -4.13, '76c516bd-3630-311d-8cb8-2c6b38963d3d', 292, 1182);
insert into Transaction (DTYPE, id, amount, balance, checkNo, date, description, externalId, initialBalance, memo, ref, status, type, uuid, account_id, transfer_id, custom) values('InternalTransaction', 1184, -35.00, 3871.45, '', '2009-12-10', 'JOSEPH SCOTT SALON LLC P393003', '200912100', false, '12/09JOSEPH SC', '', 2, 1, '6f569943-cc4b-3203-ad7c-281686244f16', 229, null, false);
insert into Split (id, amount, uuid, envelope_id, transaction_id) values(1185, -35.00, '806d4392-1b67-39d4-9ebe-8eaa3b1381cd', 260, 1184);
insert into Transaction (DTYPE, id, amount, balance, checkNo, date, description, externalId, initialBalance, memo, ref, status, type, uuid, account_id, transfer_id, custom) values('InternalTransaction', 1186, -571.75, 2658.36, '', '2010-03-08', 'BARCLAYCARD US CREDITCARD 8513', '201003081', false, '0445 WEB ID: 2510407970', '', 2, 1, 'db0236b3-7968-3aca-ab31-faff6b79d42c', 229, null, false);
insert into Split (id, amount, uuid, envelope_id, transaction_id) values(1187, -571.75, '63320e78-6f08-3b15-8460-40402096c173', 242, 1186);
insert into Transaction (DTYPE, id, amount, balance, checkNo, date, description, externalId, initialBalance, memo, ref, status, type, uuid, account_id, transfer_id, custom) values('InternalTransaction', 1188, -5.50, 3904.86, '', '2010-03-30', 'Transfer to Fast Food', 'null', false, '', '', 2, 1, 'a135ab8f-91ea-3b28-99d0-8563b0db2199', 229, 2310, false);
insert into Split (id, amount, uuid, envelope_id, transaction_id) values(1189, -5.50, '9b6fd4ab-7074-3bd7-85c3-a059502d908b', 292, 1188);
insert into Transaction (DTYPE, id, amount, balance, checkNo, date, description, externalId, initialBalance, memo, ref, status, type, uuid, account_id, transfer_id, custom) values('InternalTransaction', 1190, 20.00, 20.00, '', '2010-02-23', 'Transfer from Spending', 'null', false, '', '', 2, 0, 'f8141547-787b-3f2a-83ab-a30d2a743d4c', 228, 2000, false);
insert into Split (id, amount, uuid, envelope_id, transaction_id) values(1191, 20.00, '5486ba37-5e8e-367b-9b07-59c86e9395df', 250, 1190);
insert into Transaction (DTYPE, id, amount, balance, checkNo, date, description, externalId, initialBalance, memo, ref, status, type, uuid, account_id, transfer_id, custom) values('InternalTransaction', 1192, -13.00, 1277.60, '', '2010-04-07', 'ROSITA''S PLACE PHOENIX A', '201004074', false, '04/06ROSITA''S', '', 2, 1, '8a67f6db-1b4c-3fb6-afbb-5547437b2fd5', 229, null, false);
insert into Split (id, amount, uuid, envelope_id, transaction_id) values(1193, -13.00, '43f32f49-9054-3d6e-9524-c45c16c44e38', 295, 1192);
insert into Transaction (DTYPE, id, amount, balance, checkNo, date, description, externalId, initialBalance, memo, ref, status, type, uuid, account_id, transfer_id, custom) values('InternalTransaction', 1194, -25.00, null, '', '2010-04-02', 'CHASE INTERNET FUNDI 877', '201004023', false, '03/31CHASE INT', '', 2, 1, '1ad12b8a-b5ba-3315-989b-21bee1ebd05e', 229, null, false);
insert into Split (id, amount, uuid, envelope_id, transaction_id) values(1195, -25.00, '80063a23-a28a-3b57-8566-c1bb69175f22', 252, 1194);
insert into Transaction (DTYPE, id, amount, balance, checkNo, date, description, externalId, initialBalance, memo, ref, status, type, uuid, account_id, transfer_id, custom) values('InternalTransaction', 1196, -25.00, 2676.96, '', '2010-04-02', 'Transfer to Household', 'null', false, '', '', 2, 1, '735b02e4-427b-3641-9f7c-b14768e99f76', 229, 388, false);
insert into Split (id, amount, uuid, envelope_id, transaction_id) values(1197, -25.00, 'a24f1089-4f9b-3597-a286-f4f7d4e564e6', 292, 1196);
insert into Transaction (DTYPE, id, amount, balance, checkNo, date, description, externalId, initialBalance, memo, ref, status, type, uuid, account_id, transfer_id, custom) values('InternalTransaction', 1198, 15.95, 4607.47, '', '2010-03-05', 'Transfer from Available', 'null', false, '', '', 2, 0, '1511872a-477b-324c-becc-df6f8c506c13', 229, 2288, false);
insert into Split (id, amount, uuid, envelope_id, transaction_id) values(1199, 15.95, '94076b01-4d56-37d1-bbe9-3c891c3fb9ab', 233, 1198);
insert into Transaction (DTYPE, id, amount, balance, checkNo, date, description, externalId, initialBalance, memo, ref, status, type, uuid, account_id, transfer_id, custom) values('InternalTransaction', 1200, -26.82, 0.00, '', '2010-03-19', 'Transfer to Household', 'null', false, '', '', 2, 1, 'fd239d15-8428-32da-a242-54f11380b30d', 228, 1240, false);
insert into Split (id, amount, uuid, envelope_id, transaction_id) values(1201, -26.82, 'f11850c0-ac21-3222-b7b0-6b2c73e60d36', 292, 1200);
insert into Transaction (DTYPE, id, amount, balance, checkNo, date, description, externalId, initialBalance, memo, ref, status, type, uuid, account_id, transfer_id, custom) values('InternalTransaction', 1202, -48.70, 2853.63, '', '2010-02-08', 'DELHI PALACE TEMPE AZ', '201002086', false, '02/06DELHI PAL', '', 2, 1, 'c5c636de-7ca6-3f15-878f-0dc9cc20d6dc', 229, null, false);
insert into Split (id, amount, uuid, envelope_id, transaction_id) values(1203, -48.70, 'c7db4bc4-faf7-302a-aca3-9313b92e9d5f', 295, 1202);
insert into Transaction (DTYPE, id, amount, balance, checkNo, date, description, externalId, initialBalance, memo, ref, status, type, uuid, account_id, transfer_id, custom) values('InternalTransaction', 1204, 0.77, 0.77, '', '2010-03-30', 'Transfer from Auto Fuel', 'null', false, '', '', 2, 0, '54f81dbe-968d-3775-b3f9-1b66b248a614', 228, 1520, false);
insert into Split (id, amount, uuid, envelope_id, transaction_id) values(1205, 0.77, '10d7b638-2c4b-39ac-9d4f-55a7edff842b', 292, 1204);
insert into Transaction (DTYPE, id, amount, balance, checkNo, date, description, externalId, initialBalance, memo, ref, status, type, uuid, account_id, transfer_id, custom) values('InternalTransaction', 1206, -5.39, 1207.14, '', '2010-03-17', 'BURGER KING #10259 TEMPE', '201003170', false, '03/15BURGER KI', '', 2, 1, '5240dc30-46c2-37b7-b4ef-e3af8ec4972e', 229, null, false);
insert into Split (id, amount, uuid, envelope_id, transaction_id) values(1207, -5.39, '412c3328-1360-3f85-ab76-badc1aa98617', 246, 1206);
insert into Transaction (DTYPE, id, amount, balance, checkNo, date, description, externalId, initialBalance, memo, ref, status, type, uuid, account_id, transfer_id, custom) values('InternalTransaction', 1208, 17.49, 4624.96, '', '2010-03-05', 'Transfer from Available', 'null', false, '', '', 2, 0, 'eac9c86c-8b1f-3194-9edd-7c15053897f3', 229, 2494, false);
insert into Split (id, amount, uuid, envelope_id, transaction_id) values(1209, 17.49, '9229fefd-d1ec-38c8-b30f-5ecc440db792', 271, 1208);
insert into Transaction (DTYPE, id, amount, balance, checkNo, date, description, externalId, initialBalance, memo, ref, status, type, uuid, account_id, transfer_id, custom) values('InternalTransaction', 1210, 60.00, 3976.07, '', '2010-03-23', 'Transfer from Available', 'null', false, '', '', 2, 0, '77c57c23-e22b-3606-93b5-0922ac255f0c', 229, 2224, false);
insert into Split (id, amount, uuid, envelope_id, transaction_id) values(1211, 60.00, '3611e587-aa35-3482-8989-be8e86bb3be9', 276, 1210);
insert into Transaction (DTYPE, id, amount, balance, checkNo, date, description, externalId, initialBalance, memo, ref, status, type, uuid, account_id, transfer_id, custom) values('InternalTransaction', 1212, 32.27, 2437.05, '', '2010-02-28', 'Transfer from Available', 'null', false, '', '', 2, 0, '333f74dd-511e-389e-a122-4683d7c8f21c', 229, 372, false);
insert into Split (id, amount, uuid, envelope_id, transaction_id) values(1213, 32.27, 'dc1cf34c-c67c-3eb0-952f-a2db64a7e015', 295, 1212);
insert into Transaction (DTYPE, id, amount, balance, checkNo, date, description, externalId, initialBalance, memo, ref, status, type, uuid, account_id, transfer_id, custom) values('InternalTransaction', 1214, -967.50, 6625.07, '', '2010-02-16', 'Transfer to Lofts @ Arcadia', 'null', false, '', '', 0, 1, '09b452e5-ef9f-3134-ab61-74799e0f3258', 229, 1372, false);
insert into Split (id, amount, uuid, envelope_id, transaction_id) values(1215, -967.50, '39271b6d-80eb-331e-90b0-6b03ece2efc2', 292, 1214);
insert into Transaction (DTYPE, id, amount, balance, checkNo, date, description, externalId, initialBalance, memo, ref, status, type, uuid, account_id, transfer_id, custom) values('InternalTransaction', 1216, -10.02, 0.00, '', '2010-03-16', 'Transfer to Available', 'null', false, '', '', 2, 1, '616921e1-08a1-336c-b40a-69d0c864c848', 228, 2787, false);
insert into Split (id, amount, uuid, envelope_id, transaction_id) values(1217, -10.02, '5154f12e-32ff-3329-8516-725865ce4230', 254, 1216);
insert into Transaction (DTYPE, id, amount, balance, checkNo, date, description, externalId, initialBalance, memo, ref, status, type, uuid, account_id, transfer_id, custom) values('InternalTransaction', 1218, -49.95, 1650.54, '', '2010-03-15', 'COX*PHOENIX COMM SER 602', '201003150', false, '03/13COX*PHOEN', '', 2, 1, '2d5a876d-1e2d-39ce-b715-562c886100dd', 229, null, false);
insert into Split (id, amount, uuid, envelope_id, transaction_id) values(1219, -49.95, '73a8df68-655e-3234-b784-0e1b426ff1d5', 268, 1218);
insert into Transaction (DTYPE, id, amount, balance, checkNo, date, description, externalId, initialBalance, memo, ref, status, type, uuid, account_id, transfer_id, custom) values('InternalTransaction', 1220, -44.00, 0.00, '', '2010-03-30', 'Transfer to Spending', 'null', false, '', '', 2, 1, 'e3cadbc6-20c3-3be3-b567-bce85fbfd0ee', 228, 1224, false);
insert into Split (id, amount, uuid, envelope_id, transaction_id) values(1221, -44.00, 'cc3f4fcc-04bb-3e4b-84a6-c37f5dcf37b7', 292, 1220);
insert into Transaction (DTYPE, id, amount, balance, checkNo, date, description, externalId, initialBalance, memo, ref, status, type, uuid, account_id, transfer_id, custom) values('InternalTransaction', 1222, 18.53, 668.58, '', '2010-04-16', 'Transfer from Available', 'null', false, '', '', 2, 0, 'ab122a6f-5ac5-3141-885d-f5002de4f5c2', 229, 2168, false);
insert into Split (id, amount, uuid, envelope_id, transaction_id) values(1223, 18.53, 'fd7b5f00-e871-3943-a73a-59b64ac55686', 238, 1222);
insert into Transaction (DTYPE, id, amount, balance, checkNo, date, description, externalId, initialBalance, memo, ref, status, type, uuid, account_id, transfer_id, custom) values('InternalTransaction', 1224, 44.00, 44.00, '', '2010-03-30', 'Transfer from Available', 'null', false, '', '', 2, 0, 'fa9470c1-e6ca-3589-afab-fb425016d0da', 228, 1220, false);
insert into Split (id, amount, uuid, envelope_id, transaction_id) values(1225, 44.00, 'd2979e6b-49f1-3b51-baa7-58d250965dee', 252, 1224);
insert into Transaction (DTYPE, id, amount, balance, checkNo, date, description, externalId, initialBalance, memo, ref, status, type, uuid, account_id, transfer_id, custom) values('InternalTransaction', 1226, 2159.86, 3171.99, '', '2010-02-18', 'VVM', '201002190', false, '', '', 2, 0, '1705cd8e-d148-3b4c-8520-f530680b50a3', 229, null, false);
insert into Split (id, amount, uuid, envelope_id, transaction_id) values(1227, 2159.86, '713e92d8-b779-3e47-88ed-e714a4dee6ec', 292, 1226);
insert into Transaction (DTYPE, id, amount, balance, checkNo, date, description, externalId, initialBalance, memo, ref, status, type, uuid, account_id, transfer_id, custom) values('InternalTransaction', 1228, 26.82, 2453.27, '', '2010-03-19', 'Transfer from Available', 'null', false, '', '', 2, 0, '4d94245d-91a1-3304-af06-aa9d2b1b0b14', 229, 300, false);
insert into Split (id, amount, uuid, envelope_id, transaction_id) values(1229, 26.82, 'e739693b-e7bd-31c8-a6c4-25c84c753d1e', 286, 1228);
insert into Transaction (DTYPE, id, amount, balance, checkNo, date, description, externalId, initialBalance, memo, ref, status, type, uuid, account_id, transfer_id, custom) values('InternalTransaction', 1230, -240.00, 2516.44, '', '2010-01-08', 'ATM WITHDRAWAL 006547', '201001081', false, '01/077801 N 19', '', 2, 1, '827a8dc2-99e8-3767-b9e9-bb199cc8b9d4', 229, null, false);
insert into Split (id, amount, uuid, envelope_id, transaction_id) values(1231, -240.00, 'e18aa70a-a678-3d44-b707-1b62033bff91', 276, 1230);
insert into Transaction (DTYPE, id, amount, balance, checkNo, date, description, externalId, initialBalance, memo, ref, status, type, uuid, account_id, transfer_id, custom) values('InternalTransaction', 1232, -20.58, 5047.60, '', '2009-11-27', 'PEI WEI #0023 Q02 P', '200911272', false, '11/24PEI WEI #', '', 2, 1, 'a03b89ab-2183-3107-bea4-c3a8db00db3e', 229, null, false);
insert into Split (id, amount, uuid, envelope_id, transaction_id) values(1233, -20.58, 'cd53f8b5-c7c5-3b67-a486-2034424c9e05', 295, 1232);
insert into Transaction (DTYPE, id, amount, balance, checkNo, date, description, externalId, initialBalance, memo, ref, status, type, uuid, account_id, transfer_id, custom) values('InternalTransaction', 1234, 69.24, 69.24, '', '2010-04-29', 'Transfer from Auto Registration', 'null', false, '', '', 2, 0, 'd8fb5651-dad3-35dd-9775-34cdd8f3a08c', 228, 2480, false);
insert into Split (id, amount, uuid, envelope_id, transaction_id) values(1235, 69.24, 'faba34c5-5a3c-3257-a206-7d0571bcd78a', 245, 1234);
insert into Transaction (DTYPE, id, amount, balance, checkNo, date, description, externalId, initialBalance, memo, ref, status, type, uuid, account_id, transfer_id, custom) values('InternalTransaction', 1236, 1.10, 1.10, '', '2010-03-16', 'Transfer from Spending', 'null', false, '', '', 2, 0, '8582f5a0-dfbc-3596-a760-582f6801f564', 228, 306, false);
insert into Split (id, amount, uuid, envelope_id, transaction_id) values(1237, 1.10, '7d5a12ea-1acc-3591-99d9-63134a6fc164', 254, 1236);
insert into Transaction (DTYPE, id, amount, balance, checkNo, date, description, externalId, initialBalance, memo, ref, status, type, uuid, account_id, transfer_id, custom) values('InternalTransaction', 1238, 325.00, 2206.47, '', '2010-02-16', 'Transfer from Available', 'null', false, '', '', 0, 0, '20cf9c62-078a-37c3-858f-572d04e28cda', 229, 1006, false);
insert into Split (id, amount, uuid, envelope_id, transaction_id) values(1239, 325.00, 'bf6db797-1c46-3f68-a496-4f3156ce0a41', 248, 1238);
insert into Transaction (DTYPE, id, amount, balance, checkNo, date, description, externalId, initialBalance, memo, ref, status, type, uuid, account_id, transfer_id, custom) values('InternalTransaction', 1240, 26.82, 26.82, '', '2010-03-19', 'Transfer from Available', 'null', false, '', '', 2, 0, 'f694ea1b-a3ba-306a-b193-0673689bf31e', 228, 1200, false);
insert into Split (id, amount, uuid, envelope_id, transaction_id) values(1241, 26.82, 'ae68e05c-b048-36d6-94c2-88c834a8896a', 239, 1240);
insert into Transaction (DTYPE, id, amount, balance, checkNo, date, description, externalId, initialBalance, memo, ref, status, type, uuid, account_id, transfer_id, custom) values('InternalTransaction', 1242, -1.11, null, '', '2010-03-19', 'QT 400 TEMPE AZ 850795', '201003193', false, '03/18QT 400 TE', '', 2, 1, 'f49afc67-60d9-3df6-97fa-97fbe5966acd', 229, null, false);
insert into Split (id, amount, uuid, envelope_id, transaction_id) values(1243, -1.11, '447afb82-3cba-3f9d-bccd-5c94825353f0', 252, 1242);
insert into Transaction (DTYPE, id, amount, balance, checkNo, date, description, externalId, initialBalance, memo, ref, status, type, uuid, account_id, transfer_id, custom) values('InternalTransaction', 1244, 65.00, 1200.04, '', '2010-02-16', 'Transfer from Available', 'null', false, '', '', 0, 0, 'cf51b20b-14f4-3c2f-87ad-b069c05cd35a', 229, 2268, false);
insert into Split (id, amount, uuid, envelope_id, transaction_id) values(1245, 65.00, 'ece51a4d-57e9-31f4-ac9e-0fb8d08e8670', 236, 1244);
insert into Transaction (DTYPE, id, amount, balance, checkNo, date, description, externalId, initialBalance, memo, ref, status, type, uuid, account_id, transfer_id, custom) values('InternalTransaction', 1246, 0.00, 4878.68, '', '2010-03-19', 'Transfer from Available', 'null', false, '', '', 2, 1, 'ebf177b8-a327-3f35-b700-6e12196b7066', 229, 2730, false);
insert into Split (id, amount, uuid, envelope_id, transaction_id) values(1247, 0.00, '1bdd6412-e6d7-37c3-b219-45954d42f6bd', 274, 1246);
insert into Transaction (DTYPE, id, amount, balance, checkNo, date, description, externalId, initialBalance, memo, ref, status, type, uuid, account_id, transfer_id, custom) values('InternalTransaction', 1248, 163.00, 3734.63, '', '2010-04-16', 'Transfer from Available', 'null', false, '', '', 2, 0, '835e7300-2275-3587-9724-8d6c8b7c148b', 229, 2066, false);
insert into Split (id, amount, uuid, envelope_id, transaction_id) values(1249, 163.00, 'a235d528-1db7-342f-924c-552af16002ee', 258, 1248);
insert into Transaction (DTYPE, id, amount, balance, checkNo, date, description, externalId, initialBalance, memo, ref, status, type, uuid, account_id, transfer_id, custom) values('InternalTransaction', 1250, 250.00, 250.00, '', '2010-03-31', 'Transfer from Available', 'null', false, '', '', 2, 0, '0a0c337b-27d2-355f-a745-0be4247c1486', 228, 3073, false);
insert into Split (id, amount, uuid, envelope_id, transaction_id) values(1251, 250.00, '17339aac-5fe9-30da-9157-fdc0ace764ab', 248, 1250);
insert into Transaction (DTYPE, id, amount, balance, checkNo, date, description, externalId, initialBalance, memo, ref, status, type, uuid, account_id, transfer_id, custom) values('InternalTransaction', 1252, -3.98, 1286.38, '', '2010-04-08', 'Transfer to Fast Food', 'null', false, '', '', 2, 1, '49c155e4-43c3-3e37-b28e-a35e8c8748c1', 229, 2706, false);
insert into Split (id, amount, uuid, envelope_id, transaction_id) values(1253, -3.98, 'ffd0152b-0ab7-3ab8-af01-da9f7feca07b', 292, 1252);
insert into Transaction (DTYPE, id, amount, balance, checkNo, date, description, externalId, initialBalance, memo, ref, status, type, uuid, account_id, transfer_id, custom) values('InternalTransaction', 1254, -5.02, 3000.18, '', '2009-12-28', 'COLDSTN CREAM #1429 GLEN', '2009122810', false, '12/26COLDSTN C', '', 2, 1, '3503467d-bfff-3ad9-bdeb-318a442b6ff1', 229, null, false);
insert into Split (id, amount, uuid, envelope_id, transaction_id) values(1255, -5.02, '79651ac5-a2f8-3497-b9fc-f4f7fda46335', 295, 1254);
insert into Transaction (DTYPE, id, amount, balance, checkNo, date, description, externalId, initialBalance, memo, ref, status, type, uuid, account_id, transfer_id, custom) values('InternalTransaction', 1256, -4.32, 4703.06, '', '2010-03-20', 'GAME NIGHTZ', '2010032215', false, '', '', 2, 1, '69b1bb4d-5a16-39c5-9856-4d76207806b7', 229, null, false);
insert into Split (id, amount, uuid, envelope_id, transaction_id) values(1257, -4.32, 'bf0e0518-8295-3c53-96ed-383abb35dbaf', 241, 1256);
insert into Transaction (DTYPE, id, amount, balance, checkNo, date, description, externalId, initialBalance, memo, ref, status, type, uuid, account_id, transfer_id, custom) values('InternalTransaction', 1258, -10.29, 1966.95, '', '2010-01-04', 'PEI WEI #0023 Q02 P', '201001047', false, '12/31PEI WEI #', '', 2, 1, '30e7aaf9-e9f2-3a23-99d4-51c9c395c85a', 229, null, false);
insert into Split (id, amount, uuid, envelope_id, transaction_id) values(1259, -10.29, 'c4f6520a-c61e-34c2-af2a-fb3344f2e910', 295, 1258);
insert into Transaction (DTYPE, id, amount, balance, checkNo, date, description, externalId, initialBalance, memo, ref, status, type, uuid, account_id, transfer_id, custom) values('InternalTransaction', 1260, -4.00, 3086.61, '', '2009-12-02', 'AZ MOTOR VEHICLE DIV 866', '200912023', false, '11/30AZ MOTOR', '', 2, 1, '8decf053-ef94-3f4b-91d5-f82244436ec2', 229, null, false);
insert into Split (id, amount, uuid, envelope_id, transaction_id) values(1261, -4.00, '12e25c47-49b5-349a-bf53-b4df73480fdc', 293, 1260);
insert into Transaction (DTYPE, id, amount, balance, checkNo, date, description, externalId, initialBalance, memo, ref, status, type, uuid, account_id, transfer_id, custom) values('InternalTransaction', 1262, -345.10, 2422.59, '', '2010-02-23', 'HSBC CARD SRVCS Online Pmt 0000', '201002230', false, '00537318051 WEB ID: 2000000510', '', 2, 1, '7e1c9ed8-e9d5-3eee-88d7-54a5e0002617', 229, null, false);
insert into Split (id, amount, uuid, envelope_id, transaction_id) values(1263, -345.10, '6f7cbe0b-6eb4-376e-ad90-7a5d5f879aee', 242, 1262);
insert into Transaction (DTYPE, id, amount, balance, checkNo, date, description, externalId, initialBalance, memo, ref, status, type, uuid, account_id, transfer_id, custom) values('InternalTransaction', 1264, -115.86, 4932.00, '', '2010-02-16', 'Transfer to Eating Out', 'null', false, '', '', 0, 1, '4e5f0c19-4003-38fd-85ec-5ca2e3b55e22', 229, 1416, false);
insert into Split (id, amount, uuid, envelope_id, transaction_id) values(1265, -115.86, '3dca9489-1709-3f54-b341-44bfa3e7629f', 292, 1264);
insert into Transaction (DTYPE, id, amount, balance, checkNo, date, description, externalId, initialBalance, memo, ref, status, type, uuid, account_id, transfer_id, custom) values('InternalTransaction', 1266, -31.90, 4986.88, '', '2009-11-13', 'SRR*SIRIUS RADIO 888-539', '200911132', false, '11/12SRR*SIRIU', '', 2, 1, 'f88b8a3f-b097-3833-b875-7ab13f2f1fff', 229, null, false);
insert into Split (id, amount, uuid, envelope_id, transaction_id) values(1267, -31.90, '0e26cddb-32dc-34b3-a4fe-218b90c828bc', 233, 1266);
insert into Transaction (DTYPE, id, amount, balance, checkNo, date, description, externalId, initialBalance, memo, ref, status, type, uuid, account_id, transfer_id, custom) values('InternalTransaction', 1268, -75.99, 2176.49, '', '2009-11-04', 'DTV*DIRECTV SERVICE 800-', '200911040', false, '11/03DTV*DIREC', '', 2, 1, 'ad132546-a5b7-30a2-9f55-fd444bcb87fb', 229, null, false);
insert into Split (id, amount, uuid, envelope_id, transaction_id) values(1269, -75.99, 'a59f731e-6979-33b1-ab24-d67551a48e67', 273, 1268);
insert into Transaction (DTYPE, id, amount, balance, checkNo, date, description, externalId, initialBalance, memo, ref, status, type, uuid, account_id, transfer_id, custom) values('InternalTransaction', 1270, -39.09, 4351.06, '', '2009-11-18', 'BARCLAYCARD US CREDITCARD 7708', '200911181', false, '5597 WEB ID: 2510407970', '', 2, 1, 'e50828b1-634f-3f56-8f13-0bb62d47bd27', 229, null, false);
insert into Split (id, amount, uuid, envelope_id, transaction_id) values(1271, -39.09, 'e13916c0-f1cd-3342-b6d5-93b3cc8e5a34', 242, 1270);
insert into Transaction (DTYPE, id, amount, balance, checkNo, date, description, externalId, initialBalance, memo, ref, status, type, uuid, account_id, transfer_id, custom) values('InternalTransaction', 1272, 925.00, 3879.99, '', '2010-03-05', 'PAYPAL TRANSFER PPD', '201003051', false, '', '', 2, 0, 'dcbaec73-2058-3274-8956-dc453a156b86', 229, null, false);
insert into Split (id, amount, uuid, envelope_id, transaction_id) values(1273, 925.00, '3f89c670-728c-3fa5-b88c-4e403718eb93', 292, 1272);
insert into Transaction (DTYPE, id, amount, balance, checkNo, date, description, externalId, initialBalance, memo, ref, status, type, uuid, account_id, transfer_id, custom) values('InternalTransaction', 1274, -80.00, 743.63, '', '2010-03-02', 'U-HAUL GRAND AV 3601 PHO632679', '201003024', false, '03/01U-HAUL GR', '', 2, 1, '354827ca-f9f3-3558-b5ef-0e1f4ffc3ba2', 229, null, false);
insert into Split (id, amount, uuid, envelope_id, transaction_id) values(1275, -80.00, '3f6e8e4b-3a84-3d83-ad8e-200647f532a4', 252, 1274);
insert into Transaction (DTYPE, id, amount, balance, checkNo, date, description, externalId, initialBalance, memo, ref, status, type, uuid, account_id, transfer_id, custom) values('InternalTransaction', 1276, 242.28, 2647.06, '', '2010-02-28', 'Transfer from Available', 'null', false, '', '', 2, 0, 'b9b07645-820a-3db8-b71e-b2d1ae07edc5', 229, 408, false);
insert into Split (id, amount, uuid, envelope_id, transaction_id) values(1277, 242.28, '05788ba6-dad8-34ac-aa27-94130a676645', 264, 1276);
insert into Transaction (DTYPE, id, amount, balance, checkNo, date, description, externalId, initialBalance, memo, ref, status, type, uuid, account_id, transfer_id, custom) values('InternalTransaction', 1278, -12.00, 3090.61, '', '2009-12-02', 'ROSITA''S PLACE PHOENIX A', '200912022', false, '12/01ROSITA''S', '', 2, 1, 'cf901018-b848-3098-bf9d-b3be15cd77fe', 229, null, false);
insert into Split (id, amount, uuid, envelope_id, transaction_id) values(1279, -12.00, 'fedfaa41-7d9b-38b8-a79a-76b487646c5f', 295, 1278);
insert into Transaction (DTYPE, id, amount, balance, checkNo, date, description, externalId, initialBalance, memo, ref, status, type, uuid, account_id, transfer_id, custom) values('InternalTransaction', 1280, -13.99, 6443.42, '', '2010-03-19', 'Transfer to Arrowhead Water', 'null', false, '', '', 2, 1, '42f59145-8d17-3a16-9c87-4c749bcf8513', 229, 3057, false);
insert into Split (id, amount, uuid, envelope_id, transaction_id) values(1281, -13.99, 'ad7ae653-2243-3508-8460-4ec749764c8e', 292, 1280);
insert into Transaction (DTYPE, id, amount, balance, checkNo, date, description, externalId, initialBalance, memo, ref, status, type, uuid, account_id, transfer_id, custom) values('InternalTransaction', 1282, 5.25, 5.25, '', '2010-04-13', 'Transfer from Household', 'null', false, '', '', 2, 0, '1dc619d5-5254-3416-a6ef-74e3c13e899b', 228, 772, false);
insert into Split (id, amount, uuid, envelope_id, transaction_id) values(1283, 5.25, '782cb03f-bad6-3fc6-a0bb-ef8bedd725f1', 292, 1282);
insert into Transaction (DTYPE, id, amount, balance, checkNo, date, description, externalId, initialBalance, memo, ref, status, type, uuid, account_id, transfer_id, custom) values('InternalTransaction', 1284, -647.67, 4853.77, '', '2010-02-16', 'Transfer to Spending', 'null', false, '', '', 0, 1, '67843941-5a20-32bb-b3f5-4c95323f18e2', 229, 1168, false);
insert into Split (id, amount, uuid, envelope_id, transaction_id) values(1285, -647.67, '44ae1cd0-3dbb-3aed-ba78-1f60b3cf30fd', 292, 1284);
insert into Transaction (DTYPE, id, amount, balance, checkNo, date, description, externalId, initialBalance, memo, ref, status, type, uuid, account_id, transfer_id, custom) values('InternalTransaction', 1286, 79.27, 14687.47, '', '2010-02-16', 'Transfer from Available', 'null', false, '', '', 0, 0, 'e7e4dd08-0d18-3e67-b10d-006441d86bca', 229, 694, false);
insert into Split (id, amount, uuid, envelope_id, transaction_id) values(1287, 79.27, 'c9aad658-75c5-31f5-b599-cab52cc47e34', 246, 1286);
insert into Transaction (DTYPE, id, amount, balance, checkNo, date, description, externalId, initialBalance, memo, ref, status, type, uuid, account_id, transfer_id, custom) values('InternalTransaction', 1288, -790.91, 2415.65, '', '2009-11-03', 'LOANSERVICING AUTOMATIC', '200911031', false, 'PPD ID: 1231694840', '', 2, 1, '1e1a1662-c63d-36bb-b3da-892d3a01e53c', 229, null, false);
insert into Split (id, amount, uuid, envelope_id, transaction_id) values(1289, -790.91, 'aa1c01ec-b222-3132-b199-9e3c062528f4', 231, 1288);
insert into Transaction (DTYPE, id, amount, balance, checkNo, date, description, externalId, initialBalance, memo, ref, status, type, uuid, account_id, transfer_id, custom) values('InternalTransaction', 1290, -3.25, 3908.20, '', '2009-12-09', '24 HOUR FITNESS #869 CAR', '200912090', false, '12/0724 HOUR F', '', 2, 1, '0e6ef473-4965-3f89-b988-e00a0768d10f', 229, null, false);
insert into Split (id, amount, uuid, envelope_id, transaction_id) values(1291, -3.25, '26651dec-4fbb-3f8c-aabe-99e2b11d3af2', 271, 1290);
insert into Transaction (DTYPE, id, amount, balance, checkNo, date, description, externalId, initialBalance, memo, ref, status, type, uuid, account_id, transfer_id, custom) values('InternalTransaction', 1292, -10.85, 0.00, '', '2010-04-29', 'Transfer to Household', 'null', false, '', '', 2, 1, '55a6e83b-a39b-3169-adf6-e82c0b2c114c', 228, 540, false);
insert into Split (id, amount, uuid, envelope_id, transaction_id) values(1293, -10.85, '30ddc81c-86a0-3f50-ae10-52e7882d6f9c', 267, 1292);
insert into Transaction (DTYPE, id, amount, balance, checkNo, date, description, externalId, initialBalance, memo, ref, status, type, uuid, account_id, transfer_id, custom) values('InternalTransaction', 1294, -28.87, 339.29, '', '2010-04-29', 'Transfer to Eating Out', 'null', false, '', '', 2, 1, '6d571c7e-5773-3fbd-b762-08126acbf7b8', 229, 2386, false);
insert into Split (id, amount, uuid, envelope_id, transaction_id) values(1295, -28.87, '4961a97c-405b-3907-a269-ebbc69379ec0', 292, 1294);
insert into Transaction (DTYPE, id, amount, balance, checkNo, date, description, externalId, initialBalance, memo, ref, status, type, uuid, account_id, transfer_id, custom) values('InternalTransaction', 1296, -7.30, 2173.13, '', '2010-03-10', 'TACO BELL #21245 TEMPE A', '201003101', false, '03/08TACO BELL', '', 2, 1, '1ca2743e-2e0d-3e53-b65a-85ca9619d2e4', 229, null, false);
insert into Split (id, amount, uuid, envelope_id, transaction_id) values(1297, -7.30, 'aa171193-6c3d-309b-9ff0-bf8c34f6df3f', 246, 1296);
insert into Transaction (DTYPE, id, amount, balance, checkNo, date, description, externalId, initialBalance, memo, ref, status, type, uuid, account_id, transfer_id, custom) values('InternalTransaction', 1298, -309.00, 857.23, '', '2010-01-05', 'Rossmar & Graham TENANT', '201001051', false, 'WEB ID: W050568743', '', 2, 1, 'ba807da6-6b59-37cb-83cb-a2a68db488fd', 229, null, false);
insert into Split (id, amount, uuid, envelope_id, transaction_id) values(1299, -309.00, 'c713b0a2-c8d8-3538-9d0c-800fdb820fb0', 258, 1298);
insert into Transaction (DTYPE, id, amount, balance, checkNo, date, description, externalId, initialBalance, memo, ref, status, type, uuid, account_id, transfer_id, custom) values('InternalTransaction', 1300, -80.00, 2290.39, '269', '2010-03-08', 'Annette Trijillo', '201003084', false, '', '', 2, 1, 'c36a9075-b2cc-339e-acde-3fc57355465a', 229, null, false);
insert into Split (id, amount, uuid, envelope_id, transaction_id) values(1301, -80.00, 'e607f6b7-9148-3b78-a1ef-7ba7d03bef75', 261, 1300);
insert into Transaction (DTYPE, id, amount, balance, checkNo, date, description, externalId, initialBalance, memo, ref, status, type, uuid, account_id, transfer_id, custom) values('InternalTransaction', 1302, -65.00, 4967.52, '', '2010-04-16', 'Transfer to Cox Communications', 'null', false, '', '', 2, 1, 'c823fa75-9dac-3fb7-b247-e60050a399f9', 229, 1638, false);
insert into Split (id, amount, uuid, envelope_id, transaction_id) values(1303, -65.00, '31412840-c46c-367c-baa6-3c1bee3d27cd', 292, 1302);
insert into Transaction (DTYPE, id, amount, balance, checkNo, date, description, externalId, initialBalance, memo, ref, status, type, uuid, account_id, transfer_id, custom) values('InternalTransaction', 1304, 60.00, 60.00, '', '2010-03-30', 'Transfer from Available', 'null', false, '', '', 2, 0, '930266b9-e7f0-37fe-b409-8e1ead6d0ebd', 228, 2624, false);
insert into Split (id, amount, uuid, envelope_id, transaction_id) values(1305, 60.00, '3b7a4a17-6e81-3af6-8f13-a1227566d0ff', 250, 1304);
insert into Transaction (DTYPE, id, amount, balance, checkNo, date, description, externalId, initialBalance, memo, ref, status, type, uuid, account_id, transfer_id, custom) values('InternalTransaction', 1306, -835.75, 1663.02, '', '2010-04-19', 'IRS USATAXPYMT 2700', '201004198', false, '50900116530 WEB ID: 3387702000', '', 2, 1, '98acac6d-9859-3e22-acd3-22a2718ce21a', 229, null, false);
insert into Split (id, amount, uuid, envelope_id, transaction_id) values(1307, -835.75, '8e880a91-3813-3542-ab4d-5f254ce66fdd', 275, 1306);
insert into Transaction (DTYPE, id, amount, balance, checkNo, date, description, externalId, initialBalance, memo, ref, status, type, uuid, account_id, transfer_id, custom) values('InternalTransaction', 1308, -64.93, 2575.79, '', '2009-12-14', 'TLF*PHOENIX FLOWER SHO P', '200912148', false, '12/12TLF*PHOEN', '', 2, 1, '64950ec1-1a6a-3a71-95c1-20e5cae207e3', 229, null, false);
insert into Split (id, amount, uuid, envelope_id, transaction_id) values(1309, -64.93, '71ddf2c8-b861-39b3-8195-2e852a6a6275', 283, 1308);
insert into Transaction (DTYPE, id, amount, balance, checkNo, date, description, externalId, initialBalance, memo, ref, status, type, uuid, account_id, transfer_id, custom) values('InternalTransaction', 1310, 22.00, 22.00, '', '2010-04-02', 'Transfer from Available', 'null', false, '', '', 2, 0, '2c1e083e-ab14-38e9-9133-2601ce310468', 228, 880, false);
insert into Split (id, amount, uuid, envelope_id, transaction_id) values(1311, 22.00, '85667617-09ae-354a-bff0-e88d2f02df6c', 238, 1310);
insert into Transaction (DTYPE, id, amount, balance, checkNo, date, description, externalId, initialBalance, memo, ref, status, type, uuid, account_id, transfer_id, custom) values('InternalTransaction', 1312, -347.62, 17136.93, '', '2010-02-16', 'Transfer to Auto Registration', 'null', false, '', '', 0, 1, '7b1e3cd3-0792-31ae-ab28-4c1662732b9a', 229, 2474, false);
insert into Split (id, amount, uuid, envelope_id, transaction_id) values(1313, -347.62, '5c09ff7b-658b-3f1b-8b24-33a8a81d9334', 292, 1312);
insert into Transaction (DTYPE, id, amount, balance, checkNo, date, description, externalId, initialBalance, memo, ref, status, type, uuid, account_id, transfer_id, custom) values('InternalTransaction', 1314, -5.61, 2086.00, '', '2010-02-01', 'BURGER KING #2915 TEMPE', '201002015', false, '01/28BURGER KI', '', 2, 1, '38b691e5-2dae-3740-be43-622066036d59', 229, null, false);
insert into Split (id, amount, uuid, envelope_id, transaction_id) values(1315, -5.61, 'e40e92d1-a5d9-3521-bd57-7d5cee4dc2d3', 246, 1314);
insert into Transaction (DTYPE, id, amount, balance, checkNo, date, description, externalId, initialBalance, memo, ref, status, type, uuid, account_id, transfer_id, custom) values('InternalTransaction', 1316, -395.46, 4567.07, '', '2010-04-16', 'Transfer to GMAC Mortgage', 'null', false, '', '', 2, 1, '5ebcc67d-15c0-35a2-bd14-0840430da21d', 229, 1020, false);
insert into Split (id, amount, uuid, envelope_id, transaction_id) values(1317, -395.46, '32f89de3-7ee2-3f22-90c0-9d8f5288b2fe', 292, 1316);
insert into Transaction (DTYPE, id, amount, balance, checkNo, date, description, externalId, initialBalance, memo, ref, status, type, uuid, account_id, transfer_id, custom) values('InternalTransaction', 1318, -35.51, 3840.26, '', '2010-02-19', 'Transfer to New Car', 'null', false, '', '', 2, 1, '6f39ddbb-a4d3-3d93-ad87-b892fe417f87', 229, 1912, false);
insert into Split (id, amount, uuid, envelope_id, transaction_id) values(1319, -35.51, 'ad516603-88f9-3a87-b9af-8289f4ff7f8b', 292, 1318);
insert into Transaction (DTYPE, id, amount, balance, checkNo, date, description, externalId, initialBalance, memo, ref, status, type, uuid, account_id, transfer_id, custom) values('InternalTransaction', 1320, -19.98, 0.00, '', '2010-04-23', 'Transfer to Spending', 'null', false, '', '', 2, 1, '1b96b754-f914-3369-8445-573df204a714', 228, 728, false);
insert into Split (id, amount, uuid, envelope_id, transaction_id) values(1321, -19.98, 'fc8a3b56-6d1f-3ae9-bc9b-156ed1425c90', 286, 1320);
insert into Transaction (DTYPE, id, amount, balance, checkNo, date, description, externalId, initialBalance, memo, ref, status, type, uuid, account_id, transfer_id, custom) values('InternalTransaction', 1322, -747.31, 4581.86, '', '2009-12-14', 'FLOOR SOURCE LLC PHOENIX', '200912141', false, '12/11FLOOR SOU', '', 2, 1, 'ab12bbe5-77b9-3d3d-a937-b1049dcc61d0', 229, null, false);
insert into Split (id, amount, uuid, envelope_id, transaction_id) values(1323, -747.31, 'b77274f1-6296-364a-b321-fb8eec19e987', 251, 1322);
insert into Transaction (DTYPE, id, amount, balance, checkNo, date, description, externalId, initialBalance, memo, ref, status, type, uuid, account_id, transfer_id, custom) values('InternalTransaction', 1324, 4.89, 811.63, '', '2010-04-13', 'Transfer from Available', 'null', false, '', '', 2, 0, '822dfa1d-f00a-3a2f-b24e-0e9b5089ec99', 229, 2260, false);
insert into Split (id, amount, uuid, envelope_id, transaction_id) values(1325, 4.89, 'be06c244-f838-3386-812c-5c27cca64bc8', 246, 1324);
insert into Transaction (DTYPE, id, amount, balance, checkNo, date, description, externalId, initialBalance, memo, ref, status, type, uuid, account_id, transfer_id, custom) values('InternalTransaction', 1326, -9.98, 1483.02, '', '2010-01-13', 'EASYNEWS HOL* WINTER PAR', '201001131', false, '01/12EASYNEWS', '', 2, 1, '53b0beea-6e78-3d4b-a212-e8cd7dc0576a', 229, null, false);
insert into Split (id, amount, uuid, envelope_id, transaction_id) values(1327, -9.98, '244dbcae-7cb5-399a-afa0-58bd0141bd30', 254, 1326);
insert into Transaction (DTYPE, id, amount, balance, checkNo, date, description, externalId, initialBalance, memo, ref, status, type, uuid, account_id, transfer_id, custom) values('InternalTransaction', 1328, 0.00, 3496.58, '', '2010-04-02', 'Transfer from Available', 'null', false, '', '', 2, 1, 'a601e4b9-33ad-3013-9bf6-44631c11d901', 229, 3063, false);
insert into Split (id, amount, uuid, envelope_id, transaction_id) values(1329, 0.00, '398df429-2b7a-38b6-b59f-5b1b2284a63b', 290, 1328);
insert into Transaction (DTYPE, id, amount, balance, checkNo, date, description, externalId, initialBalance, memo, ref, status, type, uuid, account_id, transfer_id, custom) values('InternalTransaction', 1330, -12.97, 3503.26, '', '2009-12-14', 'SPROUTS FARMERS MKT #7 P099102', '2009121423', false, '12/12SPROUTS F', '', 2, 1, 'fe4b779e-62da-30a9-bb6c-40d3ec6bac65', 229, null, false);
insert into Split (id, amount, uuid, envelope_id, transaction_id) values(1331, -12.97, '1f0c1d20-12aa-3747-8c04-6b7df073afab', 238, 1330);
insert into Transaction (DTYPE, id, amount, balance, checkNo, date, description, externalId, initialBalance, memo, ref, status, type, uuid, account_id, transfer_id, custom) values('InternalTransaction', 1332, -27.19, 5674.83, '', '2010-03-19', 'Transfer to GRAND & CAMELBACK SELF', 'null', false, '', '', 2, 1, '7a7bf907-44de-32b5-bbae-bf5fb51a88c1', 229, 2891, false);
insert into Split (id, amount, uuid, envelope_id, transaction_id) values(1333, -27.19, '356d72f2-b582-37f5-8c4d-7c616c65e7eb', 292, 1332);
insert into Transaction (DTYPE, id, amount, balance, checkNo, date, description, externalId, initialBalance, memo, ref, status, type, uuid, account_id, transfer_id, custom) values('InternalTransaction', 1334, -5.48, 2967.44, '', '2010-01-25', 'TACO BELL 21245 Q53 T', '2010012514', false, '01/21TACO BELL', '', 2, 1, 'ef48cb8e-fd79-3c68-921f-ddd2ac628066', 229, null, false);
insert into Split (id, amount, uuid, envelope_id, transaction_id) values(1335, -5.48, 'c61e7e3e-9585-3622-aec3-d92f8d18d57f', 246, 1334);
insert into Transaction (DTYPE, id, amount, balance, checkNo, date, description, externalId, initialBalance, memo, ref, status, type, uuid, account_id, transfer_id, custom) values('InternalTransaction', 1336, -4.99, 4962.53, '', '2010-04-16', 'Transfer to Easynews.com', 'null', false, '', '', 2, 1, '75c29439-73bb-3dca-ae4f-d215c87cddbf', 229, 2720, false);
insert into Split (id, amount, uuid, envelope_id, transaction_id) values(1337, -4.99, 'fd5e84ac-c4f3-3391-b21b-084410272534', 292, 1336);
insert into Transaction (DTYPE, id, amount, balance, checkNo, date, description, externalId, initialBalance, memo, ref, status, type, uuid, account_id, transfer_id, custom) values('InternalTransaction', 1338, -9.29, 4318.77, '', '2009-11-18', 'SAFEWAY STORE 2716 PHO091275', '200911184', false, '11/18SAFEWAY', '', 2, 1, '49c57a81-cabb-3f45-9d95-e114f80a8f10', 229, null, false);
insert into Split (id, amount, uuid, envelope_id, transaction_id) values(1339, -9.29, '21d20963-3bd6-38bf-b720-8aead9887e45', 238, 1338);
insert into Transaction (DTYPE, id, amount, balance, checkNo, date, description, externalId, initialBalance, memo, ref, status, type, uuid, account_id, transfer_id, custom) values('InternalTransaction', 1340, -15.97, 1261.63, '', '2010-04-08', 'HOUSE OF TRICKS TEMPE AZ', '201004080', false, '04/06HOUSE OF', '', 2, 1, '66951097-9a8d-3ca4-8c5b-91d8b1de6db0', 229, null, false);
insert into Split (id, amount, uuid, envelope_id, transaction_id) values(1341, -15.97, 'e8666f2c-93ae-321e-b40e-2b0fb601bcdd', 264, 1340);
insert into Transaction (DTYPE, id, amount, balance, checkNo, date, description, externalId, initialBalance, memo, ref, status, type, uuid, account_id, transfer_id, custom) values('InternalTransaction', 1342, -24.50, 2426.45, '', '2010-03-19', 'Transfer to Massage Envy', 'null', false, '', '', 2, 1, 'a93f3a6c-c82f-3056-800c-109ebaf91009', 229, 816, false);
insert into Split (id, amount, uuid, envelope_id, transaction_id) values(1343, -24.50, '9a270a8a-fe34-30ff-bf23-68774e050419', 292, 1342);
insert into Transaction (DTYPE, id, amount, balance, checkNo, date, description, externalId, initialBalance, memo, ref, status, type, uuid, account_id, transfer_id, custom) values('InternalTransaction', 1344, -25.79, 4406.37, '', '2009-12-14', 'WALGREENS #4722 PHOENIX', '2009121414', false, '12/11WALGREENS', '', 2, 1, 'cac492b4-c649-3e55-b877-eaa0bedf970f', 229, null, false);
insert into Split (id, amount, uuid, envelope_id, transaction_id) values(1345, -25.79, 'c01f04d8-09d4-3aee-be1f-fddfe520fabe', 277, 1344);
insert into Transaction (DTYPE, id, amount, balance, checkNo, date, description, externalId, initialBalance, memo, ref, status, type, uuid, account_id, transfer_id, custom) values('InternalTransaction', 1346, -13.99, 5133.26, '', '2010-04-16', 'Transfer to Arrowhead Water', 'null', false, '', '', 2, 1, 'a1761970-fb60-3476-b9b8-2fda53ff18c0', 229, 312, false);
insert into Split (id, amount, uuid, envelope_id, transaction_id) values(1347, -13.99, '644da177-1d56-361d-89c0-738a444b32d7', 292, 1346);
insert into Transaction (DTYPE, id, amount, balance, checkNo, date, description, externalId, initialBalance, memo, ref, status, type, uuid, account_id, transfer_id, custom) values('InternalTransaction', 1348, -15.00, 2610.67, '', '2010-01-11', 'BEVERLY HILLS CAR WASH T', '2010011111', false, '01/08BEVERLY H', '', 2, 1, 'ff57e163-8fab-3fca-b9b1-3843e69d3c58', 229, null, false);
insert into Split (id, amount, uuid, envelope_id, transaction_id) values(1349, -15.00, 'b03a0175-b436-3188-89ec-30e22e6818f9', 274, 1348);
insert into Transaction (DTYPE, id, amount, balance, checkNo, date, description, externalId, initialBalance, memo, ref, status, type, uuid, account_id, transfer_id, custom) values('InternalTransaction', 1350, 5.42, 4445.75, '', '2010-03-27', 'Transfer from Available', 'null', false, '', '', 2, 0, 'f31e1aad-8518-36cd-9efd-aa11acfdaf53', 229, 3039, false);
insert into Split (id, amount, uuid, envelope_id, transaction_id) values(1351, 5.42, '7a3f2c1b-7d78-3c9e-be36-6ecc77e96dfa', 246, 1350);
insert into Transaction (DTYPE, id, amount, balance, checkNo, date, description, externalId, initialBalance, memo, ref, status, type, uuid, account_id, transfer_id, custom) values('InternalTransaction', 1352, 200.00, 5078.68, '', '2010-03-19', 'Transfer from Available', 'null', false, '', '', 2, 0, '97b6eaba-9e31-3ffa-80e1-8d4edbcaeae5', 229, 1942, false);
insert into Split (id, amount, uuid, envelope_id, transaction_id) values(1353, 200.00, '9cf7a9d0-4513-3d01-a97f-00304e89f8c4', 252, 1352);
insert into Transaction (DTYPE, id, amount, balance, checkNo, date, description, externalId, initialBalance, memo, ref, status, type, uuid, account_id, transfer_id, custom) values('InternalTransaction', 1354, 24.50, 4908.59, '', '2010-03-05', 'Transfer from Available', 'null', false, '', '', 2, 0, '38341aa7-81ff-3b35-a819-ae362881e60f', 229, 1794, false);
insert into Split (id, amount, uuid, envelope_id, transaction_id) values(1355, 24.50, '4868a104-3371-3c0c-b61d-5da4de75c9dd', 279, 1354);
insert into Transaction (DTYPE, id, amount, balance, checkNo, date, description, externalId, initialBalance, memo, ref, status, type, uuid, account_id, transfer_id, custom) values('InternalTransaction', 1356, -77.65, 2630.64, '', '2010-01-25', 'SPROUTS FARMERS MKT #7 P', '201001255', false, '01/24SPROUTS F Purcha', '', 2, 1, '78cd983f-55b8-353f-b533-ad3f7e2cfc32', 229, null, false);
insert into Split (id, amount, uuid, envelope_id, transaction_id) values(1357, -77.65, '2d91695c-0ff1-325e-9011-6f2534058d42', 238, 1356);
insert into Transaction (DTYPE, id, amount, balance, checkNo, date, description, externalId, initialBalance, memo, ref, status, type, uuid, account_id, transfer_id, custom) values('InternalTransaction', 1358, 48.21, 48.21, '', '2010-03-30', 'Transfer from Available', 'null', false, '', '', 2, 0, 'cdaf2d8b-9dac-3a4d-a8ac-be521085346a', 228, 3061, false);
insert into Split (id, amount, uuid, envelope_id, transaction_id) values(1359, 48.21, '3033ae70-142b-390d-b8ff-1ba903743f0d', 295, 1358);
insert into Transaction (DTYPE, id, amount, balance, checkNo, date, description, externalId, initialBalance, memo, ref, status, type, uuid, account_id, transfer_id, custom) values('InternalTransaction', 1360, 8.54, 8.54, '', '2010-03-09', 'Transfer from Spending', 'null', false, '', '', 2, 0, '955a25ef-1ad3-3900-a1ef-5874f0e4f294', 228, 2847, false);
insert into Split (id, amount, uuid, envelope_id, transaction_id) values(1361, 8.54, 'ab7647ef-1f38-3b3e-b743-390e6fa6e3ca', 246, 1360);
insert into Transaction (DTYPE, id, amount, balance, checkNo, date, description, externalId, initialBalance, memo, ref, status, type, uuid, account_id, transfer_id, custom) values('InternalTransaction', 1362, 24.50, 3759.13, '', '2010-04-16', 'Transfer from Available', 'null', false, '', '', 2, 0, '7512f724-017a-339a-8983-93a342c6d7fd', 229, 1772, false);
insert into Split (id, amount, uuid, envelope_id, transaction_id) values(1363, 24.50, 'ac20072e-a5de-3a4d-abd6-42539b591d37', 279, 1362);
insert into Transaction (DTYPE, id, amount, balance, checkNo, date, description, externalId, initialBalance, memo, ref, status, type, uuid, account_id, transfer_id, custom) values('InternalTransaction', 1364, -210.00, 8809.52, '', '2010-02-16', 'Transfer to Hair Services', 'null', false, '', '', 0, 1, 'e594c782-37fd-3b63-bb5d-9df94231ff7f', 229, 1700, false);
insert into Split (id, amount, uuid, envelope_id, transaction_id) values(1365, -210.00, 'b6b75622-6387-3eaa-b43a-6b6007e3b2b9', 292, 1364);
insert into Transaction (DTYPE, id, amount, balance, checkNo, date, description, externalId, initialBalance, memo, ref, status, type, uuid, account_id, transfer_id, custom) values('InternalTransaction', 1366, -10.00, 5043.26, '', '2010-04-16', 'Transfer to Auto Maintenance', 'null', false, '', '', 2, 1, 'bfac9fa7-428f-3054-a532-c53f1dafab82', 229, 1412, false);
insert into Split (id, amount, uuid, envelope_id, transaction_id) values(1367, -10.00, '8440ae18-16ce-336a-ac4f-e94ef19e0296', 292, 1366);
insert into Transaction (DTYPE, id, amount, balance, checkNo, date, description, externalId, initialBalance, memo, ref, status, type, uuid, account_id, transfer_id, custom) values('InternalTransaction', 1368, -98.45, 1079.96, '', '2010-04-26', 'AUDIO EXPRESS #25 PHOENI400885', '201004269', false, '04/25AUDIO EXP', '', 1, 1, 'bf884eee-e05b-3f15-bd28-fc469f9d9d6a', 229, null, false);
insert into Split (id, amount, uuid, envelope_id, transaction_id) values(1369, -98.45, '2bfcda35-59ba-3147-bcdc-fc606ae54010', 252, 1368);
insert into Transaction (DTYPE, id, amount, balance, checkNo, date, description, externalId, initialBalance, memo, ref, status, type, uuid, account_id, transfer_id, custom) values('InternalTransaction', 1370, -10.27, 5937.29, '', '2010-03-20', 'PEI WEI', '2010032212', false, '', '', 2, 1, 'd18a6988-6e32-3012-a42a-be8ded6d8980', 229, null, false);
insert into Split (id, amount, uuid, envelope_id, transaction_id) values(1371, -10.27, '157342bc-f85a-3186-a6a9-155ec3b5c4b5', 295, 1370);
insert into Transaction (DTYPE, id, amount, balance, checkNo, date, description, externalId, initialBalance, memo, ref, status, type, uuid, account_id, transfer_id, custom) values('InternalTransaction', 1372, 967.50, 15706.90, '', '2010-02-16', 'Transfer from Available', 'null', false, '', '', 0, 0, '163b61fb-52df-381b-a1d2-9290305bd03e', 229, 1214, false);
insert into Split (id, amount, uuid, envelope_id, transaction_id) values(1373, 967.50, '3598e3e1-55a2-3cb5-9383-d9bb219447ab', 258, 1372);
insert into Transaction (DTYPE, id, amount, balance, checkNo, date, description, externalId, initialBalance, memo, ref, status, type, uuid, account_id, transfer_id, custom) values('InternalTransaction', 1374, -5.50, 5007.31, '', '2009-11-27', 'WAL-MART #2113 CHRISTOWN885288', '200911276', false, '11/26WAL-MART', '', 2, 1, '344842d6-57f0-34f1-a858-5bf8552177fc', 229, null, false);
insert into Split (id, amount, uuid, envelope_id, transaction_id) values(1375, -5.50, '92b8499c-cdca-3126-998a-004476a9e906', 239, 1374);
insert into Transaction (DTYPE, id, amount, balance, checkNo, date, description, externalId, initialBalance, memo, ref, status, type, uuid, account_id, transfer_id, custom) values('InternalTransaction', 1376, -2.22, 1281.11, '', '2010-04-26', 'STARBUCKS USA 00096230 T', '201004261', false, '04/23STARBUCKS', '', 1, 1, 'ac520c81-21e2-33be-9ced-5ac8e2655314', 229, null, false);
insert into Split (id, amount, uuid, envelope_id, transaction_id) values(1377, -2.22, 'c0f8cd8d-cf18-3547-a754-54a200c34d73', 270, 1376);
insert into Transaction (DTYPE, id, amount, balance, checkNo, date, description, externalId, initialBalance, memo, ref, status, type, uuid, account_id, transfer_id, custom) values('InternalTransaction', 1378, 10.00, 4247.45, '', '2010-02-19', 'Transfer from Available', 'null', false, '', '', 2, 0, 'dc5240ab-0cbd-36e9-8187-5f023d9280c6', 229, 902, false);
insert into Split (id, amount, uuid, envelope_id, transaction_id) values(1379, 10.00, '4bd8aa38-7e0e-3638-8f5e-cd50463a22f2', 234, 1378);
insert into Transaction (DTYPE, id, amount, balance, checkNo, date, description, externalId, initialBalance, memo, ref, status, type, uuid, account_id, transfer_id, custom) values('InternalTransaction', 1380, -55.47, 3989.71, '', '2010-03-29', 'FRYS FOOD & DRUG 7770 SC', '201003295', false, '03/27FRYS FOOD Purcha', '', 2, 1, '69779d4f-f550-38ff-840b-7f849465d976', 229, null, false);
insert into Split (id, amount, uuid, envelope_id, transaction_id) values(1381, -55.47, 'c437668f-72e2-395e-b36d-ab496b0304dd', 238, 1380);
insert into Transaction (DTYPE, id, amount, balance, checkNo, date, description, externalId, initialBalance, memo, ref, status, type, uuid, account_id, transfer_id, custom) values('InternalTransaction', 1382, -34.93, 15120.96, '', '2010-02-16', 'Transfer to Easynews.com', 'null', false, '', '', 0, 1, 'e798db95-0926-353d-b993-7679969f938c', 229, 2092, false);
insert into Split (id, amount, uuid, envelope_id, transaction_id) values(1383, -34.93, 'f1ff95c8-8a29-3952-bbf1-d1f993743eed', 292, 1382);
insert into Transaction (DTYPE, id, amount, balance, checkNo, date, description, externalId, initialBalance, memo, ref, status, type, uuid, account_id, transfer_id, custom) values('InternalTransaction', 1384, -22.00, null, '', '2010-03-05', 'INGLESIDE ANIMAL HOSPIT', '201003052', false, '03/03INGLESIDE', '', 2, 1, 'ab5086d5-b420-3aac-abb0-7fa98d79fbc7', 229, null, false);
insert into Split (id, amount, uuid, envelope_id, transaction_id) values(1385, -22.00, 'dcd57abd-7b32-35c4-8f4b-d5821dbcf102', 244, 1384);
insert into Transaction (DTYPE, id, amount, balance, checkNo, date, description, externalId, initialBalance, memo, ref, status, type, uuid, account_id, transfer_id, custom) values('InternalTransaction', 1386, -44.00, 0.00, '', '2010-04-22', 'Transfer to Available', 'null', false, '', '', 2, 1, '000a912a-ebce-3feb-962c-92b1af0d6b64', 228, 3067, false);
insert into Split (id, amount, uuid, envelope_id, transaction_id) values(1387, -44.00, 'c497f899-cc92-34d6-bf03-474983e59e6f', 264, 1386);
insert into Transaction (DTYPE, id, amount, balance, checkNo, date, description, externalId, initialBalance, memo, ref, status, type, uuid, account_id, transfer_id, custom) values('InternalTransaction', 1388, -106.88, 0.00, '', '2010-03-30', 'Transfer to Moving', 'null', false, '', '', 2, 1, 'e8236a68-c641-312e-9605-f88905464a91', 228, 2522, false);
insert into Split (id, amount, uuid, envelope_id, transaction_id) values(1389, -106.88, '2517f791-2f62-31a9-92dd-e245e98fabdb', 292, 1388);
insert into Transaction (DTYPE, id, amount, balance, checkNo, date, description, externalId, initialBalance, memo, ref, status, type, uuid, account_id, transfer_id, custom) values('InternalTransaction', 1390, -10.89, 2313.22, '', '2009-12-30', 'FRYS FOOD & DRUG 1815 G 507323', '200912302', false, '12/29FRYS FOOD', '', 2, 1, '58d07474-1ccb-3ccb-988b-f9e7de56ff69', 229, null, false);
insert into Split (id, amount, uuid, envelope_id, transaction_id) values(1391, -10.89, '749a0a2a-beec-3f09-9bc7-4cd5ab363491', 238, 1390);
insert into Transaction (DTYPE, id, amount, balance, checkNo, date, description, externalId, initialBalance, memo, ref, status, type, uuid, account_id, transfer_id, custom) values('InternalTransaction', 1392, -4.98, 2851.96, '', '2010-04-02', 'Transfer to Chase Bank', 'null', false, '', '', 2, 1, '5d74d5b7-9618-3683-9142-783ef3a6ee90', 229, 2022, false);
insert into Split (id, amount, uuid, envelope_id, transaction_id) values(1393, -4.98, '321d9f56-bdd3-3527-8f1b-9d4498f06f88', 292, 1392);
insert into Transaction (DTYPE, id, amount, balance, checkNo, date, description, externalId, initialBalance, memo, ref, status, type, uuid, account_id, transfer_id, custom) values('InternalTransaction', 1394, -21.95, 3238.75, '', '2009-11-02', 'NNT LINDSTROMS FAMI0316 553580', '200911022', false, '11/01NNT LINDS', '', 2, 1, '3691eec0-51c8-3f35-9896-e87f0318a899', 229, null, false);
insert into Split (id, amount, uuid, envelope_id, transaction_id) values(1395, -21.95, 'd10d0c9a-38e8-3015-a2d1-5afee19d3375', 274, 1394);
insert into Transaction (DTYPE, id, amount, balance, checkNo, date, description, externalId, initialBalance, memo, ref, status, type, uuid, account_id, transfer_id, custom) values('InternalTransaction', 1396, -36.89, 706.74, '', '2010-03-02', 'CIRCLE K 01618 PHOENIX A214822', '201003025', false, '03/02CIRCLE K', '', 2, 1, 'c5d32414-4fe7-30b7-bc5a-f356ce4d4e22', 229, null, false);
insert into Split (id, amount, uuid, envelope_id, transaction_id) values(1397, -36.89, 'f07b1fcc-9da2-3e50-8b85-c4bd17fa40bb', 253, 1396);
insert into Transaction (DTYPE, id, amount, balance, checkNo, date, description, externalId, initialBalance, memo, ref, status, type, uuid, account_id, transfer_id, custom) values('InternalTransaction', 1398, -49.00, 1449.29, '', '2010-01-19', 'MASSAGE ENVY 0011 480-83', '201001191', false, '01/16MASSAGE E', '', 2, 1, '229d61c2-7732-3496-acc1-c015a8c02574', 229, null, false);
insert into Split (id, amount, uuid, envelope_id, transaction_id) values(1399, -49.00, '9a4cf624-0f58-3ec5-b345-b9efecb80ac1', 279, 1398);
insert into Transaction (DTYPE, id, amount, balance, checkNo, date, description, externalId, initialBalance, memo, ref, status, type, uuid, account_id, transfer_id, custom) values('InternalTransaction', 1400, -80.16, 2708.83, '', '2009-12-14', 'FRYS FOOD & DRUG 1815 G 824946', '200912146', false, '12/12FRYS FOOD', '', 2, 1, 'b1222262-ac27-3a5b-9f1f-6537470625d7', 229, null, false);
insert into Split (id, amount, uuid, envelope_id, transaction_id) values(1401, -80.16, '20e3795c-611c-3f1d-80d9-fea672045852', 238, 1400);
insert into Transaction (DTYPE, id, amount, balance, checkNo, date, description, externalId, initialBalance, memo, ref, status, type, uuid, account_id, transfer_id, custom) values('InternalTransaction', 1402, -15.45, 0.00, '', '2010-03-03', 'Transfer to Available', 'null', false, '', '', 2, 1, 'dffd4d3f-0c90-357e-9bc6-74849e7f6411', 228, 2036, false);
insert into Split (id, amount, uuid, envelope_id, transaction_id) values(1403, -15.45, '3512051d-91e7-3310-bc07-5501b8ce0844', 252, 1402);
insert into Transaction (DTYPE, id, amount, balance, checkNo, date, description, externalId, initialBalance, memo, ref, status, type, uuid, account_id, transfer_id, custom) values('InternalTransaction', 1404, 3104.82, 3621.45, '', '2009-11-13', 'ATM CHECK DEPOSIT', '200911130', false, '', '', 2, 0, 'c7e5062c-dd44-3bcf-b927-40e22aea7e4a', 229, null, false);
insert into Split (id, amount, uuid, envelope_id, transaction_id) values(1405, 3104.82, '6a4d07bc-c33b-3833-8d4b-a9327fcdd8d0', 292, 1404);
insert into Transaction (DTYPE, id, amount, balance, checkNo, date, description, externalId, initialBalance, memo, ref, status, type, uuid, account_id, transfer_id, custom) values('InternalTransaction', 1406, -14.62, 7311.06, '', '2010-03-20', 'WAL-MART', '2010032210', false, '', '', 2, 1, 'dee6c2d1-324f-358c-8954-70f4053c481b', 229, null, false);
insert into Split (id, amount, uuid, envelope_id, transaction_id) values(1407, -14.62, '0ada6e24-7490-352c-b77c-267e2fecb6d6', 277, 1406);
insert into Transaction (DTYPE, id, amount, balance, checkNo, date, description, externalId, initialBalance, memo, ref, status, type, uuid, account_id, transfer_id, custom) values('InternalTransaction', 1408, -24.85, 4381.52, '', '2009-12-14', 'THE TURF IRISH PUB AND P', '2009121415', false, '12/12THE TURF', '', 2, 1, '68d426fb-85fe-37e0-93ca-05fbbfcc2d6a', 229, null, false);
insert into Split (id, amount, uuid, envelope_id, transaction_id) values(1409, -24.85, '115a89f0-95ed-35ff-8099-5a49d0e6bdcf', 295, 1408);
insert into Transaction (DTYPE, id, amount, balance, checkNo, date, description, externalId, initialBalance, memo, ref, status, type, uuid, account_id, transfer_id, custom) values('InternalTransaction', 1410, -66.27, 4621.22, '', '2009-11-16', 'REI 25 TEMPE TEMPE AZ', '200911162', false, '11/13REI 25 TE', '', 2, 1, 'bfeb0998-cd2c-322b-b100-4d2ba5f87d8b', 229, null, false);
insert into Split (id, amount, uuid, envelope_id, transaction_id) values(1411, -66.27, 'a0146161-cd35-3c60-848a-3f30cfdec84e', 285, 1410);
insert into Transaction (DTYPE, id, amount, balance, checkNo, date, description, externalId, initialBalance, memo, ref, status, type, uuid, account_id, transfer_id, custom) values('InternalTransaction', 1412, 10.00, 3769.13, '', '2010-04-16', 'Transfer from Available', 'null', false, '', '', 2, 0, 'ddd93484-1f1f-31b1-8fb9-8049bd9f01f7', 229, 1366, false);
insert into Split (id, amount, uuid, envelope_id, transaction_id) values(1413, 10.00, '93ecddd3-1d0a-3f37-808f-9ee3d2c6056d', 234, 1412);
insert into Transaction (DTYPE, id, amount, balance, checkNo, date, description, externalId, initialBalance, memo, ref, status, type, uuid, account_id, transfer_id, custom) values('InternalTransaction', 1414, -90.89, 2313.89, '', '2010-03-01', 'FRYS FOOD & DRUG 1815 G 502617', '201003010', false, '02/27FRYS FOOD', '', 2, 1, '953f707e-d136-3c22-acbb-de4b0ec1e380', 229, null, false);
insert into Split (id, amount, uuid, envelope_id, transaction_id) values(1415, -90.89, '645af368-2e37-39f8-a5b5-33fe2ad17830', 238, 1414);
insert into Transaction (DTYPE, id, amount, balance, checkNo, date, description, externalId, initialBalance, memo, ref, status, type, uuid, account_id, transfer_id, custom) values('InternalTransaction', 1416, 115.86, 2763.85, '', '2010-02-16', 'Transfer from Available', 'null', false, '', '', 0, 0, '3b459977-eccb-36bf-b73f-f50730ee9875', 229, 1264, false);
insert into Split (id, amount, uuid, envelope_id, transaction_id) values(1417, 115.86, 'e40122cb-1425-3c58-bea9-aba4dfbc572b', 295, 1416);
insert into Transaction (DTYPE, id, amount, balance, checkNo, date, description, externalId, initialBalance, memo, ref, status, type, uuid, account_id, transfer_id, custom) values('InternalTransaction', 1418, -28.10, 3991.13, '', '2009-12-07', 'WAL-MART #2113 CHRISTOWN483957', '200912074', false, '12/05WAL-MART', '', 2, 1, '1b4632c2-a319-3629-a7f3-97cc75bb7468', 229, null, false);
insert into Split (id, amount, uuid, envelope_id, transaction_id) values(1419, -28.10, '47534f43-fde3-3c6d-9888-e64a33c0a76e', 239, 1418);
insert into Transaction (DTYPE, id, amount, balance, checkNo, date, description, externalId, initialBalance, memo, ref, status, type, uuid, account_id, transfer_id, custom) values('InternalTransaction', 1420, -18.69, 1444.50, '', '2010-01-15', 'PEI WEI #0023 Q02 P', '201001151', false, '01/13PEI WEI #', '', 2, 1, '8945b659-cbb6-3941-a450-d8a4f453bbe3', 229, null, false);
insert into Split (id, amount, uuid, envelope_id, transaction_id) values(1421, -18.69, 'b129fdeb-03ee-3d93-94ce-ff6ff213c263', 295, 1420);
insert into Transaction (DTYPE, id, amount, balance, checkNo, date, description, externalId, initialBalance, memo, ref, status, type, uuid, account_id, transfer_id, custom) values('InternalTransaction', 1422, -1.51, 1229.35, '', '2010-04-12', 'CIRCLE K 02844 TEMPE AZ 355126', '201004121', false, '04/09CIRCLE K', '', 2, 1, '4c4945b8-f416-3570-ae80-f63526188d39', 229, null, false);
insert into Split (id, amount, uuid, envelope_id, transaction_id) values(1423, -1.51, '52e1ce60-9e73-3190-87a2-0fed772dfb3b', 252, 1422);
insert into Transaction (DTYPE, id, amount, balance, checkNo, date, description, externalId, initialBalance, memo, ref, status, type, uuid, account_id, transfer_id, custom) values('InternalTransaction', 1424, -10.00, 5012.81, '', '2009-11-27', 'CIRCLE K 01541 PHOENIX A634392', '200911275', false, '11/26CIRCLE K', '', 2, 1, '6c18b4d0-3d52-35d1-a4c2-c204c8a31b5a', 229, null, false);
insert into Split (id, amount, uuid, envelope_id, transaction_id) values(1425, -10.00, '44dce610-2d0b-3ce0-93d8-17b8ed421202', 252, 1424);
insert into Transaction (DTYPE, id, amount, balance, checkNo, date, description, externalId, initialBalance, memo, ref, status, type, uuid, account_id, transfer_id, custom) values('InternalTransaction', 1426, -10.10, 1190.20, '', '2010-04-26', 'SCHLOTZSKY''S 2114 PHOENI', '201004267', false, '04/25SCHLOTZSK', '', 1, 1, '8b38c86d-540a-3446-93fb-dd78b596e738', 229, null, false);
insert into Split (id, amount, uuid, envelope_id, transaction_id) values(1427, -10.10, '3f6ee925-1e4d-3c06-b773-fa1609569794', 295, 1426);
insert into Transaction (DTYPE, id, amount, balance, checkNo, date, description, externalId, initialBalance, memo, ref, status, type, uuid, account_id, transfer_id, custom) values('InternalTransaction', 1428, -27.98, 3512.55, '', '2010-03-30', 'ARROWHEAD WATER', '201003310', false, '', '', 2, 1, 'e9ec8732-d53e-354a-89d3-3c76c1c02995', 229, null, false);
insert into Split (id, amount, uuid, envelope_id, transaction_id) values(1429, -27.98, '009cc2df-afa0-358f-b858-f9604986326b', 266, 1428);
insert into Transaction (DTYPE, id, amount, balance, checkNo, date, description, externalId, initialBalance, memo, ref, status, type, uuid, account_id, transfer_id, custom) values('InternalTransaction', 1430, -32.19, 3206.56, '', '2009-11-03', 'CHECKING SUPPLIES', '200911030', false, '', '', 2, 1, 'e785b943-a22e-35de-baff-1151ae7bde08', 229, null, false);
insert into Split (id, amount, uuid, envelope_id, transaction_id) values(1431, -32.19, '723b93e6-6bb1-3e4d-8ef1-a8c53ac945c5', 232, 1430);
insert into Transaction (DTYPE, id, amount, balance, checkNo, date, description, externalId, initialBalance, memo, ref, status, type, uuid, account_id, transfer_id, custom) values('InternalTransaction', 1432, -84.20, 4844.36, '', '2010-03-19', 'Transfer to State Farm Insurance', 'null', false, '', '', 2, 1, 'f62df338-817b-32a1-80e8-81585763e6a4', 229, 2280, false);
insert into Split (id, amount, uuid, envelope_id, transaction_id) values(1433, -84.20, '18cdee6b-0cc1-3b3f-9d0a-98bc36605246', 292, 1432);
insert into Transaction (DTYPE, id, amount, balance, checkNo, date, description, externalId, initialBalance, memo, ref, status, type, uuid, account_id, transfer_id, custom) values('InternalTransaction', 1434, 31.89, 31.89, '', '2010-03-03', 'Transfer from Spending', 'null', false, '', '', 2, 0, '22baf3b7-2ed5-38b2-90a0-93e7c2f4da76', 228, 2360, false);
insert into Split (id, amount, uuid, envelope_id, transaction_id) values(1435, 31.89, '02a95427-7f74-326b-8a1c-a8a94b0735f2', 244, 1434);
insert into Transaction (DTYPE, id, amount, balance, checkNo, date, description, externalId, initialBalance, memo, ref, status, type, uuid, account_id, transfer_id, custom) values('InternalTransaction', 1436, -154.67, 4514.69, '', '2010-03-19', 'Transfer to VW Credit', 'null', false, '', '', 2, 1, '5217ca05-6703-3058-bc8e-6e35f4e0a13c', 229, 2995, false);
insert into Split (id, amount, uuid, envelope_id, transaction_id) values(1437, -154.67, 'd8986506-8e2f-3abb-a734-7721ac39422c', 292, 1436);
insert into Transaction (DTYPE, id, amount, balance, checkNo, date, description, externalId, initialBalance, memo, ref, status, type, uuid, account_id, transfer_id, custom) values('InternalTransaction', 1438, -8.93, 1000.84, '', '2009-11-09', 'PEI WEI #0023 Q02 P', '200911097', false, '11/05PEI WEI #', '', 2, 1, '3b863640-1a95-3e7a-8aac-d5ee94e63df8', 229, null, false);
insert into Split (id, amount, uuid, envelope_id, transaction_id) values(1439, -8.93, '7bd3539b-8258-320c-8e12-2a76f729de83', 295, 1438);
insert into Transaction (DTYPE, id, amount, balance, checkNo, date, description, externalId, initialBalance, memo, ref, status, type, uuid, account_id, transfer_id, custom) values('InternalTransaction', 1440, -226.26, 16806.94, '', '2010-02-16', 'Transfer to Clothing', 'null', false, '', '', 0, 1, 'd46b61b5-b303-351c-a2d9-7ce212821884', 229, 2286, false);
insert into Split (id, amount, uuid, envelope_id, transaction_id) values(1441, -226.26, '5a84497d-8dd1-3372-bc70-f236d8855835', 292, 1440);
insert into Transaction (DTYPE, id, amount, balance, checkNo, date, description, externalId, initialBalance, memo, ref, status, type, uuid, account_id, transfer_id, custom) values('InternalTransaction', 1442, -51.93, 17085.00, '', '2010-02-16', 'Transfer to Books', 'null', false, '', '', 0, 1, '687e2b4e-a081-3ab2-b753-c43d1b0daa93', 229, 2736, false);
insert into Split (id, amount, uuid, envelope_id, transaction_id) values(1443, -51.93, 'a67c6c41-e164-39f2-8c33-6ed2d2a17635', 292, 1442);
insert into Transaction (DTYPE, id, amount, balance, checkNo, date, description, externalId, initialBalance, memo, ref, status, type, uuid, account_id, transfer_id, custom) values('InternalTransaction', 1444, 32.25, 1286.38, '', '2010-04-08', 'Transfer from Available', 'null', false, '', '', 2, 0, '4bcd7c5e-5f4b-3b93-a332-917e18691225', 229, 2957, false);
insert into Split (id, amount, uuid, envelope_id, transaction_id) values(1445, 32.25, '97700f06-f069-3686-b6de-21668b25b8a7', 286, 1444);
insert into Transaction (DTYPE, id, amount, balance, checkNo, date, description, externalId, initialBalance, memo, ref, status, type, uuid, account_id, transfer_id, custom) values('InternalTransaction', 1446, -20.28, 1293.16, '', '2009-12-22', 'SYLVIA''S LA CANASTA PHOE', '200912222', false, '12/21SYLVIA''S', '', 2, 1, '5baa235f-e73f-303b-8936-443dc5a8b947', 229, null, false);
insert into Split (id, amount, uuid, envelope_id, transaction_id) values(1447, -20.28, '3460ff37-ef78-368d-962e-5aae53c0526a', 295, 1446);
insert into Transaction (DTYPE, id, amount, balance, checkNo, date, description, externalId, initialBalance, memo, ref, status, type, uuid, account_id, transfer_id, custom) values('InternalTransaction', 1448, -57.49, 0.00, '', '2010-04-21', 'Transfer to Available', 'null', false, '', '', 2, 1, '9da7414c-787f-3f47-9b12-14f3d20e2d46', 228, 2048, false);
insert into Split (id, amount, uuid, envelope_id, transaction_id) values(1449, -57.49, '53ae7294-c1df-31ed-8b01-cb4b36fb363b', 252, 1448);
insert into Transaction (DTYPE, id, amount, balance, checkNo, date, description, externalId, initialBalance, memo, ref, status, type, uuid, account_id, transfer_id, custom) values('InternalTransaction', 1450, -0.22, 0.00, '', '2010-04-02', 'Transfer to Groceries', 'null', false, '', '', 2, 1, '4e82c56d-6346-3bf6-8d3a-e83cf105364d', 228, 534, false);
insert into Split (id, amount, uuid, envelope_id, transaction_id) values(1451, -0.22, '23751918-1655-3679-835c-d893ee8f4cb5', 292, 1450);
insert into Transaction (DTYPE, id, amount, balance, checkNo, date, description, externalId, initialBalance, memo, ref, status, type, uuid, account_id, transfer_id, custom) values('InternalTransaction', 1452, 0.32, 1297.92, '', '2010-04-07', 'Transfer from Available', 'null', false, '', '', 2, 0, 'dab7aaab-3094-3950-880a-65b0827f2d26', 229, 2108, false);
insert into Split (id, amount, uuid, envelope_id, transaction_id) values(1453, 0.32, '3315e034-b9a9-3ea0-b6f4-3a12837faf1c', 253, 1452);
insert into Transaction (DTYPE, id, amount, balance, checkNo, date, description, externalId, initialBalance, memo, ref, status, type, uuid, account_id, transfer_id, custom) values('InternalTransaction', 1454, -83.11, 0.00, '', '2010-03-30', 'Transfer to Credit Cards', 'null', false, '', '', 2, 1, 'be7a53ad-4c0a-3c31-a1de-56f7addc3d89', 228, 2032, false);
insert into Split (id, amount, uuid, envelope_id, transaction_id) values(1455, -83.11, '9140cc7c-6597-3724-bb63-ee81be582e8b', 239, 1454);
insert into Transaction (DTYPE, id, amount, balance, checkNo, date, description, externalId, initialBalance, memo, ref, status, type, uuid, account_id, transfer_id, custom) values('InternalTransaction', 1456, -11.64, 1009.77, '', '2009-11-09', 'FRESH & EASY #1042 PHOEN079758', '200911096', false, '11/08FRESH & E', '', 2, 1, '9a53ad5c-8f09-37a5-89d9-4baf22ff5a91', 229, null, false);
insert into Split (id, amount, uuid, envelope_id, transaction_id) values(1457, -11.64, '4e3bcf2b-86cf-3300-ae8f-d373e79c6030', 238, 1456);
insert into Transaction (DTYPE, id, amount, balance, checkNo, date, description, externalId, initialBalance, memo, ref, status, type, uuid, account_id, transfer_id, custom) values('InternalTransaction', 1458, -395.46, 1135.04, '', '2010-02-16', 'Transfer to GMAC Mortgage', 'null', false, '', '', 0, 1, 'db96325f-5393-3088-88a6-4b5423aced0e', 229, 1172, false);
insert into Split (id, amount, uuid, envelope_id, transaction_id) values(1459, -395.46, 'a1106188-a923-3b07-9255-df7f4344e874', 292, 1458);
insert into Transaction (DTYPE, id, amount, balance, checkNo, date, description, externalId, initialBalance, memo, ref, status, type, uuid, account_id, transfer_id, custom) values('InternalTransaction', 1460, -0.00, 2592.83, '', '2010-04-02', 'Transfer to Medical', 'null', false, '', '', 2, 1, 'b648fd30-9527-3a60-86e9-a9ab3a50d228', 229, 2218, false);
insert into Split (id, amount, uuid, envelope_id, transaction_id) values(1461, -0.00, '19b657c5-75b6-37e7-a011-bf68ca5e8f1a', 292, 1460);
insert into Transaction (DTYPE, id, amount, balance, checkNo, date, description, externalId, initialBalance, memo, ref, status, type, uuid, account_id, transfer_id, custom) values('InternalTransaction', 1462, -7.60, 2984.34, '', '2010-01-25', 'MARY COYLE ICE CREAM PHO', '2010012511', false, '01/23MARY COYL', '', 2, 1, 'aca5d167-6f34-367e-b623-c7d175b8cd09', 229, null, false);
insert into Split (id, amount, uuid, envelope_id, transaction_id) values(1463, -7.60, 'cb68d8f6-6062-3ece-b073-325255a57db1', 295, 1462);
insert into Transaction (DTYPE, id, amount, balance, checkNo, date, description, externalId, initialBalance, memo, ref, status, type, uuid, account_id, transfer_id, custom) values('InternalTransaction', 1464, -4.89, 1224.46, '', '2010-04-12', 'WHATABURGER 221 Q26 T', '201004122', false, '04/10WHATABURG', '', 2, 1, '312a29b8-b609-3cf4-af66-5faea4acfa4c', 229, null, false);
insert into Split (id, amount, uuid, envelope_id, transaction_id) values(1465, -4.89, '61ef4636-78a8-3c2f-83e1-16dc8ab4d628', 246, 1464);
insert into Transaction (DTYPE, id, amount, balance, checkNo, date, description, externalId, initialBalance, memo, ref, status, type, uuid, account_id, transfer_id, custom) values('InternalTransaction', 1466, -54.14, 5472.46, '', '2009-12-11', 'FRYS FOOD & DRUG 1815 G 664875', '200912114', false, '12/10FRYS FOOD', '', 2, 1, 'f372ea10-c9ad-396c-bc74-6a7ba64121e5', 229, null, false);
insert into Split (id, amount, uuid, envelope_id, transaction_id) values(1467, -54.14, '38fdcc1d-a95a-3bd5-a21f-a52224090572', 238, 1466);
insert into Transaction (DTYPE, id, amount, balance, checkNo, date, description, externalId, initialBalance, memo, ref, status, type, uuid, account_id, transfer_id, custom) values('InternalTransaction', 1468, -10.32, 0.00, '', '2010-03-16', 'Transfer to Massage', 'null', false, '', '', 2, 1, '1094998e-ed9d-318d-96b3-c32f25c982ba', 228, 326, false);
insert into Split (id, amount, uuid, envelope_id, transaction_id) values(1469, -10.32, '5e05f716-3fe3-35b4-b333-8227f7398b99', 239, 1468);
insert into Transaction (DTYPE, id, amount, balance, checkNo, date, description, externalId, initialBalance, memo, ref, status, type, uuid, account_id, transfer_id, custom) values('InternalTransaction', 1470, -11.89, 3904.86, '', '2010-03-29', 'CVS 03500 03500--1625 N 102266', '201003299', false, '03/27CVS 03500', '', 2, 1, 'ed189827-46ce-3db9-95b1-959dfe4156e9', 229, null, false);
insert into Split (id, amount, uuid, envelope_id, transaction_id) values(1471, -11.89, '5982a1e4-8531-31a2-85da-ca3c9523c353', 277, 1470);
insert into Transaction (DTYPE, id, amount, balance, checkNo, date, description, externalId, initialBalance, memo, ref, status, type, uuid, account_id, transfer_id, custom) values('InternalTransaction', 1472, 65.00, 2961.67, '', '2010-02-16', 'Transfer from Available', 'null', false, '', '', 0, 0, 'd29a7a0c-9182-37b6-9da0-68d6263bd3f1', 229, 2064, false);
insert into Split (id, amount, uuid, envelope_id, transaction_id) values(1473, 65.00, 'f0e91e56-b1c2-3112-87e8-46eb73b46ad1', 256, 1472);
insert into Transaction (DTYPE, id, amount, balance, checkNo, date, description, externalId, initialBalance, memo, ref, status, type, uuid, account_id, transfer_id, custom) values('InternalTransaction', 1474, -116.58, 2982.33, '', '2010-02-08', 'FRYS FOOD & DRUG 1815 G', '201002084', false, '02/06FRYS FOOD Purcha', '', 2, 1, '1498f1a7-b3ef-361e-bebd-18a693335eba', 229, null, false);
insert into Split (id, amount, uuid, envelope_id, transaction_id) values(1475, -116.58, 'be301014-f24f-3846-a0a8-38b499b936e2', 238, 1474);
insert into Transaction (DTYPE, id, amount, balance, checkNo, date, description, externalId, initialBalance, memo, ref, status, type, uuid, account_id, transfer_id, custom) values('InternalTransaction', 1476, 5.82, 2432.27, '', '2010-03-19', 'Transfer from Available', 'null', false, '', '', 2, 0, '48a9af64-5876-3d3f-b71f-729925bfcc34', 229, 2829, false);
insert into Split (id, amount, uuid, envelope_id, transaction_id) values(1477, 5.82, 'd75eac2b-c250-32a4-868f-b350afa974c0', 246, 1476);
insert into Transaction (DTYPE, id, amount, balance, checkNo, date, description, externalId, initialBalance, memo, ref, status, type, uuid, account_id, transfer_id, custom) values('InternalTransaction', 1478, 74.99, 1553.36, '', '2010-01-14', 'ATM CHECK DEPOSIT', '201001140', false, '', '', 2, 0, '53c4367c-63c6-32e5-a03f-ca3754e8748c', 229, null, false);
insert into Split (id, amount, uuid, envelope_id, transaction_id) values(1479, 74.99, '3c6cc96e-0fa4-3196-a920-19a64735b67b', 292, 1478);
insert into Transaction (DTYPE, id, amount, balance, checkNo, date, description, externalId, initialBalance, memo, ref, status, type, uuid, account_id, transfer_id, custom) values('InternalTransaction', 1480, 6.77, 346.06, '', '2010-04-29', 'Transfer from Available', 'null', false, '', '', 2, 0, '05179a3a-e8f6-39cf-a3e8-6f5aa3cb9077', 229, 3091, false);
insert into Split (id, amount, uuid, envelope_id, transaction_id) values(1481, 6.77, '89f6dba5-8a35-3f42-b287-3a9dce660cfa', 239, 1480);
insert into Transaction (DTYPE, id, amount, balance, checkNo, date, description, externalId, initialBalance, memo, ref, status, type, uuid, account_id, transfer_id, custom) values('InternalTransaction', 1482, -11.12, 2190.69, '', '2010-03-09', 'WENDYS #0602 Q25 P', '201003090', false, '03/07WENDYS #0', '', 2, 1, 'c311fb74-8cb9-33fa-a623-1d362b85b8cf', 229, null, false);
insert into Split (id, amount, uuid, envelope_id, transaction_id) values(1483, -11.12, '94f1b393-f671-31e5-8c8f-f3a6b04bd47d', 246, 1482);
insert into Transaction (DTYPE, id, amount, balance, checkNo, date, description, externalId, initialBalance, memo, ref, status, type, uuid, account_id, transfer_id, custom) values('InternalTransaction', 1484, 898.38, 3860.05, '', '2010-02-16', 'Transfer from Available', 'null', false, '', '', 0, 0, '352fb670-d210-3a23-b05c-54b54af67741', 229, 2564, false);
insert into Split (id, amount, uuid, envelope_id, transaction_id) values(1485, 898.38, 'b626ad1f-79c4-3fd2-8c67-ce8289195d13', 252, 1484);
insert into Transaction (DTYPE, id, amount, balance, checkNo, date, description, externalId, initialBalance, memo, ref, status, type, uuid, account_id, transfer_id, custom) values('InternalTransaction', 1486, -1.31, 1293.81, '', '2010-04-23', 'Transfer to Cox Communications', 'null', false, '', '', 2, 1, '91fe457e-7d55-36d2-8c21-312988248abf', 229, 1150, false);
insert into Split (id, amount, uuid, envelope_id, transaction_id) values(1487, -1.31, 'c811e573-1848-3d3a-849a-147e613bc316', 292, 1486);
insert into Transaction (DTYPE, id, amount, balance, checkNo, date, description, externalId, initialBalance, memo, ref, status, type, uuid, account_id, transfer_id, custom) values('InternalTransaction', 1488, -4.99, 6097.47, '', '2010-03-19', 'Transfer to Easynews.com', 'null', false, '', '', 2, 1, '50a5fe55-2189-3be1-8b46-7e0ee587cd8a', 229, 3041, false);
insert into Split (id, amount, uuid, envelope_id, transaction_id) values(1489, -4.99, 'b5b1f077-744c-360d-a9f4-dd6876ff9023', 292, 1488);
insert into Transaction (DTYPE, id, amount, balance, checkNo, date, description, externalId, initialBalance, memo, ref, status, type, uuid, account_id, transfer_id, custom) values('InternalTransaction', 1490, -90.52, 4225.01, '', '2009-11-19', 'PIHMA COLLEGE AND CL Pho753806', '200911190', false, '11/18PIHMA COL', '', 2, 1, '5f2c39da-0463-3b51-8fca-0b1a7bfc7a89', 229, null, false);
insert into Split (id, amount, uuid, envelope_id, transaction_id) values(1491, -90.52, '3f9791f1-d0f7-381f-8341-04161034415d', 286, 1490);
insert into Transaction (DTYPE, id, amount, balance, checkNo, date, description, externalId, initialBalance, memo, ref, status, type, uuid, account_id, transfer_id, custom) values('InternalTransaction', 1492, -88.19, 0.00, '', '2010-04-29', 'Transfer to Spending', 'null', false, '', '', 2, 1, '40f27609-eea8-3e4f-ba7a-818b8a72554d', 228, 2779, false);
insert into Split (id, amount, uuid, envelope_id, transaction_id) values(1493, -88.19, '41e3d82c-f749-3c4f-b286-162b50d476c1', 238, 1492);
insert into Transaction (DTYPE, id, amount, balance, checkNo, date, description, externalId, initialBalance, memo, ref, status, type, uuid, account_id, transfer_id, custom) values('InternalTransaction', 1494, -2.81, 0.00, '', '2010-04-08', 'Transfer to Spending', 'null', false, '', '', 2, 1, '3fd4da6b-1c5a-3b12-a12c-fd66fa991b28', 228, 1066, false);
insert into Split (id, amount, uuid, envelope_id, transaction_id) values(1495, -2.81, 'a99f0d5a-2e70-350b-a492-964266cf3a04', 239, 1494);
insert into Transaction (DTYPE, id, amount, balance, checkNo, date, description, externalId, initialBalance, memo, ref, status, type, uuid, account_id, transfer_id, custom) values('InternalTransaction', 1496, 664.67, 16499.17, '', '2010-02-16', 'Transfer from Available', 'null', false, '', '', 0, 0, '29cbcd85-0da5-3d08-a728-950f61c48f3a', 229, 1692, false);
insert into Split (id, amount, uuid, envelope_id, transaction_id) values(1497, 664.67, 'e9d04093-8520-3515-a6e7-be0a5586f7c6', 235, 1496);
insert into Transaction (DTYPE, id, amount, balance, checkNo, date, description, externalId, initialBalance, memo, ref, status, type, uuid, account_id, transfer_id, custom) values('InternalTransaction', 1498, 25.00, 4958.59, '', '2010-03-05', 'Transfer from Available', 'null', false, '', '', 2, 0, 'da95e5b6-0437-3e89-b36c-1d257a610bce', 229, 2799, false);
insert into Split (id, amount, uuid, envelope_id, transaction_id) values(1499, 25.00, '6ec6a828-6130-3d80-b5ea-4f43ee4e1630', 277, 1498);
insert into Transaction (DTYPE, id, amount, balance, checkNo, date, description, externalId, initialBalance, memo, ref, status, type, uuid, account_id, transfer_id, custom) values('InternalTransaction', 1500, -16.29, 3542.42, '', '2009-12-14', 'CVS 09347 09347--1525 N 408146', '2009121420', false, '12/11CVS 09347', '', 2, 1, 'c8307124-af36-3f46-a87b-b929c0abb166', 229, null, false);
insert into Split (id, amount, uuid, envelope_id, transaction_id) values(1501, -16.29, '6d41b0ea-a4b7-391b-a3de-5bf5eba7e730', 286, 1500);
insert into Transaction (DTYPE, id, amount, balance, checkNo, date, description, externalId, initialBalance, memo, ref, status, type, uuid, account_id, transfer_id, custom) values('InternalTransaction', 1502, 200.00, 5158.59, '', '2010-03-05', 'Transfer from Available', 'null', false, '', '', 2, 0, '0ab5aff6-5482-3f1a-bd44-c98f74395d72', 229, 1654, false);
insert into Split (id, amount, uuid, envelope_id, transaction_id) values(1503, 200.00, '4c0fc39b-5746-3a3c-9784-1fd9a0265488', 252, 1502);
insert into Transaction (DTYPE, id, amount, balance, checkNo, date, description, externalId, initialBalance, memo, ref, status, type, uuid, account_id, transfer_id, custom) values('InternalTransaction', 1504, 52.70, 4087.77, '', '2009-12-07', 'THE HOME DEPOT #0485 PHO', '200912071', false, '12/03THE HOME', '', 2, 0, 'c973f55b-8642-35bc-bd79-3b35a2af2bd4', 229, null, false);
insert into Split (id, amount, uuid, envelope_id, transaction_id) values(1505, 52.70, 'eb2e3430-4f67-3998-af65-00ef027015af', 239, 1504);
insert into Transaction (DTYPE, id, amount, balance, checkNo, date, description, externalId, initialBalance, memo, ref, status, type, uuid, account_id, transfer_id, custom) values('InternalTransaction', 1506, 80.00, 3849.13, '', '2010-04-16', 'Transfer from Available', 'null', false, '', '', 2, 0, 'f54d6520-6c2d-38ba-a357-27136e6cf055', 229, 2490, false);
insert into Split (id, amount, uuid, envelope_id, transaction_id) values(1507, 80.00, 'f7603558-ac45-391a-a43d-fed29a354da2', 253, 1506);
insert into Transaction (DTYPE, id, amount, balance, checkNo, date, description, externalId, initialBalance, memo, ref, status, type, uuid, account_id, transfer_id, custom) values('InternalTransaction', 1508, -4.31, 3480.97, '', '2009-12-14', 'GAME NIGHTZ PHOENIX AZ 483280', '2009121426', false, '12/12GAME NIGH', '', 2, 1, 'd6238eca-1cc0-3577-907a-abf3683c2217', 229, null, false);
insert into Split (id, amount, uuid, envelope_id, transaction_id) values(1509, -4.31, '1e9df7db-30ab-32f8-ac06-64bd7995f679', 241, 1508);
insert into Transaction (DTYPE, id, amount, balance, checkNo, date, description, externalId, initialBalance, memo, ref, status, type, uuid, account_id, transfer_id, custom) values('InternalTransaction', 1510, -27.98, 851.28, '', '2010-03-04', 'ARROWHEAD WATER 800-950-', '201003040', false, '03/03ARROWHEAD', '', 2, 1, '85149ef5-e5eb-3415-8da8-5cd0762a652b', 229, null, false);
insert into Split (id, amount, uuid, envelope_id, transaction_id) values(1511, -27.98, 'c380da19-ec61-35b7-a4dd-e9dce2b513e4', 266, 1510);
insert into Transaction (DTYPE, id, amount, balance, checkNo, date, description, externalId, initialBalance, memo, ref, status, type, uuid, account_id, transfer_id, custom) values('InternalTransaction', 1512, -108.25, 8701.27, '', '2010-02-16', 'Transfer to Hardware', 'null', false, '', '', 0, 1, '19ab2454-88b0-37c4-9587-a442350427b1', 229, 838, false);
insert into Split (id, amount, uuid, envelope_id, transaction_id) values(1513, -108.25, '43e9268d-9dbf-3b08-852b-f3f69bf1e83c', 292, 1512);
insert into Transaction (DTYPE, id, amount, balance, checkNo, date, description, externalId, initialBalance, memo, ref, status, type, uuid, account_id, transfer_id, custom) values('InternalTransaction', 1514, -40.39, 1135.04, '', '2010-02-16', 'Transfer to Auto Registration', 'null', false, '', '', 0, 1, '75eb75c0-bb1a-35e3-887f-73785c4ce9da', 229, 1884, false);
insert into Split (id, amount, uuid, envelope_id, transaction_id) values(1515, -40.39, 'f6190761-535e-3139-b2ae-853916a28928', 292, 1514);
insert into Transaction (DTYPE, id, amount, balance, checkNo, date, description, externalId, initialBalance, memo, ref, status, type, uuid, account_id, transfer_id, custom) values('InternalTransaction', 1516, -25.00, 4039.06, '', '2010-04-16', 'Transfer to Personal Care', 'null', false, '', '', 2, 1, 'cfc422a8-5639-3b9f-b872-a922b90d0aa7', 229, 1064, false);
insert into Split (id, amount, uuid, envelope_id, transaction_id) values(1517, -25.00, 'a67bb628-44dd-3cb2-9878-7ceb64c1ba71', 292, 1516);
insert into Transaction (DTYPE, id, amount, balance, checkNo, date, description, externalId, initialBalance, memo, ref, status, type, uuid, account_id, transfer_id, custom) values('InternalTransaction', 1518, 29.23, 29.23, '', '2010-03-09', 'Transfer from Spending', 'null', false, '', '', 2, 0, '04781fa8-b997-3446-9fbd-df0dab0c76d9', 228, 918, false);
insert into Split (id, amount, uuid, envelope_id, transaction_id) values(1519, 29.23, '638c2109-23db-3392-b87e-ab7e86957138', 295, 1518);
insert into Transaction (DTYPE, id, amount, balance, checkNo, date, description, externalId, initialBalance, memo, ref, status, type, uuid, account_id, transfer_id, custom) values('InternalTransaction', 1520, -0.77, 0.00, '', '2010-03-30', 'Transfer to Available', 'null', false, '', '', 2, 1, 'cc2a66d8-9a85-39fa-9ac2-e7c1de5abb7e', 228, 1204, false);
insert into Split (id, amount, uuid, envelope_id, transaction_id) values(1521, -0.77, '7dff5bbf-cfaa-31bb-8018-32c978873615', 253, 1520);
insert into Transaction (DTYPE, id, amount, balance, checkNo, date, description, externalId, initialBalance, memo, ref, status, type, uuid, account_id, transfer_id, custom) values('InternalTransaction', 1522, -61.10, 3171.54, '', '2009-11-25', 'SPROUTS FARMERS MKT # 0', '200911250', false, '11/24SPROUTS F Purcha', '', 2, 1, 'fc6f1a2c-e7c1-3cda-a603-e03c4adc9361', 229, null, false);
insert into Split (id, amount, uuid, envelope_id, transaction_id) values(1523, -61.10, '14f7eeff-c637-311a-8496-d120d49b7bb4', 238, 1522);
insert into Transaction (DTYPE, id, amount, balance, checkNo, date, description, externalId, initialBalance, memo, ref, status, type, uuid, account_id, transfer_id, custom) values('InternalTransaction', 1524, 36.00, 3896.05, '', '2010-02-16', 'Transfer from Available', 'null', false, '', '', 0, 0, '688313ca-7325-39cc-81e9-f7448930d63a', 229, 1570, false);
insert into Split (id, amount, uuid, envelope_id, transaction_id) values(1525, 36.00, 'e3f93a57-69ef-3b33-b208-2212e4bbbd07', 253, 1524);
insert into Transaction (DTYPE, id, amount, balance, checkNo, date, description, externalId, initialBalance, memo, ref, status, type, uuid, account_id, transfer_id, custom) values('InternalTransaction', 1526, -0.00, 4039.06, '', '2010-04-16', 'Transfer to Rent', 'null', false, '', '', 2, 1, 'eb0bf10b-6194-3df9-8715-77e37b917186', 229, 2334, false);
insert into Split (id, amount, uuid, envelope_id, transaction_id) values(1527, -0.00, '51f4eb0d-2d8c-38dc-b898-0bfc4e69121d', 292, 1526);
insert into Transaction (DTYPE, id, amount, balance, checkNo, date, description, externalId, initialBalance, memo, ref, status, type, uuid, account_id, transfer_id, custom) values('InternalTransaction', 1528, 2024.23, 4450.68, '', '2010-03-19', 'DIFFUSION GROUP PAYROLL PPD', '201003190', false, '', '', 2, 0, '58eeee3c-7629-363f-95fe-d9b9e4cec90b', 229, null, false);
insert into Split (id, amount, uuid, envelope_id, transaction_id) values(1529, 2024.23, '93ac67fc-c338-345e-bc85-b7b0458a58d5', 292, 1528);
insert into Transaction (DTYPE, id, amount, balance, checkNo, date, description, externalId, initialBalance, memo, ref, status, type, uuid, account_id, transfer_id, custom) values('InternalTransaction', 1530, 1237.32, 17736.49, '', '2010-02-16', 'Transfer from Available', 'null', false, '', '', 0, 0, 'a0c03219-58df-3a51-af31-466380803c3b', 229, 682, false);
insert into Split (id, amount, uuid, envelope_id, transaction_id) values(1531, 1237.32, 'bac4c7c6-a043-35d6-9d56-0a1380773ff6', 267, 1530);
insert into Transaction (DTYPE, id, amount, balance, checkNo, date, description, externalId, initialBalance, memo, ref, status, type, uuid, account_id, transfer_id, custom) values('InternalTransaction', 1532, 10.05, 10.05, '', '2010-03-13', 'Transfer from Spending', 'null', false, '', '', 2, 0, 'a9c6f027-7d4d-3c2c-827d-08fb12cf68a5', 228, 2290, false);
insert into Split (id, amount, uuid, envelope_id, transaction_id) values(1533, 10.05, '0af9e394-01f8-348c-ac10-1692d05955bb', 295, 1532);
insert into Transaction (DTYPE, id, amount, balance, checkNo, date, description, externalId, initialBalance, memo, ref, status, type, uuid, account_id, transfer_id, custom) values('InternalTransaction', 1534, -59.55, 2208.96, '', '2010-02-01', 'CNS ULTA 3 0612 185216', '201002010', false, '01/31CNS ULTA', '', 2, 1, '4e1162ac-3365-3f3b-9c71-e604f452f2b4', 229, null, false);
insert into Split (id, amount, uuid, envelope_id, transaction_id) values(1535, -59.55, '3ba8ce43-864d-3242-b345-0a52973e4fd4', 277, 1534);
insert into Transaction (DTYPE, id, amount, balance, checkNo, date, description, externalId, initialBalance, memo, ref, status, type, uuid, account_id, transfer_id, custom) values('InternalTransaction', 1536, -9.95, 1293.81, '', '2010-04-22', 'Financial Management Software:', '201004225', false, 'Monthly Service Fee', '', 1, 1, '7f082710-9654-3370-a41d-9099e7d1de89', 229, null, false);
insert into Split (id, amount, uuid, envelope_id, transaction_id) values(1537, -9.95, '55ac364e-7916-37b8-92f6-5bb06423e339', 232, 1536);
insert into Transaction (DTYPE, id, amount, balance, checkNo, date, description, externalId, initialBalance, memo, ref, status, type, uuid, account_id, transfer_id, custom) values('InternalTransaction', 1538, -80.00, 1808.62, '260', '2010-01-11', 'Annette Trijillo', '201001116', false, '', '', 2, 1, 'febfc600-6e55-3360-80f5-69f927989897', 229, null, false);
insert into Split (id, amount, uuid, envelope_id, transaction_id) values(1539, -80.00, '1119a6de-7046-3c17-831a-dd27fd5372f6', 261, 1538);
insert into Transaction (DTYPE, id, amount, balance, checkNo, date, description, externalId, initialBalance, memo, ref, status, type, uuid, account_id, transfer_id, custom) values('InternalTransaction', 1540, -37.84, 4492.09, '', '2009-12-14', 'SHELL OIL 57441534302 PH', '2009121411', false, '12/10SHELL OIL', '', 2, 1, 'ba225013-8867-39d7-a2fc-8046a5cb1821', 229, null, false);
insert into Split (id, amount, uuid, envelope_id, transaction_id) values(1541, -37.84, '4141046e-5733-3305-bb6a-b4f911bf4b40', 253, 1540);
insert into Transaction (DTYPE, id, amount, balance, checkNo, date, description, externalId, initialBalance, memo, ref, status, type, uuid, account_id, transfer_id, custom) values('InternalTransaction', 1542, 6.55, 6.55, '', '2010-02-25', 'Transfer from Spending', 'null', false, '', '', 2, 0, 'c2c3dff7-f289-3e96-a466-38e505892cc8', 228, 628, false);
insert into Split (id, amount, uuid, envelope_id, transaction_id) values(1543, 6.55, 'e99c8d36-5c4c-3135-8e12-f8ea51feab12', 246, 1542);
insert into Transaction (DTYPE, id, amount, balance, checkNo, date, description, externalId, initialBalance, memo, ref, status, type, uuid, account_id, transfer_id, custom) values('InternalTransaction', 1544, -63.12, 0.00, '', '2010-03-30', 'Transfer to Available', 'null', false, '', '', 2, 1, '3fcec618-3517-3866-93b3-fd448bd6843d', 228, 2154, false);
insert into Split (id, amount, uuid, envelope_id, transaction_id) values(1545, -63.12, 'b5a3f965-d8ac-3ee8-81d1-5ff0c012b6fc', 264, 1544);
insert into Transaction (DTYPE, id, amount, balance, checkNo, date, description, externalId, initialBalance, memo, ref, status, type, uuid, account_id, transfer_id, custom) values('InternalTransaction', 1546, -20.00, 528.63, '', '2009-11-12', 'CIRCLE K 05405 PHOENIX A946792', '200911123', false, '11/10CIRCLE K', '', 2, 1, '2cda764f-a579-364a-a788-d2995218bf1b', 229, null, false);
insert into Split (id, amount, uuid, envelope_id, transaction_id) values(1547, -20.00, '6188ca7b-b819-3970-a721-125e5b66a183', 252, 1546);
insert into Transaction (DTYPE, id, amount, balance, checkNo, date, description, externalId, initialBalance, memo, ref, status, type, uuid, account_id, transfer_id, custom) values('InternalTransaction', 1548, 40.79, 5749.50, '', '2010-03-05', 'Transfer from Available', 'null', false, '', '', 2, 0, '68a1dc21-06bd-3582-a2d9-2439715d5757', 229, 2510, false);
insert into Split (id, amount, uuid, envelope_id, transaction_id) values(1549, 40.79, 'd7a39795-731c-3e26-b62e-8e4773fe7ddb', 273, 1548);
insert into Transaction (DTYPE, id, amount, balance, checkNo, date, description, externalId, initialBalance, memo, ref, status, type, uuid, account_id, transfer_id, custom) values('InternalTransaction', 1550, 65.73, 405.02, '', '2010-04-29', 'Transfer from Available', 'null', false, '', '', 2, 0, '4fe3392d-4ba1-3ffa-8030-c59a384b9782', 229, 2230, false);
insert into Split (id, amount, uuid, envelope_id, transaction_id) values(1551, 65.73, '9bbbc8cf-70c6-33ee-8865-6a2322e34f63', 264, 1550);
insert into Transaction (DTYPE, id, amount, balance, checkNo, date, description, externalId, initialBalance, memo, ref, status, type, uuid, account_id, transfer_id, custom) values('InternalTransaction', 1552, -3.22, 1201.77, '', '2010-03-17', 'Transfer to Spending', 'null', false, '', '', 2, 1, 'c76d7f4c-9f46-35f3-8c4b-4ab621dffacf', 229, 1730, false);
insert into Split (id, amount, uuid, envelope_id, transaction_id) values(1553, -3.22, '8a034459-86dc-3130-9c39-8450c69bd355', 292, 1552);
insert into Transaction (DTYPE, id, amount, balance, checkNo, date, description, externalId, initialBalance, memo, ref, status, type, uuid, account_id, transfer_id, custom) values('InternalTransaction', 1554, -175.00, 2135.88, '', '2010-01-11', 'IRS USATAXPYMT 2700', '201001113', false, '41100759459 WEB ID: 3387702000', '', 2, 1, '3f3386ca-f363-3dd7-9e78-8213f21e63c9', 229, null, false);
insert into Split (id, amount, uuid, envelope_id, transaction_id) values(1555, -175.00, 'b04ab92b-d22c-3e0f-b5bb-ebe86a759d31', 275, 1554);
insert into Transaction (DTYPE, id, amount, balance, checkNo, date, description, externalId, initialBalance, memo, ref, status, type, uuid, account_id, transfer_id, custom) values('InternalTransaction', 1556, -55.00, 3330.65, '', '2009-11-23', 'CNS IKEA TEMPE 0302 790757', '200911234', false, '11/21CNS IKEA', '', 2, 1, '965ecf42-39db-3f4d-afcb-f5bb2e03fd13', 229, null, false);
insert into Split (id, amount, uuid, envelope_id, transaction_id) values(1557, -55.00, '23f1b9e1-c529-3c0d-bb3a-0956db417793', 235, 1556);
insert into Transaction (DTYPE, id, amount, balance, checkNo, date, description, externalId, initialBalance, memo, ref, status, type, uuid, account_id, transfer_id, custom) values('InternalTransaction', 1558, -309.00, 986.09, '', '2010-02-02', 'Rossmar & Graham RESIDENT', '201002021', false, 'WEB ID: W050568743', '', 2, 1, '1ddf4d3b-d326-3551-b478-99c97d9d32b8', 229, null, false);
insert into Split (id, amount, uuid, envelope_id, transaction_id) values(1559, -309.00, '03a76836-fd25-3574-b635-736eb512eeb3', 258, 1558);
insert into Transaction (DTYPE, id, amount, balance, checkNo, date, description, externalId, initialBalance, memo, ref, status, type, uuid, account_id, transfer_id, custom) values('InternalTransaction', 1560, -1.25, 3560.13, '', '2009-11-23', 'CARTEL COFFEE LAB TEMPE', '2009112310', false, '11/19CARTEL CO', '', 2, 1, '89ccfd67-eb7e-360c-80a2-e805bc8404a4', 229, null, false);
insert into Split (id, amount, uuid, envelope_id, transaction_id) values(1561, -1.25, '4dffcf38-5f2c-3320-a7d9-72fb86a96a89', 270, 1560);
insert into Transaction (DTYPE, id, amount, balance, checkNo, date, description, externalId, initialBalance, memo, ref, status, type, uuid, account_id, transfer_id, custom) values('InternalTransaction', 1562, -150.00, 4417.07, '', '2010-04-16', 'Transfer to Groceries', 'null', false, '', '', 2, 1, 'e6528d9d-d76e-3026-ac9e-373160b46201', 229, 2498, false);
insert into Split (id, amount, uuid, envelope_id, transaction_id) values(1563, -150.00, '289bba9a-1f34-3a4f-95cb-b70984abf404', 292, 1562);
insert into Transaction (DTYPE, id, amount, balance, checkNo, date, description, externalId, initialBalance, memo, ref, status, type, uuid, account_id, transfer_id, custom) values('InternalTransaction', 1564, 77.06, 1212.10, '', '2010-02-16', 'Transfer from Available', 'null', false, '', '', 0, 0, '02447f18-30df-3501-91d1-ea670fead849', 229, 2937, false);
insert into Split (id, amount, uuid, envelope_id, transaction_id) values(1565, 77.06, '8a22c422-807c-3e0b-9edb-cad6810ea1d2', 290, 1564);
insert into Transaction (DTYPE, id, amount, balance, checkNo, date, description, externalId, initialBalance, memo, ref, status, type, uuid, account_id, transfer_id, custom) values('InternalTransaction', 1566, 0.14, 1502.60, '', '2010-04-22', 'TD AMERITRADE ACH MICRO', '201004221', false, 'PPD ID: 4470533629', '', 1, 0, '61786ba8-5229-3b28-948b-ee68eb999396', 229, null, false);
insert into Split (id, amount, uuid, envelope_id, transaction_id) values(1567, 0.14, 'dc2d5ccd-4815-3d36-b4e4-104d08d185b7', 292, 1566);
insert into Transaction (DTYPE, id, amount, balance, checkNo, date, description, externalId, initialBalance, memo, ref, status, type, uuid, account_id, transfer_id, custom) values('InternalTransaction', 1568, -80.00, 2708.29, '263', '2010-01-25', 'Annette Trijillo', '201001254', false, '', '', 2, 1, '2ccd2b8f-f84b-3331-bc8e-ae1c15e0445f', 229, null, false);
insert into Split (id, amount, uuid, envelope_id, transaction_id) values(1569, -80.00, '6352ceec-9001-3c8e-a772-6ce5afe928f0', 261, 1568);
insert into Transaction (DTYPE, id, amount, balance, checkNo, date, description, externalId, initialBalance, memo, ref, status, type, uuid, account_id, transfer_id, custom) values('InternalTransaction', 1570, -36.00, 5447.36, '', '2010-02-16', 'Transfer to Auto Fuel', 'null', false, '', '', 0, 1, '956d7084-c2a1-3cf9-8be1-21bcda7bd24f', 229, 1524, false);
insert into Split (id, amount, uuid, envelope_id, transaction_id) values(1571, -36.00, 'b43cf3dc-c299-3584-ba70-53d2a978bf5f', 292, 1570);
insert into Transaction (DTYPE, id, amount, balance, checkNo, date, description, externalId, initialBalance, memo, ref, status, type, uuid, account_id, transfer_id, custom) values('InternalTransaction', 1572, 7.21, 7.21, '', '2010-04-22', 'Transfer from Spending', 'null', false, '', '', 2, 0, '50461b24-ed5c-35e3-bbec-05a3ebecc577', 228, 2714, false);
insert into Split (id, amount, uuid, envelope_id, transaction_id) values(1573, 7.21, '232cb3e4-aa88-3b71-9778-9fc485baee7a', 292, 1572);
insert into Transaction (DTYPE, id, amount, balance, checkNo, date, description, externalId, initialBalance, memo, ref, status, type, uuid, account_id, transfer_id, custom) values('InternalTransaction', 1574, 16.23, 900.91, '', '2010-03-03', 'PETCO 575 63505754 P', '201003032', false, '03/02PETCO 57', '', 2, 0, '067ca57b-1800-3999-93a9-e3dbd26d4675', 229, null, false);
insert into Split (id, amount, uuid, envelope_id, transaction_id) values(1575, 16.23, 'cc304117-f0db-3233-9b4f-d23761f5c15f', 292, 1574);
insert into Transaction (DTYPE, id, amount, balance, checkNo, date, description, externalId, initialBalance, memo, ref, status, type, uuid, account_id, transfer_id, custom) values('InternalTransaction', 1576, 2024.23, 2674.28, '', '2010-04-16', 'DIFFUSION GROUP PAYROLL PPD', '201004160', false, '', '', 2, 0, '221efbe0-7890-324d-baa0-19f0b01e15ef', 229, null, false);
insert into Split (id, amount, uuid, envelope_id, transaction_id) values(1577, 2024.23, 'f2479797-28c0-3819-9764-59183393f9d2', 264, 1576);
insert into Transaction (DTYPE, id, amount, balance, checkNo, date, description, externalId, initialBalance, memo, ref, status, type, uuid, account_id, transfer_id, custom) values('InternalTransaction', 1578, -30.00, 2007.28, '281', '2009-11-05', 'Annette Trijillo', '200911051', false, '', '', 2, 1, 'b3a00c54-8740-3692-bd4d-ed97681c5d10', 229, null, false);
insert into Split (id, amount, uuid, envelope_id, transaction_id) values(1579, -30.00, '81adb7ac-d362-345b-90ce-07b45f74ba67', 261, 1578);
insert into Transaction (DTYPE, id, amount, balance, checkNo, date, description, externalId, initialBalance, memo, ref, status, type, uuid, account_id, transfer_id, custom) values('InternalTransaction', 1580, -25.00, 783.12, '', '2010-04-13', 'SHADETREE 480-945-8423 A', '201004131', false, '04/12SHADETREE', '', 2, 1, '3a059d49-5c26-3590-b9c2-0147d408de38', 229, null, false);
insert into Split (id, amount, uuid, envelope_id, transaction_id) values(1581, -25.00, 'a45d8c21-a542-3fcd-a787-4ba8874224f8', 264, 1580);
insert into Transaction (DTYPE, id, amount, balance, checkNo, date, description, externalId, initialBalance, memo, ref, status, type, uuid, account_id, transfer_id, custom) values('InternalTransaction', 1582, -90.00, 4283.63, '', '2010-02-16', 'Transfer to Housekeeping', 'null', false, '', '', 0, 1, '246c8936-58c7-3fd2-991f-8187dbd5625d', 229, 1594, false);
insert into Split (id, amount, uuid, envelope_id, transaction_id) values(1583, -90.00, '978fc325-fcd8-3cb8-85e5-94df058dc7a8', 292, 1582);
insert into Transaction (DTYPE, id, amount, balance, checkNo, date, description, externalId, initialBalance, memo, ref, status, type, uuid, account_id, transfer_id, custom) values('InternalTransaction', 1584, 2.11, 1558.34, '', '2010-04-21', 'Transfer from Available', 'null', false, '', '', 2, 0, '2546d806-67c1-31f4-ac2b-81a02040fbe7', 229, 690, false);
insert into Split (id, amount, uuid, envelope_id, transaction_id) values(1585, 2.11, 'e2e126cc-ba20-3769-83ec-7a5c120f6355', 270, 1584);
insert into Transaction (DTYPE, id, amount, balance, checkNo, date, description, externalId, initialBalance, memo, ref, status, type, uuid, account_id, transfer_id, custom) values('InternalTransaction', 1586, 293.94, 293.94, '', '2010-03-30', 'Transfer from Available', 'null', false, '', '', 2, 0, '11f4fd08-6ea4-3651-a359-ccadcec292ae', 228, 1890, false);
insert into Split (id, amount, uuid, envelope_id, transaction_id) values(1587, 293.94, '7e4feae1-46f1-3afe-a5d0-0be1ef6bd80e', 252, 1586);
insert into Transaction (DTYPE, id, amount, balance, checkNo, date, description, externalId, initialBalance, memo, ref, status, type, uuid, account_id, transfer_id, custom) values('InternalTransaction', 1588, 2157.42, 3180.20, '', '2009-12-28', 'DIFFUSION GROUP PAYROLL', '200912280', false, 'PPD ID: 1860988050', '', 2, 0, '6940aa3e-d71e-361d-b326-b664beebfd29', 229, null, false);
insert into Split (id, amount, uuid, envelope_id, transaction_id) values(1589, 2157.42, '79229821-f628-3afd-86d8-5a6c24551e13', 292, 1588);
insert into Transaction (DTYPE, id, amount, balance, checkNo, date, description, externalId, initialBalance, memo, ref, status, type, uuid, account_id, transfer_id, custom) values('InternalTransaction', 1590, -2.16, 2706.32, '', '2010-04-05', 'MCDONALD''S F21717 SCOTTS', '201004053', false, '04/03MCDONALD''', '', 2, 1, 'ff67dba2-63e6-3fce-b8bd-0ccbbf1132bf', 229, null, false);
insert into Split (id, amount, uuid, envelope_id, transaction_id) values(1591, -2.16, '5f1f9f69-7633-31c4-a46d-9677c60bf9d6', 246, 1590);
insert into Transaction (DTYPE, id, amount, balance, checkNo, date, description, externalId, initialBalance, memo, ref, status, type, uuid, account_id, transfer_id, custom) values('InternalTransaction', 1592, -32.19, 5107.43, '', '2010-02-16', 'Transfer to Chase Bank', 'null', false, '', '', 0, 1, '2a7507e4-5007-3f09-97dc-b3532408698c', 229, 2809, false);
insert into Split (id, amount, uuid, envelope_id, transaction_id) values(1593, -32.19, 'b45fa977-21d1-398a-a560-ff302d02af38', 292, 1592);
insert into Transaction (DTYPE, id, amount, balance, checkNo, date, description, externalId, initialBalance, memo, ref, status, type, uuid, account_id, transfer_id, custom) values('InternalTransaction', 1594, 90.00, 3986.05, '', '2010-02-16', 'Transfer from Available', 'null', false, '', '', 0, 0, '26dd94f1-ceba-38fd-a641-8a95d762cb12', 229, 1582, false);
insert into Split (id, amount, uuid, envelope_id, transaction_id) values(1595, 90.00, '76ba36ba-3b9e-3647-b990-5bebda3fcb71', 261, 1594);
insert into Transaction (DTYPE, id, amount, balance, checkNo, date, description, externalId, initialBalance, memo, ref, status, type, uuid, account_id, transfer_id, custom) values('InternalTransaction', 1596, -150.00, 5524.83, '', '2010-03-19', 'Transfer to Groceries', 'null', false, '', '', 2, 1, '6085afa7-47ab-3892-8662-fb8ac47e2406', 229, 2208, false);
insert into Split (id, amount, uuid, envelope_id, transaction_id) values(1597, -150.00, '32e0c098-a759-3d1a-9355-0b087e3a2ce6', 292, 1596);
insert into Transaction (DTYPE, id, amount, balance, checkNo, date, description, externalId, initialBalance, memo, ref, status, type, uuid, account_id, transfer_id, custom) values('InternalTransaction', 1598, -16.22, 4915.78, '', '2010-02-16', 'Transfer to Fast Food', 'null', false, '', '', 0, 1, '747698da-9b10-3b4d-aa1f-daca6c6fd351', 229, 310, false);
insert into Split (id, amount, uuid, envelope_id, transaction_id) values(1599, -16.22, '05336137-318e-3b15-be10-961512d8ee31', 292, 1598);
insert into Transaction (DTYPE, id, amount, balance, checkNo, date, description, externalId, initialBalance, memo, ref, status, type, uuid, account_id, transfer_id, custom) values('InternalTransaction', 1600, -14.95, 16754.58, '', '2010-02-16', 'Transfer to Cox Communications', 'null', false, '', '', 0, 1, '83595b11-f0a0-31dd-bf4a-70569b59b710', 229, 2506, false);
insert into Split (id, amount, uuid, envelope_id, transaction_id) values(1601, -14.95, '96f8f143-3c8a-30b5-bdb5-f9a87662a59b', 292, 1600);
insert into Transaction (DTYPE, id, amount, balance, checkNo, date, description, externalId, initialBalance, memo, ref, status, type, uuid, account_id, transfer_id, custom) values('InternalTransaction', 1602, -20.00, 1277.60, '', '2010-04-07', 'Transfer to Massage', 'null', false, '', '', 2, 1, '4d48de25-0234-327b-b39a-76865a28d2ba', 229, 1128, false);
insert into Split (id, amount, uuid, envelope_id, transaction_id) values(1603, -20.00, '8e3cb5db-a3a5-38e2-9034-2e4f679bd866', 292, 1602);
insert into Transaction (DTYPE, id, amount, balance, checkNo, date, description, externalId, initialBalance, memo, ref, status, type, uuid, account_id, transfer_id, custom) values('InternalTransaction', 1604, -5.39, 0.00, '', '2010-03-18', 'Transfer to Fast Food', 'null', false, '', '', 2, 1, '41e20ff7-ce08-390d-9863-6a46e4eaad70', 228, 2670, false);
insert into Split (id, amount, uuid, envelope_id, transaction_id) values(1605, -5.39, '816cc34b-bc8b-3fe4-8764-8c5f49d19e0f', 292, 1604);
insert into Transaction (DTYPE, id, amount, balance, checkNo, date, description, externalId, initialBalance, memo, ref, status, type, uuid, account_id, transfer_id, custom) values('InternalTransaction', 1606, -790.91, 1447.04, '', '2010-03-02', 'LOANSERVICING AUTOMATIC', '201003020', false, 'PPD ID: 1231694840', '', 2, 1, 'ad8d6037-b6d7-3ce7-860e-862bf95c366a', 229, null, false);
insert into Split (id, amount, uuid, envelope_id, transaction_id) values(1607, -790.91, '0116a93d-dfff-3ff7-b6a0-9cf1744f3bdc', 231, 1606);
insert into Transaction (DTYPE, id, amount, balance, checkNo, date, description, externalId, initialBalance, memo, ref, status, type, uuid, account_id, transfer_id, custom) values('InternalTransaction', 1608, -31.00, 2265.94, '', '2009-11-03', 'HSBC CARD SRVCS Online Pmt 0000', '200911033', false, '00502038685 WEB ID: 2000000510', '', 2, 1, 'd3d778e3-d847-38e8-9041-6740db2e1541', 229, null, false);
insert into Split (id, amount, uuid, envelope_id, transaction_id) values(1609, -31.00, '975592af-454c-38dc-a285-c9f5f5dbdc5d', 242, 1608);
insert into Transaction (DTYPE, id, amount, balance, checkNo, date, description, externalId, initialBalance, memo, ref, status, type, uuid, account_id, transfer_id, custom) values('InternalTransaction', 1610, 21.38, 21.38, '', '2010-03-11', 'Transfer from Unassigned', 'null', false, '', '', 2, 0, '5dedfc1d-4d84-3f60-87b9-7c0df63b06b4', 228, 670, false);
insert into Split (id, amount, uuid, envelope_id, transaction_id) values(1611, 21.38, '6b184d29-5784-36d1-8ccf-0097ef89c8af', 292, 1610);
insert into Transaction (DTYPE, id, amount, balance, checkNo, date, description, externalId, initialBalance, memo, ref, status, type, uuid, account_id, transfer_id, custom) values('InternalTransaction', 1612, -17.27, 2907.73, '', '2009-12-03', 'WALGREEN COMPANY 2000 S 401706', '200912033', false, '12/02WALGREEN', '', 2, 1, '6e5f6b9f-a25b-347a-90ff-0ac04b41ab89', 229, null, false);
insert into Split (id, amount, uuid, envelope_id, transaction_id) values(1613, -17.27, '7b45d030-5912-3b9e-b25b-b480558dbc8a', 277, 1612);
insert into Transaction (DTYPE, id, amount, balance, checkNo, date, description, externalId, initialBalance, memo, ref, status, type, uuid, account_id, transfer_id, custom) values('InternalTransaction', 1614, -42.56, 2473.88, '', '2010-01-08', 'WHOLE FOODS MARK 10810 P611430', '201001082', false, '01/07WHOLE FOO', '', 2, 1, '2ab39ee4-d09e-31b7-b53d-3de240242616', 229, null, false);
insert into Split (id, amount, uuid, envelope_id, transaction_id) values(1615, -42.56, '46f0fd90-cf73-30e8-9283-9810c445bc52', 238, 1614);
insert into Transaction (DTYPE, id, amount, balance, checkNo, date, description, externalId, initialBalance, memo, ref, status, type, uuid, account_id, transfer_id, custom) values('InternalTransaction', 1616, 37.41, 18691.21, '', '2010-02-16', 'Transfer from Available', 'null', false, '', '', 0, 0, '40ca212e-1750-3b5b-9a8b-b8bb9dc4a1a8', 229, 1862, false);
insert into Split (id, amount, uuid, envelope_id, transaction_id) values(1617, 37.41, 'b609a317-cbd1-31a7-b509-441745cd6a28', 241, 1616);
insert into Transaction (DTYPE, id, amount, balance, checkNo, date, description, externalId, initialBalance, memo, ref, status, type, uuid, account_id, transfer_id, custom) values('InternalTransaction', 1618, -11.07, 2253.92, '', '2010-03-01', 'PETCO ANIMAL SUPPLIES PH409408', '201003013', false, '02/28PETCO ANI', '', 2, 1, '3ff4e25b-71cd-32a7-8c8b-008823492005', 229, null, false);
insert into Split (id, amount, uuid, envelope_id, transaction_id) values(1619, -11.07, '9e0d636f-d6eb-3e89-a9df-18bb8c7debb7', 244, 1618);
insert into Transaction (DTYPE, id, amount, balance, checkNo, date, description, externalId, initialBalance, memo, ref, status, type, uuid, account_id, transfer_id, custom) values('InternalTransaction', 1620, -308.00, 1126.05, '251', '2009-11-09', 'Lofts @ Arcadia', '200911091', false, '', '', 2, 1, '44528069-4d54-39a1-bcf4-5de421758ed0', 229, null, false);
insert into Split (id, amount, uuid, envelope_id, transaction_id) values(1621, -308.00, 'f5b07753-30d4-3919-b533-b1574d21a848', 258, 1620);
insert into Transaction (DTYPE, id, amount, balance, checkNo, date, description, externalId, initialBalance, memo, ref, status, type, uuid, account_id, transfer_id, custom) values('InternalTransaction', 1622, -128.86, 1303.76, '', '2010-04-22', 'COX*PHOENIX COMM SER 602', '201004224', false, '04/21COX*PHOEN', '', 1, 1, '3edd71d2-6082-3e8f-a84a-172766984e70', 229, null, false);
insert into Split (id, amount, uuid, envelope_id, transaction_id) values(1623, -128.86, '37a434eb-adbc-3d09-8a14-b1a572f4669a', 268, 1622);
insert into Transaction (DTYPE, id, amount, balance, checkNo, date, description, externalId, initialBalance, memo, ref, status, type, uuid, account_id, transfer_id, custom) values('InternalTransaction', 1624, -65.73, 0.00, '', '2010-04-29', 'Transfer to Available', 'null', false, '', '', 2, 1, '44d5c7c6-db9a-33e7-93f7-2a54c35d1ff1', 228, 2907, false);
insert into Split (id, amount, uuid, envelope_id, transaction_id) values(1625, -65.73, 'e1e3bf47-5118-37d4-9bf9-37ac61c454fe', 264, 1624);
insert into Transaction (DTYPE, id, amount, balance, checkNo, date, description, externalId, initialBalance, memo, ref, status, type, uuid, account_id, transfer_id, custom) values('InternalTransaction', 1626, -3.58, 3477.39, '', '2009-12-14', 'SPROUTS FARMERS MKT #7 P287259', '2009121427', false, '12/11SPROUTS F', '', 2, 1, 'd3622634-cac3-35a3-b9eb-43b99039157f', 229, null, false);
insert into Split (id, amount, uuid, envelope_id, transaction_id) values(1627, -3.58, '4bed6a09-ae48-3e2b-bea0-924908eccd64', 238, 1626);
insert into Transaction (DTYPE, id, amount, balance, checkNo, date, description, externalId, initialBalance, memo, ref, status, type, uuid, account_id, transfer_id, custom) values('InternalTransaction', 1628, -306.49, 17484.55, '', '2010-02-16', 'Transfer to Auto Fuel', 'null', false, '', '', 0, 1, '07632b9c-89c5-3d64-9aa5-4f0eb3a4903c', 229, 600, false);
insert into Split (id, amount, uuid, envelope_id, transaction_id) values(1629, -306.49, '3f69a311-0090-3e17-bb9e-57c417d431cb', 292, 1628);
insert into Transaction (DTYPE, id, amount, balance, checkNo, date, description, externalId, initialBalance, memo, ref, status, type, uuid, account_id, transfer_id, custom) values('InternalTransaction', 1630, -8.95, 0.00, '', '2010-03-12', 'Transfer to Eating Out', 'null', false, '', '', 2, 1, '9a061e3d-ecc0-3010-a2d7-ba389f52dceb', 228, 730, false);
insert into Split (id, amount, uuid, envelope_id, transaction_id) values(1631, -8.95, 'a5649177-c66c-3832-b9ee-65ea2846359b', 252, 1630);
insert into Transaction (DTYPE, id, amount, balance, checkNo, date, description, externalId, initialBalance, memo, ref, status, type, uuid, account_id, transfer_id, custom) values('InternalTransaction', 1632, -15.79, 5693.09, '', '2009-12-11', 'BOSTON MARKET #272 PHOEN', '2009121110', false, '12/10BOSTON MA', '', 2, 1, '8ccdf983-fb88-3085-a13b-07f22c22dfc4', 229, null, false);
insert into Split (id, amount, uuid, envelope_id, transaction_id) values(1633, -15.79, '8e9a0baf-db00-35ca-be1e-3f529a7ab57c', 295, 1632);
insert into Transaction (DTYPE, id, amount, balance, checkNo, date, description, externalId, initialBalance, memo, ref, status, type, uuid, account_id, transfer_id, custom) values('InternalTransaction', 1634, -0.00, 3904.90, '', '2010-02-19', 'Transfer to Massage Envy', 'null', false, '', '', 2, 1, '012c5d80-b05a-3625-a43f-54aab011c335', 229, 1740, false);
insert into Split (id, amount, uuid, envelope_id, transaction_id) values(1635, -0.00, '42a80e3f-7178-3271-bccd-6fa799496ad8', 292, 1634);
insert into Transaction (DTYPE, id, amount, balance, checkNo, date, description, externalId, initialBalance, memo, ref, status, type, uuid, account_id, transfer_id, custom) values('InternalTransaction', 1636, -5.77, 6313.96, '', '2010-03-19', 'Transfer to Auto Registration', 'null', false, '', '', 2, 1, '73deb1cc-11c8-3ed3-9fd1-98a73373d4da', 229, 2925, false);
insert into Split (id, amount, uuid, envelope_id, transaction_id) values(1637, -5.77, '81657995-8a27-3079-ab43-31a88176cc2b', 292, 1636);
insert into Transaction (DTYPE, id, amount, balance, checkNo, date, description, externalId, initialBalance, memo, ref, status, type, uuid, account_id, transfer_id, custom) values('InternalTransaction', 1638, 65.00, 3914.13, '', '2010-04-16', 'Transfer from Available', 'null', false, '', '', 2, 0, '88945b85-2be6-352e-976c-8bc0c9276866', 229, 1302, false);
insert into Split (id, amount, uuid, envelope_id, transaction_id) values(1639, 65.00, '622f2120-843e-394b-b857-373b9af2c351', 268, 1638);
insert into Transaction (DTYPE, id, amount, balance, checkNo, date, description, externalId, initialBalance, memo, ref, status, type, uuid, account_id, transfer_id, custom) values('InternalTransaction', 1640, 0.13, 1563.46, '', '2010-04-20', 'TD AMERITRADE ACH MICRO', '201004201', false, 'PPD ID: 4470533629', '', 2, 0, 'ab6510b5-e3f5-30a1-8c89-ade9b4595872', 229, null, false);
insert into Split (id, amount, uuid, envelope_id, transaction_id) values(1641, 0.13, '1f532e2c-0f3f-3fb7-b4ff-3fc42d9934c0', 252, 1640);
insert into Transaction (DTYPE, id, amount, balance, checkNo, date, description, externalId, initialBalance, memo, ref, status, type, uuid, account_id, transfer_id, custom) values('InternalTransaction', 1642, -9.98, 1154.48, '', '2010-04-12', 'EASYNEWS.COM 866-396-397', '201004124', false, '04/11EASYNEWS.', '', 2, 1, '66022c46-496b-37fa-ae10-705644fd6cf7', 229, null, false);
insert into Split (id, amount, uuid, envelope_id, transaction_id) values(1643, -9.98, '933d0223-34dd-379b-93b3-dfd53d1a54fa', 254, 1642);
insert into Transaction (DTYPE, id, amount, balance, checkNo, date, description, externalId, initialBalance, memo, ref, status, type, uuid, account_id, transfer_id, custom) values('InternalTransaction', 1644, -790.91, 3221.32, '', '2009-12-02', 'LOANSERVICING AUTOMATIC', '200912020', false, 'PPD ID: 1231694840', '', 2, 1, 'be90bad7-2261-3455-aae1-794c4d5769f8', 229, null, false);
insert into Split (id, amount, uuid, envelope_id, transaction_id) values(1645, -790.91, '41510a53-711f-3c0e-9da8-6e77a5940e92', 231, 1644);
insert into Transaction (DTYPE, id, amount, balance, checkNo, date, description, externalId, initialBalance, memo, ref, status, type, uuid, account_id, transfer_id, custom) values('InternalTransaction', 1646, -10.27, 0.00, '', '2010-03-20', 'Transfer to Eating Out', 'null', false, '', '', 2, 1, '087b04d6-0acd-3cff-a390-e2ebf63358e6', 228, 330, false);
insert into Split (id, amount, uuid, envelope_id, transaction_id) values(1647, -10.27, '2a0fc1fd-578c-3400-9392-8dc13556c49c', 292, 1646);
insert into Transaction (DTYPE, id, amount, balance, checkNo, date, description, externalId, initialBalance, memo, ref, status, type, uuid, account_id, transfer_id, custom) values('InternalTransaction', 1648, -20.41, 1383.75, '', '2010-03-15', 'SPROUTS FARMERS MKT #7 P779389', '201003157', false, '03/13SPROUTS F', '', 2, 1, '9559c653-6f8a-3697-82c4-591902186814', 229, null, false);
insert into Split (id, amount, uuid, envelope_id, transaction_id) values(1649, -20.41, '1bd78eef-5863-3e71-ab0d-3f526ed9e2cf', 238, 1648);
insert into Transaction (DTYPE, id, amount, balance, checkNo, date, description, externalId, initialBalance, memo, ref, status, type, uuid, account_id, transfer_id, custom) values('InternalTransaction', 1650, -40.32, 1476.83, '', '2010-04-06', 'SHELL Service Station TE089186', '201004060', false, '04/05SHELL Ser', '', 2, 1, '001b32ef-8744-3aa7-b774-0fad39395d67', 229, null, false);
insert into Split (id, amount, uuid, envelope_id, transaction_id) values(1651, -40.32, '710a980d-879f-3d76-8081-fc2d17adfcd8', 253, 1650);
insert into Transaction (DTYPE, id, amount, balance, checkNo, date, description, externalId, initialBalance, memo, ref, status, type, uuid, account_id, transfer_id, custom) values('InternalTransaction', 1652, 1497.31, 5483.36, '', '2010-02-16', 'Transfer from Available', 'null', false, '', '', 0, 0, '5f1f2705-07b3-371b-832a-01d5c083343d', 229, 3059, false);
insert into Split (id, amount, uuid, envelope_id, transaction_id) values(1653, 1497.31, 'c5619a06-e847-3eb1-af54-74f97f07d69c', 251, 1652);
insert into Transaction (DTYPE, id, amount, balance, checkNo, date, description, externalId, initialBalance, memo, ref, status, type, uuid, account_id, transfer_id, custom) values('InternalTransaction', 1654, -200.00, 4358.85, '', '2010-03-05', 'Transfer to Spending', 'null', false, '', '', 2, 1, 'd5fbcc29-3e50-366b-9aa7-a06a9dcf6021', 229, 1502, false);
insert into Split (id, amount, uuid, envelope_id, transaction_id) values(1655, -200.00, 'bd22eaf4-4184-35bb-bc2f-b31d571663a2', 292, 1654);
insert into Transaction (DTYPE, id, amount, balance, checkNo, date, description, externalId, initialBalance, memo, ref, status, type, uuid, account_id, transfer_id, custom) values('InternalTransaction', 1656, -34.23, 2739.82, '', '2009-12-28', '7-ELEVEN PHOENIX AZ 361209', '200912285', false, '12/277-ELEVEN', '', 2, 1, 'cab78237-5166-3101-9d9d-e64ba704ab7b', 229, null, false);
insert into Split (id, amount, uuid, envelope_id, transaction_id) values(1657, -34.23, '64757723-b454-31f7-8500-8e0eb56671e1', 252, 1656);
insert into Transaction (DTYPE, id, amount, balance, checkNo, date, description, externalId, initialBalance, memo, ref, status, type, uuid, account_id, transfer_id, custom) values('InternalTransaction', 1658, 48.90, 48.90, '', '2010-03-03', 'Transfer from Unassigned', 'null', false, '', '', 2, 0, 'a3c73bf4-d1ab-3a69-bc85-c83c5be5e0a0', 228, 2534, false);
insert into Split (id, amount, uuid, envelope_id, transaction_id) values(1659, 48.90, '3a79ddc6-d2d9-3ef0-a27f-7e7dd55c6338', 247, 1658);
insert into Transaction (DTYPE, id, amount, balance, checkNo, date, description, externalId, initialBalance, memo, ref, status, type, uuid, account_id, transfer_id, custom) values('InternalTransaction', 1660, -160.00, 0.00, '', '2010-03-09', 'Transfer to Available', 'null', false, '', '', 2, 1, 'c17a4f38-bc02-37dc-a1f3-9721c62d9ce4', 228, 2034, false);
insert into Split (id, amount, uuid, envelope_id, transaction_id) values(1661, -160.00, '0202d0b3-3102-363d-80d3-a5f24202adcd', 251, 1660);
insert into Transaction (DTYPE, id, amount, balance, checkNo, date, description, externalId, initialBalance, memo, ref, status, type, uuid, account_id, transfer_id, custom) values('InternalTransaction', 1662, -175.00, 2185.37, '', '2010-04-02', 'Transfer to Taxes', 'null', false, '', '', 2, 1, 'b6022428-5d7c-33c4-9399-82282ef36638', 229, 654, false);
insert into Split (id, amount, uuid, envelope_id, transaction_id) values(1663, -175.00, '5f6806a2-e3e7-36f4-80b1-4d2f2684117e', 292, 1662);
insert into Transaction (DTYPE, id, amount, balance, checkNo, date, description, externalId, initialBalance, memo, ref, status, type, uuid, account_id, transfer_id, custom) values('InternalTransaction', 1664, -21.02, 1227.16, '', '2010-02-15', 'FRYS FOOD & DRUG 1815 G', '201002163', false, '', '', 2, 1, '633f21e3-9915-3a78-9e92-16b51bcdc87d', 229, null, false);
insert into Split (id, amount, uuid, envelope_id, transaction_id) values(1665, -21.02, 'bc75187d-c3f6-31aa-8b20-d02f9ad78783', 238, 1664);
insert into Transaction (DTYPE, id, amount, balance, checkNo, date, description, externalId, initialBalance, memo, ref, status, type, uuid, account_id, transfer_id, custom) values('InternalTransaction', 1666, -49.90, 2471.58, '', '2009-12-29', 'AMERUSA SERVICES 727-467', '200912291', false, '12/27AMERUSA S', '', 2, 1, '7b4b33a4-836c-35b3-a3b0-8cbb65e02e8c', 229, null, false);
insert into Split (id, amount, uuid, envelope_id, transaction_id) values(1667, -49.90, '9b7eb5f9-9acb-36c0-954b-cefc25feef9f', 252, 1666);
insert into Transaction (DTYPE, id, amount, balance, checkNo, date, description, externalId, initialBalance, memo, ref, status, type, uuid, account_id, transfer_id, custom) values('InternalTransaction', 1668, -11.79, 1178.41, '', '2010-04-26', 'OFFICE MAX 9201 N 29TH P638837', '201004268', false, '04/25OFFICE MA', '', 1, 1, '834f2e35-8e31-396a-8a9c-09e81ba6f8ae', 229, null, false);
insert into Split (id, amount, uuid, envelope_id, transaction_id) values(1669, -11.79, '357ced64-dfba-35d7-9259-6b242fd5a0d0', 239, 1668);
insert into Transaction (DTYPE, id, amount, balance, checkNo, date, description, externalId, initialBalance, memo, ref, status, type, uuid, account_id, transfer_id, custom) values('InternalTransaction', 1670, 0.00, 3496.58, '', '2010-04-02', 'Transfer from Available', 'null', false, '', '', 2, 1, 'd9c96aab-12da-3179-9880-b409102bc121', 229, 2264, false);
insert into Split (id, amount, uuid, envelope_id, transaction_id) values(1671, 0.00, 'c764149a-665a-3824-abc0-db19a65df5d4', 231, 1670);
insert into Transaction (DTYPE, id, amount, balance, checkNo, date, description, externalId, initialBalance, memo, ref, status, type, uuid, account_id, transfer_id, custom) values('InternalTransaction', 1672, 20.41, 1358.33, '', '2010-02-16', 'Transfer from Available', 'null', false, '', '', 0, 0, 'de29b486-1d9a-33eb-a898-c4a275199e4e', 229, 770, false);
insert into Split (id, amount, uuid, envelope_id, transaction_id) values(1673, 20.41, '58931cab-798b-37c3-9bcc-384ca69068fb', 252, 1672);
insert into Transaction (DTYPE, id, amount, balance, checkNo, date, description, externalId, initialBalance, memo, ref, status, type, uuid, account_id, transfer_id, custom) values('InternalTransaction', 1674, 395.45, 5087.45, '', '2010-02-19', 'Transfer from Available', 'null', false, '', '', 2, 0, '02ca5b23-5aad-3d1e-8641-cc19279ac2c1', 229, 760, false);
insert into Split (id, amount, uuid, envelope_id, transaction_id) values(1675, 395.45, '83846551-d0f8-3eb8-acfc-4e10276f07de', 231, 1674);
insert into Transaction (DTYPE, id, amount, balance, checkNo, date, description, externalId, initialBalance, memo, ref, status, type, uuid, account_id, transfer_id, custom) values('InternalTransaction', 1676, -894.79, 1874.35, '', '2010-02-09', 'HSBC CARD SRVCS Online Pmt 0000', '201002090', false, '00532787028 WEB ID: 2000000510', '', 2, 1, '036527d8-43cf-3c5b-b797-c648843a6161', 229, null, false);
insert into Split (id, amount, uuid, envelope_id, transaction_id) values(1677, -894.79, 'c7759232-19f5-30b1-b9f1-d49d87b49fbd', 242, 1676);
insert into Transaction (DTYPE, id, amount, balance, checkNo, date, description, externalId, initialBalance, memo, ref, status, type, uuid, account_id, transfer_id, custom) values('InternalTransaction', 1678, 31.68, 31.68, '', '2010-03-16', 'Transfer from Spending', 'null', false, '', '', 2, 0, '10307923-252a-3445-a7f6-2d1a7686d3c6', 228, 1726, false);
insert into Split (id, amount, uuid, envelope_id, transaction_id) values(1679, 31.68, 'e15c904a-a5bf-3c3c-95aa-cc622a159f14', 256, 1678);
insert into Transaction (DTYPE, id, amount, balance, checkNo, date, description, externalId, initialBalance, memo, ref, status, type, uuid, account_id, transfer_id, custom) values('InternalTransaction', 1680, -80.00, 2902.33, '265', '2010-02-08', 'Annette Trijillo', '201002085', false, '', '', 2, 1, 'b1c485c2-3535-3ace-8cae-095b423933de', 229, null, false);
insert into Split (id, amount, uuid, envelope_id, transaction_id) values(1681, -80.00, 'c104b134-020c-3d04-86f0-1c38bb8a0b8c', 261, 1680);
insert into Transaction (DTYPE, id, amount, balance, checkNo, date, description, externalId, initialBalance, memo, ref, status, type, uuid, account_id, transfer_id, custom) values('InternalTransaction', 1682, -5.40, 4394.03, '', '2009-11-30', 'TACO BELL #18300183459 P', '2009113016', false, '11/28TACO BELL', '', 2, 1, '0a887d9e-5317-38be-ab0f-57fc912f9e17', 229, null, false);
insert into Split (id, amount, uuid, envelope_id, transaction_id) values(1683, -5.40, 'b5f49e83-174c-3acc-bd7c-f2c8f46c09b3', 246, 1682);
insert into Transaction (DTYPE, id, amount, balance, checkNo, date, description, externalId, initialBalance, memo, ref, status, type, uuid, account_id, transfer_id, custom) values('InternalTransaction', 1684, -249.99, 3411.84, '', '2010-02-08', 'PAYPAL ECHECK 4E82', '201002081', false, '243V8J9GS WEB ID: PAYPALEC77', '', 2, 1, '22264857-0de5-3ee4-a389-a63a70ff6f3e', 229, null, false);
insert into Split (id, amount, uuid, envelope_id, transaction_id) values(1685, -249.99, 'e1b2a4c0-5a3b-3fe5-94c5-f756720b7a75', 252, 1684);
insert into Transaction (DTYPE, id, amount, balance, checkNo, date, description, externalId, initialBalance, memo, ref, status, type, uuid, account_id, transfer_id, custom) values('InternalTransaction', 1686, -8.03, 975.96, '', '2010-03-03', 'Transfer to Groceries', 'null', false, '', '', 2, 1, '9993f475-fab0-3db4-8c71-9ab8076dc9ed', 229, 832, false);
insert into Split (id, amount, uuid, envelope_id, transaction_id) values(1687, -8.03, '22dd780d-9728-3f32-90e6-2a587cf177d2', 292, 1686);
insert into Transaction (DTYPE, id, amount, balance, checkNo, date, description, externalId, initialBalance, memo, ref, status, type, uuid, account_id, transfer_id, custom) values('InternalTransaction', 1688, -20.00, 3272.48, '', '2009-11-23', 'QT 425 PHOENIX AZ 814196', '200911236', false, '11/22QT 425 PH', '', 2, 1, 'e9f68b7c-4fe3-35e2-8fd4-763ec7d23234', 229, null, false);
insert into Split (id, amount, uuid, envelope_id, transaction_id) values(1689, -20.00, 'dd231182-fdaa-3f00-b616-65b7f36212f5', 252, 1688);
insert into Transaction (DTYPE, id, amount, balance, checkNo, date, description, externalId, initialBalance, memo, ref, status, type, uuid, account_id, transfer_id, custom) values('InternalTransaction', 1690, -16.79, 1375.30, '', '2009-12-21', 'PEI WEI #0023 Q02 P', '200912213', false, '12/19PEI WEI #', '', 2, 1, 'bd22bee0-391a-3512-8b77-6f1868d40331', 229, null, false);
insert into Split (id, amount, uuid, envelope_id, transaction_id) values(1691, -16.79, '02e31b9e-b7b9-34ec-9895-bcd27501913a', 295, 1690);
insert into Transaction (DTYPE, id, amount, balance, checkNo, date, description, externalId, initialBalance, memo, ref, status, type, uuid, account_id, transfer_id, custom) values('InternalTransaction', 1692, -664.67, 13459.71, '', '2010-02-16', 'Transfer to Furniture', 'null', false, '', '', 0, 1, '65da10eb-6d35-3240-a030-3438e7765b62', 229, 1496, false);
insert into Split (id, amount, uuid, envelope_id, transaction_id) values(1693, -664.67, 'f4b352bb-a0b4-333a-8875-ffffb68fbbfc', 292, 1692);
insert into Transaction (DTYPE, id, amount, balance, checkNo, date, description, externalId, initialBalance, memo, ref, status, type, uuid, account_id, transfer_id, custom) values('InternalTransaction', 1694, 38.21, 38.21, '', '2010-04-06', 'Transfer from Unassigned', 'null', false, '', '', 2, 0, 'ba3feb07-f2de-3a45-ba02-ad164f9a1412', 228, 894, false);
insert into Split (id, amount, uuid, envelope_id, transaction_id) values(1695, 38.21, '3001d9f6-80d9-37db-a699-b2a2dd9ea785', 292, 1694);
insert into Transaction (DTYPE, id, amount, balance, checkNo, date, description, externalId, initialBalance, memo, ref, status, type, uuid, account_id, transfer_id, custom) values('InternalTransaction', 1696, -5.13, 363.29, '', '2010-04-28', 'IN-N-OUT BURGERS TEMPE A', '201004280', false, '04/26IN-N-OUT', '', 1, 1, 'f856fd57-d60e-3a02-b792-0c2fb204ef11', 229, null, false);
insert into Split (id, amount, uuid, envelope_id, transaction_id) values(1697, -5.13, 'a262426f-592b-3c66-9a29-1dd7309764fd', 246, 1696);
insert into Transaction (DTYPE, id, amount, balance, checkNo, date, description, externalId, initialBalance, memo, ref, status, type, uuid, account_id, transfer_id, custom) values('InternalTransaction', 1698, 6.44, 6.44, '', '2010-03-17', 'Transfer from Available', 'null', false, '', '', 2, 0, 'dc8b1f28-5839-3acd-a79a-992d8101e7a9', 228, 1814, false);
insert into Split (id, amount, uuid, envelope_id, transaction_id) values(1699, 6.44, '89ef0d5e-8cd8-3a5c-ad0a-5600b8ce1810', 252, 1698);
insert into Transaction (DTYPE, id, amount, balance, checkNo, date, description, externalId, initialBalance, memo, ref, status, type, uuid, account_id, transfer_id, custom) values('InternalTransaction', 1700, 210.00, 19072.88, '', '2010-02-16', 'Transfer from Available', 'null', false, '', '', 0, 0, '91c63561-cf23-3780-a6c6-df97eaa25424', 229, 1364, false);
insert into Split (id, amount, uuid, envelope_id, transaction_id) values(1701, 210.00, '6b691451-3b49-39be-a05d-59da462538f7', 260, 1700);
insert into Transaction (DTYPE, id, amount, balance, checkNo, date, description, externalId, initialBalance, memo, ref, status, type, uuid, account_id, transfer_id, custom) values('InternalTransaction', 1702, -25.00, 2687.78, '', '2009-12-28', 'LDW GROUP 8006017097 MA', '200912287', false, '12/25LDW GROUP', '', 2, 1, '8497594e-9d91-33b5-a0d7-ed57cd386ecf', 229, null, false);
insert into Split (id, amount, uuid, envelope_id, transaction_id) values(1703, -25.00, 'fd2e8929-4648-31b5-9047-b11a3d007670', 247, 1702);
insert into Transaction (DTYPE, id, amount, balance, checkNo, date, description, externalId, initialBalance, memo, ref, status, type, uuid, account_id, transfer_id, custom) values('InternalTransaction', 1704, 120.00, 1255.04, '', '2010-02-16', 'Transfer from Available', 'null', false, '', '', 0, 0, 'c9b70c9d-c884-378a-a138-aec6f9913b5d', 229, 1008, false);
insert into Split (id, amount, uuid, envelope_id, transaction_id) values(1705, 120.00, '454d4754-21eb-3746-880e-daee73a9a444', 253, 1704);
insert into Transaction (DTYPE, id, amount, balance, checkNo, date, description, externalId, initialBalance, memo, ref, status, type, uuid, account_id, transfer_id, custom) values('InternalTransaction', 1706, 21.82, 21.82, '', '2010-03-16', 'Transfer from Spending', 'null', false, '', '', 2, 0, 'd9304c20-5e57-3e26-b082-40aee0f0a9a1', 228, 570, false);
insert into Split (id, amount, uuid, envelope_id, transaction_id) values(1707, 21.82, 'bdaff0dc-7549-32b0-ba8a-ed95ec35f51e', 295, 1706);
insert into Transaction (DTYPE, id, amount, balance, checkNo, date, description, externalId, initialBalance, memo, ref, status, type, uuid, account_id, transfer_id, custom) values('InternalTransaction', 1708, -29.30, 1355.46, '', '2009-10-27', 'IHOP #1507 PHOENIX AZ', '200910271', false, '10/25IHOP #150', '', 2, 1, 'ed00e3f2-d548-3d07-810b-33a08d31b084', 229, null, false);
insert into Split (id, amount, uuid, envelope_id, transaction_id) values(1709, -29.30, '935d987c-3e29-3e21-8b6e-f935a499c41f', 295, 1708);
insert into Transaction (DTYPE, id, amount, balance, checkNo, date, description, externalId, initialBalance, memo, ref, status, type, uuid, account_id, transfer_id, custom) values('InternalTransaction', 1710, -269.17, 4707.38, '', '2010-03-20', 'THE DUMP', '201003225', false, '', '', 2, 1, 'fc10c689-aded-3fdb-aeab-161db24d15d5', 229, null, false);
insert into Split (id, amount, uuid, envelope_id, transaction_id) values(1711, -269.17, 'efed5a54-83fd-3000-a03c-29669b948924', 248, 1710);
insert into Transaction (DTYPE, id, amount, balance, checkNo, date, description, externalId, initialBalance, memo, ref, status, type, uuid, account_id, transfer_id, custom) values('InternalTransaction', 1712, -168.40, 952.64, '', '2010-03-02', 'STATE FARM RO 27 SFPP', '201003022', false, 'PPD ID: 9000307001', '', 2, 1, 'b75a258d-87f7-35b3-a785-74462050a403', 229, null, false);
insert into Split (id, amount, uuid, envelope_id, transaction_id) values(1713, -168.40, 'ce0f5715-8c2b-3709-8977-c4c5c14bdce2', 290, 1712);
insert into Transaction (DTYPE, id, amount, balance, checkNo, date, description, externalId, initialBalance, memo, ref, status, type, uuid, account_id, transfer_id, custom) values('InternalTransaction', 1714, -6.60, 3232.64, '', '2009-11-24', 'SUBWAY 10923 Q16 P', '200911240', false, '11/21SUBWAY 10', '', 2, 1, '72842df9-4865-3958-bbbb-9c405e9c9c57', 229, null, false);
insert into Split (id, amount, uuid, envelope_id, transaction_id) values(1715, -6.60, 'e7f47198-c6a5-3a71-ba44-ce582a0c2e39', 246, 1714);
insert into Transaction (DTYPE, id, amount, balance, checkNo, date, description, externalId, initialBalance, memo, ref, status, type, uuid, account_id, transfer_id, custom) values('InternalTransaction', 1716, -103.40, 1172.95, '', '2010-02-16', 'Transfer to Groceries', 'null', false, '', '', 0, 1, '862b7f97-698e-3a8f-9be6-b7c454eb6e6b', 229, 1952, false);
insert into Split (id, amount, uuid, envelope_id, transaction_id) values(1717, -103.40, '4c521dd7-2077-36a9-8182-e9b22d1c041a', 292, 1716);
insert into Transaction (DTYPE, id, amount, balance, checkNo, date, description, externalId, initialBalance, memo, ref, status, type, uuid, account_id, transfer_id, custom) values('InternalTransaction', 1718, 60.00, 60.00, '', '2010-04-29', 'Transfer from Auto Maintenance', 'null', false, '', '', 2, 0, 'beb8ae54-cb62-3aa8-8cf0-a65549fd0e3b', 228, 1058, false);
insert into Split (id, amount, uuid, envelope_id, transaction_id) values(1719, 60.00, 'c57a62b3-0fc9-3ab7-878a-72eea02f0cce', 245, 1718);
insert into Transaction (DTYPE, id, amount, balance, checkNo, date, description, externalId, initialBalance, memo, ref, status, type, uuid, account_id, transfer_id, custom) values('InternalTransaction', 1720, -20.00, 0.00, '', '2010-03-12', 'Transfer to Lotto', 'null', false, '', '', 2, 1, 'ad65d08b-00b3-349e-af8d-49b0936bbfcb', 228, 2086, false);
insert into Split (id, amount, uuid, envelope_id, transaction_id) values(1721, -20.00, 'a629ba7c-7473-3ef0-976c-b82f10d1c9fc', 292, 1720);
insert into Transaction (DTYPE, id, amount, balance, checkNo, date, description, externalId, initialBalance, memo, ref, status, type, uuid, account_id, transfer_id, custom) values('InternalTransaction', 1722, 128.24, 5206.92, '', '2010-03-19', 'Transfer from Available', 'null', false, '', '', 2, 0, '0e079e12-10b8-3195-82ce-6447d325c319', 229, 2362, false);
insert into Split (id, amount, uuid, envelope_id, transaction_id) values(1723, 128.24, 'e96054b6-0203-30ce-9fcf-3fe7a00c148c', 292, 1722);
insert into Transaction (DTYPE, id, amount, balance, checkNo, date, description, externalId, initialBalance, memo, ref, status, type, uuid, account_id, transfer_id, custom) values('InternalTransaction', 1724, -3.98, 1312.85, '', '2010-04-07', 'BURGER KING #15588 TEMPE', '201004071', false, '04/05BURGER KI', '', 2, 1, '2f26dc3c-fd2f-3ab5-a5a8-95fc9941a985', 229, null, false);
insert into Split (id, amount, uuid, envelope_id, transaction_id) values(1725, -3.98, '5b022e2b-be40-36db-a1b0-bcca4c7720a6', 246, 1724);
insert into Transaction (DTYPE, id, amount, balance, checkNo, date, description, externalId, initialBalance, memo, ref, status, type, uuid, account_id, transfer_id, custom) values('InternalTransaction', 1726, -31.68, 0.00, '', '2010-03-16', 'Transfer to Massage', 'null', false, '', '', 2, 1, '4c2783cc-166f-3ebe-911a-873d807e0853', 228, 1678, false);
insert into Split (id, amount, uuid, envelope_id, transaction_id) values(1727, -31.68, 'ff22ede0-dc21-3e0a-a9a5-d56c0017969e', 252, 1726);
insert into Transaction (DTYPE, id, amount, balance, checkNo, date, description, externalId, initialBalance, memo, ref, status, type, uuid, account_id, transfer_id, custom) values('InternalTransaction', 1728, -21.38, 1792.44, '', '2010-03-11', 'Transfer to Unassigned', 'null', false, '', '', 2, 1, 'd2c2478f-659a-3d1d-8844-6b68ad2ab7bd', 229, 2014, false);
insert into Split (id, amount, uuid, envelope_id, transaction_id) values(1729, -21.38, '72e569ad-715d-38f8-9967-d356caf29b80', 292, 1728);
insert into Transaction (DTYPE, id, amount, balance, checkNo, date, description, externalId, initialBalance, memo, ref, status, type, uuid, account_id, transfer_id, custom) values('InternalTransaction', 1730, 3.22, 1204.99, '', '2010-03-17', 'Transfer from Available', 'null', false, '', '', 2, 0, '9c6ee120-aca8-3dc6-ad96-72d4d4419ee0', 229, 1552, false);
insert into Split (id, amount, uuid, envelope_id, transaction_id) values(1731, 3.22, '728521a0-13f0-3f55-b899-b1a1557952f9', 252, 1730);
insert into Transaction (DTYPE, id, amount, balance, checkNo, date, description, externalId, initialBalance, memo, ref, status, type, uuid, account_id, transfer_id, custom) values('InternalTransaction', 1732, -0.32, 0.00, '', '2010-04-07', 'Transfer to Available', 'null', false, '', '', 2, 1, '518bca52-bec3-3b13-a753-843f7d22e6cc', 228, 3037, false);
insert into Split (id, amount, uuid, envelope_id, transaction_id) values(1733, -0.32, '359995dd-61f9-3991-b22f-a916b0706b30', 252, 1732);
insert into Transaction (DTYPE, id, amount, balance, checkNo, date, description, externalId, initialBalance, memo, ref, status, type, uuid, account_id, transfer_id, custom) values('InternalTransaction', 1734, -10.80, 1335.52, '', '2010-01-19', 'QDOBA 428 11404282 P', '201001196', false, '01/16QDOBA 428', '', 2, 1, '6fbe72e3-b28b-3c2b-914c-025766e12bae', 229, null, false);
insert into Split (id, amount, uuid, envelope_id, transaction_id) values(1735, -10.80, 'd3682f40-4a61-3990-80f6-eb59076de0f1', 295, 1734);
insert into Transaction (DTYPE, id, amount, balance, checkNo, date, description, externalId, initialBalance, memo, ref, status, type, uuid, account_id, transfer_id, custom) values('InternalTransaction', 1736, -14.99, 0.00, '', '2010-04-13', 'Transfer to Available', 'null', false, '', '', 2, 1, '33c1564c-e8c7-370f-9d9b-542af45da842', 228, 462, false);
insert into Split (id, amount, uuid, envelope_id, transaction_id) values(1737, -14.99, '5b0eb463-91ea-3702-a198-88dedcdc7d06', 252, 1736);
insert into Transaction (DTYPE, id, amount, balance, checkNo, date, description, externalId, initialBalance, memo, ref, status, type, uuid, account_id, transfer_id, custom) values('InternalTransaction', 1738, -462.58, 1135.04, '', '2010-02-16', 'Transfer to Verizon Wireless', 'null', false, '', '', 0, 1, 'b5da0ab0-6e18-3195-8c00-b4fefb00fcc2', 229, 514, false);
insert into Split (id, amount, uuid, envelope_id, transaction_id) values(1739, -462.58, 'af80ae07-9fc3-3c8e-be08-399bb6f13280', 292, 1738);
insert into Transaction (DTYPE, id, amount, balance, checkNo, date, description, externalId, initialBalance, memo, ref, status, type, uuid, account_id, transfer_id, custom) values('InternalTransaction', 1740, 0.00, 3127.59, '', '2010-02-19', 'Transfer from Available', 'null', false, '', '', 2, 1, 'e40490a1-6a0d-3251-b4be-636c06808882', 229, 1634, false);
insert into Split (id, amount, uuid, envelope_id, transaction_id) values(1741, 0.00, 'b4344e69-81d0-38e7-b1df-07fbd96ed5ee', 279, 1740);
insert into Transaction (DTYPE, id, amount, balance, checkNo, date, description, externalId, initialBalance, memo, ref, status, type, uuid, account_id, transfer_id, custom) values('InternalTransaction', 1742, -345.10, 4759.14, '', '2010-02-19', 'Transfer to Credit Cards', 'null', false, '', '', 2, 1, 'ef2b261f-03cf-3cb6-b928-53e73e152618', 229, 588, false);
insert into Split (id, amount, uuid, envelope_id, transaction_id) values(1743, -345.10, 'd407937b-1854-3e15-923b-e7a282356544', 292, 1742);
insert into Transaction (DTYPE, id, amount, balance, checkNo, date, description, externalId, initialBalance, memo, ref, status, type, uuid, account_id, transfer_id, custom) values('InternalTransaction', 1744, -18.39, 1237.43, '', '2010-04-26', 'PITA JUNGLE-TEMPE TEMPE', '201004262', false, '04/23PITA JUNG', '', 1, 1, '28f21346-c851-3b8f-a76f-b52554610b3f', 229, null, false);
insert into Split (id, amount, uuid, envelope_id, transaction_id) values(1745, -18.39, '777b040a-2d7c-3f72-81d1-80855fe1f211', 295, 1744);
insert into Transaction (DTYPE, id, amount, balance, checkNo, date, description, externalId, initialBalance, memo, ref, status, type, uuid, account_id, transfer_id, custom) values('InternalTransaction', 1746, -20.00, 2498.77, '274', '2010-04-19', 'Tiffany Lafferty', '201004197', false, '', '', 2, 1, 'e8fb3130-1818-3630-bd78-b56dc0d93452', 229, null, false);
insert into Split (id, amount, uuid, envelope_id, transaction_id) values(1747, -20.00, 'e6a57377-f83d-3261-b8ae-ad6d00a80d5f', 256, 1746);
insert into Transaction (DTYPE, id, amount, balance, checkNo, date, description, externalId, initialBalance, memo, ref, status, type, uuid, account_id, transfer_id, custom) values('InternalTransaction', 1748, -68.11, 2640.72, '', '2009-12-14', 'SPINATOS PIZZA #3 PHOENI', '200912147', false, '12/12SPINATOS', '', 2, 1, '04bbfa22-43c9-34be-b89b-73aaf317f26e', 229, null, false);
insert into Split (id, amount, uuid, envelope_id, transaction_id) values(1749, -68.11, 'd8dbab3c-d575-3404-880c-c978ad72eaaf', 295, 1748);
insert into Transaction (DTYPE, id, amount, balance, checkNo, date, description, externalId, initialBalance, memo, ref, status, type, uuid, account_id, transfer_id, custom) values('InternalTransaction', 1750, 4.05, 1209.04, '', '2010-03-17', 'Transfer from Available', 'null', false, '', '', 2, 0, '0bf7a4cf-3f2e-38c0-aee5-1e6fccfb5bb9', 229, 620, false);
insert into Split (id, amount, uuid, envelope_id, transaction_id) values(1751, 4.05, '60d1633b-66be-3ae3-b69b-295a2c20a05c', 273, 1750);
insert into Transaction (DTYPE, id, amount, balance, checkNo, date, description, externalId, initialBalance, memo, ref, status, type, uuid, account_id, transfer_id, custom) values('InternalTransaction', 1752, 13.21, 13.21, '', '2010-04-06', 'Transfer from Spending', 'null', false, '', '', 2, 0, 'a34ce1b2-b3d9-3d58-bcea-d0f00f1abde4', 228, 2993, false);
insert into Split (id, amount, uuid, envelope_id, transaction_id) values(1753, 13.21, '02eedf21-b22e-3e8c-a6bf-35246d9bf6cc', 295, 1752);
insert into Transaction (DTYPE, id, amount, balance, checkNo, date, description, externalId, initialBalance, memo, ref, status, type, uuid, account_id, transfer_id, custom) values('InternalTransaction', 1754, -60.00, null, '', '2010-03-19', 'ATM WITHDRAWAL 007465', '201003191', false, '03/191970 WEST', '', 2, 1, '7cd44a8c-2c03-37d2-9c9c-ade6d8a44de4', 229, null, false);
insert into Split (id, amount, uuid, envelope_id, transaction_id) values(1755, -60.00, '7489f70d-1c50-3a16-ae70-2a205ce1a953', 276, 1754);
insert into Transaction (DTYPE, id, amount, balance, checkNo, date, description, externalId, initialBalance, memo, ref, status, type, uuid, account_id, transfer_id, custom) values('InternalTransaction', 1756, 160.00, 160.00, '', '2010-03-05', 'Transfer from Household', 'null', false, '', '', 2, 0, '1533b369-7975-319b-9ae3-0902c51006eb', 228, 526, false);
insert into Split (id, amount, uuid, envelope_id, transaction_id) values(1757, 160.00, '91bf93c7-983c-391f-afad-d66328808a74', 251, 1756);
insert into Transaction (DTYPE, id, amount, balance, checkNo, date, description, externalId, initialBalance, memo, ref, status, type, uuid, account_id, transfer_id, custom) values('InternalTransaction', 1758, 163.00, 3301.57, '', '2010-02-19', 'Transfer from Available', 'null', false, '', '', 2, 0, 'b1eda0c2-b96d-3b2e-9b2d-2c2406851623', 229, 2857, false);
insert into Split (id, amount, uuid, envelope_id, transaction_id) values(1759, 163.00, '69aae2b4-f086-30b7-a10c-27d2744d15bb', 258, 1758);
insert into Transaction (DTYPE, id, amount, balance, checkNo, date, description, externalId, initialBalance, memo, ref, status, type, uuid, account_id, transfer_id, custom) values('InternalTransaction', 1760, -8.59, 468.37, '', '2010-04-27', 'Z S GREEK QPS P', '201004271', false, '04/26Z S GREEK', '', 1, 1, '2baeca4e-1571-38e0-9c59-b9954cdc68f5', 229, null, false);
insert into Split (id, amount, uuid, envelope_id, transaction_id) values(1761, -8.59, '330c6571-51ef-3e04-906f-ef8c2c638d2d', 295, 1760);
insert into Transaction (DTYPE, id, amount, balance, checkNo, date, description, externalId, initialBalance, memo, ref, status, type, uuid, account_id, transfer_id, custom) values('InternalTransaction', 1762, -28.26, 4526.87, '', '2009-11-16', 'SYLVIA''S LA CANASTA PHOE', '200911165', false, '11/13SYLVIA''S', '', 2, 1, '5c518b4a-8971-3745-bfc4-50aaea9a13b7', 229, null, false);
insert into Split (id, amount, uuid, envelope_id, transaction_id) values(1763, -28.26, '1fcad22e-fa6a-37be-b356-3b87b40f3b45', 295, 1762);
insert into Transaction (DTYPE, id, amount, balance, checkNo, date, description, externalId, initialBalance, memo, ref, status, type, uuid, account_id, transfer_id, custom) values('InternalTransaction', 1764, -38.40, 1313.44, '', '2009-12-22', 'CHEVRON 00308643 PHOENIX', '200912221', false, '12/20CHEVRON 0', '', 2, 1, 'b45baf78-77b8-3edc-93d2-636666126c48', 229, null, false);
insert into Split (id, amount, uuid, envelope_id, transaction_id) values(1765, -38.40, '78db2b79-06aa-3ff4-bd3c-932c939de62f', 253, 1764);
insert into Transaction (DTYPE, id, amount, balance, checkNo, date, description, externalId, initialBalance, memo, ref, status, type, uuid, account_id, transfer_id, custom) values('InternalTransaction', 1766, -27.98, 2625.67, '', '2010-01-11', 'ARROWHEAD WATER 800-950-', '2010011110', false, '01/08ARROWHEAD', '', 2, 1, '6f86f798-5253-37fa-88b3-c703e75c19bd', 229, null, false);
insert into Split (id, amount, uuid, envelope_id, transaction_id) values(1767, -27.98, '35257d6f-7240-323f-85bc-a64b9a8cf286', 266, 1766);
insert into Transaction (DTYPE, id, amount, balance, checkNo, date, description, externalId, initialBalance, memo, ref, status, type, uuid, account_id, transfer_id, custom) values('InternalTransaction', 1768, 22.00, 22.00, '', '2010-03-09', 'Transfer from Spending', 'null', false, '', '', 2, 0, 'f10af58d-2107-389e-a089-ad913be47df7', 228, 900, false);
insert into Split (id, amount, uuid, envelope_id, transaction_id) values(1769, 22.00, '637b4151-e4ed-319a-b87c-66325f27872b', 244, 1768);
insert into Transaction (DTYPE, id, amount, balance, checkNo, date, description, externalId, initialBalance, memo, ref, status, type, uuid, account_id, transfer_id, custom) values('InternalTransaction', 1770, -13.00, 1290.36, '', '2010-04-08', 'Transfer to Eating Out', 'null', false, '', '', 2, 1, 'e3ef2ab9-02c9-3b5c-8fe4-d27b1e49c5e8', 229, 2336, false);
insert into Split (id, amount, uuid, envelope_id, transaction_id) values(1771, -13.00, '7be01b0e-7d4f-36d0-b397-fa3776373720', 292, 1770);
insert into Transaction (DTYPE, id, amount, balance, checkNo, date, description, externalId, initialBalance, memo, ref, status, type, uuid, account_id, transfer_id, custom) values('InternalTransaction', 1772, -24.50, 4124.57, '', '2010-04-16', 'Transfer to Massage Envy', 'null', false, '', '', 2, 1, 'f680242a-90ee-3c1b-b2d1-4514e1624060', 229, 1362, false);
insert into Split (id, amount, uuid, envelope_id, transaction_id) values(1773, -24.50, '155a8f9a-1eee-3ce6-9059-427a49dc8ecd', 292, 1772);
insert into Transaction (DTYPE, id, amount, balance, checkNo, date, description, externalId, initialBalance, memo, ref, status, type, uuid, account_id, transfer_id, custom) values('InternalTransaction', 1774, -20.00, 763.12, '', '2010-04-13', 'JOE''S BARBER SHOP PHOENI', '201004125', false, '', '', 2, 1, 'c3411b8f-0f46-3fb2-94db-3a3024c6a277', 229, null, false);
insert into Split (id, amount, uuid, envelope_id, transaction_id) values(1775, -20.00, '9bdeaff5-d3d9-354e-8c8a-8ca5e564fe9d', 260, 1774);
insert into Transaction (DTYPE, id, amount, balance, checkNo, date, description, externalId, initialBalance, memo, ref, status, type, uuid, account_id, transfer_id, custom) values('InternalTransaction', 1776, 575.00, 4440.33, '', '2010-03-26', 'Jeff Thompson', '201003261', false, 'PPD ID: PAYPALSD11', '', 2, 0, '2097f844-65df-3534-b106-f067068c4bd8', 229, null, false);
insert into Split (id, amount, uuid, envelope_id, transaction_id) values(1777, 575.00, 'e66267a3-9af5-3da3-a2d1-636bbeda4f3c', 292, 1776);
insert into Transaction (DTYPE, id, amount, balance, checkNo, date, description, externalId, initialBalance, memo, ref, status, type, uuid, account_id, transfer_id, custom) values('InternalTransaction', 1778, -27.98, 570.02, '', '2009-11-12', 'ARROWHEAD WATER 800-950-', '200911121', false, '11/10ARROWHEAD', '', 2, 1, 'eeaff1f0-cfad-327a-8341-6a5d79854c24', 229, null, false);
insert into Split (id, amount, uuid, envelope_id, transaction_id) values(1779, -27.98, 'ea0d286f-ae01-3c56-a3d4-f83ebd84d82d', 266, 1778);
insert into Transaction (DTYPE, id, amount, balance, checkNo, date, description, externalId, initialBalance, memo, ref, status, type, uuid, account_id, transfer_id, custom) values('InternalTransaction', 1780, -157.57, 15155.89, '', '2010-02-16', 'Transfer to Directv', 'null', false, '', '', 0, 1, 'cf0af4c8-35b5-3c9f-8f06-b4ae1416c08f', 229, 924, false);
insert into Split (id, amount, uuid, envelope_id, transaction_id) values(1781, -157.57, '1eb9c39d-37cd-3cf1-b44f-9dc7e9175f51', 292, 1780);
insert into Transaction (DTYPE, id, amount, balance, checkNo, date, description, externalId, initialBalance, memo, ref, status, type, uuid, account_id, transfer_id, custom) values('InternalTransaction', 1782, -3.24, 4315.53, '', '2009-11-18', 'FRYS FOOD & DRUG 1815 G 340744', '200911185', false, '11/17FRYS FOOD', '', 2, 1, '15f6505e-102f-3798-8cb2-1e8044f5a759', 229, null, false);
insert into Split (id, amount, uuid, envelope_id, transaction_id) values(1783, -3.24, '7c283cc0-47f3-3c49-b1ff-de30513ebb50', 238, 1782);
insert into Transaction (DTYPE, id, amount, balance, checkNo, date, description, externalId, initialBalance, memo, ref, status, type, uuid, account_id, transfer_id, custom) values('InternalTransaction', 1784, -0.00, 2532.32, '', '2010-04-02', 'Transfer to Rent', 'null', false, '', '', 2, 1, '6a37f71e-055d-3774-a51d-6ff663bda6f1', 229, 766, false);
insert into Split (id, amount, uuid, envelope_id, transaction_id) values(1785, -0.00, '1bc113a9-1db1-3454-a951-4225ca9319c4', 292, 1784);
insert into Transaction (DTYPE, id, amount, balance, checkNo, date, description, externalId, initialBalance, memo, ref, status, type, uuid, account_id, transfer_id, custom) values('InternalTransaction', 1786, -138.08, 3904.86, '', '2010-03-30', 'Transfer to Groceries', 'null', false, '', '', 2, 1, 'e4a1ca84-f366-37bb-b3b1-eea8be1429fd', 229, 2004, false);
insert into Split (id, amount, uuid, envelope_id, transaction_id) values(1787, -138.08, '60f55df7-4414-386a-a7d5-b03fc840220d', 292, 1786);
insert into Transaction (DTYPE, id, amount, balance, checkNo, date, description, externalId, initialBalance, memo, ref, status, type, uuid, account_id, transfer_id, custom) values('InternalTransaction', 1788, 35.51, 3915.50, '', '2010-03-05', 'Transfer from Available', 'null', false, '', '', 2, 0, 'ed05ab56-8a21-3d9d-b929-5694462cbb99', 229, 2646, false);
insert into Split (id, amount, uuid, envelope_id, transaction_id) values(1789, 35.51, '0404405e-77b2-3008-8e6e-e91c4320052b', 245, 1788);
insert into Transaction (DTYPE, id, amount, balance, checkNo, date, description, externalId, initialBalance, memo, ref, status, type, uuid, account_id, transfer_id, custom) values('InternalTransaction', 1790, 317.51, 4293.58, '', '2010-03-23', 'Transfer from Available', 'null', false, '', '', 2, 0, '44b7996f-590d-364c-9bfe-a99a8dcc3d24', 229, 1996, false);
insert into Split (id, amount, uuid, envelope_id, transaction_id) values(1791, 317.51, '4264ae06-a680-3fd4-a170-2c5904fde20b', 264, 1790);
insert into Transaction (DTYPE, id, amount, balance, checkNo, date, description, externalId, initialBalance, memo, ref, status, type, uuid, account_id, transfer_id, custom) values('InternalTransaction', 1792, -10.81, 3249.81, '', '2009-11-23', 'VERIZON WRLS W3277-01 TU', '200911238', false, '11/19VERIZON W', '', 2, 1, '554fd1c8-ffac-356d-b6a5-55d6897e4cea', 229, null, false);
insert into Split (id, amount, uuid, envelope_id, transaction_id) values(1793, -10.81, '43a68b84-5fa9-36ec-b0b6-4f6a4002d472', 236, 1792);
insert into Transaction (DTYPE, id, amount, balance, checkNo, date, description, externalId, initialBalance, memo, ref, status, type, uuid, account_id, transfer_id, custom) values('InternalTransaction', 1794, -24.50, 4664.44, '', '2010-03-05', 'Transfer to Massage Envy', 'null', false, '', '', 2, 1, '89cca811-d04d-36ca-8324-56505ec34908', 229, 1354, false);
insert into Split (id, amount, uuid, envelope_id, transaction_id) values(1795, -24.50, 'bc91264e-99cd-3fbc-8272-645ff2fc8c1c', 292, 1794);
insert into Transaction (DTYPE, id, amount, balance, checkNo, date, description, externalId, initialBalance, memo, ref, status, type, uuid, account_id, transfer_id, custom) values('InternalTransaction', 1796, -25.00, 1256.11, '', '2010-04-26', 'CVS 09205 09205--802 SO 923192', '2010042610', false, '04/25CVS 09205', '', 1, 1, 'eba312c1-78e7-3356-9676-6bb3e79c1691', 229, null, false);
insert into Split (id, amount, uuid, envelope_id, transaction_id) values(1797, -25.00, 'c03c894f-838c-30c7-b87f-a44a36ad44fa', 286, 1796);
insert into Transaction (DTYPE, id, amount, balance, checkNo, date, description, externalId, initialBalance, memo, ref, status, type, uuid, account_id, transfer_id, custom) values('InternalTransaction', 1798, 0.00, 3496.58, '', '2010-04-02', 'Transfer from Available', 'null', false, '', '', 2, 1, 'a1cc48c8-620c-3e0c-873e-a65e02e4782d', 229, 784, false);
insert into Split (id, amount, uuid, envelope_id, transaction_id) values(1799, 0.00, '9a30fcc2-56fb-3468-aa0d-5c9ef8e8b59c', 274, 1798);
insert into Transaction (DTYPE, id, amount, balance, checkNo, date, description, externalId, initialBalance, memo, ref, status, type, uuid, account_id, transfer_id, custom) values('InternalTransaction', 1800, -468.70, 8232.57, '', '2010-02-16', 'Transfer to Household', 'null', false, '', '', 0, 1, '149e3756-f275-360f-bba5-76e8ca3d7f14', 229, 1052, false);
insert into Split (id, amount, uuid, envelope_id, transaction_id) values(1801, -468.70, '6d91838e-2b8f-3bf2-a24b-c2e7037c614c', 292, 1800);
insert into Transaction (DTYPE, id, amount, balance, checkNo, date, description, externalId, initialBalance, memo, ref, status, type, uuid, account_id, transfer_id, custom) values('InternalTransaction', 1802, -14.50, 3873.58, '', '2010-03-25', 'CARTEL COFFEE LAB TEMPE', '201003251', false, '03/23CARTEL CO', '', 2, 1, 'b36e2a20-0906-37a8-9ea9-dea3505d427e', 229, null, false);
insert into Split (id, amount, uuid, envelope_id, transaction_id) values(1803, -14.50, 'ed54645a-e6ac-3125-8a77-0c1a2b16a2d0', 270, 1802);
insert into Transaction (DTYPE, id, amount, balance, checkNo, date, description, externalId, initialBalance, memo, ref, status, type, uuid, account_id, transfer_id, custom) values('InternalTransaction', 1804, -39.35, 1084.00, '', '2009-11-09', 'CHEVRON 00093808 PHOENIX', '200911092', false, '11/08CHEVRON 0', '', 2, 1, '1d90ca2e-a766-3f13-be31-4e4372b23548', 229, null, false);
insert into Split (id, amount, uuid, envelope_id, transaction_id) values(1805, -39.35, '0ae91188-1790-3051-844c-401080f5821c', 253, 1804);
insert into Transaction (DTYPE, id, amount, balance, checkNo, date, description, externalId, initialBalance, memo, ref, status, type, uuid, account_id, transfer_id, custom) values('InternalTransaction', 1806, -4.65, 1478.37, '', '2010-01-13', 'FRYS FOOD & DRUG 1815 G 216588', '201001132', false, '01/12FRYS FOOD', '', 2, 1, '0740dbd7-b0e4-38f8-8f67-fd471ab95e24', 229, null, false);
insert into Split (id, amount, uuid, envelope_id, transaction_id) values(1807, -4.65, '41911fce-1bd6-3dab-96d2-bc1f35a5aef9', 238, 1806);
insert into Transaction (DTYPE, id, amount, balance, checkNo, date, description, externalId, initialBalance, memo, ref, status, type, uuid, account_id, transfer_id, custom) values('InternalTransaction', 1808, 8.11, 819.74, '', '2010-04-13', 'Transfer from Available', 'null', false, '', '', 2, 0, '820c4b89-90a1-3b28-ad19-fa54be1a8b78', 229, 2326, false);
insert into Split (id, amount, uuid, envelope_id, transaction_id) values(1809, 8.11, '43ca5706-c57a-3b76-9d8b-fe9436a983f0', 295, 1808);
insert into Transaction (DTYPE, id, amount, balance, checkNo, date, description, externalId, initialBalance, memo, ref, status, type, uuid, account_id, transfer_id, custom) values('InternalTransaction', 1810, -154.67, 3192.59, '', '2010-02-19', 'Transfer to VW Credit', 'null', false, '', '', 2, 1, 'c50a4b6a-15df-367f-abc6-50ba8a57025d', 229, 2618, false);
insert into Split (id, amount, uuid, envelope_id, transaction_id) values(1811, -154.67, 'bb12c658-1620-309d-a801-cbba65015737', 292, 1810);
insert into Transaction (DTYPE, id, amount, balance, checkNo, date, description, externalId, initialBalance, memo, ref, status, type, uuid, account_id, transfer_id, custom) values('InternalTransaction', 1812, 5.77, 3921.27, '', '2010-03-05', 'Transfer from Available', 'null', false, '', '', 2, 0, '936fa3c3-7d6e-3166-a8be-4613e2b80153', 229, 390, false);
insert into Split (id, amount, uuid, envelope_id, transaction_id) values(1813, 5.77, 'a20b115d-95ab-3477-a5b3-0e0416aaf1bd', 293, 1812);
insert into Transaction (DTYPE, id, amount, balance, checkNo, date, description, externalId, initialBalance, memo, ref, status, type, uuid, account_id, transfer_id, custom) values('InternalTransaction', 1814, -6.44, 0.00, '', '2010-03-17', 'Transfer to Spending', 'null', false, '', '', 2, 1, 'a96625b6-d5cd-320a-9265-957f9707c2d6', 228, 1698, false);
insert into Split (id, amount, uuid, envelope_id, transaction_id) values(1815, -6.44, '5dee1676-fa2a-3cc4-992e-9d445a81e165', 292, 1814);
insert into Transaction (DTYPE, id, amount, balance, checkNo, date, description, externalId, initialBalance, memo, ref, status, type, uuid, account_id, transfer_id, custom) values('InternalTransaction', 1816, -81.98, 1294.49, '', '2010-02-16', 'Transfer to Directv', 'null', false, '', '', 0, 1, 'a0c81297-ea8c-3abc-9879-3e3ad98c6d1f', 229, 858, false);
insert into Split (id, amount, uuid, envelope_id, transaction_id) values(1817, -81.98, '99fa7640-1552-3f5a-826f-cad9fe7835ea', 292, 1816);
insert into Transaction (DTYPE, id, amount, balance, checkNo, date, description, externalId, initialBalance, memo, ref, status, type, uuid, account_id, transfer_id, custom) values('InternalTransaction', 1818, 4.98, 1140.02, '', '2010-02-16', 'Transfer from Available', 'null', false, '', '', 0, 0, '4b5ba07c-67ab-3da2-92be-3ec9277d6f5f', 229, 2262, false);
insert into Split (id, amount, uuid, envelope_id, transaction_id) values(1819, 4.98, 'dffe41e5-c77a-3d6a-a2eb-cc9dc05da6f7', 232, 1818);
insert into Transaction (DTYPE, id, amount, balance, checkNo, date, description, externalId, initialBalance, memo, ref, status, type, uuid, account_id, transfer_id, custom) values('InternalTransaction', 1820, -26.82, 2438.45, '', '2010-03-18', 'CVS 09297 09297--6002 N 825396', '201003182', false, '03/17CVS 09297', '', 2, 1, 'c7084b72-ca9d-3a63-911b-eeec9189507a', 229, null, false);
insert into Split (id, amount, uuid, envelope_id, transaction_id) values(1821, -26.82, '49faf928-efa5-301b-a94b-06c1365d8f32', 239, 1820);
insert into Transaction (DTYPE, id, amount, balance, checkNo, date, description, externalId, initialBalance, memo, ref, status, type, uuid, account_id, transfer_id, custom) values('InternalTransaction', 1822, 113.15, 113.15, '', '2010-02-18', 'Transfer from Auto Fuel', 'null', false, '', '', 2, 0, '9c6f8464-5130-362e-b0ec-ea62a4fab9cd', 228, 2845, false);
insert into Split (id, amount, uuid, envelope_id, transaction_id) values(1823, 113.15, '18951f84-33b3-314a-8678-bc43892c0081', 292, 1822);
insert into Transaction (DTYPE, id, amount, balance, checkNo, date, description, externalId, initialBalance, memo, ref, status, type, uuid, account_id, transfer_id, custom) values('InternalTransaction', 1824, -25.00, 4931.94, '', '2010-03-05', 'Transfer to Household', 'null', false, '', '', 2, 1, '63d3882c-421b-364f-b029-ccc09a2261f2', 229, 1948, false);
insert into Split (id, amount, uuid, envelope_id, transaction_id) values(1825, -25.00, '3834751e-755d-3a97-92e6-e7b839cfc70c', 292, 1824);
insert into Transaction (DTYPE, id, amount, balance, checkNo, date, description, externalId, initialBalance, memo, ref, status, type, uuid, account_id, transfer_id, custom) values('InternalTransaction', 1826, 32.34, 1213.60, '', '2010-02-16', 'Transfer from Available', 'null', false, '', '', 0, 0, 'e7b2cb83-71d4-3396-ac10-5f69ac8f9eb5', 229, 2598, false);
insert into Split (id, amount, uuid, envelope_id, transaction_id) values(1827, 32.34, '6bb705eb-1dc0-352b-be53-f73c9191983c', 241, 1826);
insert into Transaction (DTYPE, id, amount, balance, checkNo, date, description, externalId, initialBalance, memo, ref, status, type, uuid, account_id, transfer_id, custom) values('InternalTransaction', 1828, -30.00, 3880.63, '', '2010-02-16', 'Transfer to Medical', 'null', false, '', '', 0, 1, 'cec1bfdc-7f1b-34d2-8e0b-c07f91539d22', 229, 316, false);
insert into Split (id, amount, uuid, envelope_id, transaction_id) values(1829, -30.00, '9a8967b0-3a92-35ef-a97d-10fc879c7c5e', 292, 1828);
insert into Transaction (DTYPE, id, amount, balance, checkNo, date, description, externalId, initialBalance, memo, ref, status, type, uuid, account_id, transfer_id, custom) values('InternalTransaction', 1830, 13.99, 865.27, '', '2010-03-05', 'Transfer from Available', 'null', false, '', '', 2, 0, '049ba90a-f560-3ceb-a506-96c80837c39c', 229, 2540, false);
insert into Split (id, amount, uuid, envelope_id, transaction_id) values(1831, 13.99, 'bb55c2e6-9433-3a83-9e25-f2f89f8f750f', 266, 1830);
insert into Transaction (DTYPE, id, amount, balance, checkNo, date, description, externalId, initialBalance, memo, ref, status, type, uuid, account_id, transfer_id, custom) values('InternalTransaction', 1832, -10.82, 1346.32, '', '2010-01-19', 'SOU ROSS STORES #571617 464265', '201001195', false, '01/16SOU ROSS', '', 2, 1, 'd37c81cb-9c15-3bd7-8d47-de35f26a5e3f', 229, null, false);
insert into Split (id, amount, uuid, envelope_id, transaction_id) values(1833, -10.82, '1ca342bb-1a15-301d-91c3-276ba19346a6', 285, 1832);
insert into Transaction (DTYPE, id, amount, balance, checkNo, date, description, externalId, initialBalance, memo, ref, status, type, uuid, account_id, transfer_id, custom) values('InternalTransaction', 1836, 25.00, 3939.13, '', '2010-04-16', 'Transfer from Available', 'null', false, '', '', 2, 0, 'bade934e-cedd-371f-a382-8bd7891ff829', 229, 1856, false);
insert into Split (id, amount, uuid, envelope_id, transaction_id) values(1837, 25.00, '12a4b8d1-c431-3438-9b16-3acafa070fad', 239, 1836);
insert into Transaction (DTYPE, id, amount, balance, checkNo, date, description, externalId, initialBalance, memo, ref, status, type, uuid, account_id, transfer_id, custom) values('InternalTransaction', 1834, -7.52, 3908.55, '', '2010-03-24', 'DEL TACO #796/1901 W. N 712794', '201003240', false, '03/23DEL TACO', '', 2, 1, '832caedd-fae0-3e93-a2d4-2daf26bc58a7', 229, null, false);
insert into Split (id, amount, uuid, envelope_id, transaction_id) values(1835, -7.52, '5cf17db0-31b7-3b25-b976-600e1a027276', 246, 1834);
insert into Transaction (DTYPE, id, amount, balance, checkNo, date, description, externalId, initialBalance, memo, ref, status, type, uuid, account_id, transfer_id, custom) values('InternalTransaction', 1838, -15.82, 2217.34, '', '2010-03-08', 'APL*ITUNES 866-712-7753', '201003087', false, '03/07APL*ITUNE', '', 2, 1, '6f82f6d4-9665-3a05-b8c7-618b725ca697', 229, null, false);
insert into Split (id, amount, uuid, envelope_id, transaction_id) values(1839, -15.82, '5500e7dd-b813-3cb8-b2ed-566590b9278b', 265, 1838);
insert into Transaction (DTYPE, id, amount, balance, checkNo, date, description, externalId, initialBalance, memo, ref, status, type, uuid, account_id, transfer_id, custom) values('InternalTransaction', 1840, -175.00, 3347.26, '', '2010-02-19', 'Transfer to Taxes', 'null', false, '', '', 2, 1, 'ccbd545c-3717-36f3-a1fd-8f858ea6e6b4', 229, 2943, false);
insert into Split (id, amount, uuid, envelope_id, transaction_id) values(1841, -175.00, 'a59d6d0a-5a31-359d-aa41-8fccc87edbf7', 292, 1840);
insert into Transaction (DTYPE, id, amount, balance, checkNo, date, description, externalId, initialBalance, memo, ref, status, type, uuid, account_id, transfer_id, custom) values('InternalTransaction', 1842, -92.12, 1251.07, '', '2009-10-29', 'IRS USATAXPYMT 2709', '200910290', false, '70200796244 WEB ID: 3387702000', '', 2, 1, 'a6d6505d-8dbb-381f-97d9-361916d6675b', 229, null, false);
insert into Split (id, amount, uuid, envelope_id, transaction_id) values(1843, -92.12, '086d3897-defa-3b2c-8839-3926720a7d53', 275, 1842);
insert into Transaction (DTYPE, id, amount, balance, checkNo, date, description, externalId, initialBalance, memo, ref, status, type, uuid, account_id, transfer_id, custom) values('InternalTransaction', 1844, -13.50, 2427.58, '', '2009-12-29', 'AMC DEER VALLE04001020 P', '200912293', false, '12/27AMC DEER', '', 2, 1, '4835bf73-f2d7-335d-adf1-225769cdf98a', 229, null, false);
insert into Split (id, amount, uuid, envelope_id, transaction_id) values(1845, -13.50, '775faddd-278d-3178-b51a-3237c3fde6b3', 284, 1844);
insert into Transaction (DTYPE, id, amount, balance, checkNo, date, description, externalId, initialBalance, memo, ref, status, type, uuid, account_id, transfer_id, custom) values('InternalTransaction', 1848, -10.85, 1200.30, '', '2010-04-26', 'MAGIC TOUCH CLEANERS TEM', '201004266', false, '04/24MAGIC TOU', '', 1, 1, '16cb1870-bbad-3ae6-a540-904e17b0b78a', 229, null, false);
insert into Split (id, amount, uuid, envelope_id, transaction_id) values(1849, -10.85, '09dd0008-f94d-396b-91ee-e6d1a6a6d740', 239, 1848);
insert into Transaction (DTYPE, id, amount, balance, checkNo, date, description, externalId, initialBalance, memo, ref, status, type, uuid, account_id, transfer_id, custom) values('InternalTransaction', 1846, -36.00, 631.58, '', '2010-01-06', 'ARCO PAYPOINT 2942 127717', '201001060', false, '01/05ARCO PAYP', '', 2, 1, 'ce3ec813-9bd1-316d-8699-79735525bec2', 229, null, false);
insert into Split (id, amount, uuid, envelope_id, transaction_id) values(1847, -36.00, '3cbbd18b-21cd-3c65-bd34-8cb9897720f0', 253, 1846);
insert into Transaction (DTYPE, id, amount, balance, checkNo, date, description, externalId, initialBalance, memo, ref, status, type, uuid, account_id, transfer_id, custom) values('InternalTransaction', 1850, -80.00, 2788.29, '261', '2010-01-25', 'Annette Trijillo', '201001253', false, '', '', 2, 1, 'a6da8d6b-f6a7-3cc5-a021-7c17a235c63d', 229, null, false);
insert into Split (id, amount, uuid, envelope_id, transaction_id) values(1851, -80.00, 'e2746b79-9ded-3644-849d-92303187bfde', 261, 1850);
insert into Transaction (DTYPE, id, amount, balance, checkNo, date, description, externalId, initialBalance, memo, ref, status, type, uuid, account_id, transfer_id, custom) values('InternalTransaction', 1852, -9.98, 0.00, '', '2010-03-16', 'Transfer to Easynews.com', 'null', false, '', '', 2, 1, '836fac0e-8336-354b-a89d-275df17e2ce5', 228, 2927, false);
insert into Split (id, amount, uuid, envelope_id, transaction_id) values(1853, -9.98, '8cb0a620-d374-3044-99b0-ba6c7138c28e', 252, 1852);
insert into Transaction (DTYPE, id, amount, balance, checkNo, date, description, externalId, initialBalance, memo, ref, status, type, uuid, account_id, transfer_id, custom) values('InternalTransaction', 1854, -38.63, 763.12, '', '2010-04-13', 'Transfer to Unassigned', 'null', false, '', '', 2, 1, 'b36e8966-26e7-3d4f-b969-8bf6fc96cef6', 229, 1102, false);
insert into Split (id, amount, uuid, envelope_id, transaction_id) values(1855, -38.63, 'bb7c7240-edcf-3b89-935f-fe63a7cb5730', 292, 1854);
insert into Transaction (DTYPE, id, amount, balance, checkNo, date, description, externalId, initialBalance, memo, ref, status, type, uuid, account_id, transfer_id, custom) values('InternalTransaction', 1856, -25.00, 4392.07, '', '2010-04-16', 'Transfer to Household', 'null', false, '', '', 2, 1, 'dd926b33-58c4-332d-ad9f-db8c46394241', 229, 1836, false);
insert into Split (id, amount, uuid, envelope_id, transaction_id) values(1857, -25.00, '1f75096a-f159-3e99-8c8f-61322eb63f79', 292, 1856);
insert into Transaction (DTYPE, id, amount, balance, checkNo, date, description, externalId, initialBalance, memo, ref, status, type, uuid, account_id, transfer_id, custom) values('InternalTransaction', 1858, 1492.12, 5820.65, '', '2010-02-16', 'Transfer from Available', 'null', false, '', '', 0, 0, 'e2c30bcc-ecb6-3542-852d-adf0b0493285', 229, 2997, false);
insert into Split (id, amount, uuid, envelope_id, transaction_id) values(1859, 1492.12, '17683884-643d-3894-ac59-5aafce9764cb', 275, 1858);
insert into Transaction (DTYPE, id, amount, balance, checkNo, date, description, externalId, initialBalance, memo, ref, status, type, uuid, account_id, transfer_id, custom) values('InternalTransaction', 1860, -20.00, 0.00, '', '2010-04-07', 'Transfer to Available', 'null', false, '', '', 2, 1, 'ca0559dd-571d-376e-b041-1d9b4edf0828', 228, 1950, false);
insert into Split (id, amount, uuid, envelope_id, transaction_id) values(1861, -20.00, '6773d41c-0b27-3f75-9f76-c94eecfde45f', 277, 1860);
insert into Transaction (DTYPE, id, amount, balance, checkNo, date, description, externalId, initialBalance, memo, ref, status, type, uuid, account_id, transfer_id, custom) values('InternalTransaction', 1864, 2159.85, 2756.44, '', '2010-01-08', 'DIFFUSION GROUP PAYROLL', '201001080', false, 'PPD ID: 1860988050', '', 2, 0, '820f18ce-b22c-3dbb-a009-81ef3eb02cc3', 229, null, false);
insert into Split (id, amount, uuid, envelope_id, transaction_id) values(1865, 2159.85, 'aa78052e-116d-3074-a30e-d08a8c9ffa2d', 292, 1864);
insert into Transaction (DTYPE, id, amount, balance, checkNo, date, description, externalId, initialBalance, memo, ref, status, type, uuid, account_id, transfer_id, custom) values('InternalTransaction', 1862, -37.41, 16769.53, '', '2010-02-16', 'Transfer to Comics', 'null', false, '', '', 0, 1, 'faaa6c7f-e810-31ed-b2ad-8fc279887543', 229, 1616, false);
insert into Split (id, amount, uuid, envelope_id, transaction_id) values(1863, -37.41, '4ea15c9f-341e-33f6-aabf-99ce37fb117f', 292, 1862);
insert into Transaction (DTYPE, id, amount, balance, checkNo, date, description, externalId, initialBalance, memo, ref, status, type, uuid, account_id, transfer_id, custom) values('InternalTransaction', 1868, -32.78, 1425.98, '', '2010-03-15', 'CIRCLE K 01620 PHOENIX A', '201003155', false, '03/12CIRCLE K Purcha', '', 2, 1, '453c1786-f126-36d4-9c23-592875c54310', 229, null, false);
insert into Split (id, amount, uuid, envelope_id, transaction_id) values(1869, -32.78, '88d620fa-bb0d-3121-9a80-cbd96766e49f', 253, 1868);
insert into Transaction (DTYPE, id, amount, balance, checkNo, date, description, externalId, initialBalance, memo, ref, status, type, uuid, account_id, transfer_id, custom) values('InternalTransaction', 1866, -2.16, 2998.02, '', '2009-12-28', 'WALGREEN COMPANY NWC OF 761522', '2009122811', false, '12/24WALGREEN', '', 2, 1, '0108ad5c-27cb-3b76-ad1b-b9cbcbbf9abb', 229, null, false);
insert into Split (id, amount, uuid, envelope_id, transaction_id) values(1867, -2.16, 'ebb7d3fd-fa7f-3c9d-a07e-abe4c4a842b5', 277, 1866);
insert into Transaction (DTYPE, id, amount, balance, checkNo, date, description, externalId, initialBalance, memo, ref, status, type, uuid, account_id, transfer_id, custom) values('InternalTransaction', 1870, -309.33, 1863.80, '', '2010-03-11', 'VW CREDIT, INC. AUTO DEBIT WE', '201003110', false, 'B 852539481 WEB ID: 1382362409', '', 2, 1, '4a1606bc-5925-3a7c-8773-99552160c7c7', 229, null, false);
insert into Split (id, amount, uuid, envelope_id, transaction_id) values(1871, -309.33, 'bf873453-3bd1-36fc-b5da-e10655155de1', 267, 1870);
insert into Transaction (DTYPE, id, amount, balance, checkNo, date, description, externalId, initialBalance, memo, ref, status, type, uuid, account_id, transfer_id, custom) values('InternalTransaction', 1872, 70.41, 949.67, '', '2010-03-03', 'Transfer from Available', 'null', false, '', '', 2, 0, '6031a2c4-e689-3c32-8a40-9da700e102be', 229, 2364, false);
insert into Split (id, amount, uuid, envelope_id, transaction_id) values(1873, 70.41, 'eae70e37-cbbd-3174-ba07-7550340a74fe', 264, 1872);
insert into Transaction (DTYPE, id, amount, balance, checkNo, date, description, externalId, initialBalance, memo, ref, status, type, uuid, account_id, transfer_id, custom) values('InternalTransaction', 1874, -3.14, 4437.19, '', '2010-03-29', 'STARBUCKS USA 00096230 T', '201003290', false, '03/25STARBUCKS', '', 2, 1, 'c35be4c9-728b-3e4e-a0ec-36e75469581c', 229, null, false);
insert into Split (id, amount, uuid, envelope_id, transaction_id) values(1875, -3.14, 'e49eb37d-c5de-3800-acd3-beed2b084022', 270, 1874);
insert into Transaction (DTYPE, id, amount, balance, checkNo, date, description, externalId, initialBalance, memo, ref, status, type, uuid, account_id, transfer_id, custom) values('InternalTransaction', 1876, -35.00, 3136.54, '', '2009-11-25', 'JOSEPH SCOTT SALON LLC P131651', '200911251', false, '11/24JOSEPH SC', '', 2, 1, 'f2776e91-89ec-3016-a97f-bb59aed30c22', 229, null, false);
insert into Split (id, amount, uuid, envelope_id, transaction_id) values(1877, -35.00, '602a8416-9b1e-31b7-8f40-c94dd728ff27', 260, 1876);
insert into Transaction (DTYPE, id, amount, balance, checkNo, date, description, externalId, initialBalance, memo, ref, status, type, uuid, account_id, transfer_id, custom) values('InternalTransaction', 1880, -32.52, 2716.71, '', '2010-04-05', 'FRYS FOOD & DRUG 7770 SC', '201004051', false, '04/02FRYS FOOD Purcha', '', 2, 1, 'bd0d60a1-d1c0-387f-bd1d-b386d36d8d56', 229, null, false);
insert into Split (id, amount, uuid, envelope_id, transaction_id) values(1881, -32.52, '5875e1ab-812e-369d-98d7-48556d18de38', 238, 1880);
insert into Transaction (DTYPE, id, amount, balance, checkNo, date, description, externalId, initialBalance, memo, ref, status, type, uuid, account_id, transfer_id, custom) values('InternalTransaction', 1878, -54.48, 0.00, '', '2010-03-23', 'Transfer to Eating Out', 'null', false, '', '', 2, 1, 'fd888732-3da1-3a45-99bd-70ab7f2ebbd6', 228, 566, false);
insert into Split (id, amount, uuid, envelope_id, transaction_id) values(1879, -54.48, '6bd771fa-a6af-379e-ba1b-ce604672f459', 292, 1878);
insert into Transaction (DTYPE, id, amount, balance, checkNo, date, description, externalId, initialBalance, memo, ref, status, type, uuid, account_id, transfer_id, custom) values('InternalTransaction', 1882, -25.98, 5081.45, '', '2010-02-16', 'Transfer to Clothing', 'null', false, '', '', 0, 1, '2b41ad21-582b-38c3-877c-3aa775a0862f', 229, 2358, false);
insert into Split (id, amount, uuid, envelope_id, transaction_id) values(1883, -25.98, '0f5a2f14-0636-36fa-9abf-164d4ea7bc27', 292, 1882);
insert into Transaction (DTYPE, id, amount, balance, checkNo, date, description, externalId, initialBalance, memo, ref, status, type, uuid, account_id, transfer_id, custom) values('InternalTransaction', 1884, 40.39, 1175.43, '', '2010-02-16', 'Transfer from Available', 'null', false, '', '', 0, 0, '1a6490a2-c035-36d5-9d65-d778b257afbf', 229, 1514, false);
insert into Split (id, amount, uuid, envelope_id, transaction_id) values(1885, 40.39, 'ec40c156-8cc7-34fb-bcf5-1bed2a26c0e4', 293, 1884);
insert into Transaction (DTYPE, id, amount, balance, checkNo, date, description, externalId, initialBalance, memo, ref, status, type, uuid, account_id, transfer_id, custom) values('InternalTransaction', 1886, -21.90, 2264.99, '', '2010-03-01', 'DBMG TECHNOLOGIES I 877-', '201003012', false, '02/28DBMG TECH', '', 2, 1, 'c7692fdc-1d34-363c-91a1-318636778b81', 229, null, false);
insert into Split (id, amount, uuid, envelope_id, transaction_id) values(1887, -21.90, 'a9809939-be7b-316e-a4eb-320ad9154e09', 247, 1886);
insert into Transaction (DTYPE, id, amount, balance, checkNo, date, description, externalId, initialBalance, memo, ref, status, type, uuid, account_id, transfer_id, custom) values('InternalTransaction', 1888, 54.92, 1348.73, '', '2010-04-23', 'Transfer from Available', 'null', false, '', '', 2, 0, '12b431b4-167a-396e-8189-d028571edcd9', 229, 2658, false);
insert into Split (id, amount, uuid, envelope_id, transaction_id) values(1889, 54.92, 'f86fe44e-df2c-366c-bbea-59ec00a29413', 286, 1888);
insert into Transaction (DTYPE, id, amount, balance, checkNo, date, description, externalId, initialBalance, memo, ref, status, type, uuid, account_id, transfer_id, custom) values('InternalTransaction', 1890, -293.94, 0.00, '', '2010-03-30', 'Transfer to Spending', 'null', false, '', '', 2, 1, '4f57f8af-d2eb-36c0-be4c-cbc9cfb7ee81', 228, 1586, false);
insert into Split (id, amount, uuid, envelope_id, transaction_id) values(1891, -293.94, '6caefe36-d577-336f-81ff-1fcee38832ba', 292, 1890);
insert into Transaction (DTYPE, id, amount, balance, checkNo, date, description, externalId, initialBalance, memo, ref, status, type, uuid, account_id, transfer_id, custom) values('InternalTransaction', 1892, -20.58, 2097.76, '', '2010-02-01', 'WAL-MART #2113 CHRISTOWN675843', '201002013', false, '01/31WAL-MART', '', 2, 1, '255d423f-9405-3b48-9c1d-eedc62383371', 229, null, false);
insert into Split (id, amount, uuid, envelope_id, transaction_id) values(1893, -20.58, '9e0b4c89-3aa6-3266-8af9-dc513b63aa17', 239, 1892);
insert into Transaction (DTYPE, id, amount, balance, checkNo, date, description, externalId, initialBalance, memo, ref, status, type, uuid, account_id, transfer_id, custom) values('InternalTransaction', 1894, -40.79, 6102.46, '', '2010-03-19', 'Transfer to Directv', 'null', false, '', '', 2, 1, '70fc8ae1-45e0-3344-ae04-45ec3861d394', 229, 2777, false);
insert into Split (id, amount, uuid, envelope_id, transaction_id) values(1895, -40.79, '6d9cb64a-2e33-38a9-99ba-745c97b7ade4', 292, 1894);
insert into Transaction (DTYPE, id, amount, balance, checkNo, date, description, externalId, initialBalance, memo, ref, status, type, uuid, account_id, transfer_id, custom) values('InternalTransaction', 1898, 12.95, 12.95, '', '2010-03-30', 'Transfer from Available', 'null', false, '', '', 2, 0, '87b456fc-d961-379c-a600-53ea06d48c64', 228, 2306, false);
insert into Split (id, amount, uuid, envelope_id, transaction_id) values(1899, 12.95, 'e190643b-c9b8-3733-8929-cd8f409fbeb8', 272, 1898);
insert into Transaction (DTYPE, id, amount, balance, checkNo, date, description, externalId, initialBalance, memo, ref, status, type, uuid, account_id, transfer_id, custom) values('InternalTransaction', 1896, -7.56, 4703.71, '', '2009-11-16', 'SOU BLOCKBUSTER VID7623 369790', '2009111610', false, '11/14SOU BLOCK', '', 2, 1, 'f62b2e20-c1b0-3352-993c-844cb624a3e0', 229, null, false);
insert into Split (id, amount, uuid, envelope_id, transaction_id) values(1897, -7.56, '3d16eff9-0aa3-3c82-94d4-346e3a900fa5', 265, 1896);
insert into Transaction (DTYPE, id, amount, balance, checkNo, date, description, externalId, initialBalance, memo, ref, status, type, uuid, account_id, transfer_id, custom) values('InternalTransaction', 1900, -10.73, 2796.76, '', '2010-02-22', 'THE HOME DEPOT #0485 PHO418389', '201002226', false, '02/21THE HOME', '', 2, 1, 'bf4062d6-0899-3bf6-95ba-b537a877ebf8', 229, null, false);
insert into Split (id, amount, uuid, envelope_id, transaction_id) values(1901, -10.73, '5c41c0c6-c50b-324c-bc68-505d326ece7f', 239, 1900);
insert into Transaction (DTYPE, id, amount, balance, checkNo, date, description, externalId, initialBalance, memo, ref, status, type, uuid, account_id, transfer_id, custom) values('InternalTransaction', 1902, -80.00, 1396.83, '273', '2010-04-06', 'Annette Trijillo', '201004061', false, '', '', 2, 1, 'e89dfa0b-bceb-33d8-813d-c3ea12bc6ed9', 229, null, false);
insert into Split (id, amount, uuid, envelope_id, transaction_id) values(1903, -80.00, 'f2ab944d-058a-3ad2-b4a1-d9e8c55ffc28', 261, 1902);
insert into Transaction (DTYPE, id, amount, balance, checkNo, date, description, externalId, initialBalance, memo, ref, status, type, uuid, account_id, transfer_id, custom) values('InternalTransaction', 1904, -10.05, 1325.47, '', '2010-01-19', 'CHIPOTLE 0744 TEMPE AZ', '201001197', false, '01/15CHIPOTLE', '', 2, 1, '44d54f42-5df4-39b2-b53a-dd16a20cc6e3', 229, null, false);
insert into Split (id, amount, uuid, envelope_id, transaction_id) values(1905, -10.05, '4764df6d-0c68-3bb7-98fc-370ea7d7afda', 295, 1904);
insert into Transaction (DTYPE, id, amount, balance, checkNo, date, description, externalId, initialBalance, memo, ref, status, type, uuid, account_id, transfer_id, custom) values('InternalTransaction', 1908, 80.00, 3576.58, '', '2010-04-02', 'Transfer from Available', 'null', false, '', '', 2, 0, '5bd00c15-181e-3648-830b-309686c134d1', 229, 2094, false);
insert into Split (id, amount, uuid, envelope_id, transaction_id) values(1909, 80.00, 'd7370a20-8bdc-3922-97b1-710e7789c8f2', 261, 1908);
insert into Transaction (DTYPE, id, amount, balance, checkNo, date, description, externalId, initialBalance, memo, ref, status, type, uuid, account_id, transfer_id, custom) values('InternalTransaction', 1906, 0.00, 3939.13, '', '2010-04-16', 'Transfer from Available', 'null', false, '', '', 2, 1, '83ddbe79-a1af-3e2e-8252-e520b3d824ce', 229, 996, false);
insert into Split (id, amount, uuid, envelope_id, transaction_id) values(1907, 0.00, '70777e30-6cfb-328f-8d74-2d1b77811d5d', 274, 1906);
insert into Transaction (DTYPE, id, amount, balance, checkNo, date, description, externalId, initialBalance, memo, ref, status, type, uuid, account_id, transfer_id, custom) values('InternalTransaction', 1910, -41.17, 0.00, '', '2010-04-29', 'Transfer to Spending', 'null', false, '', '', 2, 1, '337f72c6-aed0-3d48-afff-768af7783899', 228, 2426, false);
insert into Split (id, amount, uuid, envelope_id, transaction_id) values(1911, -41.17, 'e862924d-95a3-3029-8286-0a720be69b8e', 253, 1910);
insert into Transaction (DTYPE, id, amount, balance, checkNo, date, description, externalId, initialBalance, memo, ref, status, type, uuid, account_id, transfer_id, custom) values('InternalTransaction', 1912, 35.51, 3337.08, '', '2010-02-19', 'Transfer from Available', 'null', false, '', '', 2, 0, '5d0aea24-1c0b-3f60-a73e-b42c2df2124f', 229, 1318, false);
insert into Split (id, amount, uuid, envelope_id, transaction_id) values(1913, 35.51, '82e707cb-8be6-3623-89cc-8f5b2963e92b', 245, 1912);
insert into Transaction (DTYPE, id, amount, balance, checkNo, date, description, externalId, initialBalance, memo, ref, status, type, uuid, account_id, transfer_id, custom) values('InternalTransaction', 1914, -8.92, 0.00, '', '2010-03-16', 'Transfer to Easynews.com', 'null', false, '', '', 2, 1, 'ef6df4d6-60e9-366a-940e-da6c933c5f5c', 228, 656, false);
insert into Split (id, amount, uuid, envelope_id, transaction_id) values(1915, -8.92, 'dc4812f4-134e-3454-8891-876be7adea0c', 292, 1914);
insert into Transaction (DTYPE, id, amount, balance, checkNo, date, description, externalId, initialBalance, memo, ref, status, type, uuid, account_id, transfer_id, custom) values('InternalTransaction', 1916, -10.74, 650.05, '', '2010-04-16', 'Transfer to Fast Food', 'null', false, '', '', 2, 1, '2db8df31-2435-3eec-8f0d-e4d02cb4a0d7', 229, 2763, false);
insert into Split (id, amount, uuid, envelope_id, transaction_id) values(1917, -10.74, '173e297c-65f6-3735-9b6d-6b70f3516c50', 292, 1916);
insert into Transaction (DTYPE, id, amount, balance, checkNo, date, description, externalId, initialBalance, memo, ref, status, type, uuid, account_id, transfer_id, custom) values('InternalTransaction', 1918, 160.28, 1892.81, '', '2009-12-17', 'APPLE STORE #R031 PHOENI', '200912170', false, '12/15APPLE STO', '', 2, 0, '3de1e635-86fc-364b-981e-17d38b56c9be', 229, null, false);
insert into Split (id, amount, uuid, envelope_id, transaction_id) values(1919, 160.28, '083f60c3-cd22-3d8c-878c-6c4573c1aaeb', 249, 1918);
insert into Transaction (DTYPE, id, amount, balance, checkNo, date, description, externalId, initialBalance, memo, ref, status, type, uuid, account_id, transfer_id, custom) values('InternalTransaction', 1920, -20.00, 1710.54, '', '2010-03-12', 'ATM WITHDRAWAL 007530', '201003122', false, '03/123150 E IN', '', 2, 1, 'd8f8b32b-3642-37fe-9e58-c9808f39122d', 229, null, false);
insert into Split (id, amount, uuid, envelope_id, transaction_id) values(1921, -20.00, 'db106942-0358-35b9-88b2-f8f3ddf87c4b', 251, 1920);
insert into Transaction (DTYPE, id, amount, balance, checkNo, date, description, externalId, initialBalance, memo, ref, status, type, uuid, account_id, transfer_id, custom) values('InternalTransaction', 1922, -35.70, 1413.59, '', '2010-01-19', 'WHITFILL NURSERY PHOENIX411299', '201001192', false, '01/17WHITFILL', '', 2, 1, 'ec4f9725-ecc4-33ff-8aec-56c93fb05056', 229, null, false);
insert into Split (id, amount, uuid, envelope_id, transaction_id) values(1923, -35.70, 'c8d1e58d-42ca-3206-bade-83481ad54673', 283, 1922);
insert into Transaction (DTYPE, id, amount, balance, checkNo, date, description, externalId, initialBalance, memo, ref, status, type, uuid, account_id, transfer_id, custom) values('InternalTransaction', 1924, -13.37, 339.29, '', '2010-04-29', 'Transfer to Coffee', 'null', false, '', '', 2, 1, '86408be2-2de8-338d-abe7-07700b96b6f8', 229, 2226, false);
insert into Split (id, amount, uuid, envelope_id, transaction_id) values(1925, -13.37, '564e6dc5-7808-37e7-9446-5459f030e37d', 292, 1924);
insert into Transaction (DTYPE, id, amount, balance, checkNo, date, description, externalId, initialBalance, memo, ref, status, type, uuid, account_id, transfer_id, custom) values('InternalTransaction', 1926, -9.98, 1361.27, '', '2010-03-15', 'EASYNEWS.COM 866-396-397', '201003159', false, '03/12EASYNEWS.', '', 2, 1, '541a64b6-3b87-3c4e-9dd4-23bf2a0e142c', 229, null, false);
insert into Split (id, amount, uuid, envelope_id, transaction_id) values(1927, -9.98, '606166c4-d8e4-3a40-8b9a-46a729cab5e9', 254, 1926);
insert into Transaction (DTYPE, id, amount, balance, checkNo, date, description, externalId, initialBalance, memo, ref, status, type, uuid, account_id, transfer_id, custom) values('InternalTransaction', 1928, -38.21, 1396.83, '', '2010-04-06', 'Transfer to Unassigned', 'null', false, '', '', 2, 1, 'dff29adc-838c-3864-8ddd-3d022a044379', 229, 2110, false);
insert into Split (id, amount, uuid, envelope_id, transaction_id) values(1929, -38.21, '9b72aa28-fbfd-382b-aac8-010ecebd14a7', 292, 1928);
insert into Transaction (DTYPE, id, amount, balance, checkNo, date, description, externalId, initialBalance, memo, ref, status, type, uuid, account_id, transfer_id, custom) values('InternalTransaction', 1930, -15.05, 3888.08, '', '2010-03-25', 'TARGET T2176 TEMPE NE TE154000', '201003250', false, '03/24TARGET T2', '', 2, 1, 'e4b292df-216b-3b4a-9a0d-6542b218a862', 229, null, false);
insert into Split (id, amount, uuid, envelope_id, transaction_id) values(1931, -15.05, 'da55fe64-489b-351b-bf96-ee99693b7b0b', 239, 1930);
insert into Transaction (DTYPE, id, amount, balance, checkNo, date, description, externalId, initialBalance, memo, ref, status, type, uuid, account_id, transfer_id, custom) values('InternalTransaction', 1934, -11.12, 0.00, '', '2010-03-11', 'Transfer to Fast Food', 'null', false, '', '', 2, 1, '8fa14563-4427-3797-90bd-9951cc6737bf', 228, 762, false);
insert into Split (id, amount, uuid, envelope_id, transaction_id) values(1935, -11.12, '1e9e2a70-3939-3be5-87dc-0753a716d997', 292, 1934);
insert into Transaction (DTYPE, id, amount, balance, checkNo, date, description, externalId, initialBalance, memo, ref, status, type, uuid, account_id, transfer_id, custom) values('InternalTransaction', 1932, -5.48, 3392.75, '', '2010-02-08', 'TACO BELL 21245 Q53 T', '2010020811', false, '02/04TACO BELL', '', 2, 1, '7647c501-ffb5-3deb-81c2-e0bbe4242709', 229, null, false);
insert into Split (id, amount, uuid, envelope_id, transaction_id) values(1933, -5.48, '7d784911-3b34-3e9e-8c5b-b710be731e61', 246, 1932);
insert into Transaction (DTYPE, id, amount, balance, checkNo, date, description, externalId, initialBalance, memo, ref, status, type, uuid, account_id, transfer_id, custom) values('InternalTransaction', 1938, -4.99, 834.75, '', '2010-04-13', 'Transfer to Easynews.com', 'null', false, '', '', 2, 1, 'ddfc28c8-5b8b-3b2f-8099-9f60fa72a388', 229, 340, false);
insert into Split (id, amount, uuid, envelope_id, transaction_id) values(1939, -4.99, 'edfad0e0-7208-39f0-9b9c-f543894c9ff7', 292, 1938);
insert into Transaction (DTYPE, id, amount, balance, checkNo, date, description, externalId, initialBalance, memo, ref, status, type, uuid, account_id, transfer_id, custom) values('InternalTransaction', 1936, -54.38, 3916.07, '', '2010-03-24', 'Transfer to Unassigned', 'null', false, '', '', 2, 1, '79b73075-93ad-348b-83bc-fb46ab8eacdb', 229, 692, false);
insert into Split (id, amount, uuid, envelope_id, transaction_id) values(1937, -54.38, 'fd53bee1-7333-3048-b4d7-7a44020d8f0f', 292, 1936);
insert into Transaction (DTYPE, id, amount, balance, checkNo, date, description, externalId, initialBalance, memo, ref, status, type, uuid, account_id, transfer_id, custom) values('InternalTransaction', 1942, -200.00, 4928.56, '', '2010-03-19', 'Transfer to Spending', 'null', false, '', '', 2, 1, 'a44872cb-8487-3368-97ed-06b31781a8ca', 229, 1352, false);
insert into Split (id, amount, uuid, envelope_id, transaction_id) values(1943, -200.00, 'd76957e8-947f-32b5-9d2f-cbd6588518ee', 292, 1942);
insert into Transaction (DTYPE, id, amount, balance, checkNo, date, description, externalId, initialBalance, memo, ref, status, type, uuid, account_id, transfer_id, custom) values('InternalTransaction', 1940, -9.95, 4095.38, '', '2009-11-23', 'Financial Management Software:', '200911230', false, 'Monthly Service Fee', '', 2, 1, '6d7c2acb-4900-3ca2-8af7-81e1cf461f28', 229, null, false);
insert into Split (id, amount, uuid, envelope_id, transaction_id) values(1941, -9.95, '6b1c5ac2-cc99-3883-a3e4-5749a61c85dc', 232, 1940);
insert into Transaction (DTYPE, id, amount, balance, checkNo, date, description, externalId, initialBalance, memo, ref, status, type, uuid, account_id, transfer_id, custom) values('InternalTransaction', 1944, -10.26, 339.29, '', '2010-04-29', 'Transfer to Fast Food', 'null', false, '', '', 2, 1, '11d80fcd-4c20-3f04-a13f-5f0c7b65fe4c', 229, 3005, false);
insert into Split (id, amount, uuid, envelope_id, transaction_id) values(1945, -10.26, 'b44d67bb-fd15-3425-9dc8-9dc037cb4a2f', 292, 1944);
insert into Transaction (DTYPE, id, amount, balance, checkNo, date, description, externalId, initialBalance, memo, ref, status, type, uuid, account_id, transfer_id, custom) values('InternalTransaction', 1946, 125.13, 125.13, '', '2010-04-29', 'Transfer from VW Credit', 'null', false, '', '', 2, 0, 'ae2612f2-8421-3fc7-9dad-21ec849ff981', 228, 1030, false);
insert into Split (id, amount, uuid, envelope_id, transaction_id) values(1947, 125.13, 'c9dd9744-4cd2-393b-aee6-3670fddb43e0', 245, 1946);
insert into Transaction (DTYPE, id, amount, balance, checkNo, date, description, externalId, initialBalance, memo, ref, status, type, uuid, account_id, transfer_id, custom) values('InternalTransaction', 1948, 25.00, 4186.84, '', '2010-03-05', 'Transfer from Available', 'null', false, '', '', 2, 0, '0df90a09-acdb-3659-9216-1250556a505e', 229, 1824, false);
insert into Split (id, amount, uuid, envelope_id, transaction_id) values(1949, 25.00, '5ac2ee33-da3e-36df-8812-52582ff0d761', 239, 1948);
insert into Transaction (DTYPE, id, amount, balance, checkNo, date, description, externalId, initialBalance, memo, ref, status, type, uuid, account_id, transfer_id, custom) values('InternalTransaction', 1950, 20.00, 20.00, '', '2010-04-07', 'Transfer from Personal Care', 'null', false, '', '', 2, 0, 'be01f473-d079-38f4-a66b-4646c6b1746c', 228, 1860, false);
insert into Split (id, amount, uuid, envelope_id, transaction_id) values(1951, 20.00, 'eb153de9-f843-368b-8cc5-9442c0f654f7', 292, 1950);
insert into Transaction (DTYPE, id, amount, balance, checkNo, date, description, externalId, initialBalance, memo, ref, status, type, uuid, account_id, transfer_id, custom) values('InternalTransaction', 1952, 103.40, 1238.44, '', '2010-02-16', 'Transfer from Available', 'null', false, '', '', 0, 0, '386c67c8-97ab-33c3-a2f6-15fc774ad4d8', 229, 1716, false);
insert into Split (id, amount, uuid, envelope_id, transaction_id) values(1953, 103.40, '56586362-1d5a-348a-a4ad-3073b1d00fb4', 238, 1952);
insert into Transaction (DTYPE, id, amount, balance, checkNo, date, description, externalId, initialBalance, memo, ref, status, type, uuid, account_id, transfer_id, custom) values('InternalTransaction', 1956, 23.13, 23.13, '', '2010-03-16', 'Transfer from Spending', 'null', false, '', '', 2, 0, 'd9551b88-e920-35f8-918e-50d76ef338c2', 228, 3001, false);
insert into Split (id, amount, uuid, envelope_id, transaction_id) values(1957, 23.13, 'e2cbf6dc-210a-3cc9-a3d1-c0d4832e198b', 238, 1956);
insert into Transaction (DTYPE, id, amount, balance, checkNo, date, description, externalId, initialBalance, memo, ref, status, type, uuid, account_id, transfer_id, custom) values('InternalTransaction', 1954, -2.00, 1502.31, '', '2010-04-21', 'NON-CHASE ATM FEE-WITH', '201004213', false, '', '', 2, 1, '7d8b9439-ac3b-31fb-a076-e56b09e93715', 229, null, false);
insert into Split (id, amount, uuid, envelope_id, transaction_id) values(1955, -2.00, 'fbfd563f-f872-31a1-b4fc-dc304063cfab', 252, 1954);
insert into Transaction (DTYPE, id, amount, balance, checkNo, date, description, externalId, initialBalance, memo, ref, status, type, uuid, account_id, transfer_id, custom) values('InternalTransaction', 1960, 56.51, 706.56, '', '2010-04-16', 'Transfer from Available', 'null', false, '', '', 2, 0, '17696893-d265-3b60-a777-f21f63eeac2b', 229, 496, false);
insert into Split (id, amount, uuid, envelope_id, transaction_id) values(1961, 56.51, 'd359a918-3160-3278-840c-4cf674898406', 239, 1960);
insert into Transaction (DTYPE, id, amount, balance, checkNo, date, description, externalId, initialBalance, memo, ref, status, type, uuid, account_id, transfer_id, custom) values('InternalTransaction', 1958, -129.01, 823.63, '', '2010-03-02', 'VZWRLSS*APOCC VISW 800-9', '201003023', false, '03/01VZWRLSS*A', '', 2, 1, 'c310ae5a-9d7d-38db-b2b1-a63228c976c8', 229, null, false);
insert into Split (id, amount, uuid, envelope_id, transaction_id) values(1959, -129.01, '34d91361-dbc9-338e-a5e1-9a4633adb990', 236, 1958);
insert into Transaction (DTYPE, id, amount, balance, checkNo, date, description, externalId, initialBalance, memo, ref, status, type, uuid, account_id, transfer_id, custom) values('InternalTransaction', 1962, -29.53, 4078.50, '', '2009-11-30', 'IHOP #1507 PHOENIX AZ', '200911307', false, '11/28IHOP #150', '', 2, 1, 'ad0bf4a8-4b44-3fe1-88e7-e580e820437c', 229, null, false);
insert into Split (id, amount, uuid, envelope_id, transaction_id) values(1963, -29.53, '43e3f82b-5ed9-3142-a16e-f3b3f291a24d', 295, 1962);
insert into Transaction (DTYPE, id, amount, balance, checkNo, date, description, externalId, initialBalance, memo, ref, status, type, uuid, account_id, transfer_id, custom) values('InternalTransaction', 1964, -7.90, 2573.58, '', '2010-01-11', 'SOU THE HOME DEPOT 7308 678613', '2010011115', false, '01/09SOU THE H', '', 2, 1, '88a53fa7-3ee5-3a68-bbcd-2589f294c46b', 229, null, false);
insert into Split (id, amount, uuid, envelope_id, transaction_id) values(1965, -7.90, 'a2180800-b189-3dcc-a8a2-c6cbf64be7d0', 239, 1964);
insert into Transaction (DTYPE, id, amount, balance, checkNo, date, description, externalId, initialBalance, memo, ref, status, type, uuid, account_id, transfer_id, custom) values('InternalTransaction', 1966, -39.59, 1458.76, '', '2010-03-15', 'SPROUTS FARMERS MKT #7 P658330', '201003154', false, '03/13SPROUTS F', '', 2, 1, 'a25a2133-e89a-36ba-840c-adfb49175a40', 229, null, false);
insert into Split (id, amount, uuid, envelope_id, transaction_id) values(1967, -39.59, 'e5036bbe-8a92-35b1-9f9e-f5dbc3d6bcca', 238, 1966);
insert into Transaction (DTYPE, id, amount, balance, checkNo, date, description, externalId, initialBalance, memo, ref, status, type, uuid, account_id, transfer_id, custom) values('InternalTransaction', 1968, 35.51, 5242.43, '', '2010-03-19', 'Transfer from Available', 'null', false, '', '', 2, 0, '52c092c2-d181-35f1-949e-209a0a49f2a1', 229, 2488, false);
insert into Split (id, amount, uuid, envelope_id, transaction_id) values(1969, 35.51, 'af763e07-9ac1-318a-b472-86bb6babd5c0', 245, 1968);
insert into Transaction (DTYPE, id, amount, balance, checkNo, date, description, externalId, initialBalance, memo, ref, status, type, uuid, account_id, transfer_id, custom) values('InternalTransaction', 1972, -175.00, 2942.64, '', '2010-02-22', 'IRS USATAXPYMT 2700', '201002221', false, '45300928447 WEB ID: 3387702000', '', 2, 1, '83d3b20d-b198-32a0-9d0f-326487b63f00', 229, null, false);
insert into Split (id, amount, uuid, envelope_id, transaction_id) values(1973, -175.00, '3e06e3ba-ba4b-3dcd-ba93-389b99c70e96', 275, 1972);
insert into Transaction (DTYPE, id, amount, balance, checkNo, date, description, externalId, initialBalance, memo, ref, status, type, uuid, account_id, transfer_id, custom) values('InternalTransaction', 1970, -5.61, 1591.23, '', '2010-03-15', 'MCDONALD''S F3250 TEMPE A', '2010031511', false, '03/13MCDONALD''', '', 2, 1, 'ddc9ac8c-5f45-30cc-9775-68452e29cabb', 229, null, false);
insert into Split (id, amount, uuid, envelope_id, transaction_id) values(1971, -5.61, '3bf834f0-b388-30f3-8f58-fa95f0a6f7af', 246, 1970);
insert into Transaction (DTYPE, id, amount, balance, checkNo, date, description, externalId, initialBalance, memo, ref, status, type, uuid, account_id, transfer_id, custom) values('InternalTransaction', 1974, 7.30, 1799.74, '', '2010-03-11', 'Transfer from Available', 'null', false, '', '', 2, 0, '0df8d675-6a4e-3184-b8e4-a8f396ff8282', 229, 490, false);
insert into Split (id, amount, uuid, envelope_id, transaction_id) values(1975, 7.30, 'd94d6f48-b3a7-3e9c-a798-6d62fdd20165', 246, 1974);
insert into Transaction (DTYPE, id, amount, balance, checkNo, date, description, externalId, initialBalance, memo, ref, status, type, uuid, account_id, transfer_id, custom) values('InternalTransaction', 1978, -2.88, 3474.51, '', '2009-12-14', 'TACO BELL #18300183459 P', '2009121428', false, '12/11TACO BELL', '', 2, 1, 'ebd394c0-6da9-37b4-a2c1-1733e82b260f', 229, null, false);
insert into Split (id, amount, uuid, envelope_id, transaction_id) values(1979, -2.88, 'd9f764b8-eb79-394b-96b4-c1095017b878', 246, 1978);
insert into Transaction (DTYPE, id, amount, balance, checkNo, date, description, externalId, initialBalance, memo, ref, status, type, uuid, account_id, transfer_id, custom) values('InternalTransaction', 1976, -61.65, 2514.14, '', '2009-12-14', 'NORDSTROM #381 CHANDLER', '200912149', false, '12/10NORDSTROM', '', 2, 1, '5c3d34d0-90c8-346e-af76-a0a755e2d5a9', 229, null, false);
insert into Split (id, amount, uuid, envelope_id, transaction_id) values(1977, -61.65, '2eb66bfc-c6da-3b97-be55-fc6cbcf92bce', 285, 1976);
insert into Transaction (DTYPE, id, amount, balance, checkNo, date, description, externalId, initialBalance, memo, ref, status, type, uuid, account_id, transfer_id, custom) values('InternalTransaction', 1980, -113.69, 6329.73, '', '2010-03-19', 'Transfer to Auto Fuel', 'null', false, '', '', 2, 1, '9ac9f752-1ad4-30c7-b132-e43d8dc3cee0', 229, 3075, false);
insert into Split (id, amount, uuid, envelope_id, transaction_id) values(1981, -113.69, 'bc50b48c-7c25-3274-8093-893dfe35a89d', 292, 1980);
insert into Transaction (DTYPE, id, amount, balance, checkNo, date, description, externalId, initialBalance, memo, ref, status, type, uuid, account_id, transfer_id, custom) values('InternalTransaction', 1982, 448.74, 448.74, '', '2010-04-16', 'Transfer from Available', 'null', false, '', '', 2, 0, 'e2cb8c52-8adc-3971-a46e-1eb8902f6c6e', 228, 1092, false);
insert into Split (id, amount, uuid, envelope_id, transaction_id) values(1983, 448.74, 'c90e00a3-b99a-361f-acd8-6045f6e97ef3', 264, 1982);
insert into Transaction (DTYPE, id, amount, balance, checkNo, date, description, externalId, initialBalance, memo, ref, status, type, uuid, account_id, transfer_id, custom) values('InternalTransaction', 1984, -175.00, 4791.27, '', '2009-11-16', 'IRS USATAXPYMT 2709', '200911160', false, '72000266518 WEB ID: 3387702000', '', 2, 1, 'cb96cb09-b00d-3153-8d05-cc6e1ea4e014', 229, null, false);
insert into Split (id, amount, uuid, envelope_id, transaction_id) values(1985, -175.00, '2bcae38e-8296-3446-b37a-a0e86c74cbe1', 275, 1984);
insert into Transaction (DTYPE, id, amount, balance, checkNo, date, description, externalId, initialBalance, memo, ref, status, type, uuid, account_id, transfer_id, custom) values('InternalTransaction', 1990, 80.00, 3762.18, '', '2010-02-19', 'Transfer from Available', 'null', false, '', '', 2, 0, 'd3e17f1a-2bb1-3c09-824d-f5fb7717d9c9', 229, 2843, false);
insert into Split (id, amount, uuid, envelope_id, transaction_id) values(1991, 80.00, 'aa6c50d3-02e0-3eb9-b55d-0d7376951ee3', 261, 1990);
insert into Transaction (DTYPE, id, amount, balance, checkNo, date, description, externalId, initialBalance, memo, ref, status, type, uuid, account_id, transfer_id, custom) values('InternalTransaction', 1988, 0.00, 5242.43, '', '2010-03-19', 'Transfer from Available', 'null', false, '', '', 2, 1, 'd519a837-201b-3c1c-8b5d-ae9691490d19', 229, 2608, false);
insert into Split (id, amount, uuid, envelope_id, transaction_id) values(1989, 0.00, '8bd6e777-b6ab-3ddb-8585-613171ca2292', 294, 1988);
insert into Transaction (DTYPE, id, amount, balance, checkNo, date, description, externalId, initialBalance, memo, ref, status, type, uuid, account_id, transfer_id, custom) values('InternalTransaction', 1986, -156.00, 2360.37, '', '2010-04-02', 'Transfer to Spending', 'null', false, '', '', 2, 1, '25612140-0bb0-3ebf-b52d-709c015a7abc', 229, 830, false);
insert into Split (id, amount, uuid, envelope_id, transaction_id) values(1987, -156.00, 'd3df923e-fd55-30cc-a12b-cb977f797a33', 292, 1986);
insert into Transaction (DTYPE, id, amount, balance, checkNo, date, description, externalId, initialBalance, memo, ref, status, type, uuid, account_id, transfer_id, custom) values('InternalTransaction', 1992, -5.37, 0.00, '', '2010-03-18', 'Transfer to Spending', 'null', false, '', '', 2, 1, '9c965f70-3c97-32a2-8da3-d1f8ae30219b', 228, 936, false);
insert into Split (id, amount, uuid, envelope_id, transaction_id) values(1993, -5.37, '4ba7c513-fefa-310d-9d04-98f92c8b4bb9', 292, 1992);
insert into Transaction (DTYPE, id, amount, balance, checkNo, date, description, externalId, initialBalance, memo, ref, status, type, uuid, account_id, transfer_id, custom) values('InternalTransaction', 1994, -7.20, 3866.38, '', '2010-03-25', 'DEL TACO #796/1901 W. N 739312', '201003252', false, '03/24DEL TACO', '', 2, 1, '4a8d816c-bb64-3ba5-b6a9-6bc0f80f7076', 229, null, false);
insert into Split (id, amount, uuid, envelope_id, transaction_id) values(1995, -7.20, 'd0176879-6373-3bdc-b1e8-b9a6c6a06b7c', 246, 1994);
insert into Transaction (DTYPE, id, amount, balance, checkNo, date, description, externalId, initialBalance, memo, ref, status, type, uuid, account_id, transfer_id, custom) values('InternalTransaction', 2000, -20.00, 0.00, '', '2010-02-23', 'Transfer to Lotto', 'null', false, '', '', 2, 1, '25bb512e-4286-380f-9264-f5d3f2f94db0', 228, 1190, false);
insert into Split (id, amount, uuid, envelope_id, transaction_id) values(2001, -20.00, '558ed8b3-b10e-3465-a1a9-aca98250f0b5', 252, 2000);
insert into Transaction (DTYPE, id, amount, balance, checkNo, date, description, externalId, initialBalance, memo, ref, status, type, uuid, account_id, transfer_id, custom) values('InternalTransaction', 1998, -2.51, 4690.60, '', '2010-03-22', 'BARRY''S ACE HARDWARE PHO', '2010032216', false, '03/21BARRY''S A', '', 2, 1, '368c9893-36c3-320e-9a38-8e1a3bbcccd6', 229, null, false);
insert into Split (id, amount, uuid, envelope_id, transaction_id) values(1999, -2.51, '9b4cccd4-0017-34f0-b85f-5fb70411cd01', 239, 1998);
insert into Transaction (DTYPE, id, amount, balance, checkNo, date, description, externalId, initialBalance, memo, ref, status, type, uuid, account_id, transfer_id, custom) values('InternalTransaction', 1996, -317.51, 3916.07, '', '2010-03-23', 'Transfer to Unassigned', 'null', false, '', '', 2, 1, 'a666e4dc-ddd6-31df-a10e-8195fa5eab4a', 229, 1790, false);
insert into Split (id, amount, uuid, envelope_id, transaction_id) values(1997, -317.51, '170b14eb-ac4c-37e0-a145-389fc9e18fcf', 292, 1996);
insert into Transaction (DTYPE, id, amount, balance, checkNo, date, description, externalId, initialBalance, memo, ref, status, type, uuid, account_id, transfer_id, custom) values('InternalTransaction', 2002, -9.03, 2406.91, '', '2009-12-29', '24 HOUR FITNESS 800-432-', '200912295', false, '12/2824 HOUR F', '', 2, 1, '6661e99d-651c-3c63-9ede-d646a425aa87', 229, null, false);
insert into Split (id, amount, uuid, envelope_id, transaction_id) values(2003, -9.03, '36867072-7789-34be-a79a-538beb9cb4e0', 271, 2002);
insert into Transaction (DTYPE, id, amount, balance, checkNo, date, description, externalId, initialBalance, memo, ref, status, type, uuid, account_id, transfer_id, custom) values('InternalTransaction', 2004, 138.08, 4042.94, '', '2010-03-30', 'Transfer from Available', 'null', false, '', '', 2, 0, '944cbf53-5107-3bf3-8ae7-eac06895d4fe', 229, 1786, false);
insert into Split (id, amount, uuid, envelope_id, transaction_id) values(2005, 138.08, '592dde1e-03a4-31a2-b787-880c5df1a2d6', 238, 2004);
insert into Transaction (DTYPE, id, amount, balance, checkNo, date, description, externalId, initialBalance, memo, ref, status, type, uuid, account_id, transfer_id, custom) values('InternalTransaction', 2006, -16.71, 4306.01, '', '2009-12-14', 'GOLDEN RICE EXPRESS PHOE', '2009121419', false, '12/13GOLDEN RI', '', 2, 1, 'c1843024-3ed4-3543-aa03-170442dffa38', 229, null, false);
insert into Split (id, amount, uuid, envelope_id, transaction_id) values(2007, -16.71, 'd9e87b6e-f1ce-3180-b00b-a1cb75af307e', 295, 2006);
insert into Transaction (DTYPE, id, amount, balance, checkNo, date, description, externalId, initialBalance, memo, ref, status, type, uuid, account_id, transfer_id, custom) values('InternalTransaction', 2012, -53.92, 0.00, '', '2010-04-21', 'Transfer to Available', 'null', false, '', '', 2, 1, '758fcfbe-9664-3516-bb81-c52720b8ef20', 228, 556, false);
insert into Split (id, amount, uuid, envelope_id, transaction_id) values(2013, -53.92, '99049e29-f5c4-34b0-9863-8ad0cc732ed9', 264, 2012);
insert into Transaction (DTYPE, id, amount, balance, checkNo, date, description, externalId, initialBalance, memo, ref, status, type, uuid, account_id, transfer_id, custom) values('InternalTransaction', 2010, 150.00, 1501.69, '', '2009-12-21', 'ATM CHECK DEPOSIT', '200912210', false, '', '', 2, 0, '0c378dad-d978-3785-9f98-30cf79192069', 229, null, false);
insert into Split (id, amount, uuid, envelope_id, transaction_id) values(2011, 150.00, 'b97822ec-268a-3ccf-86c9-4e1edcbaca7e', 292, 2010);
insert into Transaction (DTYPE, id, amount, balance, checkNo, date, description, externalId, initialBalance, memo, ref, status, type, uuid, account_id, transfer_id, custom) values('InternalTransaction', 2008, 163.00, 4349.84, '', '2010-03-05', 'Transfer from Available', 'null', false, '', '', 2, 0, '7d3e3cb3-d8df-3d53-b6ff-933dc370cbf0', 229, 596, false);
insert into Split (id, amount, uuid, envelope_id, transaction_id) values(2009, 163.00, '8c1acb77-bda2-39b3-8237-324304c758e3', 258, 2008);
insert into Transaction (DTYPE, id, amount, balance, checkNo, date, description, externalId, initialBalance, memo, ref, status, type, uuid, account_id, transfer_id, custom) values('InternalTransaction', 2016, -19.48, 4507.39, '', '2009-11-16', 'COSTCO WHSE #0665 PHOENI285803', '200911166', false, '11/14COSTCO WH', '', 2, 1, '8f0a5547-9007-36da-98ae-cdbb8d64d189', 229, null, false);
insert into Split (id, amount, uuid, envelope_id, transaction_id) values(2017, -19.48, '39e93649-975f-302a-ae4a-74b8255f9b01', 252, 2016);
insert into Transaction (DTYPE, id, amount, balance, checkNo, date, description, externalId, initialBalance, memo, ref, status, type, uuid, account_id, transfer_id, custom) values('InternalTransaction', 2014, 21.38, 1821.12, '', '2010-03-11', 'Transfer from Available', 'null', false, '', '', 2, 0, '196829bc-aea9-3e82-8b32-2685c73da86a', 229, 1728, false);
insert into Split (id, amount, uuid, envelope_id, transaction_id) values(2015, 21.38, 'c075da46-405d-325b-a164-7b56fd72fcec', 264, 2014);
insert into Transaction (DTYPE, id, amount, balance, checkNo, date, description, externalId, initialBalance, memo, ref, status, type, uuid, account_id, transfer_id, custom) values('InternalTransaction', 2018, -9.74, 2303.48, '', '2009-12-30', 'WALGREEN COMPANY NWC OF 231140', '200912303', false, '12/29WALGREEN', '', 2, 1, '3617024d-5001-36a0-b294-9a5942e15925', 229, null, false);
insert into Split (id, amount, uuid, envelope_id, transaction_id) values(2019, -9.74, '8fed177c-0469-37ec-a03d-719052fc49fa', 277, 2018);
insert into Transaction (DTYPE, id, amount, balance, checkNo, date, description, externalId, initialBalance, memo, ref, status, type, uuid, account_id, transfer_id, custom) values('InternalTransaction', 2020, -20.00, 801.75, '', '2010-04-13', 'Transfer to Hair Services', 'null', false, '', '', 2, 1, 'ddfd5d84-111e-3df4-a136-1a050005fb2a', 229, 2250, false);
insert into Split (id, amount, uuid, envelope_id, transaction_id) values(2021, -20.00, 'f52857c6-84b5-3a9f-b38f-51cc713d350f', 292, 2020);
insert into Transaction (DTYPE, id, amount, balance, checkNo, date, description, externalId, initialBalance, memo, ref, status, type, uuid, account_id, transfer_id, custom) values('InternalTransaction', 2022, 4.98, 3581.56, '', '2010-04-02', 'Transfer from Available', 'null', false, '', '', 2, 0, 'dca45819-f6d1-32a9-b094-4d6304ef89bd', 229, 1392, false);
insert into Split (id, amount, uuid, envelope_id, transaction_id) values(2023, 4.98, 'b2c1c670-2d21-3e4d-8944-d2ca008c4cb5', 232, 2022);
insert into Transaction (DTYPE, id, amount, balance, checkNo, date, description, externalId, initialBalance, memo, ref, status, type, uuid, account_id, transfer_id, custom) values('InternalTransaction', 2024, -21.51, 0.00, '', '2010-03-03', 'Transfer to Available', 'null', false, '', '', 2, 1, '0a2f51e5-ceec-3c06-839b-5498847e97bd', 228, 472, false);
insert into Split (id, amount, uuid, envelope_id, transaction_id) values(2025, -21.51, 'c699cefe-c30a-3530-ad7d-630dca8d87c7', 264, 2024);
insert into Transaction (DTYPE, id, amount, balance, checkNo, date, description, externalId, initialBalance, memo, ref, status, type, uuid, account_id, transfer_id, custom) values('InternalTransaction', 2026, -9.87, 1596.84, '', '2010-03-15', 'PAYPAL INST XFER 4E82', '2010031510', false, '245TLTKVA WEB ID: PAYPALSI66', '', 2, 1, 'da606966-8744-3639-bc45-7f6f739d43bb', 229, null, false);
insert into Split (id, amount, uuid, envelope_id, transaction_id) values(2027, -9.87, 'a1f5e877-1bea-36d9-981c-5e5b8b21cd26', 252, 2026);
insert into Transaction (DTYPE, id, amount, balance, checkNo, date, description, externalId, initialBalance, memo, ref, status, type, uuid, account_id, transfer_id, custom) values('InternalTransaction', 2028, -21.10, 4481.51, '', '2009-11-30', 'WAL-MART #2113 CHRISTOWN472837', '2009113010', false, '11/29WAL-MART', '', 2, 1, '3f0c5e79-f963-38d3-9f6a-d8fd59432454', 229, null, false);
insert into Split (id, amount, uuid, envelope_id, transaction_id) values(2029, -21.10, '23fe49c5-9bfb-3469-97e9-c56bcff4e5e0', 239, 2028);
insert into Transaction (DTYPE, id, amount, balance, checkNo, date, description, externalId, initialBalance, memo, ref, status, type, uuid, account_id, transfer_id, custom) values('InternalTransaction', 2030, -154.66, 2024.23, '', '2010-04-02', 'Transfer to VW Credit', 'null', false, '', '', 2, 1, 'd814d947-52af-377e-9628-7a8bdc643d14', 229, 442, false);
insert into Split (id, amount, uuid, envelope_id, transaction_id) values(2031, -154.66, '10d99776-7192-3021-a230-e6035e8defdc', 292, 2030);
insert into Transaction (DTYPE, id, amount, balance, checkNo, date, description, externalId, initialBalance, memo, ref, status, type, uuid, account_id, transfer_id, custom) values('InternalTransaction', 2032, 83.11, 83.11, '', '2010-03-30', 'Transfer from Household', 'null', false, '', '', 2, 0, '23b29a09-1fff-3b0d-8f9b-378d7f1d08ce', 228, 1454, false);
insert into Split (id, amount, uuid, envelope_id, transaction_id) values(2033, 83.11, '41f7c169-9761-3081-b265-422030578d45', 242, 2032);
insert into Transaction (DTYPE, id, amount, balance, checkNo, date, description, externalId, initialBalance, memo, ref, status, type, uuid, account_id, transfer_id, custom) values('InternalTransaction', 2034, 160.00, 160.00, '', '2010-03-09', 'Transfer from Rental', 'null', false, '', '', 2, 0, '933a229d-d635-3bec-848d-e55d50d64ff1', 228, 1660, false);
insert into Split (id, amount, uuid, envelope_id, transaction_id) values(2035, 160.00, '2951729c-9e4d-3b4a-ad37-5badaa1b67ef', 292, 2034);
insert into Transaction (DTYPE, id, amount, balance, checkNo, date, description, externalId, initialBalance, memo, ref, status, type, uuid, account_id, transfer_id, custom) values('InternalTransaction', 2036, 15.45, 15.45, '', '2010-03-03', 'Transfer from Spending', 'null', false, '', '', 2, 0, '695cde55-dde6-3769-871e-c952554ba632', 228, 1402, false);
insert into Split (id, amount, uuid, envelope_id, transaction_id) values(2037, 15.45, 'b9e3c12b-1ead-3dcd-b662-89fda07ceb66', 292, 2036);
insert into Transaction (DTYPE, id, amount, balance, checkNo, date, description, externalId, initialBalance, memo, ref, status, type, uuid, account_id, transfer_id, custom) values('InternalTransaction', 2042, -65.73, 0.00, '', '2010-04-29', 'Transfer to Spending', 'null', false, '', '', 2, 1, 'ae2e0fed-c369-3c0c-9473-2f058ba1b8af', 228, 2676, false);
insert into Split (id, amount, uuid, envelope_id, transaction_id) values(2043, -65.73, '3c85a3d6-bcad-3ef9-bae1-8f383d9044b6', 292, 2042);
insert into Transaction (DTYPE, id, amount, balance, checkNo, date, description, externalId, initialBalance, memo, ref, status, type, uuid, account_id, transfer_id, custom) values('InternalTransaction', 2040, -4.32, 4687.49, '', '2009-11-16', '#00952 ALBERTSONS PHOENI788489', '2009111613', false, '11/14#00952 AL', '', 2, 1, 'e70ef241-9700-3a1f-a916-7909070d97bd', 229, null, false);
insert into Split (id, amount, uuid, envelope_id, transaction_id) values(2041, -4.32, '788da903-ac18-3845-ac94-a8dc2de70b7a', 238, 2040);
insert into Transaction (DTYPE, id, amount, balance, checkNo, date, description, externalId, initialBalance, memo, ref, status, type, uuid, account_id, transfer_id, custom) values('InternalTransaction', 2038, -7.21, 1546.31, '', '2010-04-21', 'JACK IN THE BOX 131 TEMP', '201004211', false, '04/20JACK IN T', '', 2, 1, 'b3b75536-6800-3ff5-b5e0-5d004f88aa06', 229, null, false);
insert into Split (id, amount, uuid, envelope_id, transaction_id) values(2039, -7.21, '78b8bc06-1c55-38b8-a63c-5f3d9c839498', 246, 2038);
insert into Transaction (DTYPE, id, amount, balance, checkNo, date, description, externalId, initialBalance, memo, ref, status, type, uuid, account_id, transfer_id, custom) values('InternalTransaction', 2046, -25.00, 5499.83, '', '2010-03-19', 'Transfer to Household', 'null', false, '', '', 2, 1, 'c66fbe46-0869-3fd8-849c-24ce98896518', 229, 1016, false);
insert into Split (id, amount, uuid, envelope_id, transaction_id) values(2047, -25.00, '83de2291-d4ba-3ded-9623-c6778164b6e2', 292, 2046);
insert into Transaction (DTYPE, id, amount, balance, checkNo, date, description, externalId, initialBalance, memo, ref, status, type, uuid, account_id, transfer_id, custom) values('InternalTransaction', 2044, -14.97, 4476.89, '', '2009-11-16', 'EASYNEWS.COM 866-396-397', '200911168', false, '11/14EASYNEWS.', '', 2, 1, '71eb4a33-2c7e-3d5c-bbc5-4ad03f262042', 229, null, false);
insert into Split (id, amount, uuid, envelope_id, transaction_id) values(2045, -14.97, 'a4b96278-a51d-33e7-900c-e6c78743342e', 254, 2044);
insert into Transaction (DTYPE, id, amount, balance, checkNo, date, description, externalId, initialBalance, memo, ref, status, type, uuid, account_id, transfer_id, custom) values('InternalTransaction', 2048, 57.49, 57.49, '', '2010-04-21', 'Transfer from Spending', 'null', false, '', '', 2, 0, '13b9a5a7-85d9-3207-8d0b-f82426697193', 228, 1448, false);
insert into Split (id, amount, uuid, envelope_id, transaction_id) values(2049, 57.49, 'b90f22d9-6568-3976-ab1e-99c3239ee30d', 292, 2048);
insert into Transaction (DTYPE, id, amount, balance, checkNo, date, description, externalId, initialBalance, memo, ref, status, type, uuid, account_id, transfer_id, custom) values('InternalTransaction', 2052, -10.26, 0.00, '', '2010-03-11', 'Transfer to Eating Out', 'null', false, '', '', 2, 1, '740b3398-7e61-35f6-b286-c4f4a361a80b', 228, 2484, false);
insert into Split (id, amount, uuid, envelope_id, transaction_id) values(2053, -10.26, '7f573d23-0023-3caf-a23f-85109385d3ca', 292, 2052);
insert into Transaction (DTYPE, id, amount, balance, checkNo, date, description, externalId, initialBalance, memo, ref, status, type, uuid, account_id, transfer_id, custom) values('InternalTransaction', 2050, 1441.12, 8670.84, '', '2010-02-16', 'Transfer from Available', 'null', false, '', '', 0, 0, '2958247f-b2b7-3a36-8748-02f230349966', 229, 3023, false);
insert into Split (id, amount, uuid, envelope_id, transaction_id) values(2051, 1441.12, '6d7025ef-1ca1-310d-9758-edcce0d46fcd', 242, 2050);
insert into Transaction (DTYPE, id, amount, balance, checkNo, date, description, externalId, initialBalance, memo, ref, status, type, uuid, account_id, transfer_id, custom) values('InternalTransaction', 2054, 2103.71, 2954.99, '', '2010-03-05', 'DIFFUSION GROUP PAYROLL PPD', '201003050', false, '', '', 2, 0, 'd5b0bea6-d06a-3449-a14a-6bc1234e0366', 229, null, false);
insert into Split (id, amount, uuid, envelope_id, transaction_id) values(2055, 2103.71, '3742b795-a1df-30f4-abd9-ce2e9c66bc4b', 292, 2054);
insert into Transaction (DTYPE, id, amount, balance, checkNo, date, description, externalId, initialBalance, memo, ref, status, type, uuid, account_id, transfer_id, custom) values('InternalTransaction', 2056, -80.00, 4711.27, '282', '2009-11-16', 'Annette Trijillo', '200911161', false, '', '', 2, 1, '73a756bd-821e-3165-8af5-667ae762fb0b', 229, null, false);
insert into Split (id, amount, uuid, envelope_id, transaction_id) values(2057, -80.00, '7f05daae-7c46-314e-a00c-2f538664fe74', 261, 2056);
insert into Transaction (DTYPE, id, amount, balance, checkNo, date, description, externalId, initialBalance, memo, ref, status, type, uuid, account_id, transfer_id, custom) values('InternalTransaction', 2058, 5.77, 3587.33, '', '2010-04-02', 'Transfer from Available', 'null', false, '', '', 2, 0, 'ea5be750-12b6-3295-8b84-7b9a4942093d', 229, 2486, false);
insert into Split (id, amount, uuid, envelope_id, transaction_id) values(2059, 5.77, '0a00a6e1-22b2-3e01-ae53-cd158fff36eb', 293, 2058);
insert into Transaction (DTYPE, id, amount, balance, checkNo, date, description, externalId, initialBalance, memo, ref, status, type, uuid, account_id, transfer_id, custom) values('InternalTransaction', 2062, -36.49, 1391.85, '', '2009-12-18', 'EBAYS HALF.COM 800-545-9', '200912182', false, '12/17EBAYS HAL', '', 2, 1, '134adae0-34eb-343e-ad0c-521636cecc14', 229, null, false);
insert into Split (id, amount, uuid, envelope_id, transaction_id) values(2063, -36.49, '90b14517-e496-3535-a2b1-33059ba1e143', 280, 2062);
insert into Transaction (DTYPE, id, amount, balance, checkNo, date, description, externalId, initialBalance, memo, ref, status, type, uuid, account_id, transfer_id, custom) values('InternalTransaction', 2060, -154.56, 2524.77, '', '2010-02-26', 'FRY''S ELECTRONICS #0 017021', '201002261', false, '02/25FRY''S ELE', '', 2, 1, 'a0785ecb-f212-3537-b31a-93a404b7043d', 229, null, false);
insert into Split (id, amount, uuid, envelope_id, transaction_id) values(2061, -154.56, '2694811e-5fe6-3355-85de-ece7c8f04ed5', 249, 2060);
insert into Transaction (DTYPE, id, amount, balance, checkNo, date, description, externalId, initialBalance, memo, ref, status, type, uuid, account_id, transfer_id, custom) values('InternalTransaction', 2064, -65.00, 3910.63, '', '2010-02-16', 'Transfer to Massage', 'null', false, '', '', 0, 1, '36efb084-433d-35c3-8c6b-e97834234d25', 229, 1472, false);
insert into Split (id, amount, uuid, envelope_id, transaction_id) values(2065, -65.00, '0e3020ac-49e0-3a56-8e35-99f16a44a6e4', 292, 2064);
insert into Transaction (DTYPE, id, amount, balance, checkNo, date, description, externalId, initialBalance, memo, ref, status, type, uuid, account_id, transfer_id, custom) values('InternalTransaction', 2068, -94.60, 17791.04, '', '2010-02-16', 'Transfer to Arrowhead Water', 'null', false, '', '', 0, 1, 'fd9c7311-7ccc-3d1b-af31-a6280bf68ad9', 229, 746, false);
insert into Split (id, amount, uuid, envelope_id, transaction_id) values(2069, -94.60, 'e151382d-1817-394b-bb47-002217dd872e', 292, 2068);
insert into Transaction (DTYPE, id, amount, balance, checkNo, date, description, externalId, initialBalance, memo, ref, status, type, uuid, account_id, transfer_id, custom) values('InternalTransaction', 2066, -163.00, 4149.07, '', '2010-04-16', 'Transfer to Lofts @ Arcadia', 'null', false, '', '', 2, 1, '4e166db2-348c-3341-b3d2-fb98752cf23a', 229, 1248, false);
insert into Split (id, amount, uuid, envelope_id, transaction_id) values(2067, -163.00, 'cca60d2c-d44a-3aa6-a798-be93793de5fc', 292, 2066);
insert into Transaction (DTYPE, id, amount, balance, checkNo, date, description, externalId, initialBalance, memo, ref, status, type, uuid, account_id, transfer_id, custom) values('InternalTransaction', 2070, -154.66, 3944.99, '', '2010-03-05', 'Transfer to VW Credit', 'null', false, '', '', 2, 1, 'ee959855-f796-38df-8ea5-7fb23d12c86f', 229, 2899, false);
insert into Split (id, amount, uuid, envelope_id, transaction_id) values(2071, -154.66, 'cccb1c39-db7e-365c-9d74-245569b05d5a', 292, 2070);
insert into Transaction (DTYPE, id, amount, balance, checkNo, date, description, externalId, initialBalance, memo, ref, status, type, uuid, account_id, transfer_id, custom) values('InternalTransaction', 2076, -15.95, 3799.31, '', '2010-02-19', 'Transfer to Sirius', 'null', false, '', '', 2, 1, 'bd2a4043-3c96-36a8-818a-009d099296ed', 229, 2128, false);
insert into Split (id, amount, uuid, envelope_id, transaction_id) values(2077, -15.95, '17227310-c4d6-3590-8fb7-3ba7c04b96fb', 292, 2076);
insert into Transaction (DTYPE, id, amount, balance, checkNo, date, description, externalId, initialBalance, memo, ref, status, type, uuid, account_id, transfer_id, custom) values('InternalTransaction', 2074, -175.00, 7098.03, '', '2010-03-20', 'IRS USATAXPYMT 2700', '201003226', false, '', '', 2, 1, '922fb0c5-175b-38c5-9850-5fba7b93c324', 229, null, false);
insert into Split (id, amount, uuid, envelope_id, transaction_id) values(2075, -175.00, '233d90b2-77c6-3038-83b4-5a9c957b1c8f', 275, 2074);
insert into Transaction (DTYPE, id, amount, balance, checkNo, date, description, externalId, initialBalance, memo, ref, status, type, uuid, account_id, transfer_id, custom) values('InternalTransaction', 2072, -1.05, 3865.33, '', '2010-03-25', 'THE HOME DEPOT 468 PHOEN785742', '201003253', false, '03/24THE HOME', '', 2, 1, '17d60da1-2e99-3616-8f3f-b1e1f4beaecd', 229, null, false);
insert into Split (id, amount, uuid, envelope_id, transaction_id) values(2073, -1.05, 'f0911209-764c-3c93-a4d3-91f74439dbab', 239, 2072);
insert into Transaction (DTYPE, id, amount, balance, checkNo, date, description, externalId, initialBalance, memo, ref, status, type, uuid, account_id, transfer_id, custom) values('InternalTransaction', 2078, 43.55, 43.55, '', '2010-04-06', 'Transfer from Spending', 'null', false, '', '', 2, 0, 'b15e6d0f-45d6-3829-af8a-60d9e652556d', 228, 1014, false);
insert into Split (id, amount, uuid, envelope_id, transaction_id) values(2079, 43.55, '4f35af92-62d1-3123-8429-b27cbfdef622', 292, 2078);
insert into Transaction (DTYPE, id, amount, balance, checkNo, date, description, externalId, initialBalance, memo, ref, status, type, uuid, account_id, transfer_id, custom) values('InternalTransaction', 2082, 1.51, 1.51, '', '2010-03-30', 'Transfer from Available', 'null', false, '', '', 2, 0, '9ab118b0-66b9-342d-a680-be36f9a59802', 228, 940, false);
insert into Split (id, amount, uuid, envelope_id, transaction_id) values(2083, 1.51, '45636690-9e53-3ee4-87e0-6d995290f2eb', 277, 2082);
insert into Transaction (DTYPE, id, amount, balance, checkNo, date, description, externalId, initialBalance, memo, ref, status, type, uuid, account_id, transfer_id, custom) values('InternalTransaction', 2080, -2.16, 1466.14, '', '2010-04-06', 'Transfer to Fast Food', 'null', false, '', '', 2, 1, 'a68642d1-9758-357c-b26b-f2b64be4c166', 229, 1162, false);
insert into Split (id, amount, uuid, envelope_id, transaction_id) values(2081, -2.16, 'bdad04a4-4eb2-3303-bfb1-f171218f14d6', 292, 2080);
insert into Transaction (DTYPE, id, amount, balance, checkNo, date, description, externalId, initialBalance, memo, ref, status, type, uuid, account_id, transfer_id, custom) values('InternalTransaction', 2086, 20.00, 20.00, '', '2010-03-12', 'Transfer from Available', 'null', false, '', '', 2, 0, '36050646-6a33-369b-8ac2-c50117773385', 228, 1720, false);
insert into Split (id, amount, uuid, envelope_id, transaction_id) values(2087, 20.00, 'b2d349a5-bdf5-39f0-bcae-07d0e614a16f', 250, 2086);
insert into Transaction (DTYPE, id, amount, balance, checkNo, date, description, externalId, initialBalance, memo, ref, status, type, uuid, account_id, transfer_id, custom) values('InternalTransaction', 2084, -29.76, 2508.21, '', '2010-01-25', 'OFFICE MAX 9201 N 29TH P644794', '201001258', false, '01/22OFFICE MA', '', 2, 1, '2d46f72b-5f52-3b8f-9bb7-430d3ebbe338', 229, null, false);
insert into Split (id, amount, uuid, envelope_id, transaction_id) values(2085, -29.76, 'e7a3f0a4-d152-33d0-bf5d-ae2931251cfe', 239, 2084);
insert into Transaction (DTYPE, id, amount, balance, checkNo, date, description, externalId, initialBalance, memo, ref, status, type, uuid, account_id, transfer_id, custom) values('InternalTransaction', 2088, -109.75, 2370.39, '', '2010-03-08', 'FRYS FOOD & DRUG 1815 G', '201003083', false, '03/06FRYS FOOD Purcha', '', 2, 1, 'f12a506f-af60-3c80-a3c6-23e852bd0035', 229, null, false);
insert into Split (id, amount, uuid, envelope_id, transaction_id) values(2089, -109.75, 'cf5c46c2-8bbc-3d60-adb7-a3527814edf0', 238, 2088);
insert into Transaction (DTYPE, id, amount, balance, checkNo, date, description, externalId, initialBalance, memo, ref, status, type, uuid, account_id, transfer_id, custom) values('InternalTransaction', 2090, 25.00, 3612.33, '', '2010-04-02', 'Transfer from Available', 'null', false, '', '', 2, 0, '5269d667-7242-3cf1-ae11-4357cd7324d3', 229, 2991, false);
insert into Split (id, amount, uuid, envelope_id, transaction_id) values(2091, 25.00, 'd3bd02e0-5f0e-3ade-8c25-bbf53a0b7e2f', 277, 2090);
insert into Transaction (DTYPE, id, amount, balance, checkNo, date, description, externalId, initialBalance, memo, ref, status, type, uuid, account_id, transfer_id, custom) values('InternalTransaction', 2094, -80.00, 2596.96, '', '2010-04-02', 'Transfer to Housekeeping', 'null', false, '', '', 2, 1, '619b200e-b0ae-3ce7-8897-fde5570d871b', 229, 1908, false);
insert into Split (id, amount, uuid, envelope_id, transaction_id) values(2095, -80.00, 'e46f7855-d8ca-34a1-b4f1-32b484fd0cf1', 292, 2094);
insert into Transaction (DTYPE, id, amount, balance, checkNo, date, description, externalId, initialBalance, memo, ref, status, type, uuid, account_id, transfer_id, custom) values('InternalTransaction', 2092, 34.93, 8705.77, '', '2010-02-16', 'Transfer from Available', 'null', false, '', '', 0, 0, 'c3a50c59-853d-3f8d-bf4a-a0260db62977', 229, 1382, false);
insert into Split (id, amount, uuid, envelope_id, transaction_id) values(2093, 34.93, 'ee0721f9-7d17-3264-b186-7eb84b754fa3', 254, 2092);
insert into Transaction (DTYPE, id, amount, balance, checkNo, date, description, externalId, initialBalance, memo, ref, status, type, uuid, account_id, transfer_id, custom) values('InternalTransaction', 2100, -75.67, 3385.65, '', '2009-11-23', 'CNS IKEA TEMPE 8315 847889', '200911233', false, '11/22CNS IKEA', '', 2, 1, '304e22b1-049e-357d-8abe-15f45898ebf8', 229, null, false);
insert into Split (id, amount, uuid, envelope_id, transaction_id) values(2101, -75.67, '459cdd78-a562-350b-af7c-088e7fa5618f', 235, 2100);
insert into Transaction (DTYPE, id, amount, balance, checkNo, date, description, externalId, initialBalance, memo, ref, status, type, uuid, account_id, transfer_id, custom) values('InternalTransaction', 2098, 147.24, 8853.01, '', '2010-02-16', 'Transfer from Available', 'null', false, '', '', 0, 0, 'bedf0110-4a08-3a80-9ad4-72cbf6d2f746', 229, 2302, false);
insert into Split (id, amount, uuid, envelope_id, transaction_id) values(2099, 147.24, '8ad2f2ea-0437-34a9-a08a-6cacde7dffac', 271, 2098);
insert into Transaction (DTYPE, id, amount, balance, checkNo, date, description, externalId, initialBalance, memo, ref, status, type, uuid, account_id, transfer_id, custom) values('InternalTransaction', 2096, -175.00, 2900.42, '', '2010-04-16', 'Transfer to Taxes', 'null', false, '', '', 2, 1, 'b9973c4f-5ae1-3938-ac37-eb3cc504bb78', 229, 322, false);
insert into Split (id, amount, uuid, envelope_id, transaction_id) values(2097, -175.00, '740ae9d3-93ed-348f-903f-94d4cc9124d5', 292, 2096);
insert into Transaction (DTYPE, id, amount, balance, checkNo, date, description, externalId, initialBalance, memo, ref, status, type, uuid, account_id, transfer_id, custom) values('InternalTransaction', 2104, 1725.90, 1725.90, '', '2010-03-20', 'Transfer from Available', 'null', false, '', '', 2, 0, 'e390fced-e03a-3c58-ae88-de73782c50b1', 228, 2256, false);
insert into Split (id, amount, uuid, envelope_id, transaction_id) values(2105, 1725.90, '56f2fcc9-478a-32b3-aaf9-f7053ebec79c', 248, 2104);
insert into Transaction (DTYPE, id, amount, balance, checkNo, date, description, externalId, initialBalance, memo, ref, status, type, uuid, account_id, transfer_id, custom) values('InternalTransaction', 2102, -8.60, 2767.69, '', '2010-02-22', 'THE HOME DEPOT 477 PHOEN252736', '201002229', false, '02/20THE HOME', '', 2, 1, '7160db7e-78df-3782-882a-0d54d24bf474', 229, null, false);
insert into Split (id, amount, uuid, envelope_id, transaction_id) values(2103, -8.60, '17826dd9-3acf-36f7-a8ad-9991c8d9fb24', 239, 2102);
insert into Transaction (DTYPE, id, amount, balance, checkNo, date, description, externalId, initialBalance, memo, ref, status, type, uuid, account_id, transfer_id, custom) values('InternalTransaction', 2106, -53.04, 1695.06, '', '2010-01-11', 'FRYS FOOD & DRUG 1815 G', '201001118', false, '01/09FRYS FOOD Purcha', '', 2, 1, '41eb510f-c35b-30f5-97ce-d58d90f516df', 229, null, false);
insert into Split (id, amount, uuid, envelope_id, transaction_id) values(2107, -53.04, 'd5ce9bb1-1d1f-3376-81b8-11a49aa28b89', 238, 2106);
insert into Transaction (DTYPE, id, amount, balance, checkNo, date, description, externalId, initialBalance, memo, ref, status, type, uuid, account_id, transfer_id, custom) values('InternalTransaction', 2108, -0.32, 1297.60, '', '2010-04-07', 'Transfer to Auto Fuel', 'null', false, '', '', 2, 1, 'd1919f15-fa2c-3d68-b5bc-8997d9e28b4c', 229, 1452, false);
insert into Split (id, amount, uuid, envelope_id, transaction_id) values(2109, -0.32, '321977d4-40fe-3206-9f3f-7eb6eb9c5ecb', 292, 2108);
insert into Transaction (DTYPE, id, amount, balance, checkNo, date, description, externalId, initialBalance, memo, ref, status, type, uuid, account_id, transfer_id, custom) values('InternalTransaction', 2110, 38.21, 1447.49, '', '2010-04-06', 'Transfer from Available', 'null', false, '', '', 2, 0, 'f68f810a-126a-3bb2-a071-00e8b65cd363', 229, 1928, false);
insert into Split (id, amount, uuid, envelope_id, transaction_id) values(2111, 38.21, '34ea79d0-7403-3a5d-b112-67ef61ad5c3f', 264, 2110);
insert into Transaction (DTYPE, id, amount, balance, checkNo, date, description, externalId, initialBalance, memo, ref, status, type, uuid, account_id, transfer_id, custom) values('InternalTransaction', 2116, 142.12, 1277.16, '', '2010-02-16', 'Transfer from Available', 'null', false, '', '', 0, 0, 'dd2bad69-451e-3de3-86a4-1e789435594b', 229, 376, false);
insert into Split (id, amount, uuid, envelope_id, transaction_id) values(2117, 142.12, 'e296c4a5-0330-338c-b175-0a2f50d81f14', 245, 2116);
insert into Transaction (DTYPE, id, amount, balance, checkNo, date, description, externalId, initialBalance, memo, ref, status, type, uuid, account_id, transfer_id, custom) values('InternalTransaction', 2114, -3.25, 5689.84, '', '2009-12-11', '24 HOUR FITNESS #869 CAR', '2009121111', false, '12/0924 HOUR F', '', 2, 1, 'dd2362e5-6849-354f-8a74-146943e8b941', 229, null, false);
insert into Split (id, amount, uuid, envelope_id, transaction_id) values(2115, -3.25, '3904eb8b-fefe-3049-9c84-fbcbdc11160b', 271, 2114);
insert into Transaction (DTYPE, id, amount, balance, checkNo, date, description, externalId, initialBalance, memo, ref, status, type, uuid, account_id, transfer_id, custom) values('InternalTransaction', 2112, -65.00, 3127.59, '', '2010-02-19', 'Transfer to Verizon Wireless', 'null', false, '', '', 2, 1, '7585668f-f36d-3456-9f3d-3d726f34179e', 229, 2622, false);
insert into Split (id, amount, uuid, envelope_id, transaction_id) values(2113, -65.00, '1475216e-0be5-3766-8bee-f97ea0f3c4a9', 292, 2112);
insert into Transaction (DTYPE, id, amount, balance, checkNo, date, description, externalId, initialBalance, memo, ref, status, type, uuid, account_id, transfer_id, custom) values('InternalTransaction', 2118, 4.13, 5246.56, '', '2010-03-19', 'Transfer from Available', 'null', false, '', '', 2, 0, '6072508d-e6f0-30e8-b84e-f2f8476f7e9a', 229, 530, false);
insert into Split (id, amount, uuid, envelope_id, transaction_id) values(2119, 4.13, 'a819b889-6a42-30c0-8d20-fb9431a3f694', 263, 2118);
insert into Transaction (DTYPE, id, amount, balance, checkNo, date, description, externalId, initialBalance, memo, ref, status, type, uuid, account_id, transfer_id, custom) values('InternalTransaction', 2120, 80.00, 4019.13, '', '2010-04-16', 'Transfer from Available', 'null', false, '', '', 2, 0, '210a8d01-ded1-3de8-95fc-02a061ed9818', 229, 2716, false);
insert into Split (id, amount, uuid, envelope_id, transaction_id) values(2121, 80.00, '82efce19-5477-3d59-b769-eede592cef71', 261, 2120);
insert into Transaction (DTYPE, id, amount, balance, checkNo, date, description, externalId, initialBalance, memo, ref, status, type, uuid, account_id, transfer_id, custom) values('InternalTransaction', 2122, -55.94, 0.00, '', '2010-04-23', 'Transfer to Available', 'null', false, '', '', 2, 1, '3b6fee47-339b-3d79-8365-b86b1aaf3ead', 228, 1034, false);
insert into Split (id, amount, uuid, envelope_id, transaction_id) values(2123, -55.94, '7d914ce1-f26a-3a48-b9a4-bfe24e766ea9', 252, 2122);
insert into Transaction (DTYPE, id, amount, balance, checkNo, date, description, externalId, initialBalance, memo, ref, status, type, uuid, account_id, transfer_id, custom) values('InternalTransaction', 2124, -21.49, 2822.49, '', '2010-02-22', 'FRYS FOOD & DRUG 1815 G 624802', '201002224', false, '02/21FRYS FOOD', '', 2, 1, 'a28c1705-8a70-3c14-bffd-86d07145c7db', 229, null, false);
insert into Split (id, amount, uuid, envelope_id, transaction_id) values(2125, -21.49, '4cca09f4-c40c-3c6a-b6d3-5ccfe46df414', 238, 2124);
insert into Transaction (DTYPE, id, amount, balance, checkNo, date, description, externalId, initialBalance, memo, ref, status, type, uuid, account_id, transfer_id, custom) values('InternalTransaction', 2126, -49.00, 1428.34, '', '2009-12-18', 'MASSAGE ENVY 0011 480-83', '200912181', false, '12/16MASSAGE E', '', 2, 1, '86f5c2a0-8ec2-3066-9a3a-f1987b1bc18d', 229, null, false);
insert into Split (id, amount, uuid, envelope_id, transaction_id) values(2127, -49.00, 'dd61cd75-541e-3342-ad25-5886a7a04c2e', 279, 2126);
insert into Transaction (DTYPE, id, amount, balance, checkNo, date, description, externalId, initialBalance, memo, ref, status, type, uuid, account_id, transfer_id, custom) values('InternalTransaction', 2128, 15.95, 3783.90, '', '2010-02-19', 'Transfer from Available', 'null', false, '', '', 2, 0, '158304d4-c3ec-3204-9778-863773928623', 229, 2076, false);
insert into Split (id, amount, uuid, envelope_id, transaction_id) values(2129, 15.95, '5f123691-b223-30bc-9d7e-ff0f2b5b43fd', 233, 2128);
insert into Transaction (DTYPE, id, amount, balance, checkNo, date, description, externalId, initialBalance, memo, ref, status, type, uuid, account_id, transfer_id, custom) values('InternalTransaction', 2130, -60.00, 5526.60, '256', '2009-12-11', 'Annette Trijillo', '200912113', false, '', '', 2, 1, '8e80ae45-fba4-3530-9ac7-9d11b0b7340e', 229, null, false);
insert into Split (id, amount, uuid, envelope_id, transaction_id) values(2131, -60.00, '9af01c9d-a4d1-3dd8-846a-bfe9828b8efb', 261, 2130);
insert into Transaction (DTYPE, id, amount, balance, checkNo, date, description, externalId, initialBalance, memo, ref, status, type, uuid, account_id, transfer_id, custom) values('InternalTransaction', 2134, 75.00, 1210.04, '', '2010-02-16', 'Transfer from Available', 'null', false, '', '', 0, 0, '5f1d156e-56b2-36bf-8cbc-8390dd41e3ed', 229, 662, false);
insert into Split (id, amount, uuid, envelope_id, transaction_id) values(2135, 75.00, '3c059b8a-98d8-392f-b5de-3096f1c2e6b3', 268, 2134);
insert into Transaction (DTYPE, id, amount, balance, checkNo, date, description, externalId, initialBalance, memo, ref, status, type, uuid, account_id, transfer_id, custom) values('InternalTransaction', 2132, -53.00, 2123.49, '', '2009-11-04', 'SPROUTS FARMERS MKT # 0 580297', '200911041', false, '11/03SPROUTS F', '', 2, 1, '227237bb-366c-33a5-ae18-e0ecb5905902', 229, null, false);
insert into Split (id, amount, uuid, envelope_id, transaction_id) values(2133, -53.00, 'a4b4145d-f6d9-38cb-ab40-a4c92bef954b', 238, 2132);
insert into Transaction (DTYPE, id, amount, balance, checkNo, date, description, externalId, initialBalance, memo, ref, status, type, uuid, account_id, transfer_id, custom) values('InternalTransaction', 2136, 15.00, 1537.85, '', '2010-02-16', 'Transfer from Available', 'null', false, '', '', 0, 0, 'a04d0d28-4656-34c1-a8d6-3cf8634085df', 229, 986, false);
insert into Split (id, amount, uuid, envelope_id, transaction_id) values(2137, 15.00, '3fa1538b-1762-396c-9df4-0e2490845d08', 274, 2136);
insert into Transaction (DTYPE, id, amount, balance, checkNo, date, description, externalId, initialBalance, memo, ref, status, type, uuid, account_id, transfer_id, custom) values('InternalTransaction', 2138, -4.63, 4966.27, '', '2009-11-13', 'IN-N-OUT BURGERS TEMPE A', '200911135', false, '11/11IN-N-OUT', '', 2, 1, '0b23c4d0-261a-3456-aa5c-99138a3f281e', 229, null, false);
insert into Split (id, amount, uuid, envelope_id, transaction_id) values(2139, -4.63, 'b5665e5b-12c8-3f0c-a0f9-b41251850e86', 246, 2138);
insert into Transaction (DTYPE, id, amount, balance, checkNo, date, description, externalId, initialBalance, memo, ref, status, type, uuid, account_id, transfer_id, custom) values('InternalTransaction', 2142, -50.00, 1452.60, '', '2010-04-22', 'ACTINODERMATOLOGY LTD TE', '201004222', false, '04/19ACTINODER', '', 1, 1, '071bc106-4491-337e-a231-ba622485c217', 229, null, false);
insert into Split (id, amount, uuid, envelope_id, transaction_id) values(2143, -50.00, '6bec13c0-ca58-3511-8a91-66b256248d86', 286, 2142);
insert into Transaction (DTYPE, id, amount, balance, checkNo, date, description, externalId, initialBalance, memo, ref, status, type, uuid, account_id, transfer_id, custom) values('InternalTransaction', 2140, -300.00, 3174.51, '', '2009-12-14', 'ATM WITHDRAWAL 000307', '200912143', false, '12/12742 E GLE', '', 2, 1, '9e061614-7d66-30c7-91cf-6ca7a4b60b99', 229, null, false);
insert into Split (id, amount, uuid, envelope_id, transaction_id) values(2141, -300.00, 'b108b728-29bb-3b8e-8947-bcf39b766013', 276, 2140);
insert into Transaction (DTYPE, id, amount, balance, checkNo, date, description, externalId, initialBalance, memo, ref, status, type, uuid, account_id, transfer_id, custom) values('InternalTransaction', 2146, 20.00, 20.00, '', '2010-03-13', 'Transfer from Spending', 'null', false, '', '', 2, 0, 'fd9826fd-6bef-38b4-af8c-e994a8fd3cf9', 228, 446, false);
insert into Split (id, amount, uuid, envelope_id, transaction_id) values(2147, 20.00, 'c8104e91-18f0-32e7-b9b2-868870fbdf71', 251, 2146);
insert into Transaction (DTYPE, id, amount, balance, checkNo, date, description, externalId, initialBalance, memo, ref, status, type, uuid, account_id, transfer_id, custom) values('InternalTransaction', 2144, -49.80, 0.00, '', '2010-03-30', 'Transfer to Credit Cards', 'null', false, '', '', 2, 1, 'a5e4f8fe-9ef2-3f40-84f7-c033ee10ede2', 228, 3029, false);
insert into Split (id, amount, uuid, envelope_id, transaction_id) values(2145, -49.80, '96603842-57db-3493-8dc9-a4ab905db891', 292, 2144);
insert into Transaction (DTYPE, id, amount, balance, checkNo, date, description, externalId, initialBalance, memo, ref, status, type, uuid, account_id, transfer_id, custom) values('InternalTransaction', 2148, -10.98, 5109.21, '', '2010-02-19', 'Transfer to Car Wash', 'null', false, '', '', 2, 1, '7a3b9593-c29b-39fa-bb22-3ae7f65d5d7f', 229, 358, false);
insert into Split (id, amount, uuid, envelope_id, transaction_id) values(2149, -10.98, '5914b27b-a1e2-3a9f-a8cb-be1d0a1f4548', 292, 2148);
insert into Transaction (DTYPE, id, amount, balance, checkNo, date, description, externalId, initialBalance, memo, ref, status, type, uuid, account_id, transfer_id, custom) values('InternalTransaction', 2154, 63.12, 63.12, '', '2010-03-30', 'Transfer from Unassigned', 'null', false, '', '', 2, 0, '826cdd12-cfe1-325a-865f-5a238d387243', 228, 1544, false);
insert into Split (id, amount, uuid, envelope_id, transaction_id) values(2155, 63.12, '996eae9d-61b6-35d4-96bc-ba26da686ae2', 292, 2154);
insert into Transaction (DTYPE, id, amount, balance, checkNo, date, description, externalId, initialBalance, memo, ref, status, type, uuid, account_id, transfer_id, custom) values('InternalTransaction', 2152, -5.00, 1586.23, '', '2010-03-15', '24 HOUR FITNESS #869 CAR', '2010031512', false, '03/1224 HOUR F', '', 2, 1, 'c3fa3804-e5f9-3f84-88cf-7ce5aff74899', 229, null, false);
insert into Split (id, amount, uuid, envelope_id, transaction_id) values(2153, -5.00, '9986fa53-92a8-3a61-b193-6b3521c42aac', 252, 2152);
insert into Transaction (DTYPE, id, amount, balance, checkNo, date, description, externalId, initialBalance, memo, ref, status, type, uuid, account_id, transfer_id, custom) values('InternalTransaction', 2150, -200.00, 3823.11, '', '2010-04-16', 'Transfer to Spending', 'null', false, '', '', 2, 1, '3d3dcc2f-4169-31c1-a04d-52e5088e0106', 229, 906, false);
insert into Split (id, amount, uuid, envelope_id, transaction_id) values(2151, -200.00, 'f92b1bde-0401-32ef-a1ec-9e37879f24ab', 292, 2150);
insert into Transaction (DTYPE, id, amount, balance, checkNo, date, description, externalId, initialBalance, memo, ref, status, type, uuid, account_id, transfer_id, custom) values('InternalTransaction', 2158, -603.00, 476.96, '', '2010-04-27', 'CAMEL VW SUBARU MAZDA PH', '201004270', false, '04/23CAMEL VW', '', 1, 1, '91568614-a852-3867-bfe3-91b31872e71a', 229, null, false);
insert into Split (id, amount, uuid, envelope_id, transaction_id) values(2159, -603.00, '0303a2fc-9191-3b3e-9d1a-cd9b86f82924', 245, 2158);
insert into Transaction (DTYPE, id, amount, balance, checkNo, date, description, externalId, initialBalance, memo, ref, status, type, uuid, account_id, transfer_id, custom) values('InternalTransaction', 2156, 0.00, 3612.33, '', '2010-04-02', 'Transfer from Available', 'null', false, '', '', 2, 1, 'f903df48-cec9-334c-8bfe-45458d303cdd', 229, 2544, false);
insert into Split (id, amount, uuid, envelope_id, transaction_id) values(2157, 0.00, '38ed5db0-a0b4-329b-a1e2-49d3d6f9423f', 258, 2156);
insert into Transaction (DTYPE, id, amount, balance, checkNo, date, description, externalId, initialBalance, memo, ref, status, type, uuid, account_id, transfer_id, custom) values('InternalTransaction', 2160, -5.37, 1201.77, '', '2010-03-17', 'APL*ITUNES 866-712-7753', '201003171', false, '03/17APL*ITUNE', '', 2, 1, 'a95d9bb3-8274-3055-8f6d-2b9bf10949db', 229, null, false);
insert into Split (id, amount, uuid, envelope_id, transaction_id) values(2161, -5.37, '69eb70fc-dc46-37db-944c-b02a92d92d95', 252, 2160);
insert into Transaction (DTYPE, id, amount, balance, checkNo, date, description, externalId, initialBalance, memo, ref, status, type, uuid, account_id, transfer_id, custom) values('InternalTransaction', 2162, -8.95, 1792.44, '', '2010-03-11', 'BAJA FRESH 81 00000950 T', '201003113', false, '03/05BAJA FRES', '', 2, 1, '43b78343-3a0d-3866-b5ac-037e06debedf', 229, null, false);
insert into Split (id, amount, uuid, envelope_id, transaction_id) values(2163, -8.95, '330dbb65-e502-3253-9bb1-be5791bc2bd6', 295, 2162);
insert into Transaction (DTYPE, id, amount, balance, checkNo, date, description, externalId, initialBalance, memo, ref, status, type, uuid, account_id, transfer_id, custom) values('InternalTransaction', 2164, -40.79, 0.00, '', '2010-03-30', 'Transfer to Credit Cards', 'null', false, '', '', 2, 1, 'd81c5bf0-ceac-32ed-9f98-5a97c92c096e', 228, 3009, false);
insert into Split (id, amount, uuid, envelope_id, transaction_id) values(2165, -40.79, '3bdcc213-2cf1-39d4-83b7-67a1986462d0', 273, 2164);
insert into Transaction (DTYPE, id, amount, balance, checkNo, date, description, externalId, initialBalance, memo, ref, status, type, uuid, account_id, transfer_id, custom) values('InternalTransaction', 2168, -18.53, 650.05, '', '2010-04-16', 'Transfer to Groceries', 'null', false, '', '', 2, 1, '1b542185-b917-319b-84aa-fe65f81a3c2b', 229, 1222, false);
insert into Split (id, amount, uuid, envelope_id, transaction_id) values(2169, -18.53, '66eaa544-93d4-3980-a16a-5fa7fe3d3ce4', 292, 2168);
insert into Transaction (DTYPE, id, amount, balance, checkNo, date, description, externalId, initialBalance, memo, ref, status, type, uuid, account_id, transfer_id, custom) values('InternalTransaction', 2166, -15.78, 1594.88, '', '2010-01-12', 'EBAYS HALF.COM 800-545-9', '201001122', false, '01/11EBAYS HAL', '', 2, 1, '99562fa9-3214-320e-a0bf-99e852a38af6', 229, null, false);
insert into Split (id, amount, uuid, envelope_id, transaction_id) values(2167, -15.78, '8df3cd13-2d27-366e-9d8a-b649bdd5945e', 280, 2166);
insert into Transaction (DTYPE, id, amount, balance, checkNo, date, description, externalId, initialBalance, memo, ref, status, type, uuid, account_id, transfer_id, custom) values('InternalTransaction', 2170, -5.30, 1574.58, '', '2010-01-12', 'COLDSTN CREAM #41 PHOENI', '201001124', false, '01/10COLDSTN C', '', 2, 1, '7faf6cec-eab0-39ce-b7bf-b47aee57a86c', 229, null, false);
insert into Split (id, amount, uuid, envelope_id, transaction_id) values(2171, -5.30, '7f94f2e9-52e2-3fd5-aa33-d8da65ce9e62', 295, 2170);
insert into Transaction (DTYPE, id, amount, balance, checkNo, date, description, externalId, initialBalance, memo, ref, status, type, uuid, account_id, transfer_id, custom) values('InternalTransaction', 2174, -41.16, 3932.06, '', '2010-03-23', 'CIRCLE K 01618 PHOENIX A065491', '201003231', false, '03/22CIRCLE K', '', 2, 1, 'afe64622-5cd7-3048-b05c-d20267c2a80b', 229, null, false);
insert into Split (id, amount, uuid, envelope_id, transaction_id) values(2175, -41.16, 'f3fedd8b-f58d-3ebf-a3fd-fc17a91c050d', 253, 2174);
insert into Transaction (DTYPE, id, amount, balance, checkNo, date, description, externalId, initialBalance, memo, ref, status, type, uuid, account_id, transfer_id, custom) values('InternalTransaction', 2172, -7.51, 4351.95, '', '2010-03-29', 'QUICK MART TEMPE AZ 605793', '2010032910', false, '03/27QUICK MAR', '', 2, 1, '9a8a6ab0-0c25-3aa7-942d-16c860c0d32c', 229, null, false);
insert into Split (id, amount, uuid, envelope_id, transaction_id) values(2173, -7.51, '48e7eac1-54e6-3021-8ecf-79edb4e73a12', 252, 2172);
insert into Transaction (DTYPE, id, amount, balance, checkNo, date, description, externalId, initialBalance, memo, ref, status, type, uuid, account_id, transfer_id, custom) values('InternalTransaction', 2176, 180.25, 9654.57, '', '2010-02-16', 'Transfer from Available', 'null', false, '', '', 0, 0, '485b77d0-65bd-3dbf-b318-5d4418ad31e2', 229, 478, false);
insert into Split (id, amount, uuid, envelope_id, transaction_id) values(2177, 180.25, '1ed20058-afc2-35f5-86e7-9c3cd2b078ef', 284, 2176);
insert into Transaction (DTYPE, id, amount, balance, checkNo, date, description, externalId, initialBalance, memo, ref, status, type, uuid, account_id, transfer_id, custom) values('InternalTransaction', 2178, -160.00, 0.00, '', '2010-03-05', 'Transfer to Household', 'null', false, '', '', 2, 1, '1fe13810-b355-3a00-b2b3-e0965046c3bf', 228, 2885, false);
insert into Split (id, amount, uuid, envelope_id, transaction_id) values(2179, -160.00, '97a2622e-de71-3b7e-8dca-998b4312d71d', 292, 2178);
insert into Transaction (DTYPE, id, amount, balance, checkNo, date, description, externalId, initialBalance, memo, ref, status, type, uuid, account_id, transfer_id, custom) values('InternalTransaction', 2180, -35.00, 1660.06, '', '2010-01-11', 'JOSEPH SCOTT SALON LLC P095901', '201001119', false, '01/08JOSEPH SC', '', 2, 1, 'bc629156-d731-386c-a117-efc0ab075e2a', 229, null, false);
insert into Split (id, amount, uuid, envelope_id, transaction_id) values(2181, -35.00, '9efcf178-4605-3bcb-8e86-4e4d8380e589', 260, 2180);
insert into Transaction (DTYPE, id, amount, balance, checkNo, date, description, externalId, initialBalance, memo, ref, status, type, uuid, account_id, transfer_id, custom) values('InternalTransaction', 2186, -5.67, 2238.20, '', '2010-03-01', 'CARLS JR 829 Q53 TEMPE A', '201003015', false, '02/25CARLS JR', '', 2, 1, '43180995-ddf6-35fc-808c-fd16784bc9d4', 229, null, false);
insert into Split (id, amount, uuid, envelope_id, transaction_id) values(2187, -5.67, '378a98d4-bfd7-3e45-b0c5-a5f2b147ae40', 246, 2186);
insert into Transaction (DTYPE, id, amount, balance, checkNo, date, description, externalId, initialBalance, memo, ref, status, type, uuid, account_id, transfer_id, custom) values('InternalTransaction', 2184, -21.00, 3115.54, '', '2009-11-25', 'MOVIETICKETS COM 888-440', '200911252', false, '11/24MOVIETICK', '', 2, 1, 'f028864f-07fc-300c-9c86-08875afa02bf', 229, null, false);
insert into Split (id, amount, uuid, envelope_id, transaction_id) values(2185, -21.00, '1800caa5-f358-38d7-b08d-48bda9bd6881', 284, 2184);
insert into Transaction (DTYPE, id, amount, balance, checkNo, date, description, externalId, initialBalance, memo, ref, status, type, uuid, account_id, transfer_id, custom) values('InternalTransaction', 2182, -4.84, 0.00, '', '2010-03-20', 'Transfer to Fast Food', 'null', false, '', '', 2, 1, 'f6ff7667-fe1e-350b-93fb-eddb3feb9467', 228, 438, false);
insert into Split (id, amount, uuid, envelope_id, transaction_id) values(2183, -4.84, '7bedc96d-40f3-336f-a763-4ca5c58dd615', 292, 2182);
insert into Transaction (DTYPE, id, amount, balance, checkNo, date, description, externalId, initialBalance, memo, ref, status, type, uuid, account_id, transfer_id, custom) values('InternalTransaction', 2190, 13.99, 4363.83, '', '2010-03-05', 'Transfer from Available', 'null', false, '', '', 2, 0, 'f8fe7cbd-2831-3905-a7e1-d0bf917be492', 229, 1148, false);
insert into Split (id, amount, uuid, envelope_id, transaction_id) values(2191, 13.99, '1cd1714f-e46d-3df6-8453-05f7eda23c27', 266, 2190);
insert into Transaction (DTYPE, id, amount, balance, checkNo, date, description, externalId, initialBalance, memo, ref, status, type, uuid, account_id, transfer_id, custom) values('InternalTransaction', 2188, -1.25, 5080.20, '', '2010-02-16', 'Transfer to Coffee', 'null', false, '', '', 0, 1, '7f78d6f4-6a14-34dd-bcf2-e1b7d14671e3', 229, 448, false);
insert into Split (id, amount, uuid, envelope_id, transaction_id) values(2189, -1.25, 'f872fa1a-8262-3f4c-ae17-1dfc62db4ca7', 292, 2188);
insert into Transaction (DTYPE, id, amount, balance, checkNo, date, description, externalId, initialBalance, memo, ref, status, type, uuid, account_id, transfer_id, custom) values('InternalTransaction', 2192, -6.55, 2321.04, '', '2010-02-24', 'TACO BELL #21245 TEMPE A', '201002240', false, '02/22TACO BELL', '', 2, 1, '02049739-cbe4-3a75-b372-8231db8e00ba', 229, null, false);
insert into Split (id, amount, uuid, envelope_id, transaction_id) values(2193, -6.55, 'b1e150e5-e85c-3d12-8b0b-c7d711bec34b', 246, 2192);
insert into Transaction (DTYPE, id, amount, balance, checkNo, date, description, externalId, initialBalance, memo, ref, status, type, uuid, account_id, transfer_id, custom) values('InternalTransaction', 2196, 46.30, 884.68, '', '2010-03-03', 'U-HAUL GRAND AVE PHOENIX', '201003031', false, '03/01U-HAUL GR', '', 2, 0, '0881f636-fd88-3483-88f7-ee16b110fc40', 229, null, false);
insert into Split (id, amount, uuid, envelope_id, transaction_id) values(2197, 46.30, '88882eb7-2d1d-3ea4-ab89-8f558ea00476', 292, 2196);
insert into Transaction (DTYPE, id, amount, balance, checkNo, date, description, externalId, initialBalance, memo, ref, status, type, uuid, account_id, transfer_id, custom) values('InternalTransaction', 2194, -20.00, 1285.97, '', '2010-01-21', 'CIRCLE K 01346 TEMPE AZ 110656', '201001210', false, '01/20CIRCLE K', '', 2, 1, '810cf112-c090-316d-8400-5739edd1357c', 229, null, false);
insert into Split (id, amount, uuid, envelope_id, transaction_id) values(2195, -20.00, 'f01e06ac-3a43-3782-956a-d68e4ff6474a', 252, 2194);
insert into Transaction (DTYPE, id, amount, balance, checkNo, date, description, externalId, initialBalance, memo, ref, status, type, uuid, account_id, transfer_id, custom) values('InternalTransaction', 2198, -7.19, 3485.28, '', '2009-12-14', 'QDOBA 428 11404282 P', '2009121425', false, '12/12QDOBA 428', '', 2, 1, 'feff83a0-1eac-3cf3-abe4-66985052e5e1', 229, null, false);
insert into Split (id, amount, uuid, envelope_id, transaction_id) values(2199, -7.19, '3ca77313-ed78-3156-92ae-a91fe4dddf08', 295, 2198);
insert into Transaction (DTYPE, id, amount, balance, checkNo, date, description, externalId, initialBalance, memo, ref, status, type, uuid, account_id, transfer_id, custom) values('InternalTransaction', 2200, -5.61, 2972.92, '', '2010-01-25', 'BURGER KING #10259 TEMPE', '2010012513', false, '01/22BURGER KI', '', 2, 1, '5ed7fc19-fff0-3995-97c5-3696782ee3de', 229, null, false);
insert into Split (id, amount, uuid, envelope_id, transaction_id) values(2201, -5.61, 'ed5424dc-51fd-37d0-a629-d7f20940c8c6', 246, 2200);
insert into Transaction (DTYPE, id, amount, balance, checkNo, date, description, externalId, initialBalance, memo, ref, status, type, uuid, account_id, transfer_id, custom) values('InternalTransaction', 2202, -22.00, 341.29, '', '2010-04-28', 'NON-CHASE ATM WITHDRAW 404557', '201004281', false, '04/28202 E UNI', '', 1, 1, '8bd0e552-7b34-3ace-a3e4-b4dfcf115feb', 229, null, false);
insert into Split (id, amount, uuid, envelope_id, transaction_id) values(2203, -22.00, '86403d30-c5cc-302e-8d99-f62e38e05d89', 252, 2202);
insert into Transaction (DTYPE, id, amount, balance, checkNo, date, description, externalId, initialBalance, memo, ref, status, type, uuid, account_id, transfer_id, custom) values('InternalTransaction', 2204, 80.00, 5326.56, '', '2010-03-19', 'Transfer from Available', 'null', false, '', '', 2, 0, '194ad438-9a7c-3624-a82e-f0bf4bf7e992', 229, 2634, false);
insert into Split (id, amount, uuid, envelope_id, transaction_id) values(2205, 80.00, 'c9486977-dc9a-3333-aca2-fab14141d005', 261, 2204);
insert into Transaction (DTYPE, id, amount, balance, checkNo, date, description, externalId, initialBalance, memo, ref, status, type, uuid, account_id, transfer_id, custom) values('InternalTransaction', 2208, 150.00, 5476.56, '', '2010-03-19', 'Transfer from Available', 'null', false, '', '', 2, 0, '34d8811c-776d-36e6-a0de-b812a672d96a', 229, 1596, false);
insert into Split (id, amount, uuid, envelope_id, transaction_id) values(2209, 150.00, '329213b7-e375-3331-aec5-c70d181de77b', 238, 2208);
insert into Transaction (DTYPE, id, amount, balance, checkNo, date, description, externalId, initialBalance, memo, ref, status, type, uuid, account_id, transfer_id, custom) values('InternalTransaction', 2206, -191.20, 3250.51, '', '2010-03-30', 'JUNIPER', '201003312', false, '', '', 2, 1, 'f3f38e67-328c-3ffb-bfd2-3d5fdacda6df', 229, null, false);
insert into Split (id, amount, uuid, envelope_id, transaction_id) values(2207, -191.20, 'c0309e72-922e-37f5-b584-16d72dece72b', 242, 2206);
insert into Transaction (DTYPE, id, amount, balance, checkNo, date, description, externalId, initialBalance, memo, ref, status, type, uuid, account_id, transfer_id, custom) values('InternalTransaction', 2210, -4.13, 3900.77, '', '2010-02-19', 'Transfer to Me.com', 'null', false, '', '', 2, 1, '918d131d-aea6-3c34-9585-33881f9a2007', 229, 764, false);
insert into Split (id, amount, uuid, envelope_id, transaction_id) values(2211, -4.13, 'f3881758-c5f4-3f20-91fd-f3c56e2df52c', 292, 2210);
insert into Transaction (DTYPE, id, amount, balance, checkNo, date, description, externalId, initialBalance, memo, ref, status, type, uuid, account_id, transfer_id, custom) values('InternalTransaction', 2214, -52.99, 1463.19, '', '2010-01-15', 'WALGREENS #6400 PHOENIX', '201001150', false, '01/14WALGREENS', '', 2, 1, 'f0dc1a31-cab2-3c2f-b001-ceb3ca1887a3', 229, null, false);
insert into Split (id, amount, uuid, envelope_id, transaction_id) values(2215, -52.99, '72a1459f-731c-38f1-abfc-9ac7d6fe21b0', 277, 2214);
insert into Transaction (DTYPE, id, amount, balance, checkNo, date, description, externalId, initialBalance, memo, ref, status, type, uuid, account_id, transfer_id, custom) values('InternalTransaction', 2212, -29.99, 1777.67, '', '2009-11-06', '24HR FITNESS DUES 800-43', '200911063', false, '11/0524HR FITN', '', 2, 1, 'e46f3575-45b4-36fe-9314-5027c0d7a8dd', 229, null, false);
insert into Split (id, amount, uuid, envelope_id, transaction_id) values(2213, -29.99, '0e253cb2-63e0-3384-a549-69d3b6219463', 271, 2212);
insert into Transaction (DTYPE, id, amount, balance, checkNo, date, description, externalId, initialBalance, memo, ref, status, type, uuid, account_id, transfer_id, custom) values('InternalTransaction', 2216, -10.05, 989.66, '', '2010-03-03', 'Transfer to Eating Out', 'null', false, '', '', 2, 1, 'fdff4bb7-1ea8-3132-923e-0ca6ba2f7d4c', 229, 994, false);
insert into Split (id, amount, uuid, envelope_id, transaction_id) values(2217, -10.05, 'a7593e9b-58d5-3156-9d8d-8b97b0b85656', 292, 2216);
insert into Transaction (DTYPE, id, amount, balance, checkNo, date, description, externalId, initialBalance, memo, ref, status, type, uuid, account_id, transfer_id, custom) values('InternalTransaction', 2218, 0.00, 3612.33, '', '2010-04-02', 'Transfer from Available', 'null', false, '', '', 2, 1, '60716581-fda0-3e3e-9691-1010126d6ebe', 229, 1460, false);
insert into Split (id, amount, uuid, envelope_id, transaction_id) values(2219, 0.00, '757578fd-da69-3ead-9786-9daca8aa5e72', 286, 2218);
insert into Transaction (DTYPE, id, amount, balance, checkNo, date, description, externalId, initialBalance, memo, ref, status, type, uuid, account_id, transfer_id, custom) values('InternalTransaction', 2220, -7.03, 4970.90, '', '2009-11-13', 'ROSITA''S TEMPE TEMPE AZ', '200911134', false, '11/12ROSITA''S', '', 2, 1, 'ebf2da2e-f69e-394a-9045-dc1db2a847cb', 229, null, false);
insert into Split (id, amount, uuid, envelope_id, transaction_id) values(2221, -7.03, 'fa7bb694-5bd5-3339-8333-8c2070e1d090', 295, 2220);
insert into Transaction (DTYPE, id, amount, balance, checkNo, date, description, externalId, initialBalance, memo, ref, status, type, uuid, account_id, transfer_id, custom) values('InternalTransaction', 2224, -60.00, 4541.58, '', '2010-03-23', 'Transfer to ATM Withdrawls', 'null', false, '', '', 2, 1, '17b36bc7-e496-340f-a97f-b4074b1a552e', 229, 1210, false);
insert into Split (id, amount, uuid, envelope_id, transaction_id) values(2225, -60.00, '8da1c4d0-cc84-3ced-bc4d-9d443976faae', 292, 2224);
insert into Transaction (DTYPE, id, amount, balance, checkNo, date, description, externalId, initialBalance, memo, ref, status, type, uuid, account_id, transfer_id, custom) values('InternalTransaction', 2222, 75.00, 10045.82, '', '2010-02-16', 'Transfer from Available', 'null', false, '', '', 0, 0, '55d5e1bb-b15c-3405-b326-03c05af147b3', 229, 2753, false);
insert into Split (id, amount, uuid, envelope_id, transaction_id) values(2223, 75.00, '7d4ea557-f309-34de-b7de-f8ea39da2fca', 247, 2222);
insert into Transaction (DTYPE, id, amount, balance, checkNo, date, description, externalId, initialBalance, memo, ref, status, type, uuid, account_id, transfer_id, custom) values('InternalTransaction', 2226, 13.37, 352.66, '', '2010-04-29', 'Transfer from Available', 'null', false, '', '', 2, 0, '5d28cba5-0143-387b-a34c-ff2a4af17983', 229, 1924, false);
insert into Split (id, amount, uuid, envelope_id, transaction_id) values(2227, 13.37, '0755723a-4dd5-3564-bfc7-089dcd95e256', 270, 2226);
insert into Transaction (DTYPE, id, amount, balance, checkNo, date, description, externalId, initialBalance, memo, ref, status, type, uuid, account_id, transfer_id, custom) values('InternalTransaction', 2228, 247.41, 10293.23, '', '2010-02-16', 'Transfer from Available', 'null', false, '', '', 0, 0, '7d87a50f-5fc9-30e1-a95a-bd4c37ca2ff1', 229, 426, false);
insert into Split (id, amount, uuid, envelope_id, transaction_id) values(2229, 247.41, 'cfed1749-4200-3361-a922-6b647345308b', 286, 2228);
insert into Transaction (DTYPE, id, amount, balance, checkNo, date, description, externalId, initialBalance, memo, ref, status, type, uuid, account_id, transfer_id, custom) values('InternalTransaction', 2230, -65.73, 339.29, '', '2010-04-29', 'Transfer to Unassigned', 'null', false, '', '', 2, 1, '7b688e55-2cd9-36a6-900a-d1d4c3f02c6c', 229, 1550, false);
insert into Split (id, amount, uuid, envelope_id, transaction_id) values(2231, -65.73, 'f0591bd8-8bea-3ad9-b2d1-97496e722b51', 292, 2230);
insert into Transaction (DTYPE, id, amount, balance, checkNo, date, description, externalId, initialBalance, memo, ref, status, type, uuid, account_id, transfer_id, custom) values('InternalTransaction', 2234, -8.95, 4399.43, '', '2009-11-30', 'NNT CARNECERIA EL M2602 321217', '2009113015', false, '11/28NNT CARNE', '', 2, 1, 'eb2771d1-d76d-3e48-b0f1-575e26dbd785', 229, null, false);
insert into Split (id, amount, uuid, envelope_id, transaction_id) values(2235, -8.95, 'b65fed36-452e-30e4-89b2-9b24e436f30d', 252, 2234);
insert into Transaction (DTYPE, id, amount, balance, checkNo, date, description, externalId, initialBalance, memo, ref, status, type, uuid, account_id, transfer_id, custom) values('InternalTransaction', 2232, -240.57, 5570.38, '', '2010-03-05', 'Transfer to Credit Cards', 'null', false, '', '', 2, 1, '986ca6c0-9cca-37d1-8e3d-c26fb24528f6', 229, 500, false);
insert into Split (id, amount, uuid, envelope_id, transaction_id) values(2233, -240.57, '307c2399-f7cd-322c-a45b-b02d36f821d0', 292, 2232);
insert into Transaction (DTYPE, id, amount, balance, checkNo, date, description, externalId, initialBalance, memo, ref, status, type, uuid, account_id, transfer_id, custom) values('InternalTransaction', 2238, 17.50, 17.50, '', '2010-03-30', 'Transfer from 24 Hour Fitness', 'null', false, '', '', 2, 0, 'b479ea0a-c8b9-3c20-ba3e-f25df34c2000', 228, 2883, false);
insert into Split (id, amount, uuid, envelope_id, transaction_id) values(2239, 17.50, '533bdfd8-fd93-329b-bf99-c5e6b3f96a2c', 242, 2238);
insert into Transaction (DTYPE, id, amount, balance, checkNo, date, description, externalId, initialBalance, memo, ref, status, type, uuid, account_id, transfer_id, custom) values('InternalTransaction', 2236, 4.97, 5481.53, '', '2010-03-19', 'Transfer from Available', 'null', false, '', '', 2, 0, '9b9aa5d9-2fcd-3c30-ae02-0ba584aed8d8', 229, 686, false);
insert into Split (id, amount, uuid, envelope_id, transaction_id) values(2237, 4.97, '5354fc15-181f-32b2-a7fb-ab9689616036', 232, 2236);
insert into Transaction (DTYPE, id, amount, balance, checkNo, date, description, externalId, initialBalance, memo, ref, status, type, uuid, account_id, transfer_id, custom) values('InternalTransaction', 2240, -14.99, 1226.50, '', '2009-12-23', 'LOWE''S #1850 SCOTTSDALE 983889', '200912232', false, '12/22LOWE''S #1', '', 2, 1, '35ef000f-12a6-3e8d-9ba0-c39953891305', 229, null, false);
insert into Split (id, amount, uuid, envelope_id, transaction_id) values(2241, -14.99, '71d97815-7216-39ba-80a4-bd78bbcb0441', 239, 2240);
insert into Transaction (DTYPE, id, amount, balance, checkNo, date, description, externalId, initialBalance, memo, ref, status, type, uuid, account_id, transfer_id, custom) values('InternalTransaction', 2244, -4.13, 2592.83, '', '2010-04-02', 'Transfer to Me.com', 'null', false, '', '', 2, 1, '2b714661-c5ba-3da3-be50-bb5c48f43d97', 229, 2312, false);
insert into Split (id, amount, uuid, envelope_id, transaction_id) values(2245, -4.13, '8da27518-a049-3bce-af7f-da22c24b1635', 292, 2244);
insert into Transaction (DTYPE, id, amount, balance, checkNo, date, description, externalId, initialBalance, memo, ref, status, type, uuid, account_id, transfer_id, custom) values('InternalTransaction', 2242, -120.00, 5135.96, '', '2010-02-19', 'Transfer to Auto Fuel', 'null', false, '', '', 2, 1, '3ee8facd-c507-3537-aff3-bcaa68bb3f86', 229, 2328, false);
insert into Split (id, amount, uuid, envelope_id, transaction_id) values(2243, -120.00, '66033bee-ab0b-3eb7-8be0-a821841d5cc0', 292, 2242);
insert into Transaction (DTYPE, id, amount, balance, checkNo, date, description, externalId, initialBalance, memo, ref, status, type, uuid, account_id, transfer_id, custom) values('InternalTransaction', 2246, 65.00, 4084.13, '', '2010-04-16', 'Transfer from Available', 'null', false, '', '', 2, 0, '39546816-ed72-3c24-a70c-8cd019b455e1', 229, 2959, false);
insert into Split (id, amount, uuid, envelope_id, transaction_id) values(2247, 65.00, '3aee07f5-79b2-3747-a73a-6addbcef67ca', 236, 2246);
insert into Transaction (DTYPE, id, amount, balance, checkNo, date, description, externalId, initialBalance, memo, ref, status, type, uuid, account_id, transfer_id, custom) values('InternalTransaction', 2248, -13.21, null, '', '2010-04-02', 'S B C AT THE FARM K PHOE', '201004022', false, '03/31S B C AT', '', 2, 1, '986b671a-cc51-388d-b787-a30a5d552e07', 229, null, false);
insert into Split (id, amount, uuid, envelope_id, transaction_id) values(2249, -13.21, 'be11b203-cb21-3aaf-b9ce-0ae6ea8244ae', 295, 2248);
insert into Transaction (DTYPE, id, amount, balance, checkNo, date, description, externalId, initialBalance, memo, ref, status, type, uuid, account_id, transfer_id, custom) values('InternalTransaction', 2250, 20.00, 839.74, '', '2010-04-13', 'Transfer from Available', 'null', false, '', '', 2, 0, 'fd5f47d1-c48f-3abd-8968-f40b852454ed', 229, 2020, false);
insert into Split (id, amount, uuid, envelope_id, transaction_id) values(2251, 20.00, 'a7c5ac88-743e-3fbf-91f8-3ca06aebede6', 260, 2250);
insert into Transaction (DTYPE, id, amount, balance, checkNo, date, description, externalId, initialBalance, memo, ref, status, type, uuid, account_id, transfer_id, custom) values('InternalTransaction', 2254, 2157.42, 6018.21, '', '2009-12-11', 'DIFFUSION GROUP PAYROLL', '200912110', false, 'PPD ID: 1860988050', '', 2, 0, '0156a137-5d2b-3e1d-9d2c-d2baee5cbd0f', 229, null, false);
insert into Split (id, amount, uuid, envelope_id, transaction_id) values(2255, 2157.42, '7fd64a00-38a1-3c59-825b-575ffc200307', 292, 2254);
insert into Transaction (DTYPE, id, amount, balance, checkNo, date, description, externalId, initialBalance, memo, ref, status, type, uuid, account_id, transfer_id, custom) values('InternalTransaction', 2252, 49.00, 1184.04, '', '2010-02-16', 'Transfer from Available', 'null', false, '', '', 0, 0, '776395fd-5166-3c9f-983c-3ae0cc8a13e7', 229, 2969, false);
insert into Split (id, amount, uuid, envelope_id, transaction_id) values(2253, 49.00, '26d4a47d-ff12-39e0-ba93-f0332cffe7dc', 279, 2252);
insert into Transaction (DTYPE, id, amount, balance, checkNo, date, description, externalId, initialBalance, memo, ref, status, type, uuid, account_id, transfer_id, custom) values('InternalTransaction', 2256, -1725.90, 0.00, '', '2010-03-20', 'Transfer to Moving', 'null', false, '', '', 2, 1, '4b1e6f1e-9550-329d-a994-6c96c0ddf46c', 228, 2104, false);
insert into Split (id, amount, uuid, envelope_id, transaction_id) values(2257, -1725.90, '0da91cdd-8759-3fea-aeae-b6d37846fa1a', 292, 2256);
insert into Transaction (DTYPE, id, amount, balance, checkNo, date, description, externalId, initialBalance, memo, ref, status, type, uuid, account_id, transfer_id, custom) values('InternalTransaction', 2258, 24.50, 5506.03, '', '2010-03-19', 'Transfer from Available', 'null', false, '', '', 2, 0, '3fa0a5ac-1b8d-3188-9690-09e3ed536e06', 229, 1012, false);
insert into Split (id, amount, uuid, envelope_id, transaction_id) values(2259, 24.50, '5832c660-a3e3-37b7-aa47-77dad5b3753b', 279, 2258);
insert into Transaction (DTYPE, id, amount, balance, checkNo, date, description, externalId, initialBalance, memo, ref, status, type, uuid, account_id, transfer_id, custom) values('InternalTransaction', 2260, -4.89, 821.75, '', '2010-04-13', 'Transfer to Fast Food', 'null', false, '', '', 2, 1, 'b8a7e27a-88f2-3323-a98d-b1d2a0a73889', 229, 1324, false);
insert into Split (id, amount, uuid, envelope_id, transaction_id) values(2261, -4.89, '480b1721-d82b-3271-95af-2e11bf6de09e', 292, 2260);
insert into Transaction (DTYPE, id, amount, balance, checkNo, date, description, externalId, initialBalance, memo, ref, status, type, uuid, account_id, transfer_id, custom) values('InternalTransaction', 2264, -0.00, 2851.96, '', '2010-04-02', 'Transfer to GMAC Mortgage', 'null', false, '', '', 2, 1, '7bbb0fc3-af41-3199-a508-ca33fb571351', 229, 1670, false);
insert into Split (id, amount, uuid, envelope_id, transaction_id) values(2265, -0.00, 'bf5046f5-c1d8-3924-97bb-d9be33014e24', 292, 2264);
insert into Transaction (DTYPE, id, amount, balance, checkNo, date, description, externalId, initialBalance, memo, ref, status, type, uuid, account_id, transfer_id, custom) values('InternalTransaction', 2262, -4.98, 1135.04, '', '2010-02-16', 'Transfer to Chase Bank', 'null', false, '', '', 0, 1, 'd0503b96-6d02-3839-8f59-42364a8f53a8', 229, 1818, false);
insert into Split (id, amount, uuid, envelope_id, transaction_id) values(2263, -4.98, '7c45293f-1b1f-32b7-b7fd-f7b5ccae45bb', 292, 2262);
insert into Transaction (DTYPE, id, amount, balance, checkNo, date, description, externalId, initialBalance, memo, ref, status, type, uuid, account_id, transfer_id, custom) values('InternalTransaction', 2266, -175.00, 4099.65, '', '2010-03-05', 'Transfer to Taxes', 'null', false, '', '', 2, 1, 'b391f9c3-3d1d-3219-87e1-beaa990091b7', 229, 2732, false);
insert into Split (id, amount, uuid, envelope_id, transaction_id) values(2267, -175.00, 'fb7938b5-daa5-39b6-91da-19a5bdd7b264', 292, 2266);
insert into Transaction (DTYPE, id, amount, balance, checkNo, date, description, externalId, initialBalance, memo, ref, status, type, uuid, account_id, transfer_id, custom) values('InternalTransaction', 2268, -65.00, 1135.04, '', '2010-02-16', 'Transfer to Verizon Wireless', 'null', false, '', '', 0, 1, '65afb02f-ebc3-32d6-ab65-7b7daeac2275', 229, 1244, false);
insert into Split (id, amount, uuid, envelope_id, transaction_id) values(2269, -65.00, 'cb2de04a-dc27-34f0-858f-8557a3266205', 292, 2268);
insert into Transaction (DTYPE, id, amount, balance, checkNo, date, description, externalId, initialBalance, memo, ref, status, type, uuid, account_id, transfer_id, custom) values('InternalTransaction', 2274, -14.95, 0.00, '', '2010-03-17', 'Transfer to Directv', 'null', false, '', '', 2, 1, '24f16d3c-869a-3348-a9a5-206c4cf49c2d', 228, 580, false);
insert into Split (id, amount, uuid, envelope_id, transaction_id) values(2275, -14.95, 'd225ce41-2b9c-3000-a5e9-c24957c56be7', 292, 2274);
insert into Transaction (DTYPE, id, amount, balance, checkNo, date, description, externalId, initialBalance, memo, ref, status, type, uuid, account_id, transfer_id, custom) values('InternalTransaction', 2272, -1.00, 2896.93, '', '2009-12-03', 'FRYS FOOD & DRUG 1815 G 921107', '200912036', false, '12/02FRYS FOOD', '', 2, 1, 'cd657ac0-9259-3b6b-b2ef-803092ae77db', 229, null, false);
insert into Split (id, amount, uuid, envelope_id, transaction_id) values(2273, -1.00, '2ac9bc04-9b32-305e-8946-2a31df5fa71e', 238, 2272);
insert into Transaction (DTYPE, id, amount, balance, checkNo, date, description, externalId, initialBalance, memo, ref, status, type, uuid, account_id, transfer_id, custom) values('InternalTransaction', 2270, -492.22, 1135.04, '', '2010-02-16', 'Transfer to Personal Care', 'null', false, '', '', 0, 1, '2943127c-e781-3414-b88c-f3084dee3408', 229, 632, false);
insert into Split (id, amount, uuid, envelope_id, transaction_id) values(2271, -492.22, '7e5737f7-d775-3ebf-83dc-45f851e9bcfb', 292, 2270);
insert into Transaction (DTYPE, id, amount, balance, checkNo, date, description, externalId, initialBalance, memo, ref, status, type, uuid, account_id, transfer_id, custom) values('InternalTransaction', 2276, 9.74, 1144.78, '', '2010-02-16', 'Transfer from Available', 'null', false, '', '', 0, 0, 'a702e36a-399a-324b-8fb6-487678401509', 229, 1100, false);
insert into Split (id, amount, uuid, envelope_id, transaction_id) values(2277, 9.74, '35d3e40f-b6b6-3b25-b4bd-971cb5c8c10c', 277, 2276);
insert into Transaction (DTYPE, id, amount, balance, checkNo, date, description, externalId, initialBalance, memo, ref, status, type, uuid, account_id, transfer_id, custom) values('InternalTransaction', 2278, -9.94, 1553.52, '', '2010-04-21', 'CVSPHARMACY #9205 Q03 T', '201004210', false, '04/19CVSPHARMA', '', 2, 1, 'c101f094-b928-349b-bde3-ce5662c51e0e', 229, null, false);
insert into Split (id, amount, uuid, envelope_id, transaction_id) values(2279, -9.94, 'aab817e0-d388-315d-9f35-a645eec84e48', 286, 2278);
insert into Transaction (DTYPE, id, amount, balance, checkNo, date, description, externalId, initialBalance, memo, ref, status, type, uuid, account_id, transfer_id, custom) values('InternalTransaction', 2280, 84.20, 5590.23, '', '2010-03-19', 'Transfer from Available', 'null', false, '', '', 2, 0, '3c7f2c9d-e839-3bc5-b427-92e7ae6e9950', 229, 1432, false);
insert into Split (id, amount, uuid, envelope_id, transaction_id) values(2281, 84.20, '75c05485-69c9-3edf-9a3d-5fc4956feca1', 290, 2280);
insert into Transaction (DTYPE, id, amount, balance, checkNo, date, description, externalId, initialBalance, memo, ref, status, type, uuid, account_id, transfer_id, custom) values('InternalTransaction', 2282, -20.57, 686.17, '', '2010-03-02', 'PETCO ANIMAL SUPPLIES PH193625', '201003026', false, '03/01PETCO ANI', '', 2, 1, '5f630c6e-00e5-32e7-b2dd-58e1390a9ca6', 229, null, false);
insert into Split (id, amount, uuid, envelope_id, transaction_id) values(2283, -20.57, 'bb4d780a-f174-38ec-af18-a288c7647baf', 244, 2282);
insert into Transaction (DTYPE, id, amount, balance, checkNo, date, description, externalId, initialBalance, memo, ref, status, type, uuid, account_id, transfer_id, custom) values('InternalTransaction', 2284, 12.00, 969.70, '', '2010-03-03', 'Transfer from Available', 'null', false, '', '', 2, 0, 'f73f9dd6-564b-349a-9542-4428e509fa4b', 229, 2612, false);
insert into Split (id, amount, uuid, envelope_id, transaction_id) values(2285, 12.00, '11d5d3f5-4056-30cc-b3ee-b7957ca46c7d', 258, 2284);
insert into Transaction (DTYPE, id, amount, balance, checkNo, date, description, externalId, initialBalance, memo, ref, status, type, uuid, account_id, transfer_id, custom) values('InternalTransaction', 2286, 226.26, 10519.49, '', '2010-02-16', 'Transfer from Available', 'null', false, '', '', 0, 0, '534fac05-b2f7-3472-a6dd-aa63bf46b734', 229, 1440, false);
insert into Split (id, amount, uuid, envelope_id, transaction_id) values(2287, 226.26, '631f75a2-c3c4-3d52-8019-814c693105af', 285, 2286);
insert into Transaction (DTYPE, id, amount, balance, checkNo, date, description, externalId, initialBalance, memo, ref, status, type, uuid, account_id, transfer_id, custom) values('InternalTransaction', 2290, -10.05, 0.00, '', '2010-03-13', 'Transfer to Eating Out', 'null', false, '', '', 2, 1, '03ad3055-1351-3953-871f-bc31109e6917', 228, 1532, false);
insert into Split (id, amount, uuid, envelope_id, transaction_id) values(2291, -10.05, 'fe228150-bfb2-3f25-bbee-57616dd259ec', 252, 2290);
insert into Transaction (DTYPE, id, amount, balance, checkNo, date, description, externalId, initialBalance, memo, ref, status, type, uuid, account_id, transfer_id, custom) values('InternalTransaction', 2288, -15.95, 4558.85, '', '2010-03-05', 'Transfer to Sirius', 'null', false, '', '', 2, 1, '55c3c39a-3762-3fd5-8893-0beb2dcc5aa3', 229, 1198, false);
insert into Split (id, amount, uuid, envelope_id, transaction_id) values(2289, -15.95, '20dce08a-7013-3290-95b5-ae12f04caee2', 292, 2288);
insert into Transaction (DTYPE, id, amount, balance, checkNo, date, description, externalId, initialBalance, memo, ref, status, type, uuid, account_id, transfer_id, custom) values('InternalTransaction', 2292, -5.77, 5120.19, '', '2010-02-19', 'Transfer to Auto Registration', 'null', false, '', '', 2, 1, '8fe3123d-b5e2-39a2-a916-cfd866c11f45', 229, 658, false);
insert into Split (id, amount, uuid, envelope_id, transaction_id) values(2293, -5.77, '34d7da2d-3733-3088-be0f-b949b569665d', 292, 2292);
insert into Transaction (DTYPE, id, amount, balance, checkNo, date, description, externalId, initialBalance, memo, ref, status, type, uuid, account_id, transfer_id, custom) values('InternalTransaction', 2294, -10.05, 2350.35, '', '2010-02-23', 'Transfer to Eating Out', 'null', false, '', '', 2, 1, 'b6eda4f5-1438-336c-a6e7-40c10100eaeb', 229, 1050, false);
insert into Split (id, amount, uuid, envelope_id, transaction_id) values(2295, -10.05, '10f60c65-24f6-307c-9074-a157cda0824d', 292, 2294);
insert into Transaction (DTYPE, id, amount, balance, checkNo, date, description, externalId, initialBalance, memo, ref, status, type, uuid, account_id, transfer_id, custom) values('InternalTransaction', 2296, -20.00, 1801.39, '', '2010-03-11', 'CIRCLE K 01346 TEMPE AZ 460108', '201003112', false, '03/10CIRCLE K', '', 2, 1, 'f7b2258b-7cdb-3e5d-871e-35d254942f6d', 229, null, false);
insert into Split (id, amount, uuid, envelope_id, transaction_id) values(2297, -20.00, '93d20c7d-595a-31f1-b3df-f39a5d67923e', 250, 2296);
insert into Transaction (DTYPE, id, amount, balance, checkNo, date, description, externalId, initialBalance, memo, ref, status, type, uuid, account_id, transfer_id, custom) values('InternalTransaction', 2298, -40.00, 3736.46, '', '2010-04-02', 'Transfer to Auto Fuel', 'null', false, '', '', 2, 1, '58c17018-3a69-3f74-aeaa-a965fef25762', 229, 468, false);
insert into Split (id, amount, uuid, envelope_id, transaction_id) values(2299, -40.00, '5666c3f1-e6c9-3d7b-b7cf-204a53c90d56', 292, 2298);
insert into Transaction (DTYPE, id, amount, balance, checkNo, date, description, externalId, initialBalance, memo, ref, status, type, uuid, account_id, transfer_id, custom) values('InternalTransaction', 2300, 20.97, 10698.03, '', '2010-02-16', 'Transfer from Available', 'null', false, '', '', 0, 0, 'b26185ec-8e20-329a-8b36-c269249af5cd', 229, 2797, false);
insert into Split (id, amount, uuid, envelope_id, transaction_id) values(2301, 20.97, '653aea1d-09a6-3dbf-bbe0-c542e1ff8ee7', 265, 2300);
insert into Transaction (DTYPE, id, amount, balance, checkNo, date, description, externalId, initialBalance, memo, ref, status, type, uuid, account_id, transfer_id, custom) values('InternalTransaction', 2304, 0.15, 1502.46, '', '2010-04-22', 'TD AMERITRADE ACH MICRO', '201004220', false, 'PPD ID: 4470533629', '', 1, 0, '9155baf6-4d42-3c08-b384-72de4dc5f48c', 229, null, false);
insert into Split (id, amount, uuid, envelope_id, transaction_id) values(2305, 0.15, 'c958d894-d277-3ef7-947c-b36438ba4d9d', 292, 2304);
insert into Transaction (DTYPE, id, amount, balance, checkNo, date, description, externalId, initialBalance, memo, ref, status, type, uuid, account_id, transfer_id, custom) values('InternalTransaction', 2302, -147.24, 18925.64, '', '2010-02-16', 'Transfer to 24 Hour Fitness', 'null', false, '', '', 0, 1, '91286c5c-bc70-3654-9c11-d53f418bfd6c', 229, 2098, false);
insert into Split (id, amount, uuid, envelope_id, transaction_id) values(2303, -147.24, '30aaa9de-4dc5-3083-8245-a20b80a80f4c', 292, 2302);
insert into Transaction (DTYPE, id, amount, balance, checkNo, date, description, externalId, initialBalance, memo, ref, status, type, uuid, account_id, transfer_id, custom) values('InternalTransaction', 2310, 5.50, 3910.36, '', '2010-03-30', 'Transfer from Available', 'null', false, '', '', 2, 0, 'f28fc52d-52eb-3062-8d8a-6fd89d1a49af', 229, 1188, false);
insert into Split (id, amount, uuid, envelope_id, transaction_id) values(2311, 5.50, '3ec4b1de-b951-3c17-baad-980bccf11deb', 246, 2310);
insert into Transaction (DTYPE, id, amount, balance, checkNo, date, description, externalId, initialBalance, memo, ref, status, type, uuid, account_id, transfer_id, custom) values('InternalTransaction', 2308, 5.67, 975.37, '', '2010-03-03', 'Transfer from Available', 'null', false, '', '', 2, 0, '0f899f6e-64a7-3e66-9b30-b3fcb3b6f63d', 229, 2949, false);
insert into Split (id, amount, uuid, envelope_id, transaction_id) values(2309, 5.67, '78e2cfc1-cd82-3fb4-a2c4-b0dc76101225', 246, 2308);
insert into Transaction (DTYPE, id, amount, balance, checkNo, date, description, externalId, initialBalance, memo, ref, status, type, uuid, account_id, transfer_id, custom) values('InternalTransaction', 2306, -12.95, 0.00, '', '2010-03-30', 'Transfer to Tivo', 'null', false, '', '', 2, 1, 'bb970a94-9331-3842-8f21-8ec4d425f646', 228, 1898, false);
insert into Split (id, amount, uuid, envelope_id, transaction_id) values(2307, -12.95, '934bf3d6-3dfb-35c0-aaa3-de75686caf89', 292, 2306);
insert into Transaction (DTYPE, id, amount, balance, checkNo, date, description, externalId, initialBalance, memo, ref, status, type, uuid, account_id, transfer_id, custom) values('InternalTransaction', 2312, 4.13, 3616.46, '', '2010-04-02', 'Transfer from Available', 'null', false, '', '', 2, 0, 'b0087cf9-ba85-3c0c-b43a-89ea8b1758ef', 229, 2244, false);
insert into Split (id, amount, uuid, envelope_id, transaction_id) values(2313, 4.13, '617ff069-893d-3c0c-b6be-d2aeafba069c', 263, 2312);
insert into Transaction (DTYPE, id, amount, balance, checkNo, date, description, externalId, initialBalance, memo, ref, status, type, uuid, account_id, transfer_id, custom) values('InternalTransaction', 2316, -5.48, 650.05, '', '2010-04-16', 'Transfer to Spending', 'null', false, '', '', 2, 1, 'c2856db8-1c99-3c25-abfc-ffd3a2801061', 229, 2682, false);
insert into Split (id, amount, uuid, envelope_id, transaction_id) values(2317, -5.48, '1bd4be09-3575-35f2-97b2-605f334d4866', 292, 2316);
insert into Transaction (DTYPE, id, amount, balance, checkNo, date, description, externalId, initialBalance, memo, ref, status, type, uuid, account_id, transfer_id, custom) values('InternalTransaction', 2314, -25.00, 4147.90, '', '2010-02-19', 'Transfer to Household', 'null', false, '', '', 2, 1, '519d5e72-8564-39da-82e7-62f9340d88a0', 229, 2442, false);
insert into Split (id, amount, uuid, envelope_id, transaction_id) values(2315, -25.00, '16305ce4-472e-3e9c-a610-596bdc78d1ef', 292, 2314);
insert into Transaction (DTYPE, id, amount, balance, checkNo, date, description, externalId, initialBalance, memo, ref, status, type, uuid, account_id, transfer_id, custom) values('InternalTransaction', 2318, -61.81, 2518.77, '', '2010-04-19', 'FRESH & EASY #1399 SCOTT454077', '201004196', false, '04/18FRESH & E', '', 2, 1, '1bd4e9c8-ad76-31ca-8175-6cb227b08bec', 229, null, false);
insert into Split (id, amount, uuid, envelope_id, transaction_id) values(2319, -61.81, 'cf1df59e-7517-3c7b-ab51-b44e6470e977', 238, 2318);
insert into Transaction (DTYPE, id, amount, balance, checkNo, date, description, externalId, initialBalance, memo, ref, status, type, uuid, account_id, transfer_id, custom) values('InternalTransaction', 2320, -1.75, 3906.45, '', '2009-12-09', '24 HOUR FITNESS #869 CAR', '200912091', false, '12/0724 HOUR F', '', 2, 1, 'b5f03f24-b452-3433-9f25-2f42f891894d', 229, null, false);
insert into Split (id, amount, uuid, envelope_id, transaction_id) values(2321, -1.75, '9030e97f-f064-3fdd-b67e-5775bef9d465', 271, 2320);
insert into Transaction (DTYPE, id, amount, balance, checkNo, date, description, externalId, initialBalance, memo, ref, status, type, uuid, account_id, transfer_id, custom) values('InternalTransaction', 2322, -31.90, 1628.16, '', '2010-01-12', 'SRR*SIRIUS RADIO 888-539', '201001120', false, '01/11SRR*SIRIU', '', 2, 1, 'd45c5008-c8ca-3906-936c-1557db07abe2', 229, null, false);
insert into Split (id, amount, uuid, envelope_id, transaction_id) values(2323, -31.90, 'bc2edca0-bb4a-3d20-bde3-437bc4864ab3', 233, 2322);
insert into Transaction (DTYPE, id, amount, balance, checkNo, date, description, externalId, initialBalance, memo, ref, status, type, uuid, account_id, transfer_id, custom) values('InternalTransaction', 2324, -4.98, 5810.95, '', '2010-03-05', 'Transfer to Chase Bank', 'null', false, '', '', 2, 1, '08bb70a6-187e-38d8-99ad-8f817e26666e', 229, 812, false);
insert into Split (id, amount, uuid, envelope_id, transaction_id) values(2325, -4.98, '1346d5f1-e062-3bb6-af19-ecc6cc46476f', 292, 2324);
insert into Transaction (DTYPE, id, amount, balance, checkNo, date, description, externalId, initialBalance, memo, ref, status, type, uuid, account_id, transfer_id, custom) values('InternalTransaction', 2326, -8.11, 826.64, '', '2010-04-13', 'Transfer to Eating Out', 'null', false, '', '', 2, 1, '6a332954-1702-3cbe-a754-2f836769a29e', 229, 1808, false);
insert into Split (id, amount, uuid, envelope_id, transaction_id) values(2327, -8.11, '9cb54ac5-fb82-38de-92d1-b939dc6ecb7e', 292, 2326);
insert into Transaction (DTYPE, id, amount, balance, checkNo, date, description, externalId, initialBalance, memo, ref, status, type, uuid, account_id, transfer_id, custom) values('InternalTransaction', 2328, 120.00, 3951.99, '', '2010-02-19', 'Transfer from Available', 'null', false, '', '', 2, 0, 'd5ec17cf-40f9-3c37-9bee-f042b13d0425', 229, 2242, false);
insert into Split (id, amount, uuid, envelope_id, transaction_id) values(2329, 120.00, 'be4bdd27-bbab-31b3-9d99-76c23778d458', 253, 2328);
insert into Transaction (DTYPE, id, amount, balance, checkNo, date, description, externalId, initialBalance, memo, ref, status, type, uuid, account_id, transfer_id, custom) values('InternalTransaction', 2332, -25.00, 1982.28, '', '2009-11-05', 'WALGREENS #4722 PHOENIX', '200911052', false, '11/03WALGREENS', '', 2, 1, 'ae73cd7b-9d0c-3f41-b3a9-8a4ed30794f6', 229, null, false);
insert into Split (id, amount, uuid, envelope_id, transaction_id) values(2333, -25.00, '71af512a-df56-3e5f-81eb-d6f63c4eccad', 277, 2332);
insert into Transaction (DTYPE, id, amount, balance, checkNo, date, description, externalId, initialBalance, memo, ref, status, type, uuid, account_id, transfer_id, custom) values('InternalTransaction', 2330, -261.97, 1692.15, '', '2010-04-05', 'BARCLAYCARD US CREDITCARD 8713', '201004058', false, '3816 WEB ID: 2510407970', '', 2, 1, '71b2814a-b64e-3597-a513-8cb914c5f3f3', 229, null, false);
insert into Split (id, amount, uuid, envelope_id, transaction_id) values(2331, -261.97, 'bba9f169-6c56-3d93-a15f-4649730449d4', 242, 2330);
insert into Transaction (DTYPE, id, amount, balance, checkNo, date, description, externalId, initialBalance, memo, ref, status, type, uuid, account_id, transfer_id, custom) values('InternalTransaction', 2336, 13.00, 1299.38, '', '2010-04-08', 'Transfer from Available', 'null', false, '', '', 2, 0, 'dac878f6-d4c9-348f-a58b-e0bae9c9def5', 229, 1770, false);
insert into Split (id, amount, uuid, envelope_id, transaction_id) values(2337, 13.00, 'a6de48c3-3e1e-3b52-9bff-127a85cd471a', 295, 2336);
insert into Transaction (DTYPE, id, amount, balance, checkNo, date, description, externalId, initialBalance, memo, ref, status, type, uuid, account_id, transfer_id, custom) values('InternalTransaction', 2334, 0.00, 4084.13, '', '2010-04-16', 'Transfer from Available', 'null', false, '', '', 2, 1, '40f5f6af-9cc4-35c5-8acf-33c22c65c516', 229, 1526, false);
insert into Split (id, amount, uuid, envelope_id, transaction_id) values(2335, 0.00, '2222cad3-2dad-36b0-89e6-9554851280aa', 294, 2334);
insert into Transaction (DTYPE, id, amount, balance, checkNo, date, description, externalId, initialBalance, memo, ref, status, type, uuid, account_id, transfer_id, custom) values('InternalTransaction', 2338, -154.11, 831.98, '', '2010-02-02', 'STATE FARM RO 27 SFPP', '201002022', false, 'PPD ID: 9000307001', '', 2, 1, 'de63e35f-fac0-3c08-a8bf-32befc725059', 229, null, false);
insert into Split (id, amount, uuid, envelope_id, transaction_id) values(2339, -154.11, 'b6f32ce4-22c9-30f2-a51d-63c4cb2a55ac', 290, 2338);
insert into Transaction (DTYPE, id, amount, balance, checkNo, date, description, externalId, initialBalance, memo, ref, status, type, uuid, account_id, transfer_id, custom) values('InternalTransaction', 2342, -175.00, 4669.36, '', '2010-03-19', 'Transfer to Taxes', 'null', false, '', '', 2, 1, '59adb5da-8454-3516-bf0d-62f821a81700', 229, 1174, false);
insert into Split (id, amount, uuid, envelope_id, transaction_id) values(2343, -175.00, 'fc41207c-0e1c-35f2-bb1e-d9fb3832b65b', 292, 2342);
insert into Transaction (DTYPE, id, amount, balance, checkNo, date, description, externalId, initialBalance, memo, ref, status, type, uuid, account_id, transfer_id, custom) values('InternalTransaction', 2340, -8.97, 2006.32, '', '2009-12-15', 'CHIPOTLE 1208 TEMPE AZ', '200912154', false, '12/14CHIPOTLE', '', 2, 1, '16fcf8b0-609b-3cc7-b6cc-8791a73fa083', 229, null, false);
insert into Split (id, amount, uuid, envelope_id, transaction_id) values(2341, -8.97, '5a144c43-0ee0-3c43-98cc-7404557a26f6', 295, 2340);
insert into Transaction (DTYPE, id, amount, balance, checkNo, date, description, externalId, initialBalance, memo, ref, status, type, uuid, account_id, transfer_id, custom) values('InternalTransaction', 2346, -11.52, 0.00, '', '2010-04-29', 'Transfer to New Car', 'null', false, '', '', 2, 1, '6b3eb7e7-dfbc-3139-b673-18e1881eb86f', 228, 2550, false);
insert into Split (id, amount, uuid, envelope_id, transaction_id) values(2347, -11.52, 'eaaa9813-1462-3a21-acd2-817645f828e0', 274, 2346);
insert into Transaction (DTYPE, id, amount, balance, checkNo, date, description, externalId, initialBalance, memo, ref, status, type, uuid, account_id, transfer_id, custom) values('InternalTransaction', 2344, 14.72, 14.72, '', '2010-03-27', 'Transfer from Spending', 'null', false, '', '', 2, 0, '8dc83b0d-1519-304f-af7e-dfe1952c743c', 228, 882, false);
insert into Split (id, amount, uuid, envelope_id, transaction_id) values(2345, 14.72, 'c4ed7a93-548c-3b6e-91a3-d3bfd99ef887', 246, 2344);
insert into Transaction (DTYPE, id, amount, balance, checkNo, date, description, externalId, initialBalance, memo, ref, status, type, uuid, account_id, transfer_id, custom) values('InternalTransaction', 2352, 15.95, 5606.18, '', '2010-03-19', 'Transfer from Available', 'null', false, '', '', 2, 0, '37706a07-b8e1-3c6b-9bb1-94c3606d0aab', 229, 2879, false);
insert into Split (id, amount, uuid, envelope_id, transaction_id) values(2353, 15.95, '04193b17-0487-367d-a039-bf3d412c8930', 233, 2352);
insert into Transaction (DTYPE, id, amount, balance, checkNo, date, description, externalId, initialBalance, memo, ref, status, type, uuid, account_id, transfer_id, custom) values('InternalTransaction', 2350, -59.00, 1768.32, '253', '2009-12-16', 'Campbell''s Steam Pro', '200912161', false, '', '', 2, 1, 'c30bf23c-7d54-3801-8bac-17247ca0520a', 229, null, false);
insert into Split (id, amount, uuid, envelope_id, transaction_id) values(2351, -59.00, '17add89b-0a9c-3c37-bd08-245108ee03d9', 239, 2350);
insert into Transaction (DTYPE, id, amount, balance, checkNo, date, description, externalId, initialBalance, memo, ref, status, type, uuid, account_id, transfer_id, custom) values('InternalTransaction', 2348, 151.00, 1286.04, '', '2010-02-16', 'Transfer from Available', 'null', false, '', '', 0, 0, '664db00e-8381-38f0-a9c1-fc23c07f9090', 229, 2781, false);
insert into Split (id, amount, uuid, envelope_id, transaction_id) values(2349, 151.00, 'af842306-45c5-3c69-ac4e-46794ceddce1', 258, 2348);
insert into Transaction (DTYPE, id, amount, balance, checkNo, date, description, externalId, initialBalance, memo, ref, status, type, uuid, account_id, transfer_id, custom) values('InternalTransaction', 2358, 25.98, 1563.83, '', '2010-02-16', 'Transfer from Available', 'null', false, '', '', 0, 0, 'efc5f603-ee75-3e39-a992-a4531cf4f0ba', 229, 1882, false);
insert into Split (id, amount, uuid, envelope_id, transaction_id) values(2359, 25.98, 'e97735dd-b96e-3329-bae5-d22722053932', 285, 2358);
insert into Transaction (DTYPE, id, amount, balance, checkNo, date, description, externalId, initialBalance, memo, ref, status, type, uuid, account_id, transfer_id, custom) values('InternalTransaction', 2356, -10.00, 1135.04, '', '2010-02-16', 'Transfer to Auto Maintenance', 'null', false, '', '', 0, 1, 'cec20526-cc30-3385-8732-6d595e80ee4c', 229, 366, false);
insert into Split (id, amount, uuid, envelope_id, transaction_id) values(2357, -10.00, 'c151c1e2-364e-332b-abdb-b12698e3eae2', 292, 2356);
insert into Transaction (DTYPE, id, amount, balance, checkNo, date, description, externalId, initialBalance, memo, ref, status, type, uuid, account_id, transfer_id, custom) values('InternalTransaction', 2354, -84.20, 4274.65, '', '2010-03-05', 'Transfer to State Farm Insurance', 'null', false, '', '', 2, 1, 'c6bbb182-5a72-3b83-a995-77e4feeec71f', 229, 3101, false);
insert into Split (id, amount, uuid, envelope_id, transaction_id) values(2355, -84.20, '23f41dbe-00e6-30cb-a697-586521173463', 292, 2354);
insert into Transaction (DTYPE, id, amount, balance, checkNo, date, description, externalId, initialBalance, memo, ref, status, type, uuid, account_id, transfer_id, custom) values('InternalTransaction', 2362, -128.24, 6185.72, '', '2010-03-19', 'Transfer to Available', 'null', false, '', '', 2, 1, '1543f0a2-7954-3112-89e9-a63fe03376ea', 229, 1722, false);
insert into Split (id, amount, uuid, envelope_id, transaction_id) values(2363, -128.24, '2fedad01-30ce-3346-aca3-b49a054c3058', 292, 2362);
insert into Transaction (DTYPE, id, amount, balance, checkNo, date, description, externalId, initialBalance, memo, ref, status, type, uuid, account_id, transfer_id, custom) values('InternalTransaction', 2360, -31.89, 0.00, '', '2010-03-03', 'Transfer to Pet', 'null', false, '', '', 2, 1, '893f6c34-ac33-393b-9c80-d1b161d47d5b', 228, 1434, false);
insert into Split (id, amount, uuid, envelope_id, transaction_id) values(2361, -31.89, 'e64da892-82a1-3da8-a660-bac1439fd148', 252, 2360);
insert into Transaction (DTYPE, id, amount, balance, checkNo, date, description, externalId, initialBalance, memo, ref, status, type, uuid, account_id, transfer_id, custom) values('InternalTransaction', 2366, -18.69, 0.00, '', '2010-04-29', 'Transfer to Eating Out', 'null', false, '', '', 2, 1, '26d1e241-0b3a-34ca-a8e8-c63d3786162b', 228, 2666, false);
insert into Split (id, amount, uuid, envelope_id, transaction_id) values(2367, -18.69, '08f11bcc-d97e-3a30-bd47-13bab104d1cc', 267, 2366);
insert into Transaction (DTYPE, id, amount, balance, checkNo, date, description, externalId, initialBalance, memo, ref, status, type, uuid, account_id, transfer_id, custom) values('InternalTransaction', 2364, -70.41, 879.26, '', '2010-03-03', 'Transfer to Unassigned', 'null', false, '', '', 2, 1, '222c6679-6b98-3fc5-b3ad-86b61f7e4a33', 229, 1872, false);
insert into Split (id, amount, uuid, envelope_id, transaction_id) values(2365, -70.41, '9b147ac9-4bb7-39dc-8b99-45c2350d090e', 292, 2364);
insert into Transaction (DTYPE, id, amount, balance, checkNo, date, description, externalId, initialBalance, memo, ref, status, type, uuid, account_id, transfer_id, custom) values('InternalTransaction', 2368, -38.55, 4049.22, '', '2009-12-07', 'CHEVRON 00098544 PHOENIX', '200912072', false, '12/05CHEVRON 0', '', 2, 1, '71205b11-1bfc-307a-a1fa-8deb727b74e8', 229, null, false);
insert into Split (id, amount, uuid, envelope_id, transaction_id) values(2369, -38.55, '2f44ce56-7361-30e7-9ab1-fc1d2d672d5e', 253, 2368);
insert into Transaction (DTYPE, id, amount, balance, checkNo, date, description, externalId, initialBalance, memo, ref, status, type, uuid, account_id, transfer_id, custom) values('InternalTransaction', 2370, 53.79, 1498.29, '', '2010-01-19', 'ATM CHECK DEPOSIT', '201001190', false, '', '', 2, 0, '24934e0a-40d9-3a30-a97e-55bc8b4a53ae', 229, null, false);
insert into Split (id, amount, uuid, envelope_id, transaction_id) values(2371, 53.79, 'b4cc9946-1757-3049-b882-0c8b1221168e', 292, 2370);
insert into Transaction (DTYPE, id, amount, balance, checkNo, date, description, externalId, initialBalance, memo, ref, status, type, uuid, account_id, transfer_id, custom) values('InternalTransaction', 2374, -11.46, 0.00, '', '2010-03-16', 'Transfer to Hair Services', 'null', false, '', '', 2, 1, 'ce7b8c2f-bfa8-33cb-be9d-b4c38f9ffa80', 228, 2897, false);
insert into Split (id, amount, uuid, envelope_id, transaction_id) values(2375, -11.46, '0293687f-b07d-3e18-a63c-176d720f65e6', 239, 2374);
insert into Transaction (DTYPE, id, amount, balance, checkNo, date, description, externalId, initialBalance, memo, ref, status, type, uuid, account_id, transfer_id, custom) values('InternalTransaction', 2372, -47.63, 4143.68, '', '2009-11-30', 'BEDBATH&BEYOND# BEDBATH 514785', '200911305', false, '11/29BEDBATH&B', '', 2, 1, 'ced01a65-6d4d-3032-aed4-e7eed730a50d', 229, null, false);
insert into Split (id, amount, uuid, envelope_id, transaction_id) values(2373, -47.63, '336125bf-f430-3acd-9d33-28041376f31f', 239, 2372);
insert into Transaction (DTYPE, id, amount, balance, checkNo, date, description, externalId, initialBalance, memo, ref, status, type, uuid, account_id, transfer_id, custom) values('InternalTransaction', 2378, -8.11, 1230.86, '', '2010-04-12', 'CHIPOTLE 1208 TEMPE AZ', '201004120', false, '04/09CHIPOTLE', '', 2, 1, 'fc5c1a96-95c2-3055-b01f-a7fea19c78b5', 229, null, false);
insert into Split (id, amount, uuid, envelope_id, transaction_id) values(2379, -8.11, '91319720-432c-3d39-86a2-d5a9c668bd82', 295, 2378);
insert into Transaction (DTYPE, id, amount, balance, checkNo, date, description, externalId, initialBalance, memo, ref, status, type, uuid, account_id, transfer_id, custom) values('InternalTransaction', 2376, -30.50, 2441.08, '', '2009-12-29', 'AMC DEER VALLE04001020 P', '200912292', false, '12/27AMC DEER', '', 2, 1, '61b54488-c2b2-3b67-b855-078ebfcab35a', 229, null, false);
insert into Split (id, amount, uuid, envelope_id, transaction_id) values(2377, -30.50, '4a430171-bc5b-3995-8f33-d33dac28d8dc', 284, 2376);
insert into Transaction (DTYPE, id, amount, balance, checkNo, date, description, externalId, initialBalance, memo, ref, status, type, uuid, account_id, transfer_id, custom) values('InternalTransaction', 2380, 395.45, 6001.63, '', '2010-03-19', 'Transfer from Available', 'null', false, '', '', 2, 0, '8c886325-4c7d-34fb-91d8-bdb54cb09f35', 229, 2887, false);
insert into Split (id, amount, uuid, envelope_id, transaction_id) values(2381, 395.45, '7022c240-4431-3ecd-b283-1a195008eb02', 231, 2380);
insert into Transaction (DTYPE, id, amount, balance, checkNo, date, description, externalId, initialBalance, memo, ref, status, type, uuid, account_id, transfer_id, custom) values('InternalTransaction', 2386, 28.87, 368.16, '', '2010-04-29', 'Transfer from Available', 'null', false, '', '', 2, 0, '79abcdf0-a0a8-3d1a-b82b-2675d808d2ab', 229, 1294, false);
insert into Split (id, amount, uuid, envelope_id, transaction_id) values(2387, 28.87, '669d7663-10c4-3ea6-a7e6-f742ca20b095', 295, 2386);
insert into Transaction (DTYPE, id, amount, balance, checkNo, date, description, externalId, initialBalance, memo, ref, status, type, uuid, account_id, transfer_id, custom) values('InternalTransaction', 2384, 114.68, 10812.71, '', '2010-02-16', 'Transfer from Available', 'null', false, '', '', 0, 0, 'b1cd268d-5db8-3a71-9683-c2175231f60d', 229, 590, false);
insert into Split (id, amount, uuid, envelope_id, transaction_id) values(2385, 114.68, '221de212-b7f7-3f68-b7f6-8558af7d30ea', 244, 2384);
insert into Transaction (DTYPE, id, amount, balance, checkNo, date, description, externalId, initialBalance, memo, ref, status, type, uuid, account_id, transfer_id, custom) values('InternalTransaction', 2382, -25.00, 1366.85, '', '2009-12-18', 'LDW GROUP 8006017097 MA', '200912183', false, '12/16LDW GROUP', '', 2, 1, 'f4e53852-971d-36f1-a020-f86194b41bdf', 229, null, false);
insert into Split (id, amount, uuid, envelope_id, transaction_id) values(2383, -25.00, '62407b91-555d-3f49-b1c3-3acd3642ad30', 247, 2382);
insert into Transaction (DTYPE, id, amount, balance, checkNo, date, description, externalId, initialBalance, memo, ref, status, type, uuid, account_id, transfer_id, custom) values('InternalTransaction', 2388, -12.00, 516.63, '', '2009-11-12', 'CHINA CHILI PHOENIX AZ', '200911124', false, '11/09CHINA CHI', '', 2, 1, '96b46c94-59d4-3aa2-a6d7-6d73d2c47a18', 229, null, false);
insert into Split (id, amount, uuid, envelope_id, transaction_id) values(2389, -12.00, 'c3ff7887-2d3f-3c25-ac66-1b2a138814ae', 295, 2388);
insert into Transaction (DTYPE, id, amount, balance, checkNo, date, description, externalId, initialBalance, memo, ref, status, type, uuid, account_id, transfer_id, custom) values('InternalTransaction', 2390, -11.86, 3260.62, '', '2009-11-23', 'PIE ZANOS KITCHEN PHOENI', '200911237', false, '11/20PIE ZANOS', '', 2, 1, 'c6de5311-9d07-3edc-8ab1-5508311d6db8', 229, null, false);
insert into Split (id, amount, uuid, envelope_id, transaction_id) values(2391, -11.86, '82bd56e6-eeb5-38b5-b377-962f1ba1d584', 295, 2390);
insert into Transaction (DTYPE, id, amount, balance, checkNo, date, description, externalId, initialBalance, memo, ref, status, type, uuid, account_id, transfer_id, custom) values('InternalTransaction', 2396, -7.50, 1254.13, '', '2010-04-08', 'BRICKYARD ON MILL GAR 31', '201004081', false, '04/07BRICKYARD', '', 2, 1, 'bb42558a-96b8-3686-a119-a053074bc094', 229, null, false);
insert into Split (id, amount, uuid, envelope_id, transaction_id) values(2397, -7.50, '2f86d63e-3c0b-3fe8-b2cc-c36537aeca42', 264, 2396);
insert into Transaction (DTYPE, id, amount, balance, checkNo, date, description, externalId, initialBalance, memo, ref, status, type, uuid, account_id, transfer_id, custom) values('InternalTransaction', 2394, -175.00, 3001.12, '', '2010-01-25', 'IRS USATAXPYMT 2700', '201001251', false, '42500203145 WEB ID: 3387702000', '', 2, 1, 'da093915-cb3b-3876-89b8-b6f6adea2426', 229, null, false);
insert into Split (id, amount, uuid, envelope_id, transaction_id) values(2395, -175.00, '4128423c-cb6a-3d22-a123-0aeacc012142', 275, 2394);
insert into Transaction (DTYPE, id, amount, balance, checkNo, date, description, externalId, initialBalance, memo, ref, status, type, uuid, account_id, transfer_id, custom) values('InternalTransaction', 2392, -175.00, 0.00, '', '2010-02-19', 'Transfer to Massage', 'null', false, '', '', 2, 1, '9fe70f0c-809e-3cb2-b123-fea41fa9a995', 228, 1084, false);
insert into Split (id, amount, uuid, envelope_id, transaction_id) values(2393, -175.00, 'efbd88cb-5387-3447-b85d-a7c83d6497cc', 275, 2392);
insert into Transaction (DTYPE, id, amount, balance, checkNo, date, description, externalId, initialBalance, memo, ref, status, type, uuid, account_id, transfer_id, custom) values('InternalTransaction', 2398, -200.00, 3599.31, '', '2010-02-19', 'Transfer to Spending', 'null', false, '', '', 2, 1, 'eb872e85-0417-333c-9df6-23270927054c', 229, 3079, false);
insert into Split (id, amount, uuid, envelope_id, transaction_id) values(2399, -200.00, '4883e660-71e0-39d8-b11c-05dc607803b5', 292, 2398);
insert into Transaction (DTYPE, id, amount, balance, checkNo, date, description, externalId, initialBalance, memo, ref, status, type, uuid, account_id, transfer_id, custom) values('InternalTransaction', 2400, -52.49, 0.00, '', '2010-04-13', 'Transfer to Available', 'null', false, '', '', 2, 1, '9ed8046e-4d85-3924-bd19-f8ddbfdc9b81', 228, 810, false);
insert into Split (id, amount, uuid, envelope_id, transaction_id) values(2401, -52.49, 'e552b1f1-faf9-3a7b-9eed-a7d33f8e1835', 263, 2400);
insert into Transaction (DTYPE, id, amount, balance, checkNo, date, description, externalId, initialBalance, memo, ref, status, type, uuid, account_id, transfer_id, custom) values('InternalTransaction', 2402, -204.78, 5068.18, '', '2009-11-27', 'VZWRLSS-MYACCT VW 800-92', '200911271', false, '11/26VZWRLSS-M', '', 2, 1, 'd6c62b38-3e37-34b7-b371-91b9732614d5', 229, null, false);
insert into Split (id, amount, uuid, envelope_id, transaction_id) values(2403, -204.78, 'fd88033a-20a9-3e70-9846-1090fa8f5a0f', 236, 2402);
insert into Transaction (DTYPE, id, amount, balance, checkNo, date, description, externalId, initialBalance, memo, ref, status, type, uuid, account_id, transfer_id, custom) values('InternalTransaction', 2404, -44.40, 3127.59, '', '2010-02-19', 'OFFICE MAX 928 W CAMELB 700534', '201002191', false, '02/18OFFICE MA', '', 2, 1, '87b2231d-d2dc-3371-b6fc-8736957c2891', 229, null, false);
insert into Split (id, amount, uuid, envelope_id, transaction_id) values(2405, -44.40, 'c29f0141-0ee1-3ea7-a94d-253493c948f2', 239, 2404);
insert into Transaction (DTYPE, id, amount, balance, checkNo, date, description, externalId, initialBalance, memo, ref, status, type, uuid, account_id, transfer_id, custom) values('InternalTransaction', 2406, -21.61, 4359.91, '', '2009-12-14', 'TRAILS #27 PHOENIX AZ', '2009121416', false, '12/11TRAILS #2', '', 2, 1, '9d10c4e0-5773-399f-a0d8-0963ba6da448', 229, null, false);
insert into Split (id, amount, uuid, envelope_id, transaction_id) values(2407, -21.61, 'b2a2b9af-cde2-3491-8837-82ef67bf4936', 252, 2406);
insert into Transaction (DTYPE, id, amount, balance, checkNo, date, description, externalId, initialBalance, memo, ref, status, type, uuid, account_id, transfer_id, custom) values('InternalTransaction', 2408, -22.22, 3228.29, '', '2010-03-31', 'WHOLE FOODS MARK 5120 S 110687', '201003311', false, '03/30WHOLE FOO', '', 2, 1, 'e835691b-e7c7-33b6-98b5-55d20687b985', 229, null, false);
insert into Split (id, amount, uuid, envelope_id, transaction_id) values(2409, -22.22, '59d2b9a2-700b-3678-976a-1e5fac391b1b', 238, 2408);
insert into Transaction (DTYPE, id, amount, balance, checkNo, date, description, externalId, initialBalance, memo, ref, status, type, uuid, account_id, transfer_id, custom) values('InternalTransaction', 2410, -25.00, 4099.57, '', '2010-04-16', 'Transfer to Medical', 'null', false, '', '', 2, 1, '2aeadf91-c159-3808-9a2f-4f1fcb4d978e', 229, 486, false);
insert into Split (id, amount, uuid, envelope_id, transaction_id) values(2411, -25.00, '75165a36-bed1-39b4-a24d-306917e4b8b8', 292, 2410);
insert into Transaction (DTYPE, id, amount, balance, checkNo, date, description, externalId, initialBalance, memo, ref, status, type, uuid, account_id, transfer_id, custom) values('InternalTransaction', 2412, -8.95, 4977.93, '', '2009-11-13', 'SAFEWAY STORE 2716 PHO962999', '200911133', false, '11/12SAFEWAY', '', 2, 1, '84bb7e6b-f481-3ac8-8d71-297929a19982', 229, null, false);
insert into Split (id, amount, uuid, envelope_id, transaction_id) values(2413, -8.95, 'bfb7ef58-2dde-3b86-8628-1b87e217b6f5', 238, 2412);
insert into Transaction (DTYPE, id, amount, balance, checkNo, date, description, externalId, initialBalance, memo, ref, status, type, uuid, account_id, transfer_id, custom) values('InternalTransaction', 2414, -15.75, 4408.38, '', '2009-11-30', 'HARKINS SHEA CINEMAQ9 SC', '2009113014', false, '11/26HARKINS S', '', 2, 1, '3bd1bff6-db8b-3a0b-8411-9b7414964796', 229, null, false);
insert into Split (id, amount, uuid, envelope_id, transaction_id) values(2415, -15.75, '230de93f-6ef6-393e-8084-d264311daafc', 284, 2414);
insert into Transaction (DTYPE, id, amount, balance, checkNo, date, description, externalId, initialBalance, memo, ref, status, type, uuid, account_id, transfer_id, custom) values('InternalTransaction', 2418, -29.37, 3938.07, '', '2009-12-08', 'THE ORIGINAL WINEBURGER', '200912080', false, '12/05THE ORIGI', '', 2, 1, '47dd6c64-71cb-3812-b069-0ac0a7523d08', 229, null, false);
insert into Split (id, amount, uuid, envelope_id, transaction_id) values(2419, -29.37, '7f69b3a3-bd9d-3dc7-872c-c11c43b45871', 295, 2418);
insert into Transaction (DTYPE, id, amount, balance, checkNo, date, description, externalId, initialBalance, memo, ref, status, type, uuid, account_id, transfer_id, custom) values('InternalTransaction', 2416, 40.00, 40.00, '', '2010-03-09', 'Transfer from Spending', 'null', false, '', '', 2, 0, 'bfec621d-1684-3b6f-acc8-8fbded65f7ef', 228, 3015, false);
insert into Split (id, amount, uuid, envelope_id, transaction_id) values(2417, 40.00, 'abb3f10e-06c3-339a-8fde-0e6302833d6b', 247, 2416);
insert into Transaction (DTYPE, id, amount, balance, checkNo, date, description, externalId, initialBalance, memo, ref, status, type, uuid, account_id, transfer_id, custom) values('InternalTransaction', 2420, -31.90, 1760.54, '', '2010-03-12', 'SRR*SIRIUS RADIO 888-539', '201003120', false, '03/11SRR*SIRIU', '', 2, 1, 'f7df0fd6-ec0c-3d4a-b540-420f4f730e2e', 229, null, false);
insert into Split (id, amount, uuid, envelope_id, transaction_id) values(2421, -31.90, 'a7a01ae9-6996-34c8-b6a6-4e1ce8fa747f', 233, 2420);
insert into Transaction (DTYPE, id, amount, balance, checkNo, date, description, externalId, initialBalance, memo, ref, status, type, uuid, account_id, transfer_id, custom) values('InternalTransaction', 2426, 41.17, 41.17, '', '2010-04-29', 'Transfer from Auto Fuel', 'null', false, '', '', 2, 0, '119dd81f-3999-33b1-b5ee-672881d82274', 228, 1910, false);
insert into Split (id, amount, uuid, envelope_id, transaction_id) values(2427, 41.17, '9e50c8bd-e577-3fbe-a647-7083706d20fc', 252, 2426);
insert into Transaction (DTYPE, id, amount, balance, checkNo, date, description, externalId, initialBalance, memo, ref, status, type, uuid, account_id, transfer_id, custom) values('InternalTransaction', 2424, -6.85, 1098.19, '', '2010-02-17', 'FRYS FOOD & DRUG 3232 S 540513', '201002172', false, '02/16FRYS FOOD', '', 2, 1, 'fa6c66e2-e9a8-31ff-918d-4e757c6e6e26', 229, null, false);
insert into Split (id, amount, uuid, envelope_id, transaction_id) values(2425, -6.85, 'ed66239b-8bfd-3a89-8ad5-257da26c76f0', 238, 2424);
insert into Transaction (DTYPE, id, amount, balance, checkNo, date, description, externalId, initialBalance, memo, ref, status, type, uuid, account_id, transfer_id, custom) values('InternalTransaction', 2422, -309.33, 2653.65, '', '2010-01-11', 'VW CREDIT, INC. AUTO DEBIT WE', '201001111', false, 'B 852539481 WEB ID: 1382362409', '', 2, 1, 'e978c0a4-dbe5-3d7f-ab6c-9dafdfb0daec', 229, null, false);
insert into Split (id, amount, uuid, envelope_id, transaction_id) values(2423, -309.33, '67dc82a5-07a8-3f80-8bb5-55a56eab45e2', 267, 2422);
insert into Transaction (DTYPE, id, amount, balance, checkNo, date, description, externalId, initialBalance, memo, ref, status, type, uuid, account_id, transfer_id, custom) values('InternalTransaction', 2430, -1.51, 3916.07, '', '2010-03-24', 'Transfer to Eating Out', 'null', false, '', '', 2, 1, '1ce76407-dd62-3997-990f-6d2900d5b805', 229, 962, false);
insert into Split (id, amount, uuid, envelope_id, transaction_id) values(2431, -1.51, '746834d4-39ca-39e1-9742-74aa0782e7d7', 292, 2430);
insert into Transaction (DTYPE, id, amount, balance, checkNo, date, description, externalId, initialBalance, memo, ref, status, type, uuid, account_id, transfer_id, custom) values('InternalTransaction', 2428, -41.35, 3394.52, '', '2010-01-22', 'CHEVRON 00206657 PHOENIX', '201001222', false, '01/20CHEVRON 0', '', 2, 1, '835fc24b-fb7f-3840-b869-04211a66bb25', 229, null, false);
insert into Split (id, amount, uuid, envelope_id, transaction_id) values(2429, -41.35, '21f8c45c-b982-3080-8c42-fe9fe82c5360', 253, 2428);
insert into Transaction (DTYPE, id, amount, balance, checkNo, date, description, externalId, initialBalance, memo, ref, status, type, uuid, account_id, transfer_id, custom) values('InternalTransaction', 2432, -31.85, 2043.38, '', '2010-01-04', 'HARD ROCK PHOENIX R PHOE', '201001043', false, '12/30HARD ROCK', '', 2, 1, '5dc1ae06-4e0e-376d-902e-3b3505268797', 229, null, false);
insert into Split (id, amount, uuid, envelope_id, transaction_id) values(2433, -31.85, '9bd83c96-c89b-3184-8684-6a2880f80061', 295, 2432);
insert into Transaction (DTYPE, id, amount, balance, checkNo, date, description, externalId, initialBalance, memo, ref, status, type, uuid, account_id, transfer_id, custom) values('InternalTransaction', 2436, -5.50, 4047.40, '', '2010-03-29', 'TACO BELL 233800233866 M', '201003293', false, '03/26TACO BELL', '', 2, 1, '25cb08d9-ed5e-3d4d-ae1c-9e30ebf0075b', 229, null, false);
insert into Split (id, amount, uuid, envelope_id, transaction_id) values(2437, -5.50, '71493cbd-4bad-3f05-b6fd-dab2a6061625', 246, 2436);
insert into Transaction (DTYPE, id, amount, balance, checkNo, date, description, externalId, initialBalance, memo, ref, status, type, uuid, account_id, transfer_id, custom) values('InternalTransaction', 2434, -649.88, 3230.11, '', '2010-03-08', 'HSBC CARD SRVCS Online Pmt 0000', '201003080', false, '00542347337 WEB ID: 2000000510', '', 2, 1, '9a04035d-8ffa-3f7a-a5fc-f860b4b38ff0', 229, null, false);
insert into Split (id, amount, uuid, envelope_id, transaction_id) values(2435, -649.88, '983cd481-f637-384d-b1e5-1c06b27b22df', 242, 2434);
insert into Transaction (DTYPE, id, amount, balance, checkNo, date, description, externalId, initialBalance, memo, ref, status, type, uuid, account_id, transfer_id, custom) values('InternalTransaction', 2438, -49.00, 2465.27, '', '2010-03-18', 'MASSAGE ENVY 0011 480-83', '201003181', false, '03/16MASSAGE E', '', 2, 1, '69a421dc-4581-3e9a-87b0-69301dfd3755', 229, null, false);
insert into Split (id, amount, uuid, envelope_id, transaction_id) values(2439, -49.00, 'aff881c1-0bb4-3759-beb4-c911621111cd', 279, 2438);
insert into Transaction (DTYPE, id, amount, balance, checkNo, date, description, externalId, initialBalance, memo, ref, status, type, uuid, account_id, transfer_id, custom) values('InternalTransaction', 2442, 25.00, 3976.99, '', '2010-02-19', 'Transfer from Available', 'null', false, '', '', 2, 0, '01d7e3ed-7d12-39a5-8d7d-3b544b851da2', 229, 2314, false);
insert into Split (id, amount, uuid, envelope_id, transaction_id) values(2443, 25.00, '28a4fceb-16aa-3841-8841-9ba3a1ec3283', 239, 2442);
insert into Transaction (DTYPE, id, amount, balance, checkNo, date, description, externalId, initialBalance, memo, ref, status, type, uuid, account_id, transfer_id, custom) values('InternalTransaction', 2440, -308.00, 4233.58, '', '2010-03-23', 'Transfer to Taxes', 'null', false, '', '', 2, 1, '5c758395-828f-32fa-b910-0672b6b3356d', 229, 2508, false);
insert into Split (id, amount, uuid, envelope_id, transaction_id) values(2441, -308.00, 'da4c2fb8-7cd9-357a-8416-f01296e63bbd', 292, 2440);
insert into Transaction (DTYPE, id, amount, balance, checkNo, date, description, externalId, initialBalance, memo, ref, status, type, uuid, account_id, transfer_id, custom) values('InternalTransaction', 2444, -13.85, 1021.41, '', '2009-11-09', 'SPROUTS FARMERS MKT # 0 460613', '200911095', false, '11/07SPROUTS F', '', 2, 1, 'b4129903-25a5-3f3a-9844-e368a3fc3905', 229, null, false);
insert into Split (id, amount, uuid, envelope_id, transaction_id) values(2445, -13.85, '92077cf2-686e-37d9-81f5-cbca2a78d629', 238, 2444);
insert into Transaction (DTYPE, id, amount, balance, checkNo, date, description, externalId, initialBalance, memo, ref, status, type, uuid, account_id, transfer_id, custom) values('InternalTransaction', 2446, -2.00, 339.29, '', '2010-04-28', 'NON-CHASE ATM FEE-WITH', '201004282', false, '', '', 1, 1, '67bcbfe3-ef91-39f8-b124-d7db13dbdaf3', 229, null, false);
insert into Split (id, amount, uuid, envelope_id, transaction_id) values(2447, -2.00, '4c16ee4d-ea71-390c-8d53-cd19bfed8adc', 252, 2446);
insert into Transaction (DTYPE, id, amount, balance, checkNo, date, description, externalId, initialBalance, memo, ref, status, type, uuid, account_id, transfer_id, custom) values('InternalTransaction', 2448, 10.16, 10.16, '', '2010-03-20', 'Transfer from Available', 'null', false, '', '', 2, 0, '175f2917-eadd-3b16-a5e6-512e2124c5cf', 228, 1074, false);
insert into Split (id, amount, uuid, envelope_id, transaction_id) values(2449, 10.16, 'e9be8558-1430-33b8-94c6-7d0b481beb07', 270, 2448);
insert into Transaction (DTYPE, id, amount, balance, checkNo, date, description, externalId, initialBalance, memo, ref, status, type, uuid, account_id, transfer_id, custom) values('InternalTransaction', 2450, 31.10, 1478.59, '', '2010-04-06', 'Transfer from Available', 'null', false, '', '', 2, 0, '2a5960aa-cf96-3cfb-8523-727093f43412', 229, 574, false);
insert into Split (id, amount, uuid, envelope_id, transaction_id) values(2451, 31.10, '09021588-4572-376f-9038-bc8e9d78e234', 238, 2450);
insert into Transaction (DTYPE, id, amount, balance, checkNo, date, description, externalId, initialBalance, memo, ref, status, type, uuid, account_id, transfer_id, custom) values('InternalTransaction', 2452, -10.05, 1700.49, '', '2010-03-12', 'CHIPOTLE 1208 TEMPE AZ', '201003123', false, '03/11CHIPOTLE', '', 2, 1, 'a79200ff-9e1e-3fb0-b567-af52738a643b', 229, null, false);
insert into Split (id, amount, uuid, envelope_id, transaction_id) values(2453, -10.05, '5cbd2ad6-5b79-3c1e-8da0-ed98ba8de757', 295, 2452);
insert into Transaction (DTYPE, id, amount, balance, checkNo, date, description, externalId, initialBalance, memo, ref, status, type, uuid, account_id, transfer_id, custom) values('InternalTransaction', 2454, -135.18, 722.05, '', '2010-01-05', 'STATE FARM RO 27 SFPP', '201001052', false, 'PPD ID: 9000307001', '', 2, 1, '2f111e2f-500a-3457-8cd1-c1807354f4eb', 229, null, false);
insert into Split (id, amount, uuid, envelope_id, transaction_id) values(2455, -135.18, '5a4f3359-0b55-3b65-9053-94d288c0b43c', 290, 2454);
insert into Transaction (DTYPE, id, amount, balance, checkNo, date, description, externalId, initialBalance, memo, ref, status, type, uuid, account_id, transfer_id, custom) values('InternalTransaction', 2460, 40.79, 4017.78, '', '2010-02-19', 'Transfer from Available', 'null', false, '', '', 2, 0, '0fa35f64-5a05-3a26-a988-782d64636c5c', 229, 384, false);
insert into Split (id, amount, uuid, envelope_id, transaction_id) values(2461, 40.79, '12ea9f19-7e98-34bd-9351-bce7273af50b', 273, 2460);
insert into Transaction (DTYPE, id, amount, balance, checkNo, date, description, externalId, initialBalance, memo, ref, status, type, uuid, account_id, transfer_id, custom) values('InternalTransaction', 2458, 165.38, 165.38, '', '2010-02-28', 'Transfer from Unassigned', 'null', false, '', '', 2, 0, '8cc32b77-375c-3e14-9de5-138de2237383', 228, 2979, false);
insert into Split (id, amount, uuid, envelope_id, transaction_id) values(2459, 165.38, 'beae2cff-cf61-3c72-8a26-b32f5bf6287a', 249, 2458);
insert into Transaction (DTYPE, id, amount, balance, checkNo, date, description, externalId, initialBalance, memo, ref, status, type, uuid, account_id, transfer_id, custom) values('InternalTransaction', 2456, -15.95, 4023.11, '', '2010-04-16', 'Transfer to Sirius', 'null', false, '', '', 2, 1, '580b10b6-ca2b-3aab-9854-f6a64af8bd12', 229, 1098, false);
insert into Split (id, amount, uuid, envelope_id, transaction_id) values(2457, -15.95, 'e259c6be-0dea-302f-9881-6f9408f77b7d', 292, 2456);
insert into Transaction (DTYPE, id, amount, balance, checkNo, date, description, externalId, initialBalance, memo, ref, status, type, uuid, account_id, transfer_id, custom) values('InternalTransaction', 2462, -60.52, 1748.10, '', '2010-01-11', 'BARCLAYCARD US CREDITCARD 8091', '201001117', false, '8847 WEB ID: 2510407970', '', 2, 1, 'bcada5b7-bc13-3cba-8d1c-a7f9cf6c55cc', 229, null, false);
insert into Split (id, amount, uuid, envelope_id, transaction_id) values(2463, -60.52, '74846b7b-1438-3e52-b384-2a28feab54e9', 242, 2462);
insert into Transaction (DTYPE, id, amount, balance, checkNo, date, description, externalId, initialBalance, memo, ref, status, type, uuid, account_id, transfer_id, custom) values('InternalTransaction', 2464, -38.61, 1468.43, '', '2010-02-11', 'CIRCLE K #9158 MESA AZ 449520', '201002111', false, '02/10CIRCLE K', '', 2, 1, '72888ecd-0c48-31db-a6c5-ed899441e880', 229, null, false);
insert into Split (id, amount, uuid, envelope_id, transaction_id) values(2465, -38.61, '7d917262-a493-3024-856d-356b570df03e', 252, 2464);
insert into Transaction (DTYPE, id, amount, balance, checkNo, date, description, externalId, initialBalance, memo, ref, status, type, uuid, account_id, transfer_id, custom) values('InternalTransaction', 2468, 49.23, 49.23, '', '2010-04-08', 'Transfer from Spending', 'null', false, '', '', 2, 0, '3d4ecfc8-b869-34e9-8965-c56972cd4f7b', 228, 2749, false);
insert into Split (id, amount, uuid, envelope_id, transaction_id) values(2469, 49.23, '7751a6a0-46b7-3534-91f3-5aebe3153361', 292, 2468);
insert into Transaction (DTYPE, id, amount, balance, checkNo, date, description, externalId, initialBalance, memo, ref, status, type, uuid, account_id, transfer_id, custom) values('InternalTransaction', 2466, 24.90, 1588.73, '', '2010-02-16', 'Transfer from Available', 'null', false, '', '', 0, 0, 'e796b782-50e4-3bdd-b164-debd01bf4d33', 229, 850, false);
insert into Split (id, amount, uuid, envelope_id, transaction_id) values(2467, 24.90, '756dbdcd-2657-366f-8396-314c427eb2fc', 244, 2466);
insert into Transaction (DTYPE, id, amount, balance, checkNo, date, description, externalId, initialBalance, memo, ref, status, type, uuid, account_id, transfer_id, custom) values('InternalTransaction', 2472, -1.11, 2608.74, '', '2010-04-19', 'QT 400 TEMPE AZ 567217', '201004193', false, '04/16QT 400 TE', '', 2, 1, '4050e8f3-e6b4-3f4e-a540-768f1c44fba5', 229, null, false);
insert into Split (id, amount, uuid, envelope_id, transaction_id) values(2473, -1.11, '5e964f6b-7464-34b6-8b98-aa297f528edd', 252, 2472);
insert into Transaction (DTYPE, id, amount, balance, checkNo, date, description, externalId, initialBalance, memo, ref, status, type, uuid, account_id, transfer_id, custom) values('InternalTransaction', 2470, -275.00, 0.00, '', '2010-03-23', 'Transfer to Moving', 'null', false, '', '', 2, 1, 'a356dac8-708d-3f92-844f-7e257cf0f3f1', 228, 2554, false);
insert into Split (id, amount, uuid, envelope_id, transaction_id) values(2471, -275.00, '57421bc5-079f-3eae-8855-fc70af313269', 292, 2470);
insert into Transaction (DTYPE, id, amount, balance, checkNo, date, description, externalId, initialBalance, memo, ref, status, type, uuid, account_id, transfer_id, custom) values('InternalTransaction', 2474, 347.62, 11629.03, '', '2010-02-16', 'Transfer from Available', 'null', false, '', '', 0, 0, 'b4a663cb-e592-3814-83d1-c8beb4793403', 229, 1312, false);
insert into Split (id, amount, uuid, envelope_id, transaction_id) values(2475, 347.62, 'ffd7a63e-cff8-35e9-865b-8662c9664087', 293, 2474);
insert into Transaction (DTYPE, id, amount, balance, checkNo, date, description, externalId, initialBalance, memo, ref, status, type, uuid, account_id, transfer_id, custom) values('InternalTransaction', 2476, 292.74, 1881.47, '', '2010-02-16', 'Transfer from Available', 'null', false, '', '', 0, 0, '726981c8-994f-37a9-b5e5-5cf0984c74f0', 229, 2837, false);
insert into Split (id, amount, uuid, envelope_id, transaction_id) values(2477, 292.74, '66ce701a-9d2e-3a36-b585-53025e1297e1', 280, 2476);
insert into Transaction (DTYPE, id, amount, balance, checkNo, date, description, externalId, initialBalance, memo, ref, status, type, uuid, account_id, transfer_id, custom) values('InternalTransaction', 2478, -9.74, 1170.04, '', '2010-02-15', 'WALGREEN', '201002166', false, '', '', 2, 1, '6fc5e131-3e34-34cd-9ec5-a550902fbb4f', 229, null, false);
insert into Split (id, amount, uuid, envelope_id, transaction_id) values(2479, -9.74, '3ba77be9-708d-36a3-87ed-ae048098aa91', 277, 2478);
insert into Transaction (DTYPE, id, amount, balance, checkNo, date, description, externalId, initialBalance, memo, ref, status, type, uuid, account_id, transfer_id, custom) values('InternalTransaction', 2480, -69.24, 0.00, '', '2010-04-29', 'Transfer to New Car', 'null', false, '', '', 2, 1, '74e6b5d1-d2b8-39aa-a636-c6739cfd8e7c', 228, 1234, false);
insert into Split (id, amount, uuid, envelope_id, transaction_id) values(2481, -69.24, '0ab4fa07-4bfe-3501-b912-729612afe417', 293, 2480);
insert into Transaction (DTYPE, id, amount, balance, checkNo, date, description, externalId, initialBalance, memo, ref, status, type, uuid, account_id, transfer_id, custom) values('InternalTransaction', 2486, -5.77, 3720.69, '', '2010-04-02', 'Transfer to Auto Registration', 'null', false, '', '', 2, 1, '1498697f-e3ac-3d8a-afa4-d10aaa5098e6', 229, 2058, false);
insert into Split (id, amount, uuid, envelope_id, transaction_id) values(2487, -5.77, 'c45e9f70-5727-3ed8-a336-c6f5a76ed9af', 292, 2486);
insert into Transaction (DTYPE, id, amount, balance, checkNo, date, description, externalId, initialBalance, memo, ref, status, type, uuid, account_id, transfer_id, custom) values('InternalTransaction', 2484, 10.26, 10.26, '', '2010-03-11', 'Transfer from Available', 'null', false, '', '', 2, 0, '63dd0cf9-7f58-3bb8-a3f7-4e0ad9fc98ba', 228, 2052, false);
insert into Split (id, amount, uuid, envelope_id, transaction_id) values(2485, 10.26, '56ea46a5-68a2-36a6-89be-38d326d8d8eb', 295, 2484);
insert into Transaction (DTYPE, id, amount, balance, checkNo, date, description, externalId, initialBalance, memo, ref, status, type, uuid, account_id, transfer_id, custom) values('InternalTransaction', 2482, -10.00, 6319.73, '', '2010-03-19', 'Transfer to Auto Maintenance', 'null', false, '', '', 2, 1, 'cb5624f0-3e83-373c-9640-04e7c7d0929e', 229, 1088, false);
insert into Split (id, amount, uuid, envelope_id, transaction_id) values(2483, -10.00, '941885e4-c1a7-326a-9f6a-4a88cb39489f', 292, 2482);
insert into Transaction (DTYPE, id, amount, balance, checkNo, date, description, externalId, initialBalance, memo, ref, status, type, uuid, account_id, transfer_id, custom) values('InternalTransaction', 2488, -35.51, 5169.51, '', '2010-03-19', 'Transfer to New Car', 'null', false, '', '', 2, 1, 'f817e2ed-bbe0-34cd-99fc-518217ed8699', 229, 1968, false);
insert into Split (id, amount, uuid, envelope_id, transaction_id) values(2489, -35.51, 'd9969ea1-2d66-3d52-9ad6-2fdca4886388', 292, 2488);
insert into Transaction (DTYPE, id, amount, balance, checkNo, date, description, externalId, initialBalance, memo, ref, status, type, uuid, account_id, transfer_id, custom) values('InternalTransaction', 2492, -39.70, 5383.76, '', '2009-12-11', 'LOWE''S #1204 PHOENIX AZ 945841', '200912116', false, '12/10LOWE''S #1', '', 2, 1, '310ef368-1822-3440-8234-e3ce6e271c68', 229, null, false);
insert into Split (id, amount, uuid, envelope_id, transaction_id) values(2493, -39.70, '208d79f9-0729-30b3-87fd-f03e0325e9ed', 239, 2492);
insert into Transaction (DTYPE, id, amount, balance, checkNo, date, description, externalId, initialBalance, memo, ref, status, type, uuid, account_id, transfer_id, custom) values('InternalTransaction', 2490, -80.00, 5053.26, '', '2010-04-16', 'Transfer to Auto Fuel', 'null', false, '', '', 2, 1, '555b7f7d-08b4-3d08-b59d-ff0de471dd06', 229, 1506, false);
insert into Split (id, amount, uuid, envelope_id, transaction_id) values(2491, -80.00, '981c88c3-4f1f-3cac-b724-86c6f3b1bb45', 292, 2490);
insert into Transaction (DTYPE, id, amount, balance, checkNo, date, description, externalId, initialBalance, memo, ref, status, type, uuid, account_id, transfer_id, custom) values('InternalTransaction', 2496, 0.31, 1563.33, '', '2010-04-20', 'TD AMERITRADE ACH MICRO', '201004200', false, 'PPD ID: 4470533629', '', 2, 0, 'd41fb359-68a8-3ea7-8798-7f19bd4bfc54', 229, null, false);
insert into Split (id, amount, uuid, envelope_id, transaction_id) values(2497, 0.31, 'd7c0213a-a6dd-3dca-bd3a-17c573c3d1f1', 252, 2496);
insert into Transaction (DTYPE, id, amount, balance, checkNo, date, description, externalId, initialBalance, memo, ref, status, type, uuid, account_id, transfer_id, custom) values('InternalTransaction', 2494, -17.49, 5966.21, '', '2010-03-05', 'Transfer to 24 Hour Fitness', 'null', false, '', '', 2, 1, 'b71290de-0878-3864-99a7-928c069f96ea', 229, 1208, false);
insert into Split (id, amount, uuid, envelope_id, transaction_id) values(2495, -17.49, '5d055356-4450-3a41-a8e6-69f133b81b90', 292, 2494);
insert into Transaction (DTYPE, id, amount, balance, checkNo, date, description, externalId, initialBalance, memo, ref, status, type, uuid, account_id, transfer_id, custom) values('InternalTransaction', 2502, -10.00, 3726.46, '', '2010-04-02', 'Transfer to Auto Maintenance', 'null', false, '', '', 2, 1, '7256175e-f152-3c66-94c0-43e06abd8ff6', 229, 2791, false);
insert into Split (id, amount, uuid, envelope_id, transaction_id) values(2503, -10.00, '1232e490-2fbd-329c-9654-4a650c24b96e', 292, 2502);
insert into Transaction (DTYPE, id, amount, balance, checkNo, date, description, externalId, initialBalance, memo, ref, status, type, uuid, account_id, transfer_id, custom) values('InternalTransaction', 2500, -175.00, 4502.61, '', '2009-11-30', 'IRS USATAXPYMT 2709', '200911301', false, '73400908051 WEB ID: 3387702000', '', 2, 1, 'eab309d8-7805-3d67-8c04-ac6deefa055c', 229, null, false);
insert into Split (id, amount, uuid, envelope_id, transaction_id) values(2501, -175.00, '75b796df-c44d-3b87-adb5-1337e301595b', 275, 2500);
insert into Transaction (DTYPE, id, amount, balance, checkNo, date, description, externalId, initialBalance, memo, ref, status, type, uuid, account_id, transfer_id, custom) values('InternalTransaction', 2498, 150.00, 4234.13, '', '2010-04-16', 'Transfer from Available', 'null', false, '', '', 2, 0, '32f579fe-479c-386a-a3b5-6d9c525018c6', 229, 1562, false);
insert into Split (id, amount, uuid, envelope_id, transaction_id) values(2499, 150.00, 'b985a634-9f57-32a4-b3a5-ef0b6426dcc8', 238, 2498);
insert into Transaction (DTYPE, id, amount, balance, checkNo, date, description, externalId, initialBalance, memo, ref, status, type, uuid, account_id, transfer_id, custom) values('InternalTransaction', 2506, 14.95, 12920.53, '', '2010-02-16', 'Transfer from Available', 'null', false, '', '', 0, 0, 'd33fd859-0c10-37f2-84a6-751716a7afdb', 229, 1600, false);
insert into Split (id, amount, uuid, envelope_id, transaction_id) values(2507, 14.95, '69b8d1b7-5790-3b86-91a0-27e36876fa16', 268, 2506);
insert into Transaction (DTYPE, id, amount, balance, checkNo, date, description, externalId, initialBalance, memo, ref, status, type, uuid, account_id, transfer_id, custom) values('InternalTransaction', 2504, 59.44, 59.44, '', '2010-03-27', 'Transfer from Spending', 'null', false, '', '', 2, 0, 'ad6eabe3-2925-3311-a346-692d18e7afbd', 228, 714, false);
insert into Split (id, amount, uuid, envelope_id, transaction_id) values(2505, 59.44, 'c9b9f2e2-6a9a-3fdd-bc53-4a78e5cf16aa', 292, 2504);
insert into Transaction (DTYPE, id, amount, balance, checkNo, date, description, externalId, initialBalance, memo, ref, status, type, uuid, account_id, transfer_id, custom) values('InternalTransaction', 2510, -40.79, 5529.59, '', '2010-03-05', 'Transfer to Directv', 'null', false, '', '', 2, 1, '8dc5e538-f8e3-3393-aa1d-04b9a3ce9ff2', 229, 1548, false);
insert into Split (id, amount, uuid, envelope_id, transaction_id) values(2511, -40.79, 'ee701f28-4b30-3a6b-8e78-d1e01098cf94', 292, 2510);
insert into Transaction (DTYPE, id, amount, balance, checkNo, date, description, externalId, initialBalance, memo, ref, status, type, uuid, account_id, transfer_id, custom) values('InternalTransaction', 2508, 308.00, 4601.58, '', '2010-03-23', 'Transfer from Available', 'null', false, '', '', 2, 0, '30929ff0-0db1-30cc-bf22-b3bbe4975411', 229, 2440, false);
insert into Split (id, amount, uuid, envelope_id, transaction_id) values(2509, 308.00, '8936caa1-0ffb-3468-b898-6b05f92841f4', 275, 2508);
insert into Transaction (DTYPE, id, amount, balance, checkNo, date, description, externalId, initialBalance, memo, ref, status, type, uuid, account_id, transfer_id, custom) values('InternalTransaction', 2512, -163.00, 5256.83, '', '2010-03-19', 'Transfer to Lofts @ Arcadia', 'null', false, '', '', 2, 1, '0d294dd3-692c-3ea4-a4e9-3f37612ec8ad', 229, 1026, false);
insert into Split (id, amount, uuid, envelope_id, transaction_id) values(2513, -163.00, 'ff63fb10-9bce-3de1-92ca-1387343adab4', 292, 2512);
insert into Transaction (DTYPE, id, amount, balance, checkNo, date, description, externalId, initialBalance, memo, ref, status, type, uuid, account_id, transfer_id, custom) values('InternalTransaction', 2514, 1504.76, 1504.76, '', '2009-10-27', 'Initial Balance', 'null', true, '', '', 2, 0, '1d727567-1fcb-3e69-9f84-2a6d2e71bc9d', 229, null, false);
insert into Split (id, amount, uuid, envelope_id, transaction_id) values(2515, 1504.76, '012040e4-e7de-3447-8c88-f65d5ef9ea21', 292, 2514);
insert into Transaction (DTYPE, id, amount, balance, checkNo, date, description, externalId, initialBalance, memo, ref, status, type, uuid, account_id, transfer_id, custom) values('InternalTransaction', 2516, -208.00, 6417.07, '', '2010-02-16', 'Transfer to Massage Envy', 'null', false, '', '', 0, 1, '7e19d2ea-9213-3a0e-990b-9252be893fec', 229, 820, false);
insert into Split (id, amount, uuid, envelope_id, transaction_id) values(2517, -208.00, '2ca11a27-8019-33c7-baad-8efcb00716c2', 292, 2516);
insert into Transaction (DTYPE, id, amount, balance, checkNo, date, description, externalId, initialBalance, memo, ref, status, type, uuid, account_id, transfer_id, custom) values('InternalTransaction', 2522, 106.88, 106.88, '', '2010-03-30', 'Transfer from Available', 'null', false, '', '', 2, 0, '0a2d27cf-90fb-3fb7-a9bb-be5ad5c0b4b0', 228, 1388, false);
insert into Split (id, amount, uuid, envelope_id, transaction_id) values(2523, 106.88, '2134a6f0-0532-33e7-a0ff-0b943222dc78', 248, 2522);
insert into Transaction (DTYPE, id, amount, balance, checkNo, date, description, externalId, initialBalance, memo, ref, status, type, uuid, account_id, transfer_id, custom) values('InternalTransaction', 2520, 50.00, 3661.83, '', '2010-02-08', 'INTOWN SUITES MCDOWELL P', '201002080', false, '02/05INTOWN SU', '', 2, 0, '2bf0e9c8-c49c-35fc-9eda-fcc1edb5d88b', 229, null, false);
insert into Split (id, amount, uuid, envelope_id, transaction_id) values(2521, 50.00, '611ba23d-62c6-3b24-8925-80855415d1b9', 292, 2520);
insert into Transaction (DTYPE, id, amount, balance, checkNo, date, description, externalId, initialBalance, memo, ref, status, type, uuid, account_id, transfer_id, custom) values('InternalTransaction', 2518, -15.00, 2327.59, '267', '2010-02-23', 'Dr Bowley', '201002232', false, '', '', 2, 1, '3e436ed7-a448-397e-95aa-4f1523dbb79a', 229, null, false);
insert into Split (id, amount, uuid, envelope_id, transaction_id) values(2519, -15.00, '6a72f191-ba08-30cf-822a-a0675c2b5bc9', 286, 2518);
insert into Transaction (DTYPE, id, amount, balance, checkNo, date, description, externalId, initialBalance, memo, ref, status, type, uuid, account_id, transfer_id, custom) values('InternalTransaction', 2526, -11.15, 1226.28, '', '2010-04-26', 'STARBUCKS USA 00096230 T', '201004263', false, '04/23STARBUCKS', '', 1, 1, 'ac6e2924-041e-3340-88c0-f90f7bd7827f', 229, null, false);
insert into Split (id, amount, uuid, envelope_id, transaction_id) values(2527, -11.15, '8cc1081a-0d0a-3135-adb5-b6f63bb5a182', 270, 2526);
insert into Transaction (DTYPE, id, amount, balance, checkNo, date, description, externalId, initialBalance, memo, ref, status, type, uuid, account_id, transfer_id, custom) values('InternalTransaction', 2524, -19.15, 5308.97, '', '2009-12-11', 'SOU THE HOME DEPOT 8618 139350', '200912119', false, '12/10SOU THE H', '', 2, 1, 'ded4f9b8-766c-332a-a78d-2ce4604559a4', 229, null, false);
insert into Split (id, amount, uuid, envelope_id, transaction_id) values(2525, -19.15, 'cd74bb8a-7f33-3bfc-9e59-8f9f1eec1e46', 239, 2524);
insert into Transaction (DTYPE, id, amount, balance, checkNo, date, description, externalId, initialBalance, memo, ref, status, type, uuid, account_id, transfer_id, custom) values('InternalTransaction', 2528, 5.00, 5.00, '', '2010-02-25', 'Transfer from Spending', 'null', false, '', '', 2, 0, 'bdddbc32-2509-318a-9e52-72b1ce59324e', 228, 672, false);
insert into Split (id, amount, uuid, envelope_id, transaction_id) values(2529, 5.00, '2c662988-11c9-3d99-9ceb-b0ad1e4820f7', 286, 2528);
insert into Transaction (DTYPE, id, amount, balance, checkNo, date, description, externalId, initialBalance, memo, ref, status, type, uuid, account_id, transfer_id, custom) values('InternalTransaction', 2530, -79.88, 2555.68, '', '2010-04-05', 'SPROUTS FARMERS MKT # 0', '201004056', false, '04/03SPROUTS F Purcha', '', 2, 1, '7ba411dd-45af-34b6-84ca-7b4fb1cb7dbf', 229, null, false);
insert into Split (id, amount, uuid, envelope_id, transaction_id) values(2531, -79.88, '6d19af65-2fec-346a-b967-c08a989c5d3c', 238, 2530);
insert into Transaction (DTYPE, id, amount, balance, checkNo, date, description, externalId, initialBalance, memo, ref, status, type, uuid, account_id, transfer_id, custom) values('InternalTransaction', 2534, -48.90, 0.00, '', '2010-03-03', 'Transfer to PS', 'null', false, '', '', 2, 1, '5367c663-d8bc-3359-a160-07bc84d5691b', 228, 1658, false);
insert into Split (id, amount, uuid, envelope_id, transaction_id) values(2535, -48.90, '639475e4-5da5-3de2-bc95-26e9bb4843ee', 264, 2534);
insert into Transaction (DTYPE, id, amount, balance, checkNo, date, description, externalId, initialBalance, memo, ref, status, type, uuid, account_id, transfer_id, custom) values('InternalTransaction', 2532, -60.47, 2645.85, '', '2010-04-05', 'WHOLE FOODS MARK 5120 S 610486', '201004054', false, '04/03WHOLE FOO', '', 2, 1, '4351da8e-0695-38e3-976a-b5f1535a7262', 229, null, false);
insert into Split (id, amount, uuid, envelope_id, transaction_id) values(2533, -60.47, 'dd0de09f-193d-32d9-b772-9da59a439360', 238, 2532);
insert into Transaction (DTYPE, id, amount, balance, checkNo, date, description, externalId, initialBalance, memo, ref, status, type, uuid, account_id, transfer_id, custom) values('InternalTransaction', 2536, -23.77, null, '', '2010-03-30', 'RADIO SHACK TEMPE AZ 625261', '201003301', false, '03/29RADIO SHA', '', 2, 1, '5b2269f2-5814-316b-9f61-383908d06ad1', 229, null, false);
insert into Split (id, amount, uuid, envelope_id, transaction_id) values(2537, -23.77, 'b9089f40-6c3b-3af8-8a5f-3d4e756542a0', 252, 2536);
insert into Transaction (DTYPE, id, amount, balance, checkNo, date, description, externalId, initialBalance, memo, ref, status, type, uuid, account_id, transfer_id, custom) values('InternalTransaction', 2538, -4.81, 2072.28, '', '2009-11-04', 'SPROUTS FARMERS MKT # 0 064651', '200911044', false, '11/03SPROUTS F', '', 2, 1, '6b6b7c19-249f-33de-acf9-81e4cfdd3733', 229, null, false);
insert into Split (id, amount, uuid, envelope_id, transaction_id) values(2539, -4.81, '3a73e144-6f28-3169-8f2a-2eca9ca84ae3', 238, 2538);
insert into Transaction (DTYPE, id, amount, balance, checkNo, date, description, externalId, initialBalance, memo, ref, status, type, uuid, account_id, transfer_id, custom) values('InternalTransaction', 2542, -60.00, 1316.83, '', '2010-04-07', 'CVSPHARMACY #9205 Q03 T', '201004070', false, '04/05CVSPHARMA', '', 2, 1, '38ac29b6-f603-3c3f-9099-21b0cedb2f78', 229, null, false);
insert into Split (id, amount, uuid, envelope_id, transaction_id) values(2543, -60.00, 'ad77b996-ba76-3c62-aa2b-764d53fee2da', 286, 2542);
insert into Transaction (DTYPE, id, amount, balance, checkNo, date, description, externalId, initialBalance, memo, ref, status, type, uuid, account_id, transfer_id, custom) values('InternalTransaction', 2540, -13.99, 851.28, '', '2010-03-05', 'Transfer to Arrowhead Water', 'null', false, '', '', 2, 1, '7f69707e-0cd0-3b39-8cf9-e5f44682ed76', 229, 1830, false);
insert into Split (id, amount, uuid, envelope_id, transaction_id) values(2541, -13.99, '4fff2b94-c11a-3cb9-81ac-63848de75c33', 292, 2540);
insert into Transaction (DTYPE, id, amount, balance, checkNo, date, description, externalId, initialBalance, memo, ref, status, type, uuid, account_id, transfer_id, custom) values('InternalTransaction', 2544, -0.00, 2596.96, '', '2010-04-02', 'Transfer to Lofts @ Arcadia', 'null', false, '', '', 2, 1, '2c6d92f5-c88c-3c86-996e-b8ce69f3bb39', 229, 2156, false);
insert into Split (id, amount, uuid, envelope_id, transaction_id) values(2545, -0.00, 'f6e81fb7-4eaf-3986-9038-ea9ffe0e0223', 292, 2544);
insert into Transaction (DTYPE, id, amount, balance, checkNo, date, description, externalId, initialBalance, memo, ref, status, type, uuid, account_id, transfer_id, custom) values('InternalTransaction', 2546, -981.06, 0.00, '', '2010-03-05', 'Transfer to Credit Cards', 'null', false, '', '', 2, 1, 'dd660d08-b758-308d-9c3a-b5c1b543fe60', 228, 412, false);
insert into Split (id, amount, uuid, envelope_id, transaction_id) values(2547, -981.06, '4f274b64-f209-38db-aa73-70852c64ba78', 292, 2546);
insert into Transaction (DTYPE, id, amount, balance, checkNo, date, description, externalId, initialBalance, memo, ref, status, type, uuid, account_id, transfer_id, custom) values('InternalTransaction', 2548, -1040.00, 17885.64, '', '2010-02-16', 'Transfer to ATM Withdrawls', 'null', false, '', '', 0, 1, 'afbca80e-ad81-33e3-b65a-52d278ae0037', 229, 2590, false);
insert into Split (id, amount, uuid, envelope_id, transaction_id) values(2549, -1040.00, 'ec1fd4dc-e6ea-317a-a615-034612a9ef8e', 292, 2548);
insert into Transaction (DTYPE, id, amount, balance, checkNo, date, description, externalId, initialBalance, memo, ref, status, type, uuid, account_id, transfer_id, custom) values('InternalTransaction', 2550, 11.52, 11.52, '', '2010-04-29', 'Transfer from Car Wash', 'null', false, '', '', 2, 0, 'a6662d97-fa98-3607-a144-6206773a1902', 228, 2346, false);
insert into Split (id, amount, uuid, envelope_id, transaction_id) values(2551, 11.52, 'e7867362-6774-337f-9ad1-4237561e1abd', 245, 2550);
insert into Transaction (DTYPE, id, amount, balance, checkNo, date, description, externalId, initialBalance, memo, ref, status, type, uuid, account_id, transfer_id, custom) values('InternalTransaction', 2552, 23.77, 23.77, '', '2010-03-31', 'Transfer from Household', 'null', false, '', '', 2, 0, '255bf423-af64-32a7-bc34-c2eb2f31f4a4', 228, 960, false);
insert into Split (id, amount, uuid, envelope_id, transaction_id) values(2553, 23.77, 'f8cea8cb-3cdc-3563-8b77-1f05eff34684', 252, 2552);
insert into Transaction (DTYPE, id, amount, balance, checkNo, date, description, externalId, initialBalance, memo, ref, status, type, uuid, account_id, transfer_id, custom) values('InternalTransaction', 2554, 275.00, 275.00, '', '2010-03-23', 'Transfer from Available', 'null', false, '', '', 2, 0, '0bdf1aac-6ed0-3b05-8ce8-83de123fea50', 228, 2470, false);
insert into Split (id, amount, uuid, envelope_id, transaction_id) values(2555, 275.00, '5a5bd6a0-b421-3487-a01f-288b4397eecf', 248, 2554);
insert into Transaction (DTYPE, id, amount, balance, checkNo, date, description, externalId, initialBalance, memo, ref, status, type, uuid, account_id, transfer_id, custom) values('InternalTransaction', 2556, -534.00, 3561.38, '', '2009-11-23', 'CNS IKEA TEMPE 9328 789139', '200911231', false, '11/21CNS IKEA', '', 2, 1, '672c2e2d-b041-365a-a10c-ff2c87da42ff', 229, null, false);
insert into Split (id, amount, uuid, envelope_id, transaction_id) values(2557, -534.00, '8582be81-4c4d-320e-805d-eb7e96110471', 235, 2556);
insert into Transaction (DTYPE, id, amount, balance, checkNo, date, description, externalId, initialBalance, memo, ref, status, type, uuid, account_id, transfer_id, custom) values('InternalTransaction', 2558, -30.00, 1844.35, '', '2010-02-10', 'C AND C THERAPEUTIC SER', '201002100', false, '02/09C AND C T', '', 2, 1, 'ec1ab69c-fb45-39ad-9503-bead04bfcb36', 229, null, false);
insert into Split (id, amount, uuid, envelope_id, transaction_id) values(2559, -30.00, '4ab97487-ff61-327b-87c3-9bea83912453', 286, 2558);
insert into Transaction (DTYPE, id, amount, balance, checkNo, date, description, externalId, initialBalance, memo, ref, status, type, uuid, account_id, transfer_id, custom) values('InternalTransaction', 2562, -150.00, 4956.94, '', '2010-03-05', 'Transfer to Groceries', 'null', false, '', '', 2, 1, 'b2cc4d2d-2321-342b-953f-04b5520d897e', 229, 3021, false);
insert into Split (id, amount, uuid, envelope_id, transaction_id) values(2563, -150.00, '21e348a9-9c07-3d51-9a7c-656025c011f7', 292, 2562);
insert into Transaction (DTYPE, id, amount, balance, checkNo, date, description, externalId, initialBalance, memo, ref, status, type, uuid, account_id, transfer_id, custom) values('InternalTransaction', 2560, -4.97, 5104.24, '', '2010-02-19', 'Transfer to Chase Bank', 'null', false, '', '', 2, 1, 'ce78d5f8-f01e-371d-9784-5130d0f346c0', 229, 836, false);
insert into Split (id, amount, uuid, envelope_id, transaction_id) values(2561, -4.97, 'f7ca9139-516e-36c0-a442-30dad6b60970', 292, 2560);
insert into Transaction (DTYPE, id, amount, balance, checkNo, date, description, externalId, initialBalance, memo, ref, status, type, uuid, account_id, transfer_id, custom) values('InternalTransaction', 2564, -898.38, 1135.04, '', '2010-02-16', 'Transfer to Spending', 'null', false, '', '', 0, 1, 'e59adca9-87e0-3c7c-96b8-3746851d3339', 229, 1484, false);
insert into Split (id, amount, uuid, envelope_id, transaction_id) values(2565, -898.38, '9cbe50a0-9cc0-3508-a4ac-2523f2042adc', 292, 2564);
insert into Transaction (DTYPE, id, amount, balance, checkNo, date, description, externalId, initialBalance, memo, ref, status, type, uuid, account_id, transfer_id, custom) values('InternalTransaction', 2566, -38.03, 7273.03, '', '2010-03-20', '7-ELEVEN', '201003229', false, '', '', 2, 1, 'b580a3f6-4163-355d-b83f-369b1d48679b', 229, null, false);
insert into Split (id, amount, uuid, envelope_id, transaction_id) values(2567, -38.03, '376869f5-065e-3869-8be3-67593398f567', 253, 2566);
insert into Transaction (DTYPE, id, amount, balance, checkNo, date, description, externalId, initialBalance, memo, ref, status, type, uuid, account_id, transfer_id, custom) values('InternalTransaction', 2570, 150.00, 3766.46, '', '2010-04-02', 'Transfer from Available', 'null', false, '', '', 2, 0, '8d607aa3-3ef0-325d-9e4f-4f14772fabe6', 229, 2823, false);
insert into Split (id, amount, uuid, envelope_id, transaction_id) values(2571, 150.00, '970fc7ff-b43d-323f-abaa-7b9eaee04193', 238, 2570);
insert into Transaction (DTYPE, id, amount, balance, checkNo, date, description, externalId, initialBalance, memo, ref, status, type, uuid, account_id, transfer_id, custom) values('InternalTransaction', 2568, 17.44, 17.44, '', '2010-04-29', 'Transfer from Personal Care', 'null', false, '', '', 2, 0, '61876f89-d0b1-3673-889e-fa44c60bce34', 228, 2793, false);
insert into Split (id, amount, uuid, envelope_id, transaction_id) values(2569, 17.44, '25f53cf2-2d69-30b5-8295-344a25566e9c', 245, 2568);
insert into Transaction (DTYPE, id, amount, balance, checkNo, date, description, externalId, initialBalance, memo, ref, status, type, uuid, account_id, transfer_id, custom) values('InternalTransaction', 2572, 23.18, 6024.81, '', '2010-03-19', 'Transfer from Available', 'null', false, '', '', 2, 0, 'db4443d7-bcb1-36ae-a1c0-2ea25d1d40da', 229, 2881, false);
insert into Split (id, amount, uuid, envelope_id, transaction_id) values(2573, 23.18, '746798c4-fb15-332e-bb4f-40e3061dab54', 286, 2572);
insert into Transaction (DTYPE, id, amount, balance, checkNo, date, description, externalId, initialBalance, memo, ref, status, type, uuid, account_id, transfer_id, custom) values('InternalTransaction', 2576, 64.01, 6088.82, '', '2010-03-19', 'Transfer from Available', 'null', false, '', '', 2, 0, 'a0223249-a98a-3cb0-856e-f06d3cd4250a', 229, 776, false);
insert into Split (id, amount, uuid, envelope_id, transaction_id) values(2577, 64.01, '75bcd818-061f-32ff-9f0e-907ad40fb47c', 236, 2576);
insert into Transaction (DTYPE, id, amount, balance, checkNo, date, description, externalId, initialBalance, memo, ref, status, type, uuid, account_id, transfer_id, custom) values('InternalTransaction', 2574, -10.97, 5815.93, '', '2010-03-05', 'Transfer to Car Wash', 'null', false, '', '', 2, 1, '42642f51-10bc-30b5-9b5d-179ce200b461', 229, 866, false);
insert into Split (id, amount, uuid, envelope_id, transaction_id) values(2575, -10.97, 'de21ef1c-974a-3951-9f41-375f1f7f16a1', 292, 2574);
insert into Transaction (DTYPE, id, amount, balance, checkNo, date, description, externalId, initialBalance, memo, ref, status, type, uuid, account_id, transfer_id, custom) values('InternalTransaction', 2580, -20.00, 3929.71, '', '2010-03-29', 'CIRCLE K 03747 TEMPE AZ 562969', '201003297', false, '03/27CIRCLE K', '', 2, 1, '9f0e15ec-b880-30f8-80ae-a786d4133874', 229, null, false);
insert into Split (id, amount, uuid, envelope_id, transaction_id) values(2581, -20.00, '04c7fcf2-37dd-3efb-b764-1212418640b5', 250, 2580);
insert into Transaction (DTYPE, id, amount, balance, checkNo, date, description, externalId, initialBalance, memo, ref, status, type, uuid, account_id, transfer_id, custom) values('InternalTransaction', 2578, -76.90, 0.00, '', '2010-02-28', 'Transfer to Medical', 'null', false, '', '', 2, 1, '3564d36b-a30f-3dd3-bf32-fcd7b3102596', 228, 2811, false);
insert into Split (id, amount, uuid, envelope_id, transaction_id) values(2579, -76.90, 'e54986d8-abcf-374e-9ab5-516a4f7c3877', 264, 2578);
insert into Transaction (DTYPE, id, amount, balance, checkNo, date, description, externalId, initialBalance, memo, ref, status, type, uuid, account_id, transfer_id, custom) values('InternalTransaction', 2582, -10.42, 2786.34, '', '2010-02-22', 'SPROUTS FARMERS MKT #7 P287066', '201002227', false, '02/21SPROUTS F', '', 2, 1, '9cfcd84e-ae6a-3968-bc16-1045bea579f6', 229, null, false);
insert into Split (id, amount, uuid, envelope_id, transaction_id) values(2583, -10.42, '2155627d-a6d0-3a20-8218-b73d56088b12', 238, 2582);
insert into Transaction (DTYPE, id, amount, balance, checkNo, date, description, externalId, initialBalance, memo, ref, status, type, uuid, account_id, transfer_id, custom) values('InternalTransaction', 2584, -25.00, 3815.26, '', '2010-02-19', 'Transfer to Personal Care', 'null', false, '', '', 2, 1, '93ed3c18-d30d-3c7b-a9e2-256b0ff41e3c', 229, 2825, false);
insert into Split (id, amount, uuid, envelope_id, transaction_id) values(2585, -25.00, '6830c22f-e61a-38ae-9a77-5690685e9f04', 292, 2584);
insert into Transaction (DTYPE, id, amount, balance, checkNo, date, description, externalId, initialBalance, memo, ref, status, type, uuid, account_id, transfer_id, custom) values('InternalTransaction', 2588, -13.46, 2252.48, '', '2009-11-03', 'SPROUTS FARMERS MKT # 0 572663', '200911034', false, '11/02SPROUTS F', '', 2, 1, 'c1588e21-3dd5-36b0-9caf-0daa595f6369', 229, null, false);
insert into Split (id, amount, uuid, envelope_id, transaction_id) values(2589, -13.46, '4b406355-4ceb-367a-915b-9befb4b504a7', 238, 2588);
insert into Transaction (DTYPE, id, amount, balance, checkNo, date, description, externalId, initialBalance, memo, ref, status, type, uuid, account_id, transfer_id, custom) values('InternalTransaction', 2586, -51.93, 4529.93, '', '2009-12-14', 'BORDERS BKS&MU01000546 P', '2009121410', false, '12/12BORDERS B', '', 2, 1, '6da0273e-9fe8-3d8c-9322-37c9f855d236', 229, null, false);
insert into Split (id, amount, uuid, envelope_id, transaction_id) values(2587, -51.93, 'a60f35d7-1f7f-3563-81b8-b040cd987b22', 280, 2586);
insert into Transaction (DTYPE, id, amount, balance, checkNo, date, description, externalId, initialBalance, memo, ref, status, type, uuid, account_id, transfer_id, custom) values('InternalTransaction', 2592, -100.58, 1260.69, '', '2010-03-16', 'DTV*DIRECTV SERVICE 800-', '201003160', false, '03/15DTV*DIREC', '', 2, 1, 'a5822389-0f1f-32f9-8892-f3fc1cde183c', 229, null, false);
insert into Split (id, amount, uuid, envelope_id, transaction_id) values(2593, -100.58, '032d3f31-1be7-384b-b533-b1aeafaeee5c', 273, 2592);
insert into Transaction (DTYPE, id, amount, balance, checkNo, date, description, externalId, initialBalance, memo, ref, status, type, uuid, account_id, transfer_id, custom) values('InternalTransaction', 2590, 1040.00, 14608.20, '', '2010-02-16', 'Transfer from Available', 'null', false, '', '', 0, 0, '556dcf55-83ce-3f26-8b96-d081bb7564d1', 229, 2548, false);
insert into Split (id, amount, uuid, envelope_id, transaction_id) values(2591, 1040.00, 'f6fffcd4-29f7-30e4-87a3-ba84100c2d16', 276, 2590);
insert into Transaction (DTYPE, id, amount, balance, checkNo, date, description, externalId, initialBalance, memo, ref, status, type, uuid, account_id, transfer_id, custom) values('InternalTransaction', 2594, -10.16, 6968.55, '', '2010-03-20', 'DUNKIN DONUTS', '2010032213', false, '', '', 2, 1, '78e01421-9bb9-3b87-a603-9e897fee6ae3', 229, null, false);
insert into Split (id, amount, uuid, envelope_id, transaction_id) values(2595, -10.16, '2a213db2-9123-3f2a-87a9-797e7b229c3b', 270, 2594);
insert into Transaction (DTYPE, id, amount, balance, checkNo, date, description, externalId, initialBalance, memo, ref, status, type, uuid, account_id, transfer_id, custom) values('InternalTransaction', 2598, -32.34, 5047.86, '', '2010-02-16', 'Transfer to Comics', 'null', false, '', '', 0, 1, '5edd922e-8b57-3950-b2a3-f50cfe66f170', 229, 1826, false);
insert into Split (id, amount, uuid, envelope_id, transaction_id) values(2599, -32.34, '23b1ef94-56e5-34d3-bb70-0a28e26dfb0e', 292, 2598);
insert into Transaction (DTYPE, id, amount, balance, checkNo, date, description, externalId, initialBalance, memo, ref, status, type, uuid, account_id, transfer_id, custom) values('InternalTransaction', 2596, -54.38, 0.00, '', '2010-03-27', 'Transfer to Available', 'null', false, '', '', 2, 1, '94924dc9-ba82-3131-a575-3ad17b9134f1', 228, 538, false);
insert into Split (id, amount, uuid, envelope_id, transaction_id) values(2597, -54.38, '1b029e6d-aa09-3971-9635-48593394adbe', 264, 2596);
insert into Transaction (DTYPE, id, amount, balance, checkNo, date, description, externalId, initialBalance, memo, ref, status, type, uuid, account_id, transfer_id, custom) values('InternalTransaction', 2600, -640.00, 7592.57, '', '2010-02-16', 'Transfer to Housekeeping', 'null', false, '', '', 0, 1, '11a26464-015a-3c4f-9d4f-cb8bf010b893', 229, 606, false);
insert into Split (id, amount, uuid, envelope_id, transaction_id) values(2601, -640.00, 'd92ab7bd-4bea-379f-aa18-a4c56aa8c255', 292, 2600);
insert into Transaction (DTYPE, id, amount, balance, checkNo, date, description, externalId, initialBalance, memo, ref, status, type, uuid, account_id, transfer_id, custom) values('InternalTransaction', 2602, -17.50, 6457.41, '', '2010-03-19', 'Transfer to 24 Hour Fitness', 'null', false, '', '', 2, 1, 'd56018a6-7668-30e8-a394-dbe23b7e981f', 229, 1000, false);
insert into Split (id, amount, uuid, envelope_id, transaction_id) values(2603, -17.50, '1f7ffbca-fb77-308b-9044-5a0390f441b7', 292, 2602);
insert into Transaction (DTYPE, id, amount, balance, checkNo, date, description, externalId, initialBalance, memo, ref, status, type, uuid, account_id, transfer_id, custom) values('InternalTransaction', 2604, -0.00, 2851.96, '', '2010-04-02', 'Transfer to Easynews.com', 'null', false, '', '', 2, 1, '1a452f0c-4ce7-31b3-9d86-dbc5ce0b7064', 229, 2849, false);
insert into Split (id, amount, uuid, envelope_id, transaction_id) values(2605, -0.00, 'af72fd2f-3b41-3fc0-ba1a-144311362bcf', 292, 2604);
insert into Transaction (DTYPE, id, amount, balance, checkNo, date, description, externalId, initialBalance, memo, ref, status, type, uuid, account_id, transfer_id, custom) values('InternalTransaction', 2606, -4.97, 1288.19, '', '2009-12-22', 'SUBWAY 24754 00247544 P', '200912223', false, '12/20SUBWAY 24', '', 2, 1, 'fe3e4456-fee1-34e7-8429-b9f8b5ec5a04', 229, null, false);
insert into Split (id, amount, uuid, envelope_id, transaction_id) values(2607, -4.97, '56f01c42-42be-3bd2-b9d6-d9eb2c49c1c3', 246, 2606);
insert into Transaction (DTYPE, id, amount, balance, checkNo, date, description, externalId, initialBalance, memo, ref, status, type, uuid, account_id, transfer_id, custom) values('InternalTransaction', 2608, -0.00, 5144.51, '', '2010-03-19', 'Transfer to Rent', 'null', false, '', '', 2, 1, '0c0f6ebc-2a9e-3f0d-9f44-32480bf0a14c', 229, 1988, false);
insert into Split (id, amount, uuid, envelope_id, transaction_id) values(2609, -0.00, 'd2636359-1183-3058-a93c-e1f0c36c24d6', 292, 2608);
insert into Transaction (DTYPE, id, amount, balance, checkNo, date, description, externalId, initialBalance, memo, ref, status, type, uuid, account_id, transfer_id, custom) values('InternalTransaction', 2610, -1020.99, 5947.56, '', '2010-03-20', 'SHADETREE', '201003221', false, '', '', 2, 1, '2358477d-45b6-3b96-b5e9-89261f61396e', 229, null, false);
insert into Split (id, amount, uuid, envelope_id, transaction_id) values(2611, -1020.99, '25182119-48db-31f9-b87f-7f56d531019f', 248, 2610);
insert into Transaction (DTYPE, id, amount, balance, checkNo, date, description, externalId, initialBalance, memo, ref, status, type, uuid, account_id, transfer_id, custom) values('InternalTransaction', 2614, 21.65, 872.93, '', '2010-03-04', 'Transfer from Available', 'null', false, '', '', 2, 0, 'e2d88525-317d-35d2-b5e5-cd5f11217598', 229, 2839, false);
insert into Split (id, amount, uuid, envelope_id, transaction_id) values(2615, 21.65, '94e2b57a-9510-348d-a0c3-239913631ddf', 244, 2614);
insert into Transaction (DTYPE, id, amount, balance, checkNo, date, description, externalId, initialBalance, memo, ref, status, type, uuid, account_id, transfer_id, custom) values('InternalTransaction', 2612, -12.00, 963.96, '', '2010-03-03', 'Transfer to Lofts @ Arcadia', 'null', false, '', '', 2, 1, '985f9d00-47c0-3566-884b-a6f7363fd8ef', 229, 2284, false);
insert into Split (id, amount, uuid, envelope_id, transaction_id) values(2613, -12.00, '171327fb-d3e4-3077-974b-627ac0d6e76b', 292, 2612);
insert into Transaction (DTYPE, id, amount, balance, checkNo, date, description, externalId, initialBalance, memo, ref, status, type, uuid, account_id, transfer_id, custom) values('InternalTransaction', 2616, -240.47, 1652.34, '', '2009-12-17', 'EBAYS HALF.COM 800-545-9', '200912171', false, '12/16EBAYS HAL', '', 2, 1, 'cac72a82-06b7-30bb-8b99-d839d36f0387', 229, null, false);
insert into Split (id, amount, uuid, envelope_id, transaction_id) values(2617, -240.47, '4cc86826-ca3d-380f-91f1-e85130110e2b', 280, 2616);
insert into Transaction (DTYPE, id, amount, balance, checkNo, date, description, externalId, initialBalance, memo, ref, status, type, uuid, account_id, transfer_id, custom) values('InternalTransaction', 2620, -3163.64, 10296.07, '', '2010-02-16', 'Transfer to GMAC Mortgage', 'null', false, '', '', 0, 1, 'f5ecca2b-427f-3e51-bbd3-3a6a6cba40c8', 229, 470, false);
insert into Split (id, amount, uuid, envelope_id, transaction_id) values(2621, -3163.64, 'f93cde86-090b-3ec8-b6a6-36cc15b5a8b3', 292, 2620);
insert into Transaction (DTYPE, id, amount, balance, checkNo, date, description, externalId, initialBalance, memo, ref, status, type, uuid, account_id, transfer_id, custom) values('InternalTransaction', 2618, 154.67, 4172.45, '', '2010-02-19', 'Transfer from Available', 'null', false, '', '', 2, 0, 'dc262aec-d479-3cad-9a7d-9d2856fe7ceb', 229, 1810, false);
insert into Split (id, amount, uuid, envelope_id, transaction_id) values(2619, 154.67, '763f2f22-17c0-32b5-b9fb-84bd28a8f74c', 267, 2618);
insert into Transaction (DTYPE, id, amount, balance, checkNo, date, description, externalId, initialBalance, memo, ref, status, type, uuid, account_id, transfer_id, custom) values('InternalTransaction', 2624, -60.00, 0.00, '', '2010-03-30', 'Transfer to Lotto', 'null', false, '', '', 2, 1, 'b336be0d-78cf-3d4b-b044-edda1dce7a38', 228, 1304, false);
insert into Split (id, amount, uuid, envelope_id, transaction_id) values(2625, -60.00, 'bef52946-3f0c-339a-b79a-b7c9788c861b', 292, 2624);
insert into Transaction (DTYPE, id, amount, balance, checkNo, date, description, externalId, initialBalance, memo, ref, status, type, uuid, account_id, transfer_id, custom) values('InternalTransaction', 2622, 65.00, 4237.45, '', '2010-02-19', 'Transfer from Available', 'null', false, '', '', 2, 0, 'a11a9f1e-dfc1-38ba-817c-5c07c658864c', 229, 2112, false);
insert into Split (id, amount, uuid, envelope_id, transaction_id) values(2623, 65.00, '4c42a6ce-f499-3c97-a07e-096591c700b2', 236, 2622);
insert into Transaction (DTYPE, id, amount, balance, checkNo, date, description, externalId, initialBalance, memo, ref, status, type, uuid, account_id, transfer_id, custom) values('InternalTransaction', 2626, -27.98, 1816.37, '', '2010-02-10', 'ARROWHEAD WATER 800-950-', '201002101', false, '02/09ARROWHEAD', '', 2, 1, 'd4419e0a-01db-3a10-bca8-2df7d1423bd6', 229, null, false);
insert into Split (id, amount, uuid, envelope_id, transaction_id) values(2627, -27.98, 'd1a44f88-fa75-3994-8f21-eb64acdf2328', 266, 2626);
insert into Transaction (DTYPE, id, amount, balance, checkNo, date, description, externalId, initialBalance, memo, ref, status, type, uuid, account_id, transfer_id, custom) values('InternalTransaction', 2628, -42.00, 1504.31, '', '2010-04-21', 'NON-CHASE ATM WITHDRAW 561080', '201004212', false, '04/21202 E UNI', '', 2, 1, '21e16b45-e828-3ebd-badb-53d5746dda1f', 229, null, false);
insert into Split (id, amount, uuid, envelope_id, transaction_id) values(2629, -42.00, 'e1cf9334-cc0b-3576-9e1f-612ec34e8efe', 252, 2628);
insert into Transaction (DTYPE, id, amount, balance, checkNo, date, description, externalId, initialBalance, memo, ref, status, type, uuid, account_id, transfer_id, custom) values('InternalTransaction', 2632, -14.95, 4135.33, '', '2009-11-19', 'COX*PHOENIX COMM SER 602', '200911192', false, '11/18COX*PHOEN', '', 2, 1, '0b1347c8-6714-374b-b348-fa32fd7d2406', 229, null, false);
insert into Split (id, amount, uuid, envelope_id, transaction_id) values(2633, -14.95, 'aa4856d9-15d6-36fc-a6ef-d07588d6cbd2', 268, 2632);
insert into Transaction (DTYPE, id, amount, balance, checkNo, date, description, externalId, initialBalance, memo, ref, status, type, uuid, account_id, transfer_id, custom) values('InternalTransaction', 2630, -80.00, 2123.64, '258', '2009-12-15', 'Annette Trijillo', '200912151', false, '', '', 2, 1, 'd05b97c5-2f51-32ac-b223-04da79f1af7f', 229, null, false);
insert into Split (id, amount, uuid, envelope_id, transaction_id) values(2631, -80.00, '85841541-5fa6-31dd-ac6b-9b9d9e026caa', 261, 2630);
insert into Transaction (DTYPE, id, amount, balance, checkNo, date, description, externalId, initialBalance, memo, ref, status, type, uuid, account_id, transfer_id, custom) values('InternalTransaction', 2634, -80.00, 5419.83, '', '2010-03-19', 'Transfer to Housekeeping', 'null', false, '', '', 2, 1, '8092d4e0-0670-3ef0-a285-45c4439abee4', 229, 2204, false);
insert into Split (id, amount, uuid, envelope_id, transaction_id) values(2635, -80.00, '34c50fb5-edb1-312c-a9b1-bbc983c48f1f', 292, 2634);
insert into Transaction (DTYPE, id, amount, balance, checkNo, date, description, externalId, initialBalance, memo, ref, status, type, uuid, account_id, transfer_id, custom) values('InternalTransaction', 2636, -12.96, 3916.75, '', '2010-03-29', 'UDUPI CAFE TEMPE AZ', '201003298', false, '03/27UDUPI CAF', '', 2, 1, '101ccc06-c559-34eb-af5e-998e00be2b1b', 229, null, false);
insert into Split (id, amount, uuid, envelope_id, transaction_id) values(2637, -12.96, '2b43dd64-6426-3b10-b22d-5ced528767f7', 295, 2636);
insert into Transaction (DTYPE, id, amount, balance, checkNo, date, description, externalId, initialBalance, memo, ref, status, type, uuid, account_id, transfer_id, custom) values('InternalTransaction', 2638, 725.00, 2749.23, '', '2010-04-05', 'ATM CHECK DEPOSIT', '201004050', false, '', '', 2, 0, '3e914195-de0f-3864-87fc-dca978060579', 229, null, false);
insert into Split (id, amount, uuid, envelope_id, transaction_id) values(2639, 725.00, '7b077bdb-79d4-328c-9031-3798d43569db', 292, 2638);
insert into Transaction (DTYPE, id, amount, balance, checkNo, date, description, externalId, initialBalance, memo, ref, status, type, uuid, account_id, transfer_id, custom) values('InternalTransaction', 2640, -44.00, 1293.81, '', '2010-04-22', 'Transfer to Unassigned', 'null', false, '', '', 2, 1, '30c19f82-823b-36d9-9b68-dc6a84944f03', 229, 2893, false);
insert into Split (id, amount, uuid, envelope_id, transaction_id) values(2641, -44.00, 'd72171b6-8c14-349e-93d9-159106b1770f', 292, 2640);
insert into Transaction (DTYPE, id, amount, balance, checkNo, date, description, externalId, initialBalance, memo, ref, status, type, uuid, account_id, transfer_id, custom) values('InternalTransaction', 2642, -317.51, 0.00, '', '2010-03-23', 'Transfer to Available', 'null', false, '', '', 2, 1, 'f064eb4d-4446-3389-b4b9-acc1298e1237', 228, 872, false);
insert into Split (id, amount, uuid, envelope_id, transaction_id) values(2643, -317.51, '57eeb2c7-bfe4-3d52-b605-9267d4a47dc7', 264, 2642);
insert into Transaction (DTYPE, id, amount, balance, checkNo, date, description, externalId, initialBalance, memo, ref, status, type, uuid, account_id, transfer_id, custom) values('InternalTransaction', 2644, 80.00, 4704.96, '', '2010-03-05', 'Transfer from Available', 'null', false, '', '', 2, 0, 'd8ac26b3-15a8-37ab-9b6e-5e880eb12461', 229, 644, false);
insert into Split (id, amount, uuid, envelope_id, transaction_id) values(2645, 80.00, '542b2db8-495d-3576-bea5-4a25d0bc2367', 261, 2644);
insert into Transaction (DTYPE, id, amount, balance, checkNo, date, description, externalId, initialBalance, memo, ref, status, type, uuid, account_id, transfer_id, custom) values('InternalTransaction', 2646, -35.51, 4599.80, '', '2010-03-05', 'Transfer to New Car', 'null', false, '', '', 2, 1, '9c59471f-f1f0-3c0c-b925-786da5b44246', 229, 1788, false);
insert into Split (id, amount, uuid, envelope_id, transaction_id) values(2647, -35.51, 'ad7d871d-9d4b-3e70-a6c7-ccb7353f759b', 292, 2646);
insert into Transaction (DTYPE, id, amount, balance, checkNo, date, description, externalId, initialBalance, memo, ref, status, type, uuid, account_id, transfer_id, custom) values('InternalTransaction', 2648, -23.69, 3967.44, '', '2009-12-07', 'SPROUTS FARMERS MKT #7 P468284', '200912075', false, '12/05SPROUTS F', '', 2, 1, 'ef0c2b26-7552-3af2-bf72-39fcd02b9ea0', 229, null, false);
insert into Split (id, amount, uuid, envelope_id, transaction_id) values(2649, -23.69, 'a2244bd1-7b6e-379c-9ce2-5894b22d0e6f', 238, 2648);
insert into Transaction (DTYPE, id, amount, balance, checkNo, date, description, externalId, initialBalance, memo, ref, status, type, uuid, account_id, transfer_id, custom) values('InternalTransaction', 2650, -97.83, 1888.62, '', '2010-01-11', 'BARCLAYCARD US CREDITCARD 8108', '201001115', false, '8390 WEB ID: 2510407970', '', 2, 1, '4feaf55c-fbf7-3e64-9110-1543436d57c2', 229, null, false);
insert into Split (id, amount, uuid, envelope_id, transaction_id) values(2651, -97.83, 'dd48207f-a6e1-3e8f-a443-7735dbe756ac', 242, 2650);
insert into Transaction (DTYPE, id, amount, balance, checkNo, date, description, externalId, initialBalance, memo, ref, status, type, uuid, account_id, transfer_id, custom) values('InternalTransaction', 2652, -30.00, 0.00, '', '2010-02-18', 'Transfer to Medical', 'null', false, '', '', 2, 1, 'f2ed3d5b-3f55-3b5a-ab6c-be3996537e18', 228, 696, false);
insert into Split (id, amount, uuid, envelope_id, transaction_id) values(2653, -30.00, 'ba8d7283-0b48-3b76-b883-c291c572bda8', 292, 2652);
insert into Transaction (DTYPE, id, amount, balance, checkNo, date, description, externalId, initialBalance, memo, ref, status, type, uuid, account_id, transfer_id, custom) values('InternalTransaction', 2654, -10.76, 2404.78, '', '2010-02-26', 'THAI ELEPHANT BISTRO TEM', '201002265', false, '02/25THAI ELEP', '', 2, 1, 'd0160e8d-1d27-31ae-8133-2351f5b858c4', 229, null, false);
insert into Split (id, amount, uuid, envelope_id, transaction_id) values(2655, -10.76, '01b89c5c-43b6-30e5-99e9-372342cbadd6', 295, 2654);
insert into Transaction (DTYPE, id, amount, balance, checkNo, date, description, externalId, initialBalance, memo, ref, status, type, uuid, account_id, transfer_id, custom) values('InternalTransaction', 2658, -54.92, 1293.81, '', '2010-04-23', 'Transfer to Medical', 'null', false, '', '', 2, 1, 'ee0735cb-6077-3be9-bc38-5ea73920108e', 229, 1888, false);
insert into Split (id, amount, uuid, envelope_id, transaction_id) values(2659, -54.92, '3c6891a2-f1f2-38e3-b316-bdff0e978b38', 292, 2658);
insert into Transaction (DTYPE, id, amount, balance, checkNo, date, description, externalId, initialBalance, memo, ref, status, type, uuid, account_id, transfer_id, custom) values('InternalTransaction', 2656, 441.52, 2647.99, '', '2010-02-16', 'Transfer from Available', 'null', false, '', '', 0, 0, '8f641969-7c79-3491-8ca1-e81e22cb6f8e', 229, 352, false);
insert into Split (id, amount, uuid, envelope_id, transaction_id) values(2657, 441.52, '4a5f1b6b-215e-3586-8d2a-5b8e32180ad3', 239, 2656);
insert into Transaction (DTYPE, id, amount, balance, checkNo, date, description, externalId, initialBalance, memo, ref, status, type, uuid, account_id, transfer_id, custom) values('InternalTransaction', 2660, -49.00, 1049.19, '', '2010-02-18', 'MASSAGE ENVY 0011 480-83', '201002180', false, '02/16MASSAGE E', '', 2, 1, '2dc954c6-281c-33bc-8b3b-e620a9d04e68', 229, null, false);
insert into Split (id, amount, uuid, envelope_id, transaction_id) values(2661, -49.00, 'f8230f0d-4558-3c35-af34-e1ef69502995', 279, 2660);
insert into Transaction (DTYPE, id, amount, balance, checkNo, date, description, externalId, initialBalance, memo, ref, status, type, uuid, account_id, transfer_id, custom) values('InternalTransaction', 2662, -21.51, 2426.36, '', '2010-02-26', 'THAI ELEPHANT BISTRO TEM', '201002263', false, '02/25THAI ELEP', '', 2, 1, '3e150bfb-f433-3e81-b74b-68bafa5d7f92', 229, null, false);
insert into Split (id, amount, uuid, envelope_id, transaction_id) values(2663, -21.51, '69dbeeaa-e78b-380d-8045-26c901de2058', 295, 2662);
insert into Transaction (DTYPE, id, amount, balance, checkNo, date, description, externalId, initialBalance, memo, ref, status, type, uuid, account_id, transfer_id, custom) values('InternalTransaction', 2666, 18.69, 18.69, '', '2010-04-29', 'Transfer from VW Credit', 'null', false, '', '', 2, 0, '6b7a57c5-591f-3fd8-8c26-879fa1ba1897', 228, 2366, false);
insert into Split (id, amount, uuid, envelope_id, transaction_id) values(2667, 18.69, 'eaf60969-7a76-39c8-8c12-24b868b20790', 295, 2666);
insert into Transaction (DTYPE, id, amount, balance, checkNo, date, description, externalId, initialBalance, memo, ref, status, type, uuid, account_id, transfer_id, custom) values('InternalTransaction', 2664, -75.00, 1477.34, '', '2009-12-18', 'ATOMIC PEST CONTROL 480-', '200912180', false, '12/16ATOMIC PE', '', 2, 1, '98b38d62-d11c-3c88-93f8-8c01d11f3d88', 229, null, false);
insert into Split (id, amount, uuid, envelope_id, transaction_id) values(2665, -75.00, 'b7ea93b3-8118-3f80-a5de-d0b033f3e368', 239, 2664);
insert into Transaction (DTYPE, id, amount, balance, checkNo, date, description, externalId, initialBalance, memo, ref, status, type, uuid, account_id, transfer_id, custom) values('InternalTransaction', 2672, -10.48, 1283.33, '', '2010-04-26', 'PEI WEI #0091 Q02 T', '201004260', false, '04/22PEI WEI #', '', 1, 1, '54e57766-4049-32a3-a0f3-b298ff1f8c8c', 229, null, false);
insert into Split (id, amount, uuid, envelope_id, transaction_id) values(2673, -10.48, '94e44c05-1db4-305c-a947-12699c797a55', 295, 2672);
insert into Transaction (DTYPE, id, amount, balance, checkNo, date, description, externalId, initialBalance, memo, ref, status, type, uuid, account_id, transfer_id, custom) values('InternalTransaction', 2670, 5.39, 5.39, '', '2010-03-18', 'Transfer from Available', 'null', false, '', '', 2, 0, 'b3884f96-9b5e-3858-b91b-ec4bc1692022', 228, 1604, false);
insert into Split (id, amount, uuid, envelope_id, transaction_id) values(2671, 5.39, '4e8926d3-5d60-3a07-a7e9-a42d832200d3', 246, 2670);
insert into Transaction (DTYPE, id, amount, balance, checkNo, date, description, externalId, initialBalance, memo, ref, status, type, uuid, account_id, transfer_id, custom) values('InternalTransaction', 2668, 5.77, 4239.90, '', '2010-04-16', 'Transfer from Available', 'null', false, '', '', 2, 0, '6c389f90-5c17-35fd-a876-9c406f3b6d0b', 229, 1022, false);
insert into Split (id, amount, uuid, envelope_id, transaction_id) values(2669, 5.77, '48c1aaf4-3a63-3902-9578-490fcb8db0f0', 293, 2668);
insert into Transaction (DTYPE, id, amount, balance, checkNo, date, description, externalId, initialBalance, memo, ref, status, type, uuid, account_id, transfer_id, custom) values('InternalTransaction', 2674, -100.63, 4815.15, '', '2010-02-16', 'Transfer to Flowers', 'null', false, '', '', 0, 1, '5a92bf63-1471-3466-9697-d1544ef42267', 229, 2803, false);
insert into Split (id, amount, uuid, envelope_id, transaction_id) values(2675, -100.63, '4f981c1b-1495-3dd4-a53b-d252326703fd', 292, 2674);
insert into Transaction (DTYPE, id, amount, balance, checkNo, date, description, externalId, initialBalance, memo, ref, status, type, uuid, account_id, transfer_id, custom) values('InternalTransaction', 2676, 65.73, 65.73, '', '2010-04-29', 'Transfer from Available', 'null', false, '', '', 2, 0, '8a7476bf-d05e-3827-b4d7-3909cda2aef8', 228, 2042, false);
insert into Split (id, amount, uuid, envelope_id, transaction_id) values(2677, 65.73, '92af20b7-7ca5-3f2c-90f1-62cd75ac39a9', 252, 2676);
insert into Transaction (DTYPE, id, amount, balance, checkNo, date, description, externalId, initialBalance, memo, ref, status, type, uuid, account_id, transfer_id, custom) values('InternalTransaction', 2680, -863.53, 0.00, '', '2010-04-02', 'Transfer to Credit Cards', 'null', false, '', '', 2, 1, '43bbd25b-3e38-312b-b510-e5a442a26022', 228, 3087, false);
insert into Split (id, amount, uuid, envelope_id, transaction_id) values(2681, -863.53, '4a4af824-44da-3162-8a83-6bdd8b64595b', 292, 2680);
insert into Transaction (DTYPE, id, amount, balance, checkNo, date, description, externalId, initialBalance, memo, ref, status, type, uuid, account_id, transfer_id, custom) values('InternalTransaction', 2678, -10.05, 2243.87, '', '2010-03-01', 'CHIPOTLE 1208 TEMPE AZ', '201003014', false, '02/26CHIPOTLE', '', 2, 1, 'ad4dfcc9-8b93-33b8-9e00-bd6b40f2efd2', 229, null, false);
insert into Split (id, amount, uuid, envelope_id, transaction_id) values(2679, -10.05, '33291e69-0b6b-3e3b-b91f-5e0391036730', 295, 2678);
insert into Transaction (DTYPE, id, amount, balance, checkNo, date, description, externalId, initialBalance, memo, ref, status, type, uuid, account_id, transfer_id, custom) values('InternalTransaction', 2682, 5.48, 655.53, '', '2010-04-16', 'Transfer from Available', 'null', false, '', '', 2, 0, '92a9c47e-704a-310a-b321-64cc555023d1', 229, 2316, false);
insert into Split (id, amount, uuid, envelope_id, transaction_id) values(2683, 5.48, '5c5eccd3-033e-3d5e-9585-ddbb7b48bf3f', 252, 2682);
insert into Transaction (DTYPE, id, amount, balance, checkNo, date, description, externalId, initialBalance, memo, ref, status, type, uuid, account_id, transfer_id, custom) values('InternalTransaction', 2688, -4.84, 7093.19, '', '2010-03-20', 'MCDONALDS', '2010032214', false, '', '', 2, 1, '0484dc66-50c1-3333-bfe8-497a3f87fc2e', 229, null, false);
insert into Split (id, amount, uuid, envelope_id, transaction_id) values(2689, -4.84, 'a930bac2-fa17-3c14-b14c-c84f067d862b', 246, 2688);
insert into Transaction (DTYPE, id, amount, balance, checkNo, date, description, externalId, initialBalance, memo, ref, status, type, uuid, account_id, transfer_id, custom) values('InternalTransaction', 2686, -31.90, 1393.51, '', '2010-02-12', 'SRR*SIRIUS RADIO 888-539', '201002120', false, '02/11SRR*SIRIU', '', 2, 1, 'd9c8dbb0-1b63-3f9a-9555-244b24f4099f', 229, null, false);
insert into Split (id, amount, uuid, envelope_id, transaction_id) values(2687, -31.90, '5f9f8bb6-194b-39fd-9aa6-73da5240a15d', 233, 2686);
insert into Transaction (DTYPE, id, amount, balance, checkNo, date, description, externalId, initialBalance, memo, ref, status, type, uuid, account_id, transfer_id, custom) values('InternalTransaction', 2684, -129.01, 702.97, '', '2010-02-02', 'VZWRLSS*APOCC VISW 800-9', '201002023', false, '02/01VZWRLSS*A', '', 2, 1, '1d007cea-324f-31e8-a21b-d7442d5b129e', 229, null, false);
insert into Split (id, amount, uuid, envelope_id, transaction_id) values(2685, -129.01, '359917d5-d8a9-38ef-a0fb-16ac1ca1d992', 236, 2684);
insert into Transaction (DTYPE, id, amount, balance, checkNo, date, description, externalId, initialBalance, memo, ref, status, type, uuid, account_id, transfer_id, custom) values('InternalTransaction', 2690, -54.38, 3973.22, '', '2010-03-23', 'GRAND & CAMELBACK SELF G', '201003230', false, '03/21GRAND & C', '', 2, 1, '3368bbac-650f-3307-a776-4d566bf1048b', 229, null, false);
insert into Split (id, amount, uuid, envelope_id, transaction_id) values(2691, -54.38, '1541a248-f816-381b-abeb-b479d548ef6a', 259, 2690);
insert into Transaction (DTYPE, id, amount, balance, checkNo, date, description, externalId, initialBalance, memo, ref, status, type, uuid, account_id, transfer_id, custom) values('InternalTransaction', 2692, 40.00, 40.00, '', '2010-02-23', 'Transfer from Spending', 'null', false, '', '', 2, 0, 'cdf7f745-f471-3ea5-8393-69e87e56cf44', 228, 302, false);
insert into Split (id, amount, uuid, envelope_id, transaction_id) values(2693, 40.00, '4bee46f4-78a9-34dd-912e-e96d3e2629c5', 276, 2692);
insert into Transaction (DTYPE, id, amount, balance, checkNo, date, description, externalId, initialBalance, memo, ref, status, type, uuid, account_id, transfer_id, custom) values('InternalTransaction', 2696, -22.24, 2233.16, '', '2010-03-08', 'SYLVIA''S LA CANASTA PHOE', '201003086', false, '03/06SYLVIA''S', '', 2, 1, '60879d18-8b4e-3891-81e8-68269687856c', 229, null, false);
insert into Split (id, amount, uuid, envelope_id, transaction_id) values(2697, -22.24, '8a77c8aa-953f-3bc9-bb01-bbec0d7f451b', 295, 2696);
insert into Transaction (DTYPE, id, amount, balance, checkNo, date, description, externalId, initialBalance, memo, ref, status, type, uuid, account_id, transfer_id, custom) values('InternalTransaction', 2694, -30.00, 1105.04, '', '2010-02-17', 'C AND C THERAPEUTIC SER', '201002170', false, '02/16C AND C T', '', 2, 1, 'be5a1109-f1b8-3ded-8db6-c0331edaf4e2', 229, null, false);
insert into Split (id, amount, uuid, envelope_id, transaction_id) values(2695, -30.00, '457feff5-e2ce-3eda-91a7-1afb987e98d1', 286, 2694);
insert into Transaction (DTYPE, id, amount, balance, checkNo, date, description, externalId, initialBalance, memo, ref, status, type, uuid, account_id, transfer_id, custom) values('InternalTransaction', 2698, -19.00, 4447.05, '', '2009-11-17', 'HARKINS CHRISTOWN 14 PHO', '200911170', false, '11/15HARKINS C', '', 2, 1, 'a7548ffb-cfec-3b48-bfa0-e9450bbdf5b5', 229, null, false);
insert into Split (id, amount, uuid, envelope_id, transaction_id) values(2699, -19.00, 'acd6f762-10c7-33b8-b0e9-a35d0e45eab2', 284, 2698);
insert into Transaction (DTYPE, id, amount, balance, checkNo, date, description, externalId, initialBalance, memo, ref, status, type, uuid, account_id, transfer_id, custom) values('InternalTransaction', 2700, -326.00, 1121.04, '', '2010-03-02', 'Rossmar & Graham RESIDENT', '201003021', false, 'WEB ID: W050568743', '', 2, 1, 'b739c1fc-7020-3dd4-9155-49840ee2d29e', 229, null, false);
insert into Split (id, amount, uuid, envelope_id, transaction_id) values(2701, -326.00, 'd5dc972e-0005-3b73-a774-4e72854fa3eb', 258, 2700);
insert into Transaction (DTYPE, id, amount, balance, checkNo, date, description, externalId, initialBalance, memo, ref, status, type, uuid, account_id, transfer_id, custom) values('InternalTransaction', 2702, -12.27, 1343.19, '', '2009-10-28', 'SPROUTS FARMERS MKT #7 P595404', '200910280', false, '10/27SPROUTS F', '', 2, 1, '3e072017-0728-38b1-a272-8370fad96f23', 229, null, false);
insert into Split (id, amount, uuid, envelope_id, transaction_id) values(2703, -12.27, '2322421a-7e03-3c35-801f-ccaf690a79b6', 238, 2702);
insert into Transaction (DTYPE, id, amount, balance, checkNo, date, description, externalId, initialBalance, memo, ref, status, type, uuid, account_id, transfer_id, custom) values('InternalTransaction', 2704, -57.89, 3441.71, '', '2010-03-30', 'TIV*TIVO', '201004010', false, '', '', 2, 1, '41f84e77-70e9-3ee7-9887-41187b9a7bfa', 229, null, false);
insert into Split (id, amount, uuid, envelope_id, transaction_id) values(2705, -57.89, '13644ccf-41bb-3ae2-bc58-a296cd2bd462', 252, 2704);
insert into Transaction (DTYPE, id, amount, balance, checkNo, date, description, externalId, initialBalance, memo, ref, status, type, uuid, account_id, transfer_id, custom) values('InternalTransaction', 2708, -7.56, 2617.72, '', '2010-04-19', 'CVS 09205 09205--802 SO 942633', '201004191', false, '04/16CVS 09205', '', 2, 1, '7bea9793-c5b2-32ea-a524-b5b48ffdb747', 229, null, false);
insert into Split (id, amount, uuid, envelope_id, transaction_id) values(2709, -7.56, 'd5e826e3-b370-301a-9325-bfc3f7d5c5ca', 277, 2708);
insert into Transaction (DTYPE, id, amount, balance, checkNo, date, description, externalId, initialBalance, memo, ref, status, type, uuid, account_id, transfer_id, custom) values('InternalTransaction', 2706, 3.98, 1303.36, '', '2010-04-08', 'Transfer from Available', 'null', false, '', '', 2, 0, '061c97cc-edd3-33a5-a562-3e88e7a7ebcf', 229, 1252, false);
insert into Split (id, amount, uuid, envelope_id, transaction_id) values(2707, 3.98, '58027fc1-73a2-3b9a-9351-f44a80f98d5c', 246, 2706);
insert into Transaction (DTYPE, id, amount, balance, checkNo, date, description, externalId, initialBalance, memo, ref, status, type, uuid, account_id, transfer_id, custom) values('InternalTransaction', 2712, -38.83, null, '', '2010-04-16', 'QT 429 TEMPE AZ 138692', '201004163', false, '04/15QT 429 TE', '', 2, 1, '7dae6570-2d30-35a2-97d8-4306629e317b', 229, null, false);
insert into Split (id, amount, uuid, envelope_id, transaction_id) values(2713, -38.83, 'e6067781-6476-3082-b351-eccf05c4a790', 253, 2712);
insert into Transaction (DTYPE, id, amount, balance, checkNo, date, description, externalId, initialBalance, memo, ref, status, type, uuid, account_id, transfer_id, custom) values('InternalTransaction', 2710, -324.29, 3540.53, '', '2010-03-30', 'BEST BUY', '201003300', false, '', '', 2, 1, '0f5e9a84-25fc-3573-b4aa-d6fb83f136c6', 229, null, false);
insert into Split (id, amount, uuid, envelope_id, transaction_id) values(2711, -324.29, 'd6e4fb5f-1b4a-31e3-80c9-6f40cd1d78af', 252, 2710);
insert into Transaction (DTYPE, id, amount, balance, checkNo, date, description, externalId, initialBalance, memo, ref, status, type, uuid, account_id, transfer_id, custom) values('InternalTransaction', 2718, -11.00, 4328.06, '', '2009-11-18', 'ROSITA''S PLACE PHOENIX A', '200911183', false, '11/17ROSITA''S', '', 2, 1, '51f1b871-062f-3b01-8cf7-7391e5f10941', 229, null, false);
insert into Split (id, amount, uuid, envelope_id, transaction_id) values(2719, -11.00, 'ed4a06c1-535f-30d6-a62f-82b608642da6', 295, 2718);
insert into Transaction (DTYPE, id, amount, balance, checkNo, date, description, externalId, initialBalance, memo, ref, status, type, uuid, account_id, transfer_id, custom) values('InternalTransaction', 2716, -80.00, 4312.07, '', '2010-04-16', 'Transfer to Housekeeping', 'null', false, '', '', 2, 1, '741a006f-229c-3a93-bf60-88481e1455e0', 229, 2120, false);
insert into Split (id, amount, uuid, envelope_id, transaction_id) values(2717, -80.00, '2398fead-6721-3663-8b47-09558ad6e2cf', 292, 2716);
insert into Transaction (DTYPE, id, amount, balance, checkNo, date, description, externalId, initialBalance, memo, ref, status, type, uuid, account_id, transfer_id, custom) values('InternalTransaction', 2714, -7.21, 0.00, '', '2010-04-22', 'Transfer to Available', 'null', false, '', '', 2, 1, '79933393-c875-3f28-8db3-7e3fa0d92e25', 228, 1572, false);
insert into Split (id, amount, uuid, envelope_id, transaction_id) values(2715, -7.21, '4744e02c-a558-36ed-b447-5d667452ac23', 252, 2714);
insert into Transaction (DTYPE, id, amount, balance, checkNo, date, description, externalId, initialBalance, memo, ref, status, type, uuid, account_id, transfer_id, custom) values('InternalTransaction', 2720, 4.99, 4244.89, '', '2010-04-16', 'Transfer from Available', 'null', false, '', '', 2, 0, '567abe9f-cd9a-39cb-869b-95a75ced3241', 229, 1336, false);
insert into Split (id, amount, uuid, envelope_id, transaction_id) values(2721, 4.99, 'd6d84ac5-df46-32a6-80e6-26b7567159e8', 254, 2720);
insert into Transaction (DTYPE, id, amount, balance, checkNo, date, description, externalId, initialBalance, memo, ref, status, type, uuid, account_id, transfer_id, custom) values('InternalTransaction', 2726, -10.43, 0.00, '', '2010-04-29', 'Transfer to Spending', 'null', false, '', '', 2, 1, '6cd8673e-afe8-33d4-816a-39ad24b41c2a', 228, 1038, false);
insert into Split (id, amount, uuid, envelope_id, transaction_id) values(2727, -10.43, '67af7da5-3294-3898-bb9a-ca88fa7116a1', 274, 2726);
insert into Transaction (DTYPE, id, amount, balance, checkNo, date, description, externalId, initialBalance, memo, ref, status, type, uuid, account_id, transfer_id, custom) values('InternalTransaction', 2724, -29.99, 4019.23, '', '2009-12-07', '24HR FITNESS DUES 800-43', '200912073', false, '12/0524HR FITN', '', 2, 1, '0df159af-d0b0-3d4f-acb7-8d65b2625773', 229, null, false);
insert into Split (id, amount, uuid, envelope_id, transaction_id) values(2725, -29.99, '310c49e4-8dad-3162-8462-8a9db1df9615', 271, 2724);
insert into Transaction (DTYPE, id, amount, balance, checkNo, date, description, externalId, initialBalance, memo, ref, status, type, uuid, account_id, transfer_id, custom) values('InternalTransaction', 2722, 154.67, 4399.56, '', '2010-04-16', 'Transfer from Available', 'null', false, '', '', 2, 0, '02ed3805-0602-3d40-b162-46055708f57a', 229, 368, false);
insert into Split (id, amount, uuid, envelope_id, transaction_id) values(2723, 154.67, 'c85fa4fa-be5a-3286-a0f9-a47f93ef974d', 267, 2722);
insert into Transaction (DTYPE, id, amount, balance, checkNo, date, description, externalId, initialBalance, memo, ref, status, type, uuid, account_id, transfer_id, custom) values('InternalTransaction', 2728, -34.39, 2118.34, '', '2010-02-01', 'PEI WEI #0023 Q02 P', '201002012', false, '01/30PEI WEI #', '', 2, 1, 'a2c06094-32e4-306b-b34b-85e31a983bcd', 229, null, false);
insert into Split (id, amount, uuid, envelope_id, transaction_id) values(2729, -34.39, '91440609-2a4f-3f4e-afdf-df0f66a2c54b', 295, 2728);
insert into Transaction (DTYPE, id, amount, balance, checkNo, date, description, externalId, initialBalance, memo, ref, status, type, uuid, account_id, transfer_id, custom) values('InternalTransaction', 2734, -34.62, 5349.14, '', '2009-12-11', 'BEDBATH&BEYOND# BEDBATH 416746', '200912117', false, '12/10BEDBATH&B', '', 2, 1, 'ec513743-b069-3320-b7a5-717b68b1be05', 229, null, false);
insert into Split (id, amount, uuid, envelope_id, transaction_id) values(2735, -34.62, '29793dfc-d78a-3732-9882-273f014fd1eb', 239, 2734);
insert into Transaction (DTYPE, id, amount, balance, checkNo, date, description, externalId, initialBalance, memo, ref, status, type, uuid, account_id, transfer_id, custom) values('InternalTransaction', 2732, 175.00, 4879.96, '', '2010-03-05', 'Transfer from Available', 'null', false, '', '', 2, 0, '50ddf9be-eec5-3011-99db-d8da0c3f3387', 229, 2266, false);
insert into Split (id, amount, uuid, envelope_id, transaction_id) values(2733, 175.00, 'b91501e8-9887-3d33-92f6-03b21648cef6', 275, 2732);
insert into Transaction (DTYPE, id, amount, balance, checkNo, date, description, externalId, initialBalance, memo, ref, status, type, uuid, account_id, transfer_id, custom) values('InternalTransaction', 2730, -0.00, 6185.72, '', '2010-03-19', 'Transfer to Car Wash', 'null', false, '', '', 2, 1, 'f8939b34-9070-340c-a75f-c11a51de7b77', 229, 1246, false);
insert into Split (id, amount, uuid, envelope_id, transaction_id) values(2731, -0.00, 'e499c9af-d4f9-3fc4-b948-79fa7aefee96', 292, 2730);
insert into Transaction (DTYPE, id, amount, balance, checkNo, date, description, externalId, initialBalance, memo, ref, status, type, uuid, account_id, transfer_id, custom) values('InternalTransaction', 2738, -60.00, 2879.21, '', '2010-02-22', 'CIRCLE K 00039 TEMPE AZ', '201002222', false, '02/19CIRCLE K Purcha', '', 2, 1, '2d71dc8a-6ff8-3944-9563-f29ef9b2c1c9', 229, null, false);
insert into Split (id, amount, uuid, envelope_id, transaction_id) values(2739, -40.00, 'f57c62ee-523e-399f-af54-c4438590a916', 276, 2738);
insert into Split (id, amount, uuid, envelope_id, transaction_id) values(2740, -20.00, '3495c3c6-b812-328c-9333-840ebce39723', 250, 2738);
insert into Transaction (DTYPE, id, amount, balance, checkNo, date, description, externalId, initialBalance, memo, ref, status, type, uuid, account_id, transfer_id, custom) values('InternalTransaction', 2736, 51.93, 14739.40, '', '2010-02-16', 'Transfer from Available', 'null', false, '', '', 0, 0, '6a0e9492-cf40-3f51-a21d-f29186268e99', 229, 1442, false);
insert into Split (id, amount, uuid, envelope_id, transaction_id) values(2737, 51.93, '652cf563-9afa-3edc-8099-b05e90c1918b', 280, 2736);
insert into Transaction (DTYPE, id, amount, balance, checkNo, date, description, externalId, initialBalance, memo, ref, status, type, uuid, account_id, transfer_id, custom) values('InternalTransaction', 2743, 0.00, 4237.45, '', '2010-02-19', 'Transfer from Available', 'null', false, '', '', 2, 1, '3ca297a3-f648-37ac-8582-5123ed138c7d', 229, 1180, false);
insert into Split (id, amount, uuid, envelope_id, transaction_id) values(2744, 0.00, '3cb04da2-a9b0-3c88-b616-2dffd625568c', 268, 2743);
insert into Transaction (DTYPE, id, amount, balance, checkNo, date, description, externalId, initialBalance, memo, ref, status, type, uuid, account_id, transfer_id, custom) values('InternalTransaction', 2741, 4.13, 4884.09, '', '2010-03-05', 'Transfer from Available', 'null', false, '', '', 2, 0, '577ac9eb-6c6e-35e0-93b4-2a5c086fec83', 229, 1182, false);
insert into Split (id, amount, uuid, envelope_id, transaction_id) values(2742, 4.13, '8185ecf6-7f38-31eb-ba0b-61d4fb65c4ab', 263, 2741);
insert into Transaction (DTYPE, id, amount, balance, checkNo, date, description, externalId, initialBalance, memo, ref, status, type, uuid, account_id, transfer_id, custom) values('InternalTransaction', 2745, -10.99, 5022.81, '', '2009-11-27', 'WAL-MART #5330 PHOENIX (897496', '200911274', false, '11/26WAL-MART', '', 2, 1, '27fae6a8-6fdd-3991-9497-4285160b378f', 229, null, false);
insert into Split (id, amount, uuid, envelope_id, transaction_id) values(2746, -10.99, '4ca55511-6104-3f7b-9208-019538a8c688', 239, 2745);
insert into Transaction (DTYPE, id, amount, balance, checkNo, date, description, externalId, initialBalance, memo, ref, status, type, uuid, account_id, transfer_id, custom) values('InternalTransaction', 2749, -49.23, 0.00, '', '2010-04-08', 'Transfer to Available', 'null', false, '', '', 2, 1, 'e155afd0-77b1-393c-b472-9c67aec4a66b', 228, 2468, false);
insert into Split (id, amount, uuid, envelope_id, transaction_id) values(2750, -49.23, '9f62dfc5-4c8c-3b74-b5e7-7012c5b0f3d9', 252, 2749);
insert into Transaction (DTYPE, id, amount, balance, checkNo, date, description, externalId, initialBalance, memo, ref, status, type, uuid, account_id, transfer_id, custom) values('InternalTransaction', 2747, -118.71, 2296.94, '', '2009-11-03', 'STATE FARM RO 27 SFPP', '200911032', false, 'PPD ID: 9000307001', '', 2, 1, '790d21f3-91a7-3061-8d91-496b3667cbcf', 229, null, false);
insert into Split (id, amount, uuid, envelope_id, transaction_id) values(2748, -118.71, 'bce307b9-b85f-3c3a-b079-614629a8adc1', 290, 2747);
insert into Transaction (DTYPE, id, amount, balance, checkNo, date, description, externalId, initialBalance, memo, ref, status, type, uuid, account_id, transfer_id, custom) values('InternalTransaction', 2753, -75.00, 5893.44, '', '2010-02-16', 'Transfer to PS', 'null', false, '', '', 0, 1, '143730e9-842a-3916-8417-6f148d7cb2fc', 229, 2222, false);
insert into Split (id, amount, uuid, envelope_id, transaction_id) values(2754, -75.00, 'cc4582b6-1295-3285-9886-df010989d5d6', 292, 2753);
insert into Transaction (DTYPE, id, amount, balance, checkNo, date, description, externalId, initialBalance, memo, ref, status, type, uuid, account_id, transfer_id, custom) values('InternalTransaction', 2751, -11.78, 2077.09, '', '2009-11-04', 'SPROUTS FARMERS MKT # 0 293761', '200911043', false, '11/03SPROUTS F', '', 2, 1, 'e1ccd81d-7561-391a-bda4-afb3381a0d1a', 229, null, false);
insert into Split (id, amount, uuid, envelope_id, transaction_id) values(2752, -11.78, '3ae94ca0-7bf3-3cee-994d-a08ed31f0fe7', 238, 2751);
insert into Transaction (DTYPE, id, amount, balance, checkNo, date, description, externalId, initialBalance, memo, ref, status, type, uuid, account_id, transfer_id, custom) values('InternalTransaction', 2757, -1.00, 4012.23, '', '2009-12-01', 'USPS CHANGE OF661009 800', '200912012', false, '11/30USPS CHAN', '', 2, 1, '78e4682b-11f6-35ab-aa4c-4027a28eeb1c', 229, null, false);
insert into Split (id, amount, uuid, envelope_id, transaction_id) values(2758, -1.00, 'b4d32c89-6236-3642-b146-ea5f2adb286a', 252, 2757);
insert into Transaction (DTYPE, id, amount, balance, checkNo, date, description, externalId, initialBalance, memo, ref, status, type, uuid, account_id, transfer_id, custom) values('InternalTransaction', 2755, 84.20, 4483.76, '', '2010-04-16', 'Transfer from Available', 'null', false, '', '', 2, 0, '3f0d67db-8d6d-3e6f-894e-93b285dbadb3', 229, 3089, false);
insert into Split (id, amount, uuid, envelope_id, transaction_id) values(2756, 84.20, '52db4bc2-5aee-3277-9a0e-b128c778f11b', 290, 2755);
insert into Transaction (DTYPE, id, amount, balance, checkNo, date, description, externalId, initialBalance, memo, ref, status, type, uuid, account_id, transfer_id, custom) values('InternalTransaction', 2759, -23.02, 1241.49, '', '2009-12-23', 'FAST EDDIE''S DINER PHOEN', '200912231', false, '12/21FAST EDDI', '', 2, 1, '3cab3815-b4d0-37a7-a2ac-fc60754af0c1', 229, null, false);
insert into Split (id, amount, uuid, envelope_id, transaction_id) values(2760, -23.02, 'c91f1cde-4258-35f9-938f-5e0b6a95d1c3', 295, 2759);
insert into Transaction (DTYPE, id, amount, balance, checkNo, date, description, externalId, initialBalance, memo, ref, status, type, uuid, account_id, transfer_id, custom) values('InternalTransaction', 2763, 10.74, 660.79, '', '2010-04-16', 'Transfer from Available', 'null', false, '', '', 2, 0, '0d3108e7-a189-313d-a3fd-7768ad3e5a88', 229, 1916, false);
insert into Split (id, amount, uuid, envelope_id, transaction_id) values(2764, 10.74, 'ae0d0f7d-2816-3fda-be31-dc8760f5c706', 246, 2763);
insert into Transaction (DTYPE, id, amount, balance, checkNo, date, description, externalId, initialBalance, memo, ref, status, type, uuid, account_id, transfer_id, custom) values('InternalTransaction', 2761, -790.91, 1295.09, '', '2010-02-02', 'LOANSERVICING AUTOMATIC', '201002020', false, 'PPD ID: 1231694840', '', 2, 1, '94bdc0f5-db15-3bd1-a75d-fb3a89ce62ff', 229, null, false);
insert into Split (id, amount, uuid, envelope_id, transaction_id) values(2762, -790.91, '6460b288-90fe-3dba-8c5c-8d850016e25f', 231, 2761);
insert into Transaction (DTYPE, id, amount, balance, checkNo, date, description, externalId, initialBalance, memo, ref, status, type, uuid, account_id, transfer_id, custom) values('InternalTransaction', 2767, 127.60, 15834.50, '', '2010-02-16', 'Transfer from Available', 'null', false, '', '', 0, 0, 'cac930e5-3af5-39b2-b84d-c88cae23552a', 229, 1130, false);
insert into Split (id, amount, uuid, envelope_id, transaction_id) values(2768, 127.60, '0b9e779c-6aee-300a-897c-e47df94e58bb', 233, 2767);
insert into Transaction (DTYPE, id, amount, balance, checkNo, date, description, externalId, initialBalance, memo, ref, status, type, uuid, account_id, transfer_id, custom) values('InternalTransaction', 2765, -13.80, 5033.80, '', '2009-11-27', 'WAL-MART #2113 CHRISTOWN489449', '200911273', false, '11/26WAL-MART', '', 2, 1, 'a497f02f-ea86-3b63-b805-cf6459478787', 229, null, false);
insert into Split (id, amount, uuid, envelope_id, transaction_id) values(2766, -13.80, 'eab5d758-aadd-3c7c-8d71-8696fb46c7b5', 239, 2765);
insert into Transaction (DTYPE, id, amount, balance, checkNo, date, description, externalId, initialBalance, memo, ref, status, type, uuid, account_id, transfer_id, custom) values('InternalTransaction', 2769, 25.00, 4933.59, '', '2010-03-05', 'Transfer from Available', 'null', false, '', '', 2, 0, 'd975dba0-c9d2-32e4-980c-d314d758291c', 229, 2923, false);
insert into Split (id, amount, uuid, envelope_id, transaction_id) values(2770, 25.00, '1383aac2-0765-36eb-8a00-f93f3ac624b5', 286, 2769);
insert into Transaction (DTYPE, id, amount, balance, checkNo, date, description, externalId, initialBalance, memo, ref, status, type, uuid, account_id, transfer_id, custom) values('InternalTransaction', 2771, -863.75, 2856.94, '', '2010-04-02', 'Transfer to Available', 'null', false, '', '', 2, 1, '632fcdc8-d83c-3d65-a009-d2472ec1d0f9', 229, 646, false);
insert into Split (id, amount, uuid, envelope_id, transaction_id) values(2772, -863.75, '3eb2d166-6b0a-3d61-b652-dd32312b05ff', 292, 2771);
insert into Transaction (DTYPE, id, amount, balance, checkNo, date, description, externalId, initialBalance, memo, ref, status, type, uuid, account_id, transfer_id, custom) values('InternalTransaction', 2773, 1312.50, 2514.27, '', '2010-03-18', 'ATM CHECK DEPOSIT', '201003180', false, '', '', 2, 0, '00cb6116-8d1a-3d18-a395-6881db18259e', 229, null, false);
insert into Split (id, amount, uuid, envelope_id, transaction_id) values(2774, 1312.50, '5a8abf6a-f2de-3ff8-9111-b81ff7d368a5', 292, 2773);
insert into Transaction (DTYPE, id, amount, balance, checkNo, date, description, externalId, initialBalance, memo, ref, status, type, uuid, account_id, transfer_id, custom) values('InternalTransaction', 2775, -10.00, 1216.28, '', '2010-04-26', 'QT 435 PHOENIX AZ 563193', '201004264', false, '04/24QT 435 PH', '', 1, 1, '524e6ab6-3956-38da-84c9-da288430b727', 229, null, false);
insert into Split (id, amount, uuid, envelope_id, transaction_id) values(2776, -10.00, 'ffdf51a2-b88c-3dd7-9116-4baa9df8ef15', 252, 2775);
insert into Transaction (DTYPE, id, amount, balance, checkNo, date, description, externalId, initialBalance, memo, ref, status, type, uuid, account_id, transfer_id, custom) values('InternalTransaction', 2777, 40.79, 6129.61, '', '2010-03-19', 'Transfer from Available', 'null', false, '', '', 2, 0, 'c1b6a39b-6ff4-35a8-958b-965ebc1e6347', 229, 1894, false);
insert into Split (id, amount, uuid, envelope_id, transaction_id) values(2778, 40.79, '756cd426-3c5c-3c8d-8eea-86aaae21f8ce', 273, 2777);
insert into Transaction (DTYPE, id, amount, balance, checkNo, date, description, externalId, initialBalance, memo, ref, status, type, uuid, account_id, transfer_id, custom) values('InternalTransaction', 2779, 88.19, 88.19, '', '2010-04-29', 'Transfer from Groceries', 'null', false, '', '', 2, 0, 'ed289851-0426-3140-9647-38903744bd90', 228, 1492, false);
insert into Split (id, amount, uuid, envelope_id, transaction_id) values(2780, 88.19, '484d2be9-f94e-37b6-a324-c3c074fb05ed', 252, 2779);
insert into Transaction (DTYPE, id, amount, balance, checkNo, date, description, externalId, initialBalance, memo, ref, status, type, uuid, account_id, transfer_id, custom) values('InternalTransaction', 2781, -151.00, 1135.04, '', '2010-02-16', 'Transfer to Lofts @ Arcadia', 'null', false, '', '', 0, 1, '2592cc3e-dc72-3b54-8b72-155e35c37d18', 229, 2348, false);
insert into Split (id, amount, uuid, envelope_id, transaction_id) values(2782, -151.00, '428c9ad1-1fbf-373d-8fe1-cee4d3572906', 292, 2781);
insert into Transaction (DTYPE, id, amount, balance, checkNo, date, description, externalId, initialBalance, memo, ref, status, type, uuid, account_id, transfer_id, custom) values('InternalTransaction', 2783, 2157.42, 5272.96, '', '2009-11-27', 'DIFFUSION GROUP PAYROLL', '200911270', false, 'PPD ID: 1860988050', '', 2, 0, '260545b2-cafe-3dc2-9b5b-afd7178b9cea', 229, null, false);
insert into Split (id, amount, uuid, envelope_id, transaction_id) values(2784, 2157.42, '73d58438-9c37-30e0-9b4b-4f494ce962c1', 292, 2783);
insert into Transaction (DTYPE, id, amount, balance, checkNo, date, description, externalId, initialBalance, memo, ref, status, type, uuid, account_id, transfer_id, custom) values('InternalTransaction', 2789, -6.65, 4697.06, '', '2009-11-16', 'SOU BLOCKBUSTER VID8301 785204', '2009111611', false, '11/13SOU BLOCK', '', 2, 1, '86998c95-9770-35bf-8d53-712875309174', 229, null, false);
insert into Split (id, amount, uuid, envelope_id, transaction_id) values(2790, -6.65, 'e3684829-865d-3627-b757-62c3864aef9d', 265, 2789);
insert into Transaction (DTYPE, id, amount, balance, checkNo, date, description, externalId, initialBalance, memo, ref, status, type, uuid, account_id, transfer_id, custom) values('InternalTransaction', 2787, 10.02, 10.02, '', '2010-03-16', 'Transfer from Easynews.com', 'null', false, '', '', 2, 0, '1df247d9-08dd-3eae-a6c4-bbef7c84d0ae', 228, 1216, false);
insert into Split (id, amount, uuid, envelope_id, transaction_id) values(2788, 10.02, '4ce32444-7bc4-3c4f-b619-1ee3b3575a7a', 292, 2787);
insert into Transaction (DTYPE, id, amount, balance, checkNo, date, description, externalId, initialBalance, memo, ref, status, type, uuid, account_id, transfer_id, custom) values('InternalTransaction', 2785, -35.65, 4108.03, '', '2009-11-30', 'SHELL OIL 57442276200 GL', '200911306', false, '11/28SHELL OIL', '', 2, 1, '80773680-6028-34af-9c19-65032d97f59d', 229, null, false);
insert into Split (id, amount, uuid, envelope_id, transaction_id) values(2786, -35.65, '94aa49fc-5201-3e6e-b433-bd09d505875b', 253, 2785);
insert into Transaction (DTYPE, id, amount, balance, checkNo, date, description, externalId, initialBalance, memo, ref, status, type, uuid, account_id, transfer_id, custom) values('InternalTransaction', 2791, 10.00, 3776.46, '', '2010-04-02', 'Transfer from Available', 'null', false, '', '', 2, 0, '32c0421f-9008-32f0-9a1c-91a33d4b986e', 229, 2502, false);
insert into Split (id, amount, uuid, envelope_id, transaction_id) values(2792, 10.00, 'feadc8c2-3d16-39ab-b7bd-6cd8b98c5b96', 234, 2791);
insert into Transaction (DTYPE, id, amount, balance, checkNo, date, description, externalId, initialBalance, memo, ref, status, type, uuid, account_id, transfer_id, custom) values('InternalTransaction', 2793, -17.44, 0.00, '', '2010-04-29', 'Transfer to New Car', 'null', false, '', '', 2, 1, '876fd3aa-0c42-30d1-8c3c-bb5b5359614c', 228, 2568, false);
insert into Split (id, amount, uuid, envelope_id, transaction_id) values(2794, -17.44, '8abf1ec8-940e-3fc1-bca3-1ed2695f0a95', 277, 2793);
insert into Transaction (DTYPE, id, amount, balance, checkNo, date, description, externalId, initialBalance, memo, ref, status, type, uuid, account_id, transfer_id, custom) values('InternalTransaction', 2795, -3.22, 2655.14, '', '2010-03-08', 'WAL-MART #2113 CHRISTOWN788842', '2010030810', false, '03/05WAL-MART', '', 2, 1, 'a6751af9-b5c7-35d6-aba2-9fb1785e535f', 229, null, false);
insert into Split (id, amount, uuid, envelope_id, transaction_id) values(2796, -3.22, '527484e3-4204-3185-8e4d-6b2f556fa173', 239, 2795);
insert into Transaction (DTYPE, id, amount, balance, checkNo, date, description, externalId, initialBalance, memo, ref, status, type, uuid, account_id, transfer_id, custom) values('InternalTransaction', 2797, -20.97, 6148.69, '', '2010-02-16', 'Transfer to Movie Rental', 'null', false, '', '', 0, 1, '57c0c92c-c3f8-3b90-83b3-64c745c02364', 229, 2300, false);
insert into Split (id, amount, uuid, envelope_id, transaction_id) values(2798, -20.97, '5b553066-1e36-3387-9ba8-50c29abd9ed6', 292, 2797);
insert into Transaction (DTYPE, id, amount, balance, checkNo, date, description, externalId, initialBalance, memo, ref, status, type, uuid, account_id, transfer_id, custom) values('InternalTransaction', 2799, -25.00, 4574.80, '', '2010-03-05', 'Transfer to Personal Care', 'null', false, '', '', 2, 1, '9f0e79c0-4042-332e-966c-8a6fee8b728d', 229, 1498, false);
insert into Split (id, amount, uuid, envelope_id, transaction_id) values(2800, -25.00, 'f926bc67-baf1-3441-abb4-0f168d634574', 292, 2799);
insert into Transaction (DTYPE, id, amount, balance, checkNo, date, description, externalId, initialBalance, memo, ref, status, type, uuid, account_id, transfer_id, custom) values('InternalTransaction', 2801, -19.50, 1305.97, '', '2010-01-20', 'Rossmar & Graham TENANT', '201001200', false, 'WEB ID: W050568743', '', 2, 1, '2f1cf1d0-4e8a-3fcf-8d2c-a8174671935c', 229, null, false);
insert into Split (id, amount, uuid, envelope_id, transaction_id) values(2802, -19.50, '80dc61ae-786b-3fb8-8752-a583570e6fbd', 258, 2801);
insert into Transaction (DTYPE, id, amount, balance, checkNo, date, description, externalId, initialBalance, memo, ref, status, type, uuid, account_id, transfer_id, custom) values('InternalTransaction', 2803, 100.63, 2864.48, '', '2010-02-16', 'Transfer from Available', 'null', false, '', '', 0, 0, '39b73b23-8f83-3e72-babf-561df224b032', 229, 2674, false);
insert into Split (id, amount, uuid, envelope_id, transaction_id) values(2804, 100.63, 'bde80003-24a1-3eb5-8c4f-67cd226db124', 283, 2803);
insert into Transaction (DTYPE, id, amount, balance, checkNo, date, description, externalId, initialBalance, memo, ref, status, type, uuid, account_id, transfer_id, custom) values('InternalTransaction', 2805, -790.91, 1166.23, '', '2010-01-05', 'LOANSERVICING AUTOMATIC', '201001050', false, 'PPD ID: 1231694840', '', 2, 1, 'cbdcf6e4-d347-3949-8f0e-e555c03313c3', 229, null, false);
insert into Split (id, amount, uuid, envelope_id, transaction_id) values(2806, -790.91, '8b97b85c-ec3f-3581-b777-d484b9fc77ff', 231, 2805);
insert into Transaction (DTYPE, id, amount, balance, checkNo, date, description, externalId, initialBalance, memo, ref, status, type, uuid, account_id, transfer_id, custom) values('InternalTransaction', 2811, 76.90, 76.90, '', '2010-02-28', 'Transfer from Unassigned', 'null', false, '', '', 2, 0, '3aa39a69-e252-38b1-a8ef-54a95152bec0', 228, 2578, false);
insert into Split (id, amount, uuid, envelope_id, transaction_id) values(2812, 76.90, 'f2692eb9-2cbc-3b7a-81e9-11c5c5983aa1', 286, 2811);
insert into Transaction (DTYPE, id, amount, balance, checkNo, date, description, externalId, initialBalance, memo, ref, status, type, uuid, account_id, transfer_id, custom) values('InternalTransaction', 2809, 32.19, 2896.67, '', '2010-02-16', 'Transfer from Available', 'null', false, '', '', 0, 0, 'be4ae61b-3b75-3c7f-91d5-64c65488897d', 229, 1592, false);
insert into Split (id, amount, uuid, envelope_id, transaction_id) values(2810, 32.19, '3c82d20a-e33d-302b-8789-bf66a01387ee', 232, 2809);
insert into Transaction (DTYPE, id, amount, balance, checkNo, date, description, externalId, initialBalance, memo, ref, status, type, uuid, account_id, transfer_id, custom) values('InternalTransaction', 2807, -250.00, 2228.65, '272', '2010-03-30', 'CHECK 272', '201003303', false, '', '', 2, 1, 'eae727d5-4901-36d6-8890-72c4a19ba7d8', 229, null, false);
insert into Split (id, amount, uuid, envelope_id, transaction_id) values(2808, -250.00, 'f71ae151-d8db-33b7-8b63-3b93f6b25c8d', 248, 2807);
insert into Transaction (DTYPE, id, amount, balance, checkNo, date, description, externalId, initialBalance, memo, ref, status, type, uuid, account_id, transfer_id, custom) values('InternalTransaction', 2813, -35.51, 4064.06, '', '2010-04-16', 'Transfer to New Car', 'null', false, '', '', 2, 1, 'd1ca70af-680e-3d00-ba82-fd8b3989fb6c', 229, 604, false);
insert into Split (id, amount, uuid, envelope_id, transaction_id) values(2814, -35.51, 'adbaf5c7-2b64-3c0f-b972-e9348556c4d7', 292, 2813);
insert into Transaction (DTYPE, id, amount, balance, checkNo, date, description, externalId, initialBalance, memo, ref, status, type, uuid, account_id, transfer_id, custom) values('InternalTransaction', 2817, 0.00, 3776.46, '', '2010-04-02', 'Transfer from Available', 'null', false, '', '', 2, 1, '8effa396-4fb1-3f44-807b-fda94de46a54', 229, 2975, false);
insert into Split (id, amount, uuid, envelope_id, transaction_id) values(2818, 0.00, '0e4e673b-fc41-3d9a-910b-847796711ceb', 268, 2817);
insert into Transaction (DTYPE, id, amount, balance, checkNo, date, description, externalId, initialBalance, memo, ref, status, type, uuid, account_id, transfer_id, custom) values('InternalTransaction', 2815, -35.00, 2537.97, '', '2010-01-25', 'JOSEPH SCOTT SALON LLC P276773', '201001257', false, '01/22JOSEPH SC', '', 2, 1, '81c3d7d7-e0ca-3194-a70c-12508ae3e0e4', 229, null, false);
insert into Split (id, amount, uuid, envelope_id, transaction_id) values(2816, -35.00, 'e20003ef-02bf-3a0a-a871-964ac4e083be', 260, 2815);
insert into Transaction (DTYPE, id, amount, balance, checkNo, date, description, externalId, initialBalance, memo, ref, status, type, uuid, account_id, transfer_id, custom) values('InternalTransaction', 2819, 25.00, 6154.61, '', '2010-03-19', 'Transfer from Available', 'null', false, '', '', 2, 0, '0af5d98a-34d6-3ab7-8be7-5b2cc56abbd0', 229, 1018, false);
insert into Split (id, amount, uuid, envelope_id, transaction_id) values(2820, 25.00, 'c976a3a9-d210-3c49-b309-ec3ffb97877d', 277, 2819);
insert into Transaction (DTYPE, id, amount, balance, checkNo, date, description, externalId, initialBalance, memo, ref, status, type, uuid, account_id, transfer_id, custom) values('InternalTransaction', 2823, -150.00, 2701.96, '', '2010-04-02', 'Transfer to Groceries', 'null', false, '', '', 2, 1, 'd850c889-ba3e-3e4b-8502-0fcdda9b3466', 229, 2570, false);
insert into Split (id, amount, uuid, envelope_id, transaction_id) values(2824, -150.00, 'ec62a3c4-2c92-30e4-8917-17cdc367ef81', 292, 2823);
insert into Transaction (DTYPE, id, amount, balance, checkNo, date, description, externalId, initialBalance, memo, ref, status, type, uuid, account_id, transfer_id, custom) values('InternalTransaction', 2821, -7.40, 0.00, '', '2010-03-30', 'Transfer to Coffee', 'null', false, '', '', 2, 1, '652706dd-fe9e-3d14-8fc4-047c162feba6', 228, 982, false);
insert into Split (id, amount, uuid, envelope_id, transaction_id) values(2822, -7.40, '94cb1130-c379-30ac-9628-dcd0471930df', 292, 2821);
insert into Transaction (DTYPE, id, amount, balance, checkNo, date, description, externalId, initialBalance, memo, ref, status, type, uuid, account_id, transfer_id, custom) values('InternalTransaction', 2827, -228.64, 4088.15, '', '2010-03-29', 'WHOLE FOODS MARK 5120 S 728182', '2010032914', false, '03/28WHOLE FOO', '', 2, 1, '3ae1dcf3-f561-3a75-9420-8be6f488a1a2', 229, null, false);
insert into Split (id, amount, uuid, envelope_id, transaction_id) values(2828, -228.64, 'a6875097-58ff-380e-bcd6-87f45aedf682', 238, 2827);
insert into Transaction (DTYPE, id, amount, balance, checkNo, date, description, externalId, initialBalance, memo, ref, status, type, uuid, account_id, transfer_id, custom) values('InternalTransaction', 2825, 25.00, 4272.45, '', '2010-02-19', 'Transfer from Available', 'null', false, '', '', 2, 0, '3bf2ecf9-18db-32fe-9ad4-f09481682cd4', 229, 2584, false);
insert into Split (id, amount, uuid, envelope_id, transaction_id) values(2826, 25.00, '1e71948d-4b6e-3698-8fd4-8574a0a1b2bc', 277, 2825);
insert into Transaction (DTYPE, id, amount, balance, checkNo, date, description, externalId, initialBalance, memo, ref, status, type, uuid, account_id, transfer_id, custom) values('InternalTransaction', 2829, -5.82, 2426.45, '', '2010-03-19', 'Transfer to Fast Food', 'null', false, '', '', 2, 1, '082876a6-4a5a-382b-ab36-3b8b8e57b41f', 229, 1476, false);
insert into Split (id, amount, uuid, envelope_id, transaction_id) values(2830, -5.82, '6e75a2b6-fa89-35e6-8347-ac14d1fd0dc2', 292, 2829);
insert into Transaction (DTYPE, id, amount, balance, checkNo, date, description, externalId, initialBalance, memo, ref, status, type, uuid, account_id, transfer_id, custom) values('InternalTransaction', 2831, -14.29, 949.67, '', '2010-03-03', 'Transfer to State Farm Insurance', 'null', false, '', '', 2, 1, 'ca2267a1-00ac-3e43-9c5e-5144db10ba8d', 229, 3053, false);
insert into Split (id, amount, uuid, envelope_id, transaction_id) values(2832, -14.29, 'f39731a4-a1a5-3f26-bce6-4c27cee45256', 292, 2831);
insert into Transaction (DTYPE, id, amount, balance, checkNo, date, description, externalId, initialBalance, memo, ref, status, type, uuid, account_id, transfer_id, custom) values('InternalTransaction', 2833, 2.11, 2.11, '', '2010-04-21', 'Transfer from Coffee', 'null', false, '', '', 2, 0, '9a3b111a-2491-3cbf-84a6-729acd377df9', 228, 332, false);
insert into Split (id, amount, uuid, envelope_id, transaction_id) values(2834, 2.11, 'f8a4cb53-690d-3cac-afc0-7b6d6a08c18e', 292, 2833);
insert into Transaction (DTYPE, id, amount, balance, checkNo, date, description, externalId, initialBalance, memo, ref, status, type, uuid, account_id, transfer_id, custom) values('InternalTransaction', 2835, -9.95, 3117.64, '', '2010-02-22', 'Financial Management Software:', '201002220', false, 'Monthly Service Fee', '', 2, 1, '2e9a9437-3306-3bfc-8477-ed58aa9ae79e', 229, null, false);
insert into Split (id, amount, uuid, envelope_id, transaction_id) values(2836, -9.95, '0c1aefa9-ab0e-374e-af24-4bbe188f965a', 232, 2835);
insert into Transaction (DTYPE, id, amount, balance, checkNo, date, description, externalId, initialBalance, memo, ref, status, type, uuid, account_id, transfer_id, custom) values('InternalTransaction', 2837, -292.74, 5154.62, '', '2010-02-16', 'Transfer to Books', 'null', false, '', '', 0, 1, 'bdaad675-9316-38b9-9324-a3a96bcdd61c', 229, 2476, false);
insert into Split (id, amount, uuid, envelope_id, transaction_id) values(2838, -292.74, 'd695f42f-e6ac-3680-b960-9b2a98a8aa82', 292, 2837);
insert into Transaction (DTYPE, id, amount, balance, checkNo, date, description, externalId, initialBalance, memo, ref, status, type, uuid, account_id, transfer_id, custom) values('InternalTransaction', 2839, -21.65, 851.28, '', '2010-03-04', 'Transfer to Pet', 'null', false, '', '', 2, 1, '5589f90d-caaa-3928-8899-fc19cd8c90be', 229, 2614, false);
insert into Split (id, amount, uuid, envelope_id, transaction_id) values(2840, -21.65, 'f3e20756-e100-31a5-9910-c2db75fb271f', 292, 2839);
insert into Transaction (DTYPE, id, amount, balance, checkNo, date, description, externalId, initialBalance, memo, ref, status, type, uuid, account_id, transfer_id, custom) values('InternalTransaction', 2841, 395.00, 2679.33, '', '2010-02-26', 'AZ DEPT OF REV DIR.DEP.', '201002260', false, 'PPD ID: 1866004799', '', 2, 0, '4c5ad4e7-d923-33d7-87f2-21a983fb70fb', 229, null, false);
insert into Split (id, amount, uuid, envelope_id, transaction_id) values(2842, 395.00, 'd6a15821-2d3d-323f-9a10-25ea735e7369', 292, 2841);
insert into Transaction (DTYPE, id, amount, balance, checkNo, date, description, externalId, initialBalance, memo, ref, status, type, uuid, account_id, transfer_id, custom) values('InternalTransaction', 2843, -80.00, 4067.90, '', '2010-02-19', 'Transfer to Housekeeping', 'null', false, '', '', 2, 1, '0b3916ea-df2c-3ff8-922d-53736a7859d6', 229, 1990, false);
insert into Split (id, amount, uuid, envelope_id, transaction_id) values(2844, -80.00, 'a01364ba-9140-3ba0-8206-baea9ba12b79', 292, 2843);
insert into Transaction (DTYPE, id, amount, balance, checkNo, date, description, externalId, initialBalance, memo, ref, status, type, uuid, account_id, transfer_id, custom) values('InternalTransaction', 2845, -113.15, 0.00, '', '2010-02-18', 'Transfer to Available', 'null', false, '', '', 2, 1, 'c12b029f-9ad2-3c94-9dce-ed7623572c3e', 228, 1822, false);
insert into Split (id, amount, uuid, envelope_id, transaction_id) values(2846, -113.15, '538218ae-aac5-34b9-9bd2-3975d35ff6ff', 253, 2845);
insert into Transaction (DTYPE, id, amount, balance, checkNo, date, description, externalId, initialBalance, memo, ref, status, type, uuid, account_id, transfer_id, custom) values('InternalTransaction', 2847, -8.54, 0.00, '', '2010-03-09', 'Transfer to Fast Food', 'null', false, '', '', 2, 1, '14ce3162-9df7-3995-ad17-b713ed469838', 228, 1360, false);
insert into Split (id, amount, uuid, envelope_id, transaction_id) values(2848, -8.54, '3e5d3003-88ae-38be-9437-e0f33fc7b0ec', 252, 2847);
insert into Transaction (DTYPE, id, amount, balance, checkNo, date, description, externalId, initialBalance, memo, ref, status, type, uuid, account_id, transfer_id, custom) values('InternalTransaction', 2849, 0.00, 3776.46, '', '2010-04-02', 'Transfer from Available', 'null', false, '', '', 2, 1, '3fbd7eaf-e735-3b3a-a407-6b37ab8cb83c', 229, 2604, false);
insert into Split (id, amount, uuid, envelope_id, transaction_id) values(2850, 0.00, '29e25e5e-6fe6-3d14-8e3f-5e366a3233fe', 254, 2849);
insert into Transaction (DTYPE, id, amount, balance, checkNo, date, description, externalId, initialBalance, memo, ref, status, type, uuid, account_id, transfer_id, custom) values('InternalTransaction', 2851, -0.00, 2024.23, '', '2010-04-02', 'Transfer to Verizon Wireless', 'null', false, '', '', 2, 1, '9c8c579d-c2d2-3c0a-8f27-c0eeef4d78bd', 229, 3019, false);
insert into Split (id, amount, uuid, envelope_id, transaction_id) values(2852, -0.00, 'b3109a26-e498-3de7-8a78-ea2143c233ad', 292, 2851);
insert into Transaction (DTYPE, id, amount, balance, checkNo, date, description, externalId, initialBalance, memo, ref, status, type, uuid, account_id, transfer_id, custom) values('InternalTransaction', 2855, -15.16, 1351.69, '', '2009-12-18', 'BUFFALO EXCHANGE AZ04 PH322690', '200912184', false, '12/17BUFFALO E', '', 2, 1, '18d7ddea-a9da-3fe1-87d4-4f67e9478c62', 229, null, false);
insert into Split (id, amount, uuid, envelope_id, transaction_id) values(2856, -15.16, 'c0d830da-fbcb-36d3-b9ce-bd0648cf1d43', 285, 2855);
insert into Transaction (DTYPE, id, amount, balance, checkNo, date, description, externalId, initialBalance, memo, ref, status, type, uuid, account_id, transfer_id, custom) values('InternalTransaction', 2853, -7.21, 1337.81, '', '2010-04-22', 'Transfer to Fast Food', 'null', false, '', '', 2, 1, 'b13505aa-8be8-34f2-a39a-12cce728d72f', 229, 992, false);
insert into Split (id, amount, uuid, envelope_id, transaction_id) values(2854, -7.21, '2c9bb54d-4221-32b8-bcc6-a10f9850befa', 292, 2853);
insert into Transaction (DTYPE, id, amount, balance, checkNo, date, description, externalId, initialBalance, memo, ref, status, type, uuid, account_id, transfer_id, custom) values('InternalTransaction', 2861, -77.73, 4359.46, '', '2010-03-29', 'BEDBATH&BEYOND# BEDB 202935517', '201003291', false, '03/26BEDBATH&B', '', 2, 1, 'ccdb2f59-070d-3aa4-8e73-c8b5ac93850d', 229, null, false);
insert into Split (id, amount, uuid, envelope_id, transaction_id) values(2862, -77.73, '52147c43-1260-3e1c-8d00-526ae6c8e757', 248, 2861);
insert into Transaction (DTYPE, id, amount, balance, checkNo, date, description, externalId, initialBalance, memo, ref, status, type, uuid, account_id, transfer_id, custom) values('InternalTransaction', 2859, 5.00, 5.00, '', '2010-03-13', 'Transfer from Spending', 'null', false, '', '', 2, 0, 'bfbc2da6-6046-3abb-822a-bc74f12357ed', 228, 348, false);
insert into Split (id, amount, uuid, envelope_id, transaction_id) values(2860, 5.00, 'c82d2e11-e0f2-3b48-b7fa-ed76db72c6ca', 286, 2859);
insert into Transaction (DTYPE, id, amount, balance, checkNo, date, description, externalId, initialBalance, memo, ref, status, type, uuid, account_id, transfer_id, custom) values('InternalTransaction', 2857, -163.00, 3904.90, '', '2010-02-19', 'Transfer to Lofts @ Arcadia', 'null', false, '', '', 2, 1, 'db03fc69-0567-31b8-8011-2a2bdef29777', 229, 1758, false);
insert into Split (id, amount, uuid, envelope_id, transaction_id) values(2858, -163.00, 'a0ccbcd8-41ac-3cf4-9097-5d6b7b2b10ca', 292, 2857);
insert into Transaction (DTYPE, id, amount, balance, checkNo, date, description, externalId, initialBalance, memo, ref, status, type, uuid, account_id, transfer_id, custom) values('InternalTransaction', 2865, -73.45, 655.53, '', '2010-04-15', 'BEDBATH&BEYOND# BEDB 202837614', '201004150', false, '04/14BEDBATH&B', '', 2, 1, '3c011ea7-a9e9-3b0a-9908-413dac84cb43', 229, null, false);
insert into Split (id, amount, uuid, envelope_id, transaction_id) values(2866, -73.45, '5d5862fc-90ce-3c8b-ac28-42913d2bae41', 239, 2865);
insert into Transaction (DTYPE, id, amount, balance, checkNo, date, description, externalId, initialBalance, memo, ref, status, type, uuid, account_id, transfer_id, custom) values('InternalTransaction', 2863, 77.05, 4349.50, '', '2010-02-19', 'Transfer from Available', 'null', false, '', '', 2, 0, '5c2e96d0-7072-383d-8b0e-c40ad10721d9', 229, 1054, false);
insert into Split (id, amount, uuid, envelope_id, transaction_id) values(2864, 77.05, 'bbea7574-a05b-3dbe-a94f-b67571c57ae1', 290, 2863);
insert into Transaction (DTYPE, id, amount, balance, checkNo, date, description, externalId, initialBalance, memo, ref, status, type, uuid, account_id, transfer_id, custom) values('InternalTransaction', 2867, -175.00, 1517.15, '', '2010-04-05', 'IRS USATAXPYMT 2700', '201004059', false, '49500919957 WEB ID: 3387702000', '', 2, 1, 'bb0d0a10-9203-3da0-817c-7629264c83d8', 229, null, false);
insert into Split (id, amount, uuid, envelope_id, transaction_id) values(2868, -175.00, '3ebd1dce-20a9-3145-b1da-b74643e482da', 275, 2867);
insert into Transaction (DTYPE, id, amount, balance, checkNo, date, description, externalId, initialBalance, memo, ref, status, type, uuid, account_id, transfer_id, custom) values('InternalTransaction', 2869, -9.95, 4693.11, '', '2010-03-22', 'Financial Management Software:', '201003220', false, 'Monthly Service Fee', '', 2, 1, '9d6bc9f9-1e3d-3c80-9680-7d2a64711706', 229, null, false);
insert into Split (id, amount, uuid, envelope_id, transaction_id) values(2870, -9.95, '647290a3-7ee3-3cae-9805-d409294cf799', 232, 2869);
insert into Transaction (DTYPE, id, amount, balance, checkNo, date, description, externalId, initialBalance, memo, ref, status, type, uuid, account_id, transfer_id, custom) values('InternalTransaction', 2873, 100.49, 4005.35, '', '2010-03-30', 'Transfer from Available', 'null', false, '', '', 2, 0, '96392536-2cad-3b46-ac98-b82068a0469a', 229, 598, false);
insert into Split (id, amount, uuid, envelope_id, transaction_id) values(2874, 100.49, '4f11effb-a59b-3fac-91a7-0fb04b7a43fa', 239, 2873);
insert into Transaction (DTYPE, id, amount, balance, checkNo, date, description, externalId, initialBalance, memo, ref, status, type, uuid, account_id, transfer_id, custom) values('InternalTransaction', 2871, -100.00, 6978.71, '', '2010-03-20', 'SHADETREE', '201003227', false, '', '', 2, 1, '8fb15685-3e7e-38d7-89f9-1674d54cde7a', 229, null, false);
insert into Split (id, amount, uuid, envelope_id, transaction_id) values(2872, -100.00, 'c51b2c4d-6c4e-3c28-8f63-74a9962e75d2', 248, 2871);
insert into Transaction (DTYPE, id, amount, balance, checkNo, date, description, externalId, initialBalance, memo, ref, status, type, uuid, account_id, transfer_id, custom) values('InternalTransaction', 2877, -5.81, 2978.53, '', '2010-01-25', 'DUNKIN #304847 Q35 P', '2010012512', false, '01/22DUNKIN #3', '', 2, 1, '9727813d-bc62-35db-bd3f-413fdefe93e5', 229, null, false);
insert into Split (id, amount, uuid, envelope_id, transaction_id) values(2878, -5.81, '74ff9446-bbe9-3a8e-805c-3b28bf929072', 246, 2877);
insert into Transaction (DTYPE, id, amount, balance, checkNo, date, description, externalId, initialBalance, memo, ref, status, type, uuid, account_id, transfer_id, custom) values('InternalTransaction', 2875, -34.62, 2088.87, '', '2009-11-04', 'QT 425 PHOENIX AZ 923857', '200911042', false, '11/03QT 425 PH', '', 2, 1, '0f3f37e8-4b02-36ae-8a27-bcabe56560a4', 229, null, false);
insert into Split (id, amount, uuid, envelope_id, transaction_id) values(2876, -34.62, '5fd8912d-f7ed-34bc-bfe8-4f5642e6cba2', 252, 2875);
insert into Transaction (DTYPE, id, amount, balance, checkNo, date, description, externalId, initialBalance, memo, ref, status, type, uuid, account_id, transfer_id, custom) values('InternalTransaction', 2879, -15.95, 5128.56, '', '2010-03-19', 'Transfer to Sirius', 'null', false, '', '', 2, 1, 'd417e83e-04af-3256-972b-a54791f28e60', 229, 2352, false);
insert into Split (id, amount, uuid, envelope_id, transaction_id) values(2880, -15.95, 'cf9d461d-e101-352f-b760-a88008e04d12', 292, 2879);
insert into Transaction (DTYPE, id, amount, balance, checkNo, date, description, externalId, initialBalance, memo, ref, status, type, uuid, account_id, transfer_id, custom) values('InternalTransaction', 2881, -23.18, 5205.02, '', '2010-03-19', 'Transfer to Medical', 'null', false, '', '', 2, 1, 'b4bc1974-2770-3bbf-8a70-203eaa764c99', 229, 2572, false);
insert into Split (id, amount, uuid, envelope_id, transaction_id) values(2882, -23.18, '30bc656e-0449-345e-b96f-ca5d54ba73a6', 292, 2881);
insert into Transaction (DTYPE, id, amount, balance, checkNo, date, description, externalId, initialBalance, memo, ref, status, type, uuid, account_id, transfer_id, custom) values('InternalTransaction', 2883, -17.50, 0.00, '', '2010-03-30', 'Transfer to Credit Cards', 'null', false, '', '', 2, 1, 'b798dd73-fb9f-3e37-ba07-05031c5337de', 228, 2238, false);
insert into Split (id, amount, uuid, envelope_id, transaction_id) values(2884, -17.50, '2dc45a37-2203-3d9a-acd3-df3759fa7256', 271, 2883);
insert into Transaction (DTYPE, id, amount, balance, checkNo, date, description, externalId, initialBalance, memo, ref, status, type, uuid, account_id, transfer_id, custom) values('InternalTransaction', 2885, 160.00, 160.00, '', '2010-03-05', 'Transfer from Available', 'null', false, '', '', 2, 0, 'cf87d59f-32cd-3fdd-8881-26b9062459cc', 228, 2178, false);
insert into Split (id, amount, uuid, envelope_id, transaction_id) values(2886, 160.00, '93386a7f-0b28-3ea2-a74c-a304107db1e6', 239, 2885);
insert into Transaction (DTYPE, id, amount, balance, checkNo, date, description, externalId, initialBalance, memo, ref, status, type, uuid, account_id, transfer_id, custom) values('InternalTransaction', 2887, -395.45, 5702.02, '', '2010-03-19', 'Transfer to GMAC Mortgage', 'null', false, '', '', 2, 1, '7a35bdc0-7463-33a6-8381-acff7b669144', 229, 2380, false);
insert into Split (id, amount, uuid, envelope_id, transaction_id) values(2888, -395.45, '7df20674-0f9f-3c0b-9860-f9d590bffa87', 292, 2887);
insert into Transaction (DTYPE, id, amount, balance, checkNo, date, description, externalId, initialBalance, memo, ref, status, type, uuid, account_id, transfer_id, custom) values('InternalTransaction', 2889, 395.46, 5554.05, '', '2010-03-05', 'Transfer from Available', 'null', false, '', '', 2, 0, 'ee3e5d89-82c7-34f1-8f97-4f19a406cbbf', 229, 1152, false);
insert into Split (id, amount, uuid, envelope_id, transaction_id) values(2890, 395.46, '5dd3213d-144c-3d1a-a966-ac123a3db4ae', 231, 2889);
insert into Transaction (DTYPE, id, amount, balance, checkNo, date, description, externalId, initialBalance, memo, ref, status, type, uuid, account_id, transfer_id, custom) values('InternalTransaction', 2891, 27.19, 6181.80, '', '2010-03-19', 'Transfer from Available', 'null', false, '', '', 2, 0, '13b64461-ae60-3db8-a455-f56b099b60f0', 229, 1332, false);
insert into Split (id, amount, uuid, envelope_id, transaction_id) values(2892, 27.19, 'ecb129ef-2f92-37b3-a723-fcac7158a759', 259, 2891);
insert into Transaction (DTYPE, id, amount, balance, checkNo, date, description, externalId, initialBalance, memo, ref, status, type, uuid, account_id, transfer_id, custom) values('InternalTransaction', 2893, 44.00, 1345.02, '', '2010-04-22', 'Transfer from Available', 'null', false, '', '', 2, 0, 'f8261f2c-053f-3897-955a-d80e766689fb', 229, 2640, false);
insert into Split (id, amount, uuid, envelope_id, transaction_id) values(2894, 44.00, '7fa6a783-b68b-3ecf-b0bb-c893ba3edfe6', 264, 2893);
insert into Transaction (DTYPE, id, amount, balance, checkNo, date, description, externalId, initialBalance, memo, ref, status, type, uuid, account_id, transfer_id, custom) values('InternalTransaction', 2895, -81.98, 1286.09, '', '2010-02-15', 'DIRECTV', '201002160', false, '', '', 2, 1, 'b6cf34b5-affa-3535-8345-29d5939ce5c3', 229, null, false);
insert into Split (id, amount, uuid, envelope_id, transaction_id) values(2896, -81.98, 'c377a8d1-e21f-3aaf-abd8-7bd69a5a082c', 273, 2895);
insert into Transaction (DTYPE, id, amount, balance, checkNo, date, description, externalId, initialBalance, memo, ref, status, type, uuid, account_id, transfer_id, custom) values('InternalTransaction', 2899, 154.66, 5708.71, '', '2010-03-05', 'Transfer from Available', 'null', false, '', '', 2, 0, 'e316c28d-a079-3963-ba75-c3810569f40b', 229, 2070, false);
insert into Split (id, amount, uuid, envelope_id, transaction_id) values(2900, 154.66, '078b640d-9e52-3a95-9f4a-7fb0a24d8b96', 267, 2899);
insert into Transaction (DTYPE, id, amount, balance, checkNo, date, description, externalId, initialBalance, memo, ref, status, type, uuid, account_id, transfer_id, custom) values('InternalTransaction', 2897, 11.46, 11.46, '', '2010-03-16', 'Transfer from Household', 'null', false, '', '', 2, 0, '6d4e82e4-a7fd-3ef9-8d8d-d99875bec1d8', 228, 2374, false);
insert into Split (id, amount, uuid, envelope_id, transaction_id) values(2898, 11.46, '76e3e7f5-134f-3a56-9e85-c44e00dd0f29', 260, 2897);
insert into Transaction (DTYPE, id, amount, balance, checkNo, date, description, externalId, initialBalance, memo, ref, status, type, uuid, account_id, transfer_id, custom) values('InternalTransaction', 2901, -10.26, 2180.43, '', '2010-03-10', 'MY BIG FAT GREEK REST TE', '201003100', false, '03/09MY BIG FA', '', 2, 1, '2bf4fe92-9975-3a40-8a16-970ecd0bdbfe', 229, null, false);
insert into Split (id, amount, uuid, envelope_id, transaction_id) values(2902, -10.26, '48d417da-69fd-3c7f-83a9-a2d3b4707d3d', 295, 2901);
insert into Transaction (DTYPE, id, amount, balance, checkNo, date, description, externalId, initialBalance, memo, ref, status, type, uuid, account_id, transfer_id, custom) values('InternalTransaction', 2903, -12.49, 1977.24, '', '2010-01-04', 'EINSTEIN BROS #2021 PHOE', '201001046', false, '12/30EINSTEIN', '', 2, 1, '6ca5a822-6d6b-3d65-b1c9-a84a3e47970c', 229, null, false);
insert into Split (id, amount, uuid, envelope_id, transaction_id) values(2904, -12.49, 'c98a4f64-0ced-3131-97b3-23c6e3b26c91', 295, 2903);
insert into Transaction (DTYPE, id, amount, balance, checkNo, date, description, externalId, initialBalance, memo, ref, status, type, uuid, account_id, transfer_id, custom) values('InternalTransaction', 2905, 17.50, 4367.00, '', '2010-02-19', 'Transfer from Available', 'null', false, '', '', 2, 0, '4a59028d-7fb3-3d4c-8b81-fa884315e955', 229, 564, false);
insert into Split (id, amount, uuid, envelope_id, transaction_id) values(2906, 17.50, 'd566019e-545d-3561-8996-be1d5aed7cac', 271, 2905);
insert into Transaction (DTYPE, id, amount, balance, checkNo, date, description, externalId, initialBalance, memo, ref, status, type, uuid, account_id, transfer_id, custom) values('InternalTransaction', 2907, 65.73, 65.73, '', '2010-04-29', 'Transfer from Unassigned', 'null', false, '', '', 2, 0, 'e213cb81-ee51-385f-94a4-0aa1d1f2967e', 228, 1624, false);
insert into Split (id, amount, uuid, envelope_id, transaction_id) values(2908, 65.73, '11d3ee71-d4b4-3fd3-98ba-810c46df17ee', 292, 2907);
insert into Transaction (DTYPE, id, amount, balance, checkNo, date, description, externalId, initialBalance, memo, ref, status, type, uuid, account_id, transfer_id, custom) values('InternalTransaction', 2909, -2472.97, 0.00, '', '2010-04-16', 'Transfer to Available', 'null', false, '', '', 2, 1, '8500ee61-37eb-374c-8329-9d910e13d78b', 228, 456, false);
insert into Split (id, amount, uuid, envelope_id, transaction_id) values(2910, -2472.97, '948699a2-6a5a-33b3-8783-e7f955c95574', 264, 2909);
insert into Transaction (DTYPE, id, amount, balance, checkNo, date, description, externalId, initialBalance, memo, ref, status, type, uuid, account_id, transfer_id, custom) values('InternalTransaction', 2915, -17.50, 1610.66, '', '2010-01-12', 'AMC DEER VALLE04001020 P', '201001121', false, '01/10AMC DEER', '', 2, 1, '23e3983c-7265-3914-bb3c-8e4091d56b87', 229, null, false);
insert into Split (id, amount, uuid, envelope_id, transaction_id) values(2916, -17.50, '46b62249-0fe6-32ed-aa8c-3eafa8d38e70', 284, 2915);
insert into Transaction (DTYPE, id, amount, balance, checkNo, date, description, externalId, initialBalance, memo, ref, status, type, uuid, account_id, transfer_id, custom) values('InternalTransaction', 2913, -49.00, 4390.15, '', '2009-11-18', 'MASSAGE ENVY 0011 480-83', '200911180', false, '11/16MASSAGE E', '', 2, 1, '1334c443-ce80-3e7e-8715-2b2981c26b40', 229, null, false);
insert into Split (id, amount, uuid, envelope_id, transaction_id) values(2914, -49.00, 'feee1bf8-e64b-365d-bc1d-1ece868989ef', 279, 2913);
insert into Transaction (DTYPE, id, amount, balance, checkNo, date, description, externalId, initialBalance, memo, ref, status, type, uuid, account_id, transfer_id, custom) values('InternalTransaction', 2911, -35.00, 1807.66, '', '2009-11-06', 'JOSEPH SCOTT SALON LLC P185216', '200911062', false, '11/05JOSEPH SC', '', 2, 1, '2ddda1fc-2811-3a3a-a099-5eba225c33c6', 229, null, false);
insert into Split (id, amount, uuid, envelope_id, transaction_id) values(2912, -35.00, 'e3cce1d2-211c-3d83-8282-1d1b3d71a2b4', 260, 2911);
insert into Transaction (DTYPE, id, amount, balance, checkNo, date, description, externalId, initialBalance, memo, ref, status, type, uuid, account_id, transfer_id, custom) values('InternalTransaction', 2921, -20.00, 4115.33, '', '2009-11-20', 'WITHDRAWAL', '200911200', false, '', '', 2, 1, 'f053682c-60b2-3434-b917-027e6d6fe22f', 229, null, false);
insert into Split (id, amount, uuid, envelope_id, transaction_id) values(2922, -20.00, 'bdc501a6-86b8-37bf-8f1e-c5d5538c1ae2', 252, 2921);
insert into Transaction (DTYPE, id, amount, balance, checkNo, date, description, externalId, initialBalance, memo, ref, status, type, uuid, account_id, transfer_id, custom) values('InternalTransaction', 2919, -28.75, 2014.63, '', '2010-01-04', 'SPROUTS FARMERS MKT #7 P590160', '201001044', false, '01/02SPROUTS F', '', 2, 1, 'c2c39f06-9509-3ce7-ae7c-ff5f1406c315', 229, null, false);
insert into Split (id, amount, uuid, envelope_id, transaction_id) values(2920, -28.75, '960163dd-2efa-3d85-85e9-a0c35db2dd3f', 238, 2919);
insert into Transaction (DTYPE, id, amount, balance, checkNo, date, description, externalId, initialBalance, memo, ref, status, type, uuid, account_id, transfer_id, custom) values('InternalTransaction', 2917, 0.00, 5708.71, '', '2010-03-05', 'Transfer from Available', 'null', false, '', '', 2, 1, '7e55b68d-bd76-3e14-af3b-768afa1d2deb', 229, 3095, false);
insert into Split (id, amount, uuid, envelope_id, transaction_id) values(2918, 0.00, 'fae508b0-cbfd-326b-af50-fd805ac99437', 268, 2917);
insert into Transaction (DTYPE, id, amount, balance, checkNo, date, description, externalId, initialBalance, memo, ref, status, type, uuid, account_id, transfer_id, custom) values('InternalTransaction', 2923, -25.00, 4635.31, '', '2010-03-05', 'Transfer to Medical', 'null', false, '', '', 2, 1, 'e2927dbf-6922-3f85-91b5-ab1558eb77d5', 229, 2769, false);
insert into Split (id, amount, uuid, envelope_id, transaction_id) values(2924, -25.00, 'cb70d127-9f42-3f8d-85a9-5f82bb5f71a4', 292, 2923);
insert into Transaction (DTYPE, id, amount, balance, checkNo, date, description, externalId, initialBalance, memo, ref, status, type, uuid, account_id, transfer_id, custom) values('InternalTransaction', 2927, 9.98, 9.98, '', '2010-03-16', 'Transfer from Spending', 'null', false, '', '', 2, 0, 'c05cfb53-2472-3e25-a15a-f286d11f8bbf', 228, 1852, false);
insert into Split (id, amount, uuid, envelope_id, transaction_id) values(2928, 9.98, 'c2b41193-8df5-385f-8f17-228bfe1fe399', 254, 2927);
insert into Transaction (DTYPE, id, amount, balance, checkNo, date, description, externalId, initialBalance, memo, ref, status, type, uuid, account_id, transfer_id, custom) values('InternalTransaction', 2925, 5.77, 6187.57, '', '2010-03-19', 'Transfer from Available', 'null', false, '', '', 2, 0, '9695776e-5757-3cb4-9421-d314cee71b10', 229, 1636, false);
insert into Split (id, amount, uuid, envelope_id, transaction_id) values(2926, 5.77, '350fec44-0eac-32ba-9ffe-455b17275f8b', 293, 2925);
insert into Transaction (DTYPE, id, amount, balance, checkNo, date, description, externalId, initialBalance, memo, ref, status, type, uuid, account_id, transfer_id, custom) values('InternalTransaction', 2929, 14.50, 14.50, '', '2010-03-27', 'Transfer from Spending', 'null', false, '', '', 2, 0, '42cf278f-1462-3ad3-a948-15e7d76a51b3', 228, 386, false);
insert into Split (id, amount, uuid, envelope_id, transaction_id) values(2930, 14.50, 'a19f4147-643c-3c91-a452-abcfaff5e5cc', 270, 2929);
insert into Transaction (DTYPE, id, amount, balance, checkNo, date, description, externalId, initialBalance, memo, ref, status, type, uuid, account_id, transfer_id, custom) values('InternalTransaction', 2931, 6.18, 2432.63, '', '2010-03-19', 'Transfer from Available', 'null', false, '', '', 2, 0, 'd06569e3-43a0-3933-80d4-5536a2b50ee1', 229, 756, false);
insert into Split (id, amount, uuid, envelope_id, transaction_id) values(2932, 6.18, 'a8f0a3b4-2db3-3d82-9b68-6fae1bc11d89', 238, 2931);
insert into Transaction (DTYPE, id, amount, balance, checkNo, date, description, externalId, initialBalance, memo, ref, status, type, uuid, account_id, transfer_id, custom) values('InternalTransaction', 2933, -19.40, 3127.59, '', '2010-02-20', 'Transfer to Household', 'null', false, '', '', 2, 1, 'f1b89995-987e-3a8a-879f-aa87cd640fb3', 229, 508, false);
insert into Split (id, amount, uuid, envelope_id, transaction_id) values(2934, -19.40, '77b5220e-6387-3b11-b7c7-e67882e22183', 292, 2933);
insert into Transaction (DTYPE, id, amount, balance, checkNo, date, description, externalId, initialBalance, memo, ref, status, type, uuid, account_id, transfer_id, custom) values('InternalTransaction', 2935, -625.00, 0.00, '', '2010-03-19', 'Transfer to Moving', 'null', false, '', '', 2, 1, '12317833-41a3-3517-bcd5-826ba1bbe053', 228, 304, false);
insert into Split (id, amount, uuid, envelope_id, transaction_id) values(2936, -625.00, '7af519df-f0ca-3391-92bc-35f07271f542', 292, 2935);
insert into Transaction (DTYPE, id, amount, balance, checkNo, date, description, externalId, initialBalance, memo, ref, status, type, uuid, account_id, transfer_id, custom) values('InternalTransaction', 2937, -77.06, 1135.04, '', '2010-02-16', 'Transfer to State Farm Insurance', 'null', false, '', '', 0, 1, '9dc0674a-4c6c-3f05-855d-ad3a243d3acd', 229, 1564, false);
insert into Split (id, amount, uuid, envelope_id, transaction_id) values(2938, -77.06, '681792d6-f7bf-3bd7-b5d6-2e1cf97777b9', 292, 2937);
insert into Transaction (DTYPE, id, amount, balance, checkNo, date, description, externalId, initialBalance, memo, ref, status, type, uuid, account_id, transfer_id, custom) values('InternalTransaction', 2939, 23.57, 1581.91, '', '2010-04-21', 'Transfer from Available', 'null', false, '', '', 2, 0, '14a89329-77bc-3474-8021-320b59dee7d3', 229, 970, false);
insert into Split (id, amount, uuid, envelope_id, transaction_id) values(2940, 23.57, '1fb4934e-aed9-3afc-b3b7-fbbd472cd9dc', 295, 2939);
insert into Transaction (DTYPE, id, amount, balance, checkNo, date, description, externalId, initialBalance, memo, ref, status, type, uuid, account_id, transfer_id, custom) values('InternalTransaction', 2945, 917.31, 18653.80, '', '2010-02-16', 'Transfer from Available', 'null', false, '', '', 0, 0, '1b0bccb9-5060-3831-b5ec-c14f2612bd77', 229, 1166, false);
insert into Split (id, amount, uuid, envelope_id, transaction_id) values(2946, 917.31, '716e2ccd-27e6-38e6-b5f8-1a1806f1bbe2', 295, 2945);
insert into Transaction (DTYPE, id, amount, balance, checkNo, date, description, externalId, initialBalance, memo, ref, status, type, uuid, account_id, transfer_id, custom) values('InternalTransaction', 2943, 175.00, 4542.00, '', '2010-02-19', 'Transfer from Available', 'null', false, '', '', 2, 0, '24dc2b2f-9a6b-313b-90ad-10993e260d41', 229, 1840, false);
insert into Split (id, amount, uuid, envelope_id, transaction_id) values(2944, 175.00, '47c1fd20-4dbc-381f-9364-552777453493', 275, 2943);
insert into Transaction (DTYPE, id, amount, balance, checkNo, date, description, externalId, initialBalance, memo, ref, status, type, uuid, account_id, transfer_id, custom) values('InternalTransaction', 2941, -168.40, null, '', '2010-04-02', 'STATE FARM RO 27 SFPP', '201004027', false, 'PPD ID: 9000307001', '', 2, 1, '7c7562d4-5f70-385e-b34b-838ec1142ec2', 229, null, false);
insert into Split (id, amount, uuid, envelope_id, transaction_id) values(2942, -168.40, '33ad2c89-76ee-3ae7-8407-54adceba82f3', 290, 2941);
insert into Transaction (DTYPE, id, amount, balance, checkNo, date, description, externalId, initialBalance, memo, ref, status, type, uuid, account_id, transfer_id, custom) values('InternalTransaction', 2947, -2.81, 1290.60, '', '2010-04-07', 'CVS 09205 09205--802 SO 403966', '201004073', false, '04/06CVS 09205', '', 2, 1, 'e5b18e3d-1c23-3189-bb88-95dcb0f964c1', 229, null, false);
insert into Split (id, amount, uuid, envelope_id, transaction_id) values(2948, -2.81, 'c4d15e5b-1e2e-388f-8955-67a30f0f89c3', 286, 2947);
insert into Transaction (DTYPE, id, amount, balance, checkNo, date, description, externalId, initialBalance, memo, ref, status, type, uuid, account_id, transfer_id, custom) values('InternalTransaction', 2951, -149.43, 1986.45, '', '2010-01-11', 'SOU JCPENNEY STORE 3328 556722', '201001114', false, '01/09SOU JCPEN', '', 2, 1, '3e2f5afa-5db5-3f1a-8bca-28d5edaaef49', 229, null, false);
insert into Split (id, amount, uuid, envelope_id, transaction_id) values(2952, -149.43, 'e38276c5-91e9-321f-8833-fccb7b8ca050', 239, 2951);
insert into Transaction (DTYPE, id, amount, balance, checkNo, date, description, externalId, initialBalance, memo, ref, status, type, uuid, account_id, transfer_id, custom) values('InternalTransaction', 2949, -5.67, 983.99, '', '2010-03-03', 'Transfer to Fast Food', 'null', false, '', '', 2, 1, '5a603c25-4344-3d5d-9050-53d5d6172ad0', 229, 2308, false);
insert into Split (id, amount, uuid, envelope_id, transaction_id) values(2950, -5.67, '3cc59c4d-ec8d-3fbe-b558-6fd645344655', 292, 2949);
insert into Transaction (DTYPE, id, amount, balance, checkNo, date, description, externalId, initialBalance, memo, ref, status, type, uuid, account_id, transfer_id, custom) values('InternalTransaction', 2957, -32.25, 1254.13, '', '2010-04-08', 'Transfer to Medical', 'null', false, '', '', 2, 1, '80d9b659-c87e-3dcf-969d-c6f2762e6ccf', 229, 1444, false);
insert into Split (id, amount, uuid, envelope_id, transaction_id) values(2958, -32.25, 'a0efd128-a0af-3e1e-9c24-a0def3e480da', 292, 2957);
insert into Transaction (DTYPE, id, amount, balance, checkNo, date, description, externalId, initialBalance, memo, ref, status, type, uuid, account_id, transfer_id, custom) values('InternalTransaction', 2955, -48.68, 4191.31, '', '2009-11-30', 'SPROUTS FARMERS MKT #7 P085284', '200911304', false, '11/27SPROUTS F', '', 2, 1, 'd9b0ff76-a094-36eb-84e0-a8fd895da2f4', 229, null, false);
insert into Split (id, amount, uuid, envelope_id, transaction_id) values(2956, -48.68, '897aa1d7-9022-3a4b-9934-856449d6d399', 238, 2955);
insert into Transaction (DTYPE, id, amount, balance, checkNo, date, description, externalId, initialBalance, memo, ref, status, type, uuid, account_id, transfer_id, custom) values('InternalTransaction', 2953, -0.25, 2237.95, '', '2010-03-01', 'PETCO ANIMAL SUPPLIES PH661669', '201003016', false, '02/28PETCO ANI', '', 2, 1, '8b048cd6-911a-3f5f-86b8-55bdd8f7d086', 229, null, false);
insert into Split (id, amount, uuid, envelope_id, transaction_id) values(2954, -0.25, '320155e7-f43c-3d6d-8931-92eb447f987c', 244, 2953);
insert into Transaction (DTYPE, id, amount, balance, checkNo, date, description, externalId, initialBalance, memo, ref, status, type, uuid, account_id, transfer_id, custom) values('InternalTransaction', 2959, -65.00, 2674.28, '', '2010-04-16', 'Transfer to Verizon Wireless', 'null', false, '', '', 2, 1, '76ed5ee2-9d0e-3f77-8b92-a0218a553961', 229, 2246, false);
insert into Split (id, amount, uuid, envelope_id, transaction_id) values(2960, -65.00, 'f8877e13-5659-38b8-9b4d-59b1cf738568', 292, 2959);
insert into Transaction (DTYPE, id, amount, balance, checkNo, date, description, externalId, initialBalance, memo, ref, status, type, uuid, account_id, transfer_id, custom) values('InternalTransaction', 2961, 10.81, 2907.74, '', '2009-12-04', 'VERIZON WRLS 40000-50 FO', '200912040', false, '12/02VERIZON W', '', 2, 0, 'af37b4cd-51a0-3539-a718-bec1bf5b69f6', 229, null, false);
insert into Split (id, amount, uuid, envelope_id, transaction_id) values(2962, 10.81, 'cac0d0cf-daa0-3dac-96b6-575a9b3a2b22', 236, 2961);
insert into Transaction (DTYPE, id, amount, balance, checkNo, date, description, externalId, initialBalance, memo, ref, status, type, uuid, account_id, transfer_id, custom) values('InternalTransaction', 2963, -7.90, 4439.15, '', '2009-11-17', 'BOSTON MARKET #525 PHOEN', '200911171', false, '11/16BOSTON MA', '', 2, 1, 'cc949b5e-533f-33a4-94b2-fd29ee9c3a67', 229, null, false);
insert into Split (id, amount, uuid, envelope_id, transaction_id) values(2964, -7.90, '661162de-1bb6-3c50-85e4-f64c700402c3', 295, 2963);
insert into Transaction (DTYPE, id, amount, balance, checkNo, date, description, externalId, initialBalance, memo, ref, status, type, uuid, account_id, transfer_id, custom) values('InternalTransaction', 2967, -37.06, 1012.13, '', '2010-02-18', 'CIRCLE K 01618 PHOENIX A123913', '201002181', false, '02/17CIRCLE K', '', 2, 1, '0bdc019a-74c4-3880-a318-c2dd11937967', 229, null, false);
insert into Split (id, amount, uuid, envelope_id, transaction_id) values(2968, -37.06, '68a31744-61c4-3b9e-a2d2-7f4d06f0cba3', 253, 2967);
insert into Transaction (DTYPE, id, amount, balance, checkNo, date, description, externalId, initialBalance, memo, ref, status, type, uuid, account_id, transfer_id, custom) values('InternalTransaction', 2965, -5.00, 0.00, '', '2010-04-08', 'Transfer to Spending', 'null', false, '', '', 2, 1, '123c6ca8-8116-3c9b-99d7-0adff3357a98', 228, 870, false);
insert into Split (id, amount, uuid, envelope_id, transaction_id) values(2966, -5.00, '370ebf00-710c-344a-95e6-3f195ee8cd83', 277, 2965);
insert into Transaction (DTYPE, id, amount, balance, checkNo, date, description, externalId, initialBalance, memo, ref, status, type, uuid, account_id, transfer_id, custom) values('InternalTransaction', 2971, 6.17, 6.17, '', '2010-03-16', 'Transfer from Personal Care', 'null', false, '', '', 2, 0, '0074876c-cc87-3313-8006-d8eb7380e98e', 228, 382, false);
insert into Split (id, amount, uuid, envelope_id, transaction_id) values(2972, 6.17, '920311c9-e668-395f-bb9d-5810465d9dd6', 292, 2971);
insert into Transaction (DTYPE, id, amount, balance, checkNo, date, description, externalId, initialBalance, memo, ref, status, type, uuid, account_id, transfer_id, custom) values('InternalTransaction', 2969, -49.00, 1135.04, '', '2010-02-16', 'Transfer to Massage Envy', 'null', false, '', '', 0, 1, 'fcdabe5d-1f33-3749-916e-a30a4910516f', 229, 2252, false);
insert into Split (id, amount, uuid, envelope_id, transaction_id) values(2970, -49.00, '12aabed3-774a-3472-a2c3-3503e5f20ff2', 292, 2969);
insert into Transaction (DTYPE, id, amount, balance, checkNo, date, description, externalId, initialBalance, memo, ref, status, type, uuid, account_id, transfer_id, custom) values('InternalTransaction', 2975, -0.00, 2851.96, '', '2010-04-02', 'Transfer to Cox Communications', 'null', false, '', '', 2, 1, '60e3977d-f791-3498-9443-afbf2f22020f', 229, 2817, false);
insert into Split (id, amount, uuid, envelope_id, transaction_id) values(2976, -0.00, '5ec55a0a-c571-3c03-8648-2fc6cc4c7206', 292, 2975);
insert into Transaction (DTYPE, id, amount, balance, checkNo, date, description, externalId, initialBalance, memo, ref, status, type, uuid, account_id, transfer_id, custom) values('InternalTransaction', 2973, -64.32, 1842.66, '', '2009-11-06', 'LEVIS STORE 01001668 J', '200911061', false, '11/04LEVIS STO', '', 2, 1, 'd02f6e6c-b002-37a5-bffe-3f3cefd6306a', 229, null, false);
insert into Split (id, amount, uuid, envelope_id, transaction_id) values(2974, -64.32, 'bbf2fbf6-6cb8-3062-be65-cbc4dbecbc15', 285, 2973);
insert into Transaction (DTYPE, id, amount, balance, checkNo, date, description, externalId, initialBalance, memo, ref, status, type, uuid, account_id, transfer_id, custom) values('InternalTransaction', 2977, -98.81, 3461.32, '', '2009-11-23', 'FRYS FOOD & DRUG 1815 G', '200911232', false, '11/22FRYS FOOD Purcha', '', 2, 1, 'c5be23f0-e261-3bbd-86a6-14c28202f40a', 229, null, false);
insert into Split (id, amount, uuid, envelope_id, transaction_id) values(2978, -98.81, 'a2d481e5-0ae1-3be0-a126-2e41140f2ea9', 238, 2977);
insert into Transaction (DTYPE, id, amount, balance, checkNo, date, description, externalId, initialBalance, memo, ref, status, type, uuid, account_id, transfer_id, custom) values('InternalTransaction', 2981, -5.48, 650.05, '', '2010-04-15', 'PAYPAL INST XFER 4E82', '201004151', false, '247FNW6J6 WEB ID: PAYPALSI66', '', 2, 1, 'e3a0b710-a06f-3df5-aae2-44c3e0e11feb', 229, null, false);
insert into Split (id, amount, uuid, envelope_id, transaction_id) values(2982, -5.48, 'b83f072d-6e56-39fc-954b-54cb824b8e93', 252, 2981);
insert into Transaction (DTYPE, id, amount, balance, checkNo, date, description, externalId, initialBalance, memo, ref, status, type, uuid, account_id, transfer_id, custom) values('InternalTransaction', 2979, -165.38, 0.00, '', '2010-02-28', 'Transfer to Hardware', 'null', false, '', '', 2, 1, '25906134-3c53-3202-a343-3f2024ceb4c4', 228, 2458, false);
insert into Split (id, amount, uuid, envelope_id, transaction_id) values(2980, -165.38, '00e186b7-b512-3eec-87c6-5d4f6f317ebd', 264, 2979);
insert into Transaction (DTYPE, id, amount, balance, checkNo, date, description, externalId, initialBalance, memo, ref, status, type, uuid, account_id, transfer_id, custom) values('InternalTransaction', 2983, -8.54, 2208.80, '', '2010-03-08', 'CARLS JR 829 Q53 TEMPE A', '201003088', false, '03/04CARLS JR', '', 2, 1, 'fbab3877-70d4-3a2e-a6a1-1d45df89e62c', 229, null, false);
insert into Split (id, amount, uuid, envelope_id, transaction_id) values(2984, -8.54, '175bd476-d81d-3abc-8f25-10a614bc159b', 246, 2983);
insert into Transaction (DTYPE, id, amount, balance, checkNo, date, description, externalId, initialBalance, memo, ref, status, type, uuid, account_id, transfer_id, custom) values('InternalTransaction', 2989, -100.00, 1552.34, '', '2009-12-17', 'HSBC CARD SRVCS Online Pmt 0000', '200912172', false, '00516073196 WEB ID: 2000000510', '', 2, 1, '4ea65b93-73e1-35d4-9167-c87c657366ed', 229, null, false);
insert into Split (id, amount, uuid, envelope_id, transaction_id) values(2990, -100.00, 'd7bd17ab-fb8f-35da-b2e2-17bea699dae2', 242, 2989);
insert into Transaction (DTYPE, id, amount, balance, checkNo, date, description, externalId, initialBalance, memo, ref, status, type, uuid, account_id, transfer_id, custom) values('InternalTransaction', 2987, -4.70, 5002.61, '', '2009-11-27', 'WAL-MART #5330 PHOENIX (679065', '200911277', false, '11/26WAL-MART', '', 2, 1, '87fe5cb0-4795-3c08-a550-31d4b550365f', 229, null, false);
insert into Split (id, amount, uuid, envelope_id, transaction_id) values(2988, -4.70, '1da93642-56e3-3d09-bac6-8f5532be3444', 239, 2987);
insert into Transaction (DTYPE, id, amount, balance, checkNo, date, description, externalId, initialBalance, memo, ref, status, type, uuid, account_id, transfer_id, custom) values('InternalTransaction', 2985, -4.97, 5032.52, '', '2010-04-16', 'Transfer to Chase Bank', 'null', false, '', '', 2, 1, 'f60a62ea-320c-3bcf-b153-c07d59dfe489', 229, 684, false);
insert into Split (id, amount, uuid, envelope_id, transaction_id) values(2986, -4.97, '81e36209-988c-3c0f-a252-7c8acf4b80a8', 292, 2985);
insert into Transaction (DTYPE, id, amount, balance, checkNo, date, description, externalId, initialBalance, memo, ref, status, type, uuid, account_id, transfer_id, custom) values('InternalTransaction', 2991, -25.00, 2532.32, '', '2010-04-02', 'Transfer to Personal Care', 'null', false, '', '', 2, 1, '1f82429e-8acb-37a0-a10c-e7b9ec9ee5bc', 229, 2090, false);
insert into Split (id, amount, uuid, envelope_id, transaction_id) values(2992, -25.00, 'f0f55331-76b6-30da-8268-db6863abadd3', 292, 2991);
insert into Transaction (DTYPE, id, amount, balance, checkNo, date, description, externalId, initialBalance, memo, ref, status, type, uuid, account_id, transfer_id, custom) values('InternalTransaction', 2999, -118.84, 3098.91, '', '2010-02-08', 'BARCLAYCARD US CREDITCARD 8295', '201002083', false, '2753 WEB ID: 2510407970', '', 2, 1, '2b3907f7-5d96-3434-81f4-a57479ac362e', 229, null, false);
insert into Split (id, amount, uuid, envelope_id, transaction_id) values(3000, -118.84, '855a2e4e-2642-306b-ba05-d9c03003358e', 242, 2999);
insert into Transaction (DTYPE, id, amount, balance, checkNo, date, description, externalId, initialBalance, memo, ref, status, type, uuid, account_id, transfer_id, custom) values('InternalTransaction', 2997, -1492.12, 2834.94, '', '2010-02-16', 'Transfer to Taxes', 'null', false, '', '', 0, 1, '810fb3f1-a944-3df6-be6c-1716ad8a67d5', 229, 1858, false);
insert into Split (id, amount, uuid, envelope_id, transaction_id) values(2998, -1492.12, '9e402494-ac1d-30b2-b6d0-1f8e4f8c7e1a', 292, 2997);
insert into Transaction (DTYPE, id, amount, balance, checkNo, date, description, externalId, initialBalance, memo, ref, status, type, uuid, account_id, transfer_id, custom) values('InternalTransaction', 2995, 154.67, 6342.24, '', '2010-03-19', 'Transfer from Available', 'null', false, '', '', 2, 0, '72017ca2-5792-3be1-a587-3088be5df74c', 229, 1436, false);
insert into Split (id, amount, uuid, envelope_id, transaction_id) values(2996, 154.67, '40702136-c7ea-37bc-b633-301663e527d8', 267, 2995);
insert into Transaction (DTYPE, id, amount, balance, checkNo, date, description, externalId, initialBalance, memo, ref, status, type, uuid, account_id, transfer_id, custom) values('InternalTransaction', 2993, -13.21, 0.00, '', '2010-04-06', 'Transfer to Eating Out', 'null', false, '', '', 2, 1, 'a768073c-aa68-3947-8dcf-8fbb660b9d8a', 228, 1752, false);
insert into Split (id, amount, uuid, envelope_id, transaction_id) values(2994, -13.21, 'f776a672-695e-3352-bf02-72fece4bcc0c', 252, 2993);
insert into Transaction (DTYPE, id, amount, balance, checkNo, date, description, externalId, initialBalance, memo, ref, status, type, uuid, account_id, transfer_id, custom) values('InternalTransaction', 3001, -23.13, 0.00, '', '2010-03-16', 'Transfer to Groceries', 'null', false, '', '', 2, 1, '7cd937d3-fff7-3995-a3d8-a46a22cc02a7', 228, 1956, false);
insert into Split (id, amount, uuid, envelope_id, transaction_id) values(3002, -23.13, '53a77513-043d-309e-bde7-121b4010197d', 252, 3001);
insert into Transaction (DTYPE, id, amount, balance, checkNo, date, description, externalId, initialBalance, memo, ref, status, type, uuid, account_id, transfer_id, custom) values('InternalTransaction', 3003, -35.25, 4052.90, '', '2010-03-29', 'CASEY MOORES TEMPE AZ', '201003292', false, '03/26CASEY MOO', '', 2, 1, '9514a32d-eb50-3f49-b636-44b2514a54ee', 229, null, false);
insert into Split (id, amount, uuid, envelope_id, transaction_id) values(3004, -35.25, '190dedcc-caa5-31ce-8013-30602196276e', 295, 3003);
insert into Transaction (DTYPE, id, amount, balance, checkNo, date, description, externalId, initialBalance, memo, ref, status, type, uuid, account_id, transfer_id, custom) values('InternalTransaction', 3005, 10.26, 349.55, '', '2010-04-29', 'Transfer from Available', 'null', false, '', '', 2, 0, '12a2d92a-0292-3e88-8806-6ba76d60eab0', 229, 1944, false);
insert into Split (id, amount, uuid, envelope_id, transaction_id) values(3006, 10.26, '25913662-067e-3b5b-8e12-0b709a869192', 246, 3005);
insert into Transaction (DTYPE, id, amount, balance, checkNo, date, description, externalId, initialBalance, memo, ref, status, type, uuid, account_id, transfer_id, custom) values('InternalTransaction', 3009, 40.79, 40.79, '', '2010-03-30', 'Transfer from Directv', 'null', false, '', '', 2, 0, '07365704-5b7f-3b4e-9ef6-3765048c68ff', 228, 2164, false);
insert into Split (id, amount, uuid, envelope_id, transaction_id) values(3010, 40.79, '9edf1124-d1ad-31dc-b7d1-af17a69aec9d', 242, 3009);
insert into Transaction (DTYPE, id, amount, balance, checkNo, date, description, externalId, initialBalance, memo, ref, status, type, uuid, account_id, transfer_id, custom) values('InternalTransaction', 3007, 63.12, 3967.98, '', '2010-03-30', 'Transfer from Available', 'null', false, '', '', 2, 0, 'cf752685-b963-329c-b995-1b7f14fa03ec', 229, 1132, false);
insert into Split (id, amount, uuid, envelope_id, transaction_id) values(3008, 63.12, '3a9736e9-7399-3e3e-aa54-ecc9b5640d8c', 264, 3007);
insert into Transaction (DTYPE, id, amount, balance, checkNo, date, description, externalId, initialBalance, memo, ref, status, type, uuid, account_id, transfer_id, custom) values('InternalTransaction', 3013, -0.00, 4574.80, '', '2010-03-05', 'Transfer to Rent', 'null', false, '', '', 2, 1, '285f13ee-23fe-3d9f-ac6e-bf376ae0f34a', 229, 914, false);
insert into Split (id, amount, uuid, envelope_id, transaction_id) values(3014, -0.00, '7b4a54c5-3080-36b7-8ec4-f86ac440053f', 292, 3013);
insert into Transaction (DTYPE, id, amount, balance, checkNo, date, description, externalId, initialBalance, memo, ref, status, type, uuid, account_id, transfer_id, custom) values('InternalTransaction', 3011, 21.95, 18713.16, '', '2010-02-16', 'Transfer from Available', 'null', false, '', '', 0, 0, 'a1a962b0-4dc3-3869-93db-d6d5bf68dcbc', 229, 532, false);
insert into Split (id, amount, uuid, envelope_id, transaction_id) values(3012, 21.95, 'a79d2983-8d18-342e-846b-638cbaa35ff8', 274, 3011);
insert into Transaction (DTYPE, id, amount, balance, checkNo, date, description, externalId, initialBalance, memo, ref, status, type, uuid, account_id, transfer_id, custom) values('InternalTransaction', 3019, 0.00, 3776.46, '', '2010-04-02', 'Transfer from Available', 'null', false, '', '', 2, 1, 'd36c1294-f99b-3721-ac04-28d7d14a25a5', 229, 2851, false);
insert into Split (id, amount, uuid, envelope_id, transaction_id) values(3020, 0.00, 'b703dd09-ed1f-39ea-a0d7-656170d3859c', 236, 3019);
insert into Transaction (DTYPE, id, amount, balance, checkNo, date, description, externalId, initialBalance, memo, ref, status, type, uuid, account_id, transfer_id, custom) values('InternalTransaction', 3017, 17.50, 1337.92, '', '2010-02-16', 'Transfer from Available', 'null', false, '', '', 0, 0, '18a3d6aa-3257-3885-964c-74b634ed0cb8', 229, 794, false);
insert into Split (id, amount, uuid, envelope_id, transaction_id) values(3018, 17.50, 'f7b1e9aa-3a35-3ac0-8736-78720a147694', 284, 3017);
insert into Transaction (DTYPE, id, amount, balance, checkNo, date, description, externalId, initialBalance, memo, ref, status, type, uuid, account_id, transfer_id, custom) values('InternalTransaction', 3015, -40.00, 0.00, '', '2010-03-09', 'Transfer to PS', 'null', false, '', '', 2, 1, '0877a27c-dedb-38cc-b22f-b9432afdf4d5', 228, 2416, false);
insert into Split (id, amount, uuid, envelope_id, transaction_id) values(3016, -40.00, '6d374aad-976a-340a-8004-f2b258815c87', 252, 3015);
insert into Transaction (DTYPE, id, amount, balance, checkNo, date, description, externalId, initialBalance, memo, ref, status, type, uuid, account_id, transfer_id, custom) values('InternalTransaction', 3023, -1441.12, 15313.46, '', '2010-02-16', 'Transfer to Credit Cards', 'null', false, '', '', 0, 1, 'b22115cf-05d8-39f3-868f-66a6ceda3a45', 229, 2050, false);
insert into Split (id, amount, uuid, envelope_id, transaction_id) values(3024, -1441.12, '177af570-e61d-3e4d-b4fe-7a0b06bb29a8', 292, 3023);
insert into Transaction (DTYPE, id, amount, balance, checkNo, date, description, externalId, initialBalance, memo, ref, status, type, uuid, account_id, transfer_id, custom) values('InternalTransaction', 3021, 150.00, 5899.50, '', '2010-03-05', 'Transfer from Available', 'null', false, '', '', 2, 0, '7ec032bb-4f90-3c79-988b-210cfc248909', 229, 2562, false);
insert into Split (id, amount, uuid, envelope_id, transaction_id) values(3022, 150.00, 'ecd52c3c-6f9f-301d-b783-90af18174e42', 238, 3021);
insert into Transaction (DTYPE, id, amount, balance, checkNo, date, description, externalId, initialBalance, memo, ref, status, type, uuid, account_id, transfer_id, custom) values('InternalTransaction', 3029, 49.80, 49.80, '', '2010-03-30', 'Transfer from Available', 'null', false, '', '', 2, 0, 'cb21650c-782b-3b1c-9ed7-38a54398eaa8', 228, 2144, false);
insert into Split (id, amount, uuid, envelope_id, transaction_id) values(3030, 49.80, '0bc856d1-95d5-35a5-858a-9e9488fdc09a', 242, 3029);
insert into Transaction (DTYPE, id, amount, balance, checkNo, date, description, externalId, initialBalance, memo, ref, status, type, uuid, account_id, transfer_id, custom) values('InternalTransaction', 3027, -10.66, 3860.79, '', '2009-12-10', 'ARROWHEAD WATER 800-950-', '200912101', false, '12/09ARROWHEAD', '', 2, 1, 'bf871607-3101-3818-ad05-1745a613c84f', 229, null, false);
insert into Split (id, amount, uuid, envelope_id, transaction_id) values(3028, -10.66, 'c3e603b9-78c3-30aa-b5d9-4d68c1c7f4cb', 266, 3027);
insert into Transaction (DTYPE, id, amount, balance, checkNo, date, description, externalId, initialBalance, memo, ref, status, type, uuid, account_id, transfer_id, custom) values('InternalTransaction', 3025, -37.50, 6143.25, '', '2010-03-19', 'Transfer to Cox Communications', 'null', false, '', '', 2, 1, '87e2e032-bcc2-34bc-9734-bac97242d4d6', 229, 380, false);
insert into Split (id, amount, uuid, envelope_id, transaction_id) values(3026, -37.50, '22d9c1b5-3fa6-3770-9569-7ce2b781d0ad', 292, 3025);
insert into Transaction (DTYPE, id, amount, balance, checkNo, date, description, externalId, initialBalance, memo, ref, status, type, uuid, account_id, transfer_id, custom) values('InternalTransaction', 3031, -33.89, 1594.08, '', '2010-02-03', 'THAI ELEPHANT BISTRO TEM', '201002031', false, '02/01THAI ELEP', '', 2, 1, '1a928595-97b9-3cb2-b88b-659463b0ae0b', 229, null, false);
insert into Split (id, amount, uuid, envelope_id, transaction_id) values(3032, -33.89, '0ebf6083-826a-301c-99c3-91911c50f301', 295, 3031);
insert into Transaction (DTYPE, id, amount, balance, checkNo, date, description, externalId, initialBalance, memo, ref, status, type, uuid, account_id, transfer_id, custom) values('InternalTransaction', 3037, 0.32, 0.32, '', '2010-04-07', 'Transfer from Spending', 'null', false, '', '', 2, 0, '67a5a9ce-9fc4-3d28-90bc-9543b7cfccc0', 228, 1732, false);
insert into Split (id, amount, uuid, envelope_id, transaction_id) values(3038, 0.32, '06bbd27e-29ff-3d6f-ab7a-d8e661ae241f', 292, 3037);
insert into Transaction (DTYPE, id, amount, balance, checkNo, date, description, externalId, initialBalance, memo, ref, status, type, uuid, account_id, transfer_id, custom) values('InternalTransaction', 3035, -23.68, 1264.51, '', '2009-12-23', 'LOWE''S #1850 SCOTTSDALE 506253', '200912230', false, '12/22LOWE''S #1', '', 2, 1, '8f11ad45-a755-3e34-87a3-ceab21e1c542', 229, null, false);
insert into Split (id, amount, uuid, envelope_id, transaction_id) values(3036, -23.68, '4e5e3e83-1fc8-37fa-9210-b2abcd7cfd35', 239, 3035);
insert into Transaction (DTYPE, id, amount, balance, checkNo, date, description, externalId, initialBalance, memo, ref, status, type, uuid, account_id, transfer_id, custom) values('InternalTransaction', 3033, 150.00, 4692.00, '', '2010-02-19', 'Transfer from Available', 'null', false, '', '', 2, 0, '0ae7465a-d6d1-36e0-aab0-f6cd57177992', 229, 548, false);
insert into Split (id, amount, uuid, envelope_id, transaction_id) values(3034, 150.00, '3a790ceb-47d0-3b42-bba9-07db44d80a6a', 238, 3033);
insert into Transaction (DTYPE, id, amount, balance, checkNo, date, description, externalId, initialBalance, memo, ref, status, type, uuid, account_id, transfer_id, custom) values('InternalTransaction', 3043, -65.00, 3879.99, '', '2010-03-05', 'Transfer to Verizon Wireless', 'null', false, '', '', 2, 1, '969c0612-83c7-3683-98d6-1da99eae3ebc', 229, 884, false);
insert into Split (id, amount, uuid, envelope_id, transaction_id) values(3044, -65.00, 'a6f05a49-04b6-35ae-b618-41e1b3102afe', 292, 3043);
insert into Transaction (DTYPE, id, amount, balance, checkNo, date, description, externalId, initialBalance, memo, ref, status, type, uuid, account_id, transfer_id, custom) values('InternalTransaction', 3041, 4.99, 6347.23, '', '2010-03-19', 'Transfer from Available', 'null', false, '', '', 2, 0, '8d086275-0dcb-3e31-b0a6-ee2110216932', 229, 1488, false);
insert into Split (id, amount, uuid, envelope_id, transaction_id) values(3042, 4.99, '465e772e-dd5f-30bf-b560-fa8eaa51680c', 254, 3041);
insert into Transaction (DTYPE, id, amount, balance, checkNo, date, description, externalId, initialBalance, memo, ref, status, type, uuid, account_id, transfer_id, custom) values('InternalTransaction', 3039, -5.42, 4440.33, '', '2010-03-27', 'Transfer to Fast Food', 'null', false, '', '', 2, 1, 'db71ebf6-76ce-3395-ac70-661d942c4485', 229, 1350, false);
insert into Split (id, amount, uuid, envelope_id, transaction_id) values(3040, -5.42, 'e60ac715-0d53-30d4-8b2d-6c13e266e8f4', 292, 3039);
insert into Transaction (DTYPE, id, amount, balance, checkNo, date, description, externalId, initialBalance, memo, ref, status, type, uuid, account_id, transfer_id, custom) values('InternalTransaction', 3045, -36.37, 4584.85, '', '2009-11-16', 'QT 405 PHOENIX AZ 078234', '200911163', false, '11/14QT 405 PH', '', 2, 1, '1e0f1bf7-71a0-3160-aee7-fb961a21b260', 229, null, false);
insert into Split (id, amount, uuid, envelope_id, transaction_id) values(3046, -36.37, '9d43754b-4f30-313b-9601-2c0cefe31c78', 252, 3045);
insert into Transaction (DTYPE, id, amount, balance, checkNo, date, description, externalId, initialBalance, memo, ref, status, type, uuid, account_id, transfer_id, custom) values('InternalTransaction', 3047, -24.25, 4054.25, '', '2009-11-30', 'ROSITA''S PLACE PHOENIX A', '200911308', false, '11/29ROSITA''S', '', 2, 1, 'd9865598-42d6-35b3-bf70-d70c14151754', 229, null, false);
insert into Split (id, amount, uuid, envelope_id, transaction_id) values(3048, -24.25, 'df3aaa2c-bb07-399b-97a5-b4f22f5a5e2d', 295, 3047);
insert into Transaction (DTYPE, id, amount, balance, checkNo, date, description, externalId, initialBalance, memo, ref, status, type, uuid, account_id, transfer_id, custom) values('InternalTransaction', 3049, -6.85, 0.00, '', '2010-02-18', 'Transfer to Groceries', 'null', false, '', '', 2, 1, '643c32ed-f729-3b93-9333-be0b207793e3', 228, 1040, false);
insert into Split (id, amount, uuid, envelope_id, transaction_id) values(3050, -6.85, '2160af33-971f-3e0f-8207-6f532553ff74', 253, 3049);
insert into Transaction (DTYPE, id, amount, balance, checkNo, date, description, externalId, initialBalance, memo, ref, status, type, uuid, account_id, transfer_id, custom) values('InternalTransaction', 3051, -3.38, 1582.85, '', '2010-03-15', 'FRYS FOOD & DRUG 1815 G 313554', '2010031513', false, '03/13FRYS FOOD', '', 2, 1, 'e2eb2c3a-6b4c-3893-8e73-e23c7910da74', 229, null, false);
insert into Split (id, amount, uuid, envelope_id, transaction_id) values(3052, -3.38, '53ba9933-3843-3626-bbd1-366b1040dc45', 238, 3051);
insert into Transaction (DTYPE, id, amount, balance, checkNo, date, description, externalId, initialBalance, memo, ref, status, type, uuid, account_id, transfer_id, custom) values('InternalTransaction', 3053, 14.29, 999.71, '', '2010-03-03', 'Transfer from Available', 'null', false, '', '', 2, 0, '5f73f1eb-8ef4-33cf-a5bb-846909f90c9e', 229, 2831, false);
insert into Split (id, amount, uuid, envelope_id, transaction_id) values(3054, 14.29, '9a0f379e-f6aa-3022-a210-ebdf7be7c7d0', 290, 3053);
insert into Transaction (DTYPE, id, amount, balance, checkNo, date, description, externalId, initialBalance, memo, ref, status, type, uuid, account_id, transfer_id, custom) values('InternalTransaction', 3055, -25.00, 650.05, '', '2010-04-16', 'Transfer to Unassigned', 'null', false, '', '', 2, 1, 'a8e50d7b-eaf4-3873-8cbe-aa9bb3ff3a75', 229, 640, false);
insert into Split (id, amount, uuid, envelope_id, transaction_id) values(3056, -25.00, '8f506ea4-e288-30a8-9115-e9a74d68337e', 292, 3055);
insert into Transaction (DTYPE, id, amount, balance, checkNo, date, description, externalId, initialBalance, memo, ref, status, type, uuid, account_id, transfer_id, custom) values('InternalTransaction', 3061, -48.21, 0.00, '', '2010-03-30', 'Transfer to Eating Out', 'null', false, '', '', 2, 1, '15f903ab-47b0-3e32-9ee0-6bc4915a5298', 228, 1358, false);
insert into Split (id, amount, uuid, envelope_id, transaction_id) values(3062, -48.21, 'fa48086c-2bb1-3f73-ad3a-c9458cd094dd', 292, 3061);
insert into Transaction (DTYPE, id, amount, balance, checkNo, date, description, externalId, initialBalance, memo, ref, status, type, uuid, account_id, transfer_id, custom) values('InternalTransaction', 3059, -1497.31, 2033.42, '', '2010-02-16', 'Transfer to Rental', 'null', false, '', '', 0, 1, 'd16bcd94-b26a-3e35-891a-01b1877560ea', 229, 1652, false);
insert into Split (id, amount, uuid, envelope_id, transaction_id) values(3060, -1497.31, '5295a02d-fba5-346c-9005-2882a872b6f4', 292, 3059);
insert into Transaction (DTYPE, id, amount, balance, checkNo, date, description, externalId, initialBalance, memo, ref, status, type, uuid, account_id, transfer_id, custom) values('InternalTransaction', 3057, 13.99, 6361.22, '', '2010-03-19', 'Transfer from Available', 'null', false, '', '', 2, 0, 'bedb8974-5a0c-3895-b41e-b5735d7c5a31', 229, 1280, false);
insert into Split (id, amount, uuid, envelope_id, transaction_id) values(3058, 13.99, '61f9cf93-583b-397a-9652-052a4199127b', 266, 3057);
insert into Transaction (DTYPE, id, amount, balance, checkNo, date, description, externalId, initialBalance, memo, ref, status, type, uuid, account_id, transfer_id, custom) values('InternalTransaction', 3063, -0.00, 2360.37, '', '2010-04-02', 'Transfer to State Farm Insurance', 'null', false, '', '', 2, 1, 'd806f991-ce0e-3ce2-b367-b9a5f3911abc', 229, 1328, false);
insert into Split (id, amount, uuid, envelope_id, transaction_id) values(3064, -0.00, 'e41b991d-ab36-3205-a9ef-e0fcd8b79aa6', 292, 3063);
insert into Transaction (DTYPE, id, amount, balance, checkNo, date, description, externalId, initialBalance, memo, ref, status, type, uuid, account_id, transfer_id, custom) values('InternalTransaction', 3065, 20.20, 5329.17, '', '2009-12-14', 'PNCBANK_XTRANSFR TRANSFER', '200912140', false, 'PPD ID: 1770527921', '', 2, 0, '4e831d77-86a0-3db7-9321-670fddd6f4ff', 229, null, false);
insert into Split (id, amount, uuid, envelope_id, transaction_id) values(3066, 20.20, '48d72e8b-83ea-363b-931d-38fc4efec78e', 292, 3065);
insert into Transaction (DTYPE, id, amount, balance, checkNo, date, description, externalId, initialBalance, memo, ref, status, type, uuid, account_id, transfer_id, custom) values('InternalTransaction', 3071, -35.79, 1732.53, '', '2009-12-16', 'TAYLOR''S ON GLENDALE PHO063871', '200912162', false, '12/15TAYLOR''S', '', 2, 1, 'fc856f05-09da-383a-8b92-860aa8c16a91', 229, null, false);
insert into Split (id, amount, uuid, envelope_id, transaction_id) values(3072, -35.79, 'a646eb94-2c48-3b34-8139-bd6a0fd1e257', 252, 3071);
insert into Transaction (DTYPE, id, amount, balance, checkNo, date, description, externalId, initialBalance, memo, ref, status, type, uuid, account_id, transfer_id, custom) values('InternalTransaction', 3069, 663.49, 5147.25, '', '2010-04-16', 'Transfer from Available', 'null', false, '', '', 2, 0, '5f79c507-34b7-344a-9fed-2237aa2a1d52', 229, 710, false);
insert into Split (id, amount, uuid, envelope_id, transaction_id) values(3070, 663.49, 'dd1f58b5-6291-3eb6-a6a8-09b07e511b7a', 275, 3069);
insert into Transaction (DTYPE, id, amount, balance, checkNo, date, description, externalId, initialBalance, memo, ref, status, type, uuid, account_id, transfer_id, custom) values('InternalTransaction', 3067, 44.00, 44.00, '', '2010-04-22', 'Transfer from Unassigned', 'null', false, '', '', 2, 0, '909e159c-5ab0-31af-a408-c45d9dafb145', 228, 1386, false);
insert into Split (id, amount, uuid, envelope_id, transaction_id) values(3068, 44.00, '0999fc48-90f9-3b71-ad37-e309f70e7286', 292, 3067);
insert into Transaction (DTYPE, id, amount, balance, checkNo, date, description, externalId, initialBalance, memo, ref, status, type, uuid, account_id, transfer_id, custom) values('InternalTransaction', 3079, 200.00, 5287.45, '', '2010-02-19', 'Transfer from Available', 'null', false, '', '', 2, 0, '0a51f12b-ea39-39b2-9d07-810cd78542f2', 229, 2398, false);
insert into Split (id, amount, uuid, envelope_id, transaction_id) values(3080, 200.00, 'c7f1a373-677e-3128-af4b-6ac35a0ca9c6', 252, 3079);
insert into Transaction (DTYPE, id, amount, balance, checkNo, date, description, externalId, initialBalance, memo, ref, status, type, uuid, account_id, transfer_id, custom) values('InternalTransaction', 3077, -218.40, 3176.12, '', '2010-01-25', 'INTOWN SUITES MCDOWELL P', '201001250', false, '01/22INTOWN SU', '', 2, 1, '744cbbcc-db04-3abb-ae42-930ec2ea55df', 229, null, false);
insert into Split (id, amount, uuid, envelope_id, transaction_id) values(3078, -218.40, 'fc141dde-a94d-3e3f-971a-6476dedeaa33', 252, 3077);
insert into Transaction (DTYPE, id, amount, balance, checkNo, date, description, externalId, initialBalance, memo, ref, status, type, uuid, account_id, transfer_id, custom) values('InternalTransaction', 3075, 113.69, 6474.91, '', '2010-03-19', 'Transfer from Available', 'null', false, '', '', 2, 0, 'e9646d9c-39db-3f0b-90ae-35a4f3d5c310', 229, 1980, false);
insert into Split (id, amount, uuid, envelope_id, transaction_id) values(3076, 113.69, '6cb5d57f-8f7d-3918-a24d-fb4c6a08626f', 253, 3075);
insert into Transaction (DTYPE, id, amount, balance, checkNo, date, description, externalId, initialBalance, memo, ref, status, type, uuid, account_id, transfer_id, custom) values('InternalTransaction', 3073, -250.00, 0.00, '', '2010-03-31', 'Transfer to Moving', 'null', false, '', '', 2, 1, 'a0d6db6c-8da8-39de-bae5-623b83bd9c5e', 228, 1250, false);
insert into Split (id, amount, uuid, envelope_id, transaction_id) values(3074, -250.00, 'ca34aee3-0b1d-3f56-a936-1f9658832188', 292, 3073);
insert into Transaction (DTYPE, id, amount, balance, checkNo, date, description, externalId, initialBalance, memo, ref, status, type, uuid, account_id, transfer_id, custom) values('InternalTransaction', 3081, 149.72, 18862.88, '', '2010-02-16', 'Transfer from Available', 'null', false, '', '', 0, 0, 'e3254440-845e-3a3f-9074-53292c017612', 229, 642, false);
insert into Split (id, amount, uuid, envelope_id, transaction_id) values(3082, 149.72, 'c736a4fb-121f-326f-8459-aee1d8049091', 262, 3081);
insert into Transaction (DTYPE, id, amount, balance, checkNo, date, description, externalId, initialBalance, memo, ref, status, type, uuid, account_id, transfer_id, custom) values('InternalTransaction', 3083, -29.85, 17033.20, '', '2010-02-16', 'Transfer to Chase Bank', 'null', false, '', '', 0, 1, 'bed77a4c-9e17-3b32-938e-32e663b4e713', 229, 320, false);
insert into Split (id, amount, uuid, envelope_id, transaction_id) values(3084, -29.85, 'd8607609-f10d-3b77-9bcb-db8f46cf86f5', 292, 3083);
insert into Transaction (DTYPE, id, amount, balance, checkNo, date, description, externalId, initialBalance, memo, ref, status, type, uuid, account_id, transfer_id, custom) values('InternalTransaction', 3087, 863.53, 863.53, '', '2010-04-02', 'Transfer from Available', 'null', false, '', '', 2, 0, '65580ade-ebcf-3350-aa24-db1054142bda', 228, 2680, false);
insert into Split (id, amount, uuid, envelope_id, transaction_id) values(3088, 863.53, 'd43d1d7e-6db1-30e8-a41d-e2019205fdc8', 242, 3087);
insert into Transaction (DTYPE, id, amount, balance, checkNo, date, description, externalId, initialBalance, memo, ref, status, type, uuid, account_id, transfer_id, custom) values('InternalTransaction', 3085, -15.82, 0.00, '', '2010-03-09', 'Transfer to Movie Rental', 'null', false, '', '', 2, 1, '4973a849-c51f-36ea-a2a7-036516e92a48', 228, 420, false);
insert into Split (id, amount, uuid, envelope_id, transaction_id) values(3086, -15.82, '0fc63693-1c71-3df1-b582-37b5714f6e8f', 252, 3085);
insert into Transaction (DTYPE, id, amount, balance, checkNo, date, description, externalId, initialBalance, memo, ref, status, type, uuid, account_id, transfer_id, custom) values('InternalTransaction', 3089, -84.20, 3738.91, '', '2010-04-16', 'Transfer to State Farm Insurance', 'null', false, '', '', 2, 1, '64be1b5e-95bc-3bf4-9858-dc577ee45dcc', 229, 2755, false);
insert into Split (id, amount, uuid, envelope_id, transaction_id) values(3090, -84.20, 'bb920894-e6b3-3813-8006-f2d8f57b8be6', 292, 3089);
insert into Transaction (DTYPE, id, amount, balance, checkNo, date, description, externalId, initialBalance, memo, ref, status, type, uuid, account_id, transfer_id, custom) values('InternalTransaction', 3091, -6.77, 339.29, '', '2010-04-29', 'Transfer to Household', 'null', false, '', '', 2, 1, '62bfc5ad-3b52-3918-84b5-0b752454d19d', 229, 1480, false);
insert into Split (id, amount, uuid, envelope_id, transaction_id) values(3092, -6.77, 'c4b3af4c-bc92-35f9-a495-e670271c6734', 292, 3091);
insert into Transaction (DTYPE, id, amount, balance, checkNo, date, description, externalId, initialBalance, memo, ref, status, type, uuid, account_id, transfer_id, custom) values('InternalTransaction', 3095, -0.00, 5810.95, '', '2010-03-05', 'Transfer to Cox Communications', 'null', false, '', '', 2, 1, '6397d7da-a8e5-3d2f-8006-3dc74d8a6206', 229, 2917, false);
insert into Split (id, amount, uuid, envelope_id, transaction_id) values(3096, -0.00, '8e08482e-3208-3898-87f4-a78499daf4b2', 292, 3095);
insert into Transaction (DTYPE, id, amount, balance, checkNo, date, description, externalId, initialBalance, memo, ref, status, type, uuid, account_id, transfer_id, custom) values('InternalTransaction', 3093, 18.14, 1376.47, '', '2010-02-16', 'Transfer from Available', 'null', false, '', '', 0, 0, '1c82b6bc-b0be-3f26-8ec5-92f800d3cfc7', 229, 808, false);
insert into Split (id, amount, uuid, envelope_id, transaction_id) values(3094, 18.14, '0d6f4806-e2bf-301f-9a45-38ebf0c8de31', 295, 3093);
insert into Transaction (DTYPE, id, amount, balance, checkNo, date, description, externalId, initialBalance, memo, ref, status, type, uuid, account_id, transfer_id, custom) values('InternalTransaction', 3097, 0.00, 5287.45, '', '2010-02-19', 'Transfer from Available', 'null', false, '', '', 2, 1, '6469f1e2-445d-3871-b762-a74c8e2a0c81', 229, 560, false);
insert into Split (id, amount, uuid, envelope_id, transaction_id) values(3098, 0.00, '3c99dcb0-2291-3a77-aede-9b1254ab81d5', 294, 3097);
insert into Transaction (DTYPE, id, amount, balance, checkNo, date, description, externalId, initialBalance, memo, ref, status, type, uuid, account_id, transfer_id, custom) values('InternalTransaction', 3099, 507.26, 2962.98, '', '2010-01-11', 'ATM CHECK DEPOSIT', '201001110', false, '', '', 2, 0, '2054e30f-a0bc-3936-a012-a8b65d327662', 229, null, false);
insert into Split (id, amount, uuid, envelope_id, transaction_id) values(3100, 507.26, '9410a887-0b0c-3e04-a75c-86280421059c', 292, 3099);
insert into Transaction (DTYPE, id, amount, balance, checkNo, date, description, externalId, initialBalance, memo, ref, status, type, uuid, account_id, transfer_id, custom) values('InternalTransaction', 3101, 84.20, 5983.70, '', '2010-03-05', 'Transfer from Available', 'null', false, '', '', 2, 0, 'ef6ce737-6b90-3edf-b27a-3612902fff41', 229, 2354, false);
insert into Split (id, amount, uuid, envelope_id, transaction_id) values(3102, 84.20, '8744d23f-3468-38b3-9299-363cb7306a74', 290, 3101);
insert into Transaction (DTYPE, id, amount, balance, checkNo, date, description, externalId, initialBalance, memo, ref, status, type, uuid, account_id, transfer_id, custom) values('InternalTransaction', 3103, -28.12, 1055.88, '', '2009-11-09', 'THE GOOD EGG PARK CENTR', '200911093', false, '11/08THE GOOD', '', 2, 1, 'da71ff0e-4ae1-3e60-824a-80263b2872f1', 229, null, false);
insert into Split (id, amount, uuid, envelope_id, transaction_id) values(3104, -28.12, '280106ce-a936-3281-a84e-fcd0b633cd09', 295, 3103);
insert into Rule (id, amount, cond, conversion, enabled, expression, uuid, envelope_id) values(3105, null, 0, '', true, 'usps', '1b713147-8d14-3468-8110-2faf7ee9f8a0', 252);
insert into Rule (id, amount, cond, conversion, enabled, expression, uuid, envelope_id) values(3106, null, 0, '', true, 'OFFICE MAX', '385eafd3-2985-350e-968c-1c47121dc230', 239);
insert into Rule (id, amount, cond, conversion, enabled, expression, uuid, envelope_id) values(3107, null, 0, '', true, 'ROSITA''S', 'b15e4871-8ffa-3326-8848-d1f3e5f32d74', 295);
insert into Rule (id, amount, cond, conversion, enabled, expression, uuid, envelope_id) values(3109, null, 0, '', true, '24HR FITNESS', 'dbd37c8f-475f-3347-81ac-caf68594c6b5', 271);
insert into Rule (id, amount, cond, conversion, enabled, expression, uuid, envelope_id) values(3108, null, 0, '', true, 'cox', '51a2c7d5-8006-33ee-ad70-c93a8480a4ea', 268);
insert into Rule (id, amount, cond, conversion, enabled, expression, uuid, envelope_id) values(3111, null, 0, '', true, 'barclaycard', 'f795e97c-a801-3d65-a917-c2ac99c57f67', 242);
insert into Rule (id, amount, cond, conversion, enabled, expression, uuid, envelope_id) values(3110, null, 0, '', true, 'BAJA FRESH', 'ee45c259-a2b5-304b-a737-aea894663f6b', 295);
insert into Rule (id, amount, cond, conversion, enabled, expression, uuid, envelope_id) values(3112, null, 0, '', true, 'walgreen', '9c2f3ac0-95d3-3f6d-922b-27073331a883', 277);
insert into Rule (id, amount, cond, conversion, enabled, expression, uuid, envelope_id) values(3113, null, 0, '', true, 'trader joe', '6aa676cb-cbc4-378d-9f20-bdc250d44115', 238);
insert into Rule (id, amount, cond, conversion, enabled, expression, uuid, envelope_id) values(3115, null, 0, '', true, 'easynews', '800aad40-ceb7-3877-8e5d-f51464ec2424', 254);
insert into Rule (id, amount, cond, conversion, enabled, expression, uuid, envelope_id) values(3114, null, 0, '', true, 'BLOCKBUSTER', '749fa671-767c-3648-bf7b-2cd82c11c63f', 265);
insert into Rule (id, amount, cond, conversion, enabled, expression, uuid, envelope_id) values(3117, null, 0, '', true, 'QDOBA', 'b56a4ac5-47d8-3748-bb84-bae40959aefe', 295);
insert into Rule (id, amount, cond, conversion, enabled, expression, uuid, envelope_id) values(3116, null, 0, '', true, 'HONEY BEARS', '52a98276-10a3-3941-8e64-29b784280156', 295);
insert into Rule (id, amount, cond, conversion, enabled, expression, uuid, envelope_id) values(3118, null, 0, '', true, 'HSBC CARD', '58accddb-e7b3-34d1-a2b8-ba5f064346ba', 242);
insert into Rule (id, amount, cond, conversion, enabled, expression, uuid, envelope_id) values(3119, null, 0, '', true, 'FRYS FOOD', 'a2a3e7b7-1db1-3ddf-842c-8e728bb7942d', 238);
insert into Rule (id, amount, cond, conversion, enabled, expression, uuid, envelope_id) values(3120, null, 0, '', true, 'BORDERS', '02759aed-c397-34e6-963e-f484594b82ef', 280);
insert into Rule (id, amount, cond, conversion, enabled, expression, uuid, envelope_id) values(3121, null, 0, '', true, 'TIV*TIVO', 'ac20d542-0d66-3c7b-8198-9fab6de627bf', 272);
insert into Rule (id, amount, cond, conversion, enabled, expression, uuid, envelope_id) values(3122, null, 0, '', true, 'STATE FARM', 'ad443320-a90d-3b5c-98e5-4c76fbd24bc3', 290);
insert into Rule (id, amount, cond, conversion, enabled, expression, uuid, envelope_id) values(3123, null, 0, '', true, 'HARKINS', 'c296966f-8ba5-39c8-af57-db811fd604ec', 284);
insert into Rule (id, amount, cond, conversion, enabled, expression, uuid, envelope_id) values(3124, null, 0, '', true, 'ATOMIC COMICS', '634b392e-b8f0-3aff-887e-23c6ec95a504', 241);
insert into Rule (id, amount, cond, conversion, enabled, expression, uuid, envelope_id) values(3125, null, 0, '', true, 'ORIGINAL WINEBURGER', '0b702387-5bfe-32fc-b032-cd03aff2e9ad', 295);
insert into Rule (id, amount, cond, conversion, enabled, expression, uuid, envelope_id) values(3126, null, 0, '', true, 'LDW GROUP', '3de83588-0ac0-3bf1-9397-e5317015666b', 247);
insert into Rule (id, amount, cond, conversion, enabled, expression, uuid, envelope_id) values(3127, null, 0, '', true, 'HARD ROCK', '0f496cd3-41f9-370c-8925-c908f763bcfd', 295);
insert into Rule (id, amount, cond, conversion, enabled, expression, uuid, envelope_id) values(3128, null, 0, '', true, 'REUNION.COM', 'a9d454d0-3360-363d-86e3-36bde52501e9', 281);
insert into Rule (id, amount, cond, conversion, enabled, expression, uuid, envelope_id) values(3129, null, 0, '', true, 'THAI RAMA', '198c21de-b445-35b8-991f-afb86ed0b347', 295);
insert into Rule (id, amount, cond, conversion, enabled, expression, uuid, envelope_id) values(3130, null, 0, '', true, 'DELHI PALACE', 'b111ca62-3c9d-3895-9983-546fdf34ebb8', 295);
insert into Rule (id, amount, cond, conversion, enabled, expression, uuid, envelope_id) values(3131, null, 0, '', true, 'SPINATOS', 'ca0eeb67-8fa6-3d7f-a60c-45b5c84a9968', 295);
insert into Rule (id, amount, cond, conversion, enabled, expression, uuid, envelope_id) values(3133, null, 0, '', true, 'SUBWAY', 'd85e7fa2-ac64-3394-b4a9-0eff4c7f57af', 246);
insert into Rule (id, amount, cond, conversion, enabled, expression, uuid, envelope_id) values(3132, null, 1, '', true, '24 ?HOUR', '4c999dcc-421b-35b1-88b9-b637ea637c78', 271);
insert into Rule (id, amount, cond, conversion, enabled, expression, uuid, envelope_id) values(3134, null, 0, '', true, 'WHATABURGER', '3c878fa0-19cf-371f-be64-510bfcd1756f', 246);
insert into Rule (id, amount, cond, conversion, enabled, expression, uuid, envelope_id) values(3135, null, 0, '', true, 'JACK IN THE', 'ccf0a379-55be-3033-9523-4fbb42af3cd2', 246);
insert into Rule (id, amount, cond, conversion, enabled, expression, uuid, envelope_id) values(3136, null, 0, '', true, 'GAMEFLY', '8201be32-a9ca-3af1-a0e5-f8fabf4fda75', 281);
insert into Rule (id, amount, cond, conversion, enabled, expression, uuid, envelope_id) values(3137, null, 0, '', true, 'ALBERTSONS', '27667fce-c86b-3261-8d64-afbf3e3a652c', 238);
insert into Rule (id, amount, cond, conversion, enabled, expression, uuid, envelope_id) values(3138, null, 0, '', true, 'IHOP', 'c742e5d4-ed4a-376a-8286-300d6d4a5625', 295);
insert into Rule (id, amount, cond, conversion, enabled, expression, uuid, envelope_id) values(3140, null, 0, '', true, '7-ELEVEN', '05e02e47-fbc3-3172-a2db-fca6c955d3e7', 252);
insert into Rule (id, amount, cond, conversion, enabled, expression, uuid, envelope_id) values(3139, null, 0, '', true, 'BAJA FRESH', '8f34252a-20bf-3bf9-aac1-2ae36a4e7b33', 238);
insert into Rule (id, amount, cond, conversion, enabled, expression, uuid, envelope_id) values(3142, null, 0, '', true, 'Amazon.com', '0fe2b426-ba8b-3448-81d9-1ec8cd80fe0b', 252);
insert into Rule (id, amount, cond, conversion, enabled, expression, uuid, envelope_id) values(3141, null, 0, '', true, 'THAI ELEPHANT', 'a7b49d64-de9c-3c74-928c-fa16266bafc9', 295);
insert into Rule (id, amount, cond, conversion, enabled, expression, uuid, envelope_id) values(3143, null, 0, '', true, 'BLIMPIE', '93d91b10-f99b-3d1a-b865-1d9da68d6e0d', 246);
insert into Rule (id, amount, cond, conversion, enabled, expression, uuid, envelope_id) values(3144, null, 0, '', true, 'COLDSTN', 'f95fb346-d675-3e91-8c76-f34a6b7d5755', 295);
insert into Rule (id, amount, cond, conversion, enabled, expression, uuid, envelope_id) values(3145, null, 0, '', true, 'BEACON CREDIT', 'a559f646-a5c7-3658-ad32-7bfa7db1b16d', 252);
insert into Rule (id, amount, cond, conversion, enabled, expression, uuid, envelope_id) values(3146, null, 1, '', true, 'RUBIO''?S', 'e12a903b-49a2-3873-a48d-aa756f41a377', 295);
insert into Rule (id, amount, cond, conversion, enabled, expression, uuid, envelope_id) values(3147, null, 0, '', true, 'PIZZA HUT', 'ede5ede3-b346-342e-a132-6e40bdd0d708', 246);
insert into Rule (id, amount, cond, conversion, enabled, expression, uuid, envelope_id) values(3150, null, 0, '', true, 'WENDYS', '540adc84-ccb9-3c8e-956d-868735237116', 246);
insert into Rule (id, amount, cond, conversion, enabled, expression, uuid, envelope_id) values(3149, null, 0, '', true, 'AJ''S', 'f1110bc6-7220-305e-830f-b8ac2e5e0b07', 238);
insert into Rule (id, amount, cond, conversion, enabled, expression, uuid, envelope_id) values(3148, null, 0, '', true, 'SAFEWAY', '9bc239f0-25cb-3719-bbc2-a358ada032ed', 238);
insert into Rule (id, amount, cond, conversion, enabled, expression, uuid, envelope_id) values(3151, null, 0, '', true, 'Camden', '41f2b289-c47e-3cb1-a630-a57ec0d192de', 294);
insert into Rule (id, amount, cond, conversion, enabled, expression, uuid, envelope_id) values(3152, null, 0, '', true, 'LIDS', 'c0d40b73-ce07-3202-a211-c0dc8978724c', 285);
insert into Rule (id, amount, cond, conversion, enabled, expression, uuid, envelope_id) values(3153, null, 0, '', true, 'SHELL Service', 'e9630f78-f6fc-3537-a188-a49c847c110e', 253);
insert into Rule (id, amount, cond, conversion, enabled, expression, uuid, envelope_id) values(3154, null, 0, '', true, 'MARY COYLE', '6e2ac883-c40b-394b-901c-65628ed7115a', 295);
insert into Rule (id, amount, cond, conversion, enabled, expression, uuid, envelope_id) values(3155, null, 0, '', true, 'BIG TIGER', '8d13b43e-ce38-3906-89c8-fbfb4e30ac0d', 253);
insert into Rule (id, amount, cond, conversion, enabled, expression, uuid, envelope_id) values(3156, null, 0, '', true, 'SHELL OIL', '3b26c537-7b7a-374b-8de3-67e76961b15a', 253);
insert into Rule (id, amount, cond, conversion, enabled, expression, uuid, envelope_id) values(3157, null, 0, '', true, 'MOVIETICKETS', '779f6db6-2dce-37fa-adbc-86256829792f', 284);
insert into Rule (id, amount, cond, conversion, enabled, expression, uuid, envelope_id) values(3158, null, 0, '', true, 'PIHMA', 'a5ddd8cc-bcab-3a77-9e44-b43ce8a50fdd', 286);
insert into Rule (id, amount, cond, conversion, enabled, expression, uuid, envelope_id) values(3159, null, 0, '', true, 'CHEVON', '90461100-3b0d-368e-b8b0-3236b70290a4', 253);
insert into Rule (id, amount, cond, conversion, enabled, expression, uuid, envelope_id) values(3160, -80.00, 0, 'Annette Trijillo', true, 'check', '9d397e1d-c375-33da-95b2-392f8684dfc1', 261);
insert into Rule (id, amount, cond, conversion, enabled, expression, uuid, envelope_id) values(3161, null, 0, '', true, 'SKIN AND CANCER', '4cdb75d9-1111-38de-85da-44065dbcc553', 286);
insert into Rule (id, amount, cond, conversion, enabled, expression, uuid, envelope_id) values(3162, null, 0, '', true, 'CONTAINERSTORE', '94d8e217-5606-3707-8df0-e7655fc6303e', 239);
insert into Rule (id, amount, cond, conversion, enabled, expression, uuid, envelope_id) values(3163, null, 0, '', true, 'PIE ZANOS', 'a08fa0b2-c379-3ceb-8770-557906d1ff50', 295);
insert into Rule (id, amount, cond, conversion, enabled, expression, uuid, envelope_id) values(3164, null, 0, '', true, 'CHIPOTLE', 'a1d95a7a-9944-342d-a4b3-4dfd5e61f820', 295);
insert into Rule (id, amount, cond, conversion, enabled, expression, uuid, envelope_id) values(3165, null, 0, '', true, 'BEDBATH', 'f89be182-56a3-3265-8880-08d82e92fdb9', 239);
insert into Rule (id, amount, cond, conversion, enabled, expression, uuid, envelope_id) values(3166, null, 0, '', true, 'CHINA CHILI', '807b5414-e171-35ec-b109-817252f43614', 295);
insert into Rule (id, amount, cond, conversion, enabled, expression, uuid, envelope_id) values(3167, null, 0, '', true, 'WWW.ME.COM', 'b6d5a657-eaf1-34a4-840a-77f9061e9672', 263);
insert into Rule (id, amount, cond, conversion, enabled, expression, uuid, envelope_id) values(3168, null, 0, '', true, 'LEVIS', 'd7334898-cb63-3edc-ad42-a5edccb56004', 285);
insert into Rule (id, amount, cond, conversion, enabled, expression, uuid, envelope_id) values(3169, null, 0, '', true, 'QWEST', '1669eea7-b0fe-3f67-bc5e-cad614f7b53d', 262);
insert into Rule (id, amount, cond, conversion, enabled, expression, uuid, envelope_id) values(3170, null, 0, '', true, 'AGAVE CHIRO', 'f3fcc6bd-269f-3ca5-914a-a53c9ff0ac5d', 286);
insert into Rule (id, amount, cond, conversion, enabled, expression, uuid, envelope_id) values(3171, null, 0, '', true, 'MACY''S', 'a8118d6f-d219-358b-94dc-47d0c613f2cb', 285);
insert into Rule (id, amount, cond, conversion, enabled, expression, uuid, envelope_id) values(3172, null, 0, '', true, 'STARBUCKS', '26b498a0-1bd9-3aed-8c61-20616a11ca3f', 270);
insert into Rule (id, amount, cond, conversion, enabled, expression, uuid, envelope_id) values(3173, null, 0, '', true, 'NORDSTROM', 'de368866-2024-34da-91c8-bbbde1c5c9b7', 285);
insert into Rule (id, amount, cond, conversion, enabled, expression, uuid, envelope_id) values(3174, null, 0, '', true, 'qt', '0625495a-1799-3c83-84de-41ebd77d202f', 252);
insert into Rule (id, amount, cond, conversion, enabled, expression, uuid, envelope_id) values(3175, null, 0, '', true, 'circle k', '3797cfb5-ef7b-3609-9948-925388068b95', 252);
insert into Rule (id, amount, cond, conversion, enabled, expression, uuid, envelope_id) values(3176, null, 0, '', true, 'USATAX', 'ab54df26-fcb8-31c3-be02-16ebcf148e28', 275);
insert into Rule (id, amount, cond, conversion, enabled, expression, uuid, envelope_id) values(3177, null, 0, '', true, 'ACTINODERMATOLOGY', '9fc4f299-38a9-3fb5-927d-7bb417379a9a', 286);
insert into Rule (id, amount, cond, conversion, enabled, expression, uuid, envelope_id) values(3178, null, 0, '', true, 'Financial Management Software', '4bf76022-1bc5-3081-ac23-72dee5e0e8c2', 232);
insert into Rule (id, amount, cond, conversion, enabled, expression, uuid, envelope_id) values(3179, null, 0, '', true, 'ATM WITHDRAWAL', 'e1113004-472f-3468-baf3-7982112f8a10', 276);
insert into Rule (id, amount, cond, conversion, enabled, expression, uuid, envelope_id) values(3180, null, 0, '', true, 'QUICK MART', 'eac2aae7-025a-3b75-8341-ef54696b4c87', 252);
insert into Rule (id, amount, cond, conversion, enabled, expression, uuid, envelope_id) values(3181, null, 0, '', true, 'whole foods', '4a5c5e9c-25d1-3a05-9ff4-8b7dd83c1384', 238);
insert into Rule (id, amount, cond, conversion, enabled, expression, uuid, envelope_id) values(3182, null, 0, '', true, 'REI', 'eaa9d42a-d5df-3314-bb79-10143d8e83d7', 285);
insert into Rule (id, amount, cond, conversion, enabled, expression, uuid, envelope_id) values(3183, null, 0, '', true, 'sprouts', 'af629d98-22b9-3e0f-a5db-086486ef2c9f', 238);
insert into Rule (id, amount, cond, conversion, enabled, expression, uuid, envelope_id) values(3184, null, 0, '', true, 'VZWRLSS', '7c0a7728-c592-3f28-bf1e-6b8e0818c2c9', 236);
insert into Rule (id, amount, cond, conversion, enabled, expression, uuid, envelope_id) values(3185, null, 0, '', true, 'AMC', '03d3581c-d940-3907-89aa-245e72a453d2', 284);
insert into Rule (id, amount, cond, conversion, enabled, expression, uuid, envelope_id) values(3186, null, 0, '', true, 'vw credit', 'e1cdb034-772e-3ede-9e56-4f7d300d77db', 267);
insert into Rule (id, amount, cond, conversion, enabled, expression, uuid, envelope_id) values(3187, null, 0, '', true, 'Gluten Free Creations', '359cb331-e893-338e-a297-b0b86b8d01e9', 238);
insert into Rule (id, amount, cond, conversion, enabled, expression, uuid, envelope_id) values(3188, null, 0, '', true, 'Joseph Scott Salon', 'e0348522-0b51-33e3-9ab2-e13a1d265504', 260);
insert into Rule (id, amount, cond, conversion, enabled, expression, uuid, envelope_id) values(3189, null, 0, '', true, 'PETSMART', '16a426a9-07ed-375a-a751-ccd490888b5f', 244);
insert into Rule (id, amount, cond, conversion, enabled, expression, uuid, envelope_id) values(3190, null, 0, '', true, 'ARROWHEAD WATER', '2f7807de-8c1e-33b6-aa43-364aa3dd45c1', 266);
insert into Rule (id, amount, cond, conversion, enabled, expression, uuid, envelope_id) values(3191, null, 0, '', true, 'SRR*SIRIUS', '74fa8167-fa77-32c4-87a3-c8d01e821686', 233);
insert into Rule (id, amount, cond, conversion, enabled, expression, uuid, envelope_id) values(3192, null, 0, '', true, 'Rossmar & Graham', 'a06ed6f8-3729-3af3-a16a-208944b4f2e7', 258);
insert into Rule (id, amount, cond, conversion, enabled, expression, uuid, envelope_id) values(3193, null, 0, '', true, 'Wal-Mart', '2501ae58-b658-35f3-89b9-e4906437046a', 239);
insert into Rule (id, amount, cond, conversion, enabled, expression, uuid, envelope_id) values(3194, null, 0, '', true, 'APPLE STORE', '189f4ba6-2e3d-3dfa-9005-51ad95502fe6', 249);
insert into Rule (id, amount, cond, conversion, enabled, expression, uuid, envelope_id) values(3195, null, 0, '', true, 'PAYPAL', '5eb1965c-d8a1-3d93-a90f-ff044ec26043', 252);
insert into Rule (id, amount, cond, conversion, enabled, expression, uuid, envelope_id) values(3196, null, 0, '', true, 'COSTCO', '931a1577-9b8c-3f3f-af8b-c51a9bee5147', 252);
insert into Rule (id, amount, cond, conversion, enabled, expression, uuid, envelope_id) values(3197, null, 0, '', true, 'GOOD EGG', '7f00c3bb-e245-39d3-9e7f-ca0c60c80ec6', 295);
insert into Rule (id, amount, cond, conversion, enabled, expression, uuid, envelope_id) values(3198, null, 0, '', true, 'DIRECTV', '0cb0b3bb-be82-3096-9c2f-01d1c3cc1dcc', 273);
insert into Rule (id, amount, cond, conversion, enabled, expression, uuid, envelope_id) values(3199, null, 0, '', true, 'CVSPHARMACY', '097f9ddb-5d05-37ef-a1d0-3739b7d3b5a6', 286);
insert into Rule (id, amount, cond, conversion, enabled, expression, uuid, envelope_id) values(3200, null, 0, '', true, 'PEI WEI', '561a280c-875d-389c-a0e8-a475718630fd', 295);
insert into Rule (id, amount, cond, conversion, enabled, expression, uuid, envelope_id) values(3201, null, 0, '', true, 'El Pollo Loco', '9776140e-09b6-3a8d-8a2f-98de96c04527', 246);
insert into Rule (id, amount, cond, conversion, enabled, expression, uuid, envelope_id) values(3202, null, 0, '', true, 'MYLIFE/REUNION', 'f35d528a-0a81-30f0-9186-bfa82161d501', 281);
insert into Rule (id, amount, cond, conversion, enabled, expression, uuid, envelope_id) values(3203, null, 0, '', true, 'AZ MOTOR VEHICLE', 'fc4a717e-4180-33e8-a554-a9e5d71a9ef3', 293);
insert into Rule (id, amount, cond, conversion, enabled, expression, uuid, envelope_id) values(3205, null, 0, '', true, 'ikea', 'fc312e03-2ea5-34ae-bfcf-02e65e8e5742', 235);
insert into Rule (id, amount, cond, conversion, enabled, expression, uuid, envelope_id) values(3204, null, 0, '', true, 'BURGER KING', '2d9136a2-dd6b-3a2d-a6a5-5b05ab9f3ee1', 246);
insert into Rule (id, amount, cond, conversion, enabled, expression, uuid, envelope_id) values(3207, null, 0, '', true, 'TACOBELL', '453c1a47-0819-34c0-b591-869267020ceb', 246);
insert into Rule (id, amount, cond, conversion, enabled, expression, uuid, envelope_id) values(3206, null, 0, '', true, 'VERIZON', 'aa9610bf-b23b-3606-a0e3-9989bf2cdbfa', 236);
insert into Rule (id, amount, cond, conversion, enabled, expression, uuid, envelope_id) values(3208, null, 1, '', true, 'MCDONALD''?S', 'fc88b808-62b5-303d-ac92-bfafaea41d1c', 246);
insert into Rule (id, amount, cond, conversion, enabled, expression, uuid, envelope_id) values(3209, null, 0, '', true, 'SYLVIA''S LA CANASTA', '60326151-70e5-3e34-913c-eead9433315e', 295);
insert into Rule (id, amount, cond, conversion, enabled, expression, uuid, envelope_id) values(3210, null, 0, '', true, 'TACO BELL', '29caf8bb-b644-3d66-a246-91c4d5431bb3', 246);
insert into Rule (id, amount, cond, conversion, enabled, expression, uuid, envelope_id) values(3211, null, 0, '', true, 'CARLS JR', '2266f1d9-404d-3e2a-b8f8-0e6b88cfdf61', 246);
insert into Rule (id, amount, cond, conversion, enabled, expression, uuid, envelope_id) values(3212, null, 0, '', true, 'LOS DIOS MOLINOS', 'c9c6f416-115f-3872-af1e-faad0628b94f', 295);
insert into Rule (id, amount, cond, conversion, enabled, expression, uuid, envelope_id) values(3213, null, 0, '', true, 'TURF IRISH PUB', 'b3de5bce-b79c-30b5-8667-8c5774e70188', 295);
insert into Rule (id, amount, cond, conversion, enabled, expression, uuid, envelope_id) values(3214, null, 0, '', true, 'OFFICIAL CHECKS CHARGE', '45e63f10-1c04-37ca-88a5-c9f2be97293a', 232);
insert into Rule (id, amount, cond, conversion, enabled, expression, uuid, envelope_id) values(3215, null, 0, '', true, 'SONIC DRIVE IN', 'aaccce2e-8180-38d3-a1c2-c4fe473c779f', 246);
insert into Rule (id, amount, cond, conversion, enabled, expression, uuid, envelope_id) values(3216, null, 0, '', true, 'SLOTEN', 'c7a2648d-8de3-3559-87d1-7956721b827f', 286);
insert into Rule (id, amount, cond, conversion, enabled, expression, uuid, envelope_id) values(3217, null, 0, '', true, 'C AND C THERAPEUTIC', '0c31fa01-544e-37e4-9910-a6a94f4dab19', 286);
insert into Rule (id, amount, cond, conversion, enabled, expression, uuid, envelope_id) values(3218, null, 0, '', true, 'BUMBLE AND BUMBLE', 'de5ed812-d19b-3de0-876b-8741c4064d1f', 277);
insert into Rule (id, amount, cond, conversion, enabled, expression, uuid, envelope_id) values(3219, null, 0, '', true, 'BOSTON MARKET', 'cdd2ace1-1703-3fa8-bd49-fc8b638f6886', 295);
insert into Rule (id, amount, cond, conversion, enabled, expression, uuid, envelope_id) values(3220, null, 0, '', true, 'MY BIG FAT GREEK', '4be07a2d-5bfd-338d-bd46-21bc1261427b', 295);
insert into Rule (id, amount, cond, conversion, enabled, expression, uuid, envelope_id) values(3221, null, 0, '', true, 'FRESH & EASY', '509bb62e-501d-3170-bc51-10ba66b3300d', 238);
insert into Rule (id, amount, cond, conversion, enabled, expression, uuid, envelope_id) values(3223, null, 0, '', true, 'GYROS HOUSE', 'ff805dc2-40bf-36ee-9d06-34d77072c315', 295);
insert into Rule (id, amount, cond, conversion, enabled, expression, uuid, envelope_id) values(3222, null, 0, '', true, 'ON-LINE COMMUNICATIO', '4f915c5e-1c7e-3f59-afa1-65c30ee834b0', 247);
insert into Rule (id, amount, cond, conversion, enabled, expression, uuid, envelope_id) values(3225, null, 0, '', true, 'BANNER', 'ff6a453b-f016-317b-b028-80c06a56a21b', 286);
insert into Rule (id, amount, cond, conversion, enabled, expression, uuid, envelope_id) values(3224, null, 0, '', true, 'IN-N-OUT', '5b0689bb-0138-3707-a44a-0425910994b0', 246);
insert into Rule (id, amount, cond, conversion, enabled, expression, uuid, envelope_id) values(3227, null, 0, '', true, 'EINSTEIN BROS', '2934a1dd-fdbd-3f76-9ae8-916e4ecd948d', 295);
insert into Rule (id, amount, cond, conversion, enabled, expression, uuid, envelope_id) values(3226, null, 0, '', true, 'CVS', 'ab96fc38-f502-344a-a776-5c8dcfe79389', 286);
insert into Rule (id, amount, cond, conversion, enabled, expression, uuid, envelope_id) values(3228, null, 1, '', true, 'Lowe''?s', '94d0cc55-2a98-3d99-8745-1154d3d12b6a', 239);
insert into Rule (id, amount, cond, conversion, enabled, expression, uuid, envelope_id) values(3229, null, 0, '', true, 'HOME DEPOT', '38ac6ffa-d72d-30c1-9423-6a660147119e', 239);
insert into Rule (id, amount, cond, conversion, enabled, expression, uuid, envelope_id) values(3230, null, 0, '', true, 'FAST EDDIE''S DINER', '6ebca9aa-d85a-37b3-8be5-8ec08a4413f6', 295);
insert into Rule (id, amount, cond, conversion, enabled, expression, uuid, envelope_id) values(3231, null, 0, '', true, 'LINDSTROMS FAM', '29408110-832f-35a2-af03-f0df208d5c4d', 274);
insert into Rule (id, amount, cond, conversion, enabled, expression, uuid, envelope_id) values(3233, null, 1, '', true, 'LOANSERVICING.*AUTOMATIC', 'b289f58a-2e0d-36c6-a48b-510bcd9d13e9', 231);
insert into Rule (id, amount, cond, conversion, enabled, expression, uuid, envelope_id) values(3232, null, 0, '', true, 'FUDDRUCKERS', '8bbafc0f-2424-3ce7-a9c7-031861f1af1a', 295);
insert into Rule (id, amount, cond, conversion, enabled, expression, uuid, envelope_id) values(3235, null, 0, '', true, 'MASSAGE ENVY', '4b0854bc-9ca6-3ebb-9fb7-77b208e3dd43', 279);
insert into Rule (id, amount, cond, conversion, enabled, expression, uuid, envelope_id) values(3234, null, 0, '', true, 'PITA JUNGLE', 'a1807700-afba-3522-8c76-77054c6e0d75', 295);
insert into Rule (id, amount, cond, conversion, enabled, expression, uuid, envelope_id) values(3236, null, 0, '', true, 'WHOLEFDS', 'f0d2f69b-6153-3b30-a8c0-5fb8166c4c26', 238);
insert into Rule (id, amount, cond, conversion, enabled, expression, uuid, envelope_id) values(3237, null, 0, '', true, 'CHEVRON', 'f0f530cb-fcf5-3e3b-bd70-da7f0994a12c', 253);
insert into AllocationSet (id, uuid, name, income_id) values (3238, 'aa7adcdf-5034-32a5-bc21-f4c1824703cd', 'meltmedia', 230);
insert into Allocation (id, uuid, amount, amountType, enabled, idx, _limit, limitType, proposed, remainder, set_id, envelope_id) values (3239, '6dd6963f-f3a4-38c7-af45-4ceab5f7066b', 13.99, 0, true, 1, 27.98, 3, 0.00, 0.00, 3238, 266);
insert into Allocation (id, uuid, amount, amountType, enabled, idx, _limit, limitType, proposed, remainder, set_id, envelope_id) values (3240, 'f659d63a-900f-35aa-bb35-30da51d61bfd', 80.00, 0, true, 2, 80.00, 3, 0.00, 0.00, 3238, 253);
insert into Allocation (id, uuid, amount, amountType, enabled, idx, _limit, limitType, proposed, remainder, set_id, envelope_id) values (3241, '8b488b80-b519-300f-9e33-f8bb5800d2bc', 10.00, 0, true, 3, 500.00, 3, 0.00, 0.00, 3238, 234);
insert into Allocation (id, uuid, amount, amountType, enabled, idx, _limit, limitType, proposed, remainder, set_id, envelope_id) values (3242, 'a39ffe13-e61a-3ede-a8db-c6e1ee2ffe39', 13.46, 0, true, 4, 350.00, 3, 0.00, 0.00, 3238, 293);
insert into Allocation (id, uuid, amount, amountType, enabled, idx, _limit, limitType, proposed, remainder, set_id, envelope_id) values (3243, '3a11e8f2-6e69-335b-a690-c1d929c2c731', 10.98, 0, true, 5, 21.95, 3, 0.00, 0.00, 3238, 274);
insert into Allocation (id, uuid, amount, amountType, enabled, idx, _limit, limitType, proposed, remainder, set_id, envelope_id) values (3244, '18dfacb4-09e1-356b-b13d-f41c8d1c152c', 4.98, 0, true, 6, 9.95, 3, 0.00, 0.00, 3238, 232);
insert into Allocation (id, uuid, amount, amountType, enabled, idx, _limit, limitType, proposed, remainder, set_id, envelope_id) values (3245, '7e816f9f-d0fa-3206-9c7b-b88e80b532c2', 65.00, 0, true, 7, 130.00, 3, 0.00, 0.00, 3238, 268);
insert into Allocation (id, uuid, amount, amountType, enabled, idx, _limit, limitType, proposed, remainder, set_id, envelope_id) values (3246, '8f950939-07d0-3631-8570-bba1fd12f321', 4.99, 0, true, 9, 9.98, 3, 0.00, 0.00, 3238, 254);
insert into Allocation (id, uuid, amount, amountType, enabled, idx, _limit, limitType, proposed, remainder, set_id, envelope_id) values (3247, '940484ca-542f-3774-b6ca-4da1bf397aab', 395.46, 0, true, 11, 790.91, 3, 0.00, 0.00, 3238, 231);
insert into Allocation (id, uuid, amount, amountType, enabled, idx, _limit, limitType, proposed, remainder, set_id, envelope_id) values (3248, 'f5afab1f-0400-39e3-b252-cd6a3f9cc012', 150.00, 0, true, 12, 150.00, 3, 0.00, 0.00, 3238, 238);
insert into Allocation (id, uuid, amount, amountType, enabled, idx, _limit, limitType, proposed, remainder, set_id, envelope_id) values (3249, '12fe2b6e-e9d4-39b5-92aa-10ee306c2996', 25.00, 0, true, 14, 50.00, 3, 0.00, 0.00, 3238, 239);
insert into Allocation (id, uuid, amount, amountType, enabled, idx, _limit, limitType, proposed, remainder, set_id, envelope_id) values (3250, 'b5b1caae-71c8-3b70-82dc-0ee398e23794', 80.00, 0, true, 15, 80.00, 3, 0.00, 0.00, 3238, 261);
insert into Allocation (id, uuid, amount, amountType, enabled, idx, _limit, limitType, proposed, remainder, set_id, envelope_id) values (3251, '518f8522-0d0a-369c-b9a4-0988fe01b65f', 163.00, 0, true, 16, 326.00, 3, 0.00, 0.00, 3238, 258);
insert into Allocation (id, uuid, amount, amountType, enabled, idx, _limit, limitType, proposed, remainder, set_id, envelope_id) values (3252, '4f5cac94-2d87-3f7c-8cd3-7040aee339c6', 24.50, 0, true, 17, 49.00, 3, 0.00, 0.00, 3238, 279);
insert into Allocation (id, uuid, amount, amountType, enabled, idx, _limit, limitType, proposed, remainder, set_id, envelope_id) values (3253, '3fde8c93-2102-31a8-961c-d60b9318d8db', 25.00, 0, true, 19, 50.00, 3, 0.00, 0.00, 3238, 286);
insert into Allocation (id, uuid, amount, amountType, enabled, idx, _limit, limitType, proposed, remainder, set_id, envelope_id) values (3254, 'bda4e322-fd5b-3d27-84ea-0a9a1629d14a', 25.00, 0, true, 20, 3000.00, 3, 0.00, 0.00, 3238, 245);
insert into Allocation (id, uuid, amount, amountType, enabled, idx, _limit, limitType, proposed, remainder, set_id, envelope_id) values (3255, 'dbb5211a-b66b-3a2b-99d7-48bd02576850', 25.00, 0, true, 21, 50.00, 3, 0.00, 0.00, 3238, 277);
insert into Allocation (id, uuid, amount, amountType, enabled, idx, _limit, limitType, proposed, remainder, set_id, envelope_id) values (3256, 'a21efd3a-2271-3806-a49c-e0193f487622', 10.97, 0, true, 22, 21.94, 3, 0.00, 0.00, 3238, 233);
insert into Allocation (id, uuid, amount, amountType, enabled, idx, _limit, limitType, proposed, remainder, set_id, envelope_id) values (3257, '114364fc-c291-3f33-80cd-0f1e5b437569', 200.00, 0, true, 23, 200.00, 3, 0.00, 0.00, 3238, 252);
insert into Allocation (id, uuid, amount, amountType, enabled, idx, _limit, limitType, proposed, remainder, set_id, envelope_id) values (3258, '1829b17b-f998-3bba-8335-775778edae69', 70.69, 0, true, 24, 141.38, 3, 0.00, 0.00, 3238, 290);
insert into Allocation (id, uuid, amount, amountType, enabled, idx, _limit, limitType, proposed, remainder, set_id, envelope_id) values (3259, '9118c2ad-413f-3e2e-97ca-72e11fb60490', 175.00, 0, false, 25, 175.00, 3, 0.00, 0.00, 3238, 275);
insert into Allocation (id, uuid, amount, amountType, enabled, idx, _limit, limitType, proposed, remainder, set_id, envelope_id) values (3260, '8083796f-20a5-392d-974f-0b9256b9af3f', 6.48, 0, true, 26, 12.95, 3, 0.00, 0.00, 3238, 272);
insert into Allocation (id, uuid, amount, amountType, enabled, idx, _limit, limitType, proposed, remainder, set_id, envelope_id) values (3261, '6d4e4104-de62-3722-b407-692fd2756842', 2.74, 0, true, 26, 5.48, 3, 0.00, 0.00, 3238, 243);
insert into Allocation (id, uuid, amount, amountType, enabled, idx, _limit, limitType, proposed, remainder, set_id, envelope_id) values (3262, '614f335b-e1a3-3d7d-8b4e-197e4fcb9452', 181.39, 0, false, 27, 362.78, 3, 0.00, 0.00, 3238, 267);
insert into Allocation (id, uuid, amount, amountType, enabled, idx, _limit, limitType, proposed, remainder, set_id, envelope_id) values (3263, 'aef045f3-604c-3cae-81cf-a71b66358639', 65.00, 0, true, 28, 130.00, 3, 0.00, 0.00, 3238, 236);
insert into Allocation (id, uuid, amount, amountType, enabled, idx, _limit, limitType, proposed, remainder, set_id, envelope_id) values (3264, '3c104543-c606-374a-8958-f23651c5c373', 250.00, 0, false, 29, 500.00, 3, 0.00, 0.00, 3238, 294);
insert into Allocation (id, uuid, amount, amountType, enabled, idx, _limit, limitType, proposed, remainder, set_id, envelope_id) values (3265, 'ab60b765-6167-3cda-98cc-ab0a1ec130fe', 0.00, 1, true, 30, 0.00, 0, 0.00, 0.00, 3238, 275);
